t,step,x,y,theta,theta_dot,theta_ddot,tau,x_target,y_target,theta_target,ex,ey,etheta,reward,reward_cum,force_left,force_right
0.0,0,0.0,1.0,0.0,0.0,0.0,0.0,0.0,1.0,0.0,0.0,0.0,0.0,0.0,0.0,0.0,0.0
0.02,1,5.303300713421777e-05,1.0,5.303300713421777e-05,0.002651650458574295,0.13258251547813416,0.1767766922712326,0.01256471686065197,0.9999210834503174,0.012565047480165958,0.012511683627963066,-7.893776637502015e-05,0.01251201517879963,-0.01256978168231573,-0.01256978168231573,0.0,0.3535533845424652
0.04,2,0.00015833439829293638,1.0,0.00015833439829293638,0.00526506919413805,0.1306709349155426,0.1748807579278946,0.025119516998529434,0.9996844530105591,0.025122158229351044,0.024961182847619057,-0.0003155323211103678,0.024963824078440666,-0.025153749176424278,-0.03772353085874001,0.012565047480165958,0.36232656240463257
0.06,3,0.0003149531257804483,0.9999999403953552,0.0003149531257804483,0.007830937393009663,0.12829339504241943,0.1728743612766266,0.03765450045466423,0.9992908239364624,0.037663403898477554,0.03733954578638077,-0.0007091325242072344,0.03734844923019409,-0.03756215133308769,-0.0752856821918277,0.025122158229351044,0.3708708882331848
0.08,4,0.0005217551370151341,0.9999998807907104,0.0005217551370151341,0.010340100154280663,0.12545816600322723,0.17075878381729126,0.05015980079770088,0.9987412095069885,0.05018085613846779,0.0496380440890789,-0.0012586589436978102,0.04965910315513611,-0.0498959193445121,-0.1251816015363398,0.037663403898477554,0.3791809678077698
0.1,5,0.0007774270488880575,0.9999997019767761,0.0007774271070957184,0.012783599086105824,0.122174933552742,0.16853533685207367,0.06262560933828354,0.9980370998382568,0.06266661733388901,0.06184818223118782,-0.001962607726454735,0.06188919022679329,-0.06214837042954207,-0.1873299719658819,0.05018085613846779,0.38725152611732483
0.12,6,0.0010804807534441352,0.9999994039535522,0.0010804809862747788,0.015152694657444954,0.11845477670431137,0.16620543599128723,0.07504218071699142,0.9971803426742554,0.07511279731988907,0.07396170496940613,-0.0028190561570227146,0.07403231412172318,-0.0743130239757147,-0.26164299594159657,0.06266661733388901,0.39507749676704407
0.14,7,0.0014292583800852299,0.9999989867210388,0.001429258962161839,0.017438896000385284,0.11431006342172623,0.16377057135105133,0.08739987760782242,0.9961733222007751,0.08751153200864792,0.08597061783075333,-0.0038256694097071886,0.08608227223157883,-0.08638359506935497,-0.34802659101095157,0.07511279731988907,0.40265393257141113
0.16,8,0.0018219376215711236,0.9999983310699463,0.0018219385528936982,0.019633984193205833,0.10975447297096252,0.16123226284980774,0.09968913346529007,0.9950186610221863,0.09985499083995819,0.09786719083786011,-0.004979708697646856,0.09803304821252823,-0.09835398823462618,-0.4463805792455777,0.08751153200864792,0.409976065158844
0.18,9,0.0022565375547856092,0.9999974370002747,0.0022565394174307585,0.02173004299402237,0.10480290651321411,0.1585921049118042,0.11190052330493927,0.9937193989753723,0.1121353805065155,0.10964398831129074,-0.00627804035320878,0.10987883806228638,-0.11021832299651614,-0.5565989022420939,0.09985499083995819,0.4170392155647278
0.2,10,0.002730925567448139,0.9999962449073792,0.0027309288270771503,0.02371947281062603,0.09947149455547333,0.1558517962694168,0.12402476370334625,0.9922791123390198,0.12434494495391846,0.12129383534193039,-0.007717147469520569,0.1216140165925026,-0.12197090183874516,-0.678569804080839,0.1121353805065155,0.4238389730453491
0.22,11,0.003242823760956526,0.9999947547912598,0.0032428293488919735,0.02559502236545086,0.09377751499414444,0.15301303565502167,0.1360526978969574,0.9907016158103943,0.13647596538066864,0.13280987739562988,-0.009293140843510628,0.13323314487934113,-0.1336062161304061,-0.8121760202112451,0.12434494495391846,0.4303710162639618
0.24,12,0.00378981651738286,0.999992847442627,0.0037898255977779627,0.02734980918467045,0.08773933351039886,0.15007764101028442,0.1479753702878952,0.9889910221099854,0.1485207974910736,0.14418555796146393,-0.011001772247254848,0.14473097026348114,-0.14511894783473703,-0.9572949680459821,0.13647596538066864,0.4366312325000763
0.26,13,0.004369358532130718,0.9999904632568359,0.0043693725019693375,0.02897733822464943,0.08137638121843338,0.14704743027687073,0.1597839742898941,0.9871519804000854,0.1604718118906021,0.1554146111011505,-0.012838447466492653,0.15610243380069733,-0.1565039764179706,-1.1137989444639527,0.1485207974910736,0.44261565804481506
0.28,14,0.004978782031685114,0.9999876022338867,0.0049788025207817554,0.030471518635749817,0.07470905780792236,0.14392435550689697,0.17146988213062286,0.9851893782615662,0.17232146859169006,0.16649110615253448,-0.014798244461417198,0.1673426628112793,-0.16775637153738995,-1.2815553160013426,0.1604718118906021,0.44832050800323486
0.3,15,0.00561530701816082,0.9999842047691345,0.00561533635482192,0.0318266935646534,0.0677587017416954,0.14071036875247955,0.18302473425865173,0.9831082820892334,0.18406227231025696,0.17740942537784576,-0.016875924542546272,0.1784469336271286,-0.17887135674462212,-1.4604266727459647,0.17232146859169006,0.45374220609664917
0.32,16,0.006276048254221678,0.9999803304672241,0.006276089232414961,0.03303764387965202,0.06054752320051193,0.13740752637386322,0.1944403052330017,0.9809143543243408,0.19568683207035065,0.18816426396369934,-0.01906595192849636,0.1894107460975647,-0.18984438297806489,-1.6502710557240297,0.18406227231025696,0.4588773250579834
0.34,17,0.006958025507628918,0.9999758005142212,0.006958081852644682,0.03409961238503456,0.053098469972610474,0.13401788473129272,0.20570865273475647,0.9786132574081421,0.20718778669834137,0.19875063002109528,-0.021362513303756714,0.2002297043800354,-0.200671010401986,-1.8509420661260156,0.19568683207035065,0.4637225866317749
0.36,18,0.007658173330128193,0.9999706745147705,0.007658247835934162,0.03500831872224808,0.04543527960777283,0.13054358959197998,0.2168220430612564,0.9762111306190491,0.21855787932872772,0.2091638594865799,-0.02375952899456024,0.21089963614940643,-0.211347027558354,-2.0622890936843694,0.20718778669834137,0.46827495098114014
0.38,19,0.008373349905014038,0.9999649524688721,0.008373447693884373,0.03575996309518814,0.03758229687809944,0.12698683142662048,0.22777298092842102,0.973714292049408,0.22978992760181427,0.21939963102340698,-0.026250679045915604,0.22141648828983307,-0.22186834691889873,-2.284157440603268,0.21855787932872772,0.4725315272808075
0.4,20,0.009100346826016903,0.9999585747718811,0.009100472554564476,0.03635125234723091,0.02956448309123516,0.1233498677611351,0.2385542392730713,0.9711291790008545,0.24087683856487274,0.2294538915157318,-0.028829416260123253,0.2317763715982437,-0.23223105023217452,-2.5163884908354426,0.22978992760181427,0.4764896631240845
0.42,21,0.00983590167015791,0.9999516010284424,0.009836059994995594,0.03677939996123314,0.02140728197991848,0.11963500827550888,0.2491588294506073,0.9684626460075378,0.25181159377098083,0.23932293057441711,-0.031488992273807526,0.2419755458831787,-0.24243137293277048,-2.758819863768213,0.24087683856487274,0.4801468551158905
0.44,22,0.010576705448329449,0.9999440908432007,0.010576902888715267,0.037042129784822464,0.01313655823469162,0.11584457755088806,0.2595800459384918,0.965721607208252,0.262587308883667,0.2490033358335495,-0.03422246873378754,0.25201040506362915,-0.2524656895724402,-3.0112855533406533,0.25181159377098083,0.48350074887275696
0.46,23,0.011319415643811226,0.9999359250068665,0.011319656856358051,0.037137702107429504,0.0047785378992557526,0.11198097467422485,0.2698114216327667,0.9629132151603699,0.2731971740722656,0.25849199295043945,-0.03702274709939957,0.26187750697135925,-0.2623305448534828,-3.273616098194136,0.262587308883667,0.4865492582321167
0.48,24,0.012060662731528282,0.999927282333374,0.012060955166816711,0.037064895033836365,-0.0036402849946171045,0.10804663598537445,0.27984675765037537,0.9600446820259094,0.2836344838142395,0.26778608560562134,-0.03988258168101311,0.2715735137462616,-0.2720225920371452,-3.5456386902312813,0.2731971740722656,0.4892904460430145
0.5,25,0.012797066010534763,0.9999181032180786,0.012797415256500244,0.036823030561208725,-0.01209320966154337,0.10404406487941742,0.2896801233291626,0.9571235179901123,0.29389262199401855,0.276883065700531,-0.0427946001291275,0.2810952067375183,-0.28153860959692717,-3.8271772998282083,0.2836344838142395,0.49172261357307434
0.52,26,0.013525241985917091,0.9999085068702698,0.013525654561817646,0.036411963403224945,-0.02055344358086586,0.09997577965259552,0.29930591583251953,0.9541571736335754,0.30396515130996704,0.285780668258667,-0.04575132951140404,0.2904394865036011,-0.29087549982368005,-4.118052799651888,0.29389262199401855,0.4938441812992096
0.54,27,0.014241814613342285,0.9998985528945923,0.014242296107113361,0.035832080990076065,-0.02899417281150818,0.0958443284034729,0.308718740940094,0.9511533975601196,0.313845694065094,0.2944769263267517,-0.048745207488536835,0.2996033728122711,-0.30003029053812724,-4.418083090190016,0.30396515130996704,0.49565380811691284
0.56,28,0.014943426474928856,0.9998883605003357,0.014943982474505901,0.035084307193756104,-0.037388596683740616,0.09165234863758087,0.3179134726524353,0.9481196999549866,0.323527991771698,0.3029700517654419,-0.05176861211657524,0.3085840046405792,-0.30900013349541994,-4.727083223685436,0.313845694065094,0.49715039134025574
0.58,29,0.015626749023795128,0.9998778700828552,0.015627384185791016,0.034170106053352356,-0.04571004956960678,0.08740249276161194,0.32688531279563904,0.9450640082359314,0.3330059349536896,0.31125855445861816,-0.05481387674808502,0.31737855076789856,-0.31778221544247937,-5.044865439127915,0.323527991771698,0.4983329772949219
0.6,30,0.01628849282860756,0.99986732006073,0.01628921367228031,0.0330914631485939,-0.05393212288618088,0.0830974131822586,0.3356296420097351,0.9419940114021301,0.3422735631465912,0.31934112310409546,-0.057873304933309555,0.32598432898521423,-0.3263738774328041,-5.371239316560719,0.3330059349536896,0.4992007613182068
0.62,31,0.016925424337387085,0.9998567700386047,0.01692623272538185,0.03185088932514191,-0.06202863156795502,0.07873985171318054,0.3441421687602997,0.9389175772666931,0.35132497549057007,0.3272167444229126,-0.06093920022249222,0.3343987464904785,-0.334772556015216,-5.706011872575935,0.3422735631465912,0.49975326657295227
0.64,32,0.01753436215221882,0.9998462796211243,0.017535259947180748,0.030451415106654167,-0.06997377425432205,0.0743325799703598,0.35241883993148804,0.9358423948287964,0.36015450954437256,0.3348844647407532,-0.06400387734174728,0.34261924028396606,-0.34297572117348923,-6.048987593749424,0.35132497549057007,0.4999901354312897
0.66,33,0.018112201243638992,0.9998359680175781,0.018113192170858383,0.028896570205688477,-0.07774224132299423,0.06987833976745605,0.36045587062835693,0.9327762722969055,0.36875656247138977,0.34234365820884705,-0.06705968827009201,0.3506433665752411,-0.3509817576616957,-6.39996935141112,0.36015450954437256,0.49991118907928467
0.68,34,0.018655916675925255,0.9998259544372559,0.018656998872756958,0.02719038724899292,-0.08530917763710022,0.06537994742393494,0.36824968457221985,0.9297269582748413,0.37712568044662476,0.34959375858306885,-0.07009902596473694,0.3584686815738678,-0.3587898439073181,-6.758759195318438,0.36875656247138977,0.49951645731925964
0.7000000000000001,35,0.019162574782967567,0.999816358089447,0.019163746386766434,0.025337381288409233,-0.09265033155679703,0.060840293765068054,0.37579697370529175,0.9267020225524902,0.3852566182613373,0.35663437843322754,-0.07311435788869858,0.36609286069869995,-0.3663953325895182,-7.125154527907957,0.37712568044662476,0.49880626797676086
0.72,36,0.019629336893558502,0.9998072981834412,0.01963059790432453,0.023342536762356758,-0.09974215179681778,0.05626218020915985,0.3830946385860443,0.9237090945243835,0.3931442201137543,0.3634653091430664,-0.07609823346138,0.3735136091709137,-0.3737959811070182,-7.498950509014975,0.3852566182613373,0.497780978679657
0.74,37,0.020053479820489883,0.9997988939285278,0.02005482278764248,0.021211301907896996,-0.10656178742647171,0.051648542284965515,0.3901398777961731,0.9207556247711182,0.4007834792137146,0.3700864017009735,-0.07904330641031265,0.38072866201400757,-0.3809895789842486,-7.879940087999223,0.3931442201137543,0.4964413046836853
0.76,38,0.02043239213526249,0.9997912645339966,0.020433815196156502,0.018949558958411217,-0.11308718472719193,0.04700228571891785,0.3969299793243408,0.9178488850593567,0.40816962718963623,0.3764975965023041,-0.0819423496723175,0.3877358138561249,-0.3879739812262323,-8.267914069225455,0.4007834792137146,0.4947880506515503
0.78,39,0.020763594657182693,0.9997844099998474,0.020765086635947227,0.016563614830374718,-0.11929719150066376,0.04232633113861084,0.40346255898475647,0.9149961471557617,0.4152979552745819,0.38269898295402527,-0.0847882628440857,0.39453285932540894,-0.3947470465378234,-8.662661115763278,0.40816962718963623,0.4928222894668579
0.8,40,0.021044736728072166,0.9997785091400146,0.021046290174126625,0.014060183428227901,-0.12517154216766357,0.037623658776283264,0.40973538160324097,0.9122044444084167,0.4221639633178711,0.38869065046310425,-0.08757410943508148,0.4011176824569702,-0.4013067265545755,-9.063967842317853,0.4152979552745819,0.49054527282714844
0.8200000000000001,41,0.02127361297607422,0.9997736811637878,0.021275218576192856,0.011446363292634487,-0.13069100677967072,0.03289720416069031,0.41574639081954956,0.9094805717468262,0.42876332998275757,0.39447277784347534,-0.09029310196638107,0.4074881076812744,-0.4076509180863983,-9.471618760404251,0.4221639633178711,0.4879583716392517
0.84,42,0.02144816517829895,0.9997699856758118,0.02144980989396572,0.008729616180062294,-0.1358373612165451,0.028149977326393127,0.4214937090873718,0.9068313241004944,0.43509188294410706,0.4000455439090729,-0.09293863922357559,0.4136420786380768,-0.41377763948944385,-9.885396399893695,0.42876332998275757,0.4850632846355438
0.86,43,0.021566493436694145,0.9997674226760864,0.021568166092038155,0.005917746108025312,-0.1405935138463974,0.023384973406791687,0.42697566747665405,0.9042630791664124,0.4411455988883972,0.40540918707847595,-0.09550430625677109,0.4195774495601654,-0.4196848239174229,-10.305081223811118,0.43509188294410706,0.48186182975769043
0.88,44,0.021626856178045273,0.9997661113739014,0.021628543734550476,0.003018876537680626,-0.1449434757232666,0.018605217337608337,0.43219074606895447,0.901782214641571,0.4469207227230072,0.4105638861656189,-0.09798389673233032,0.42529216408729553,-0.4253704965674764,-10.730451720378595,0.4411455988883972,0.4783560335636139
0.9,45,0.02162768505513668,0.9997661113739014,0.021629370748996735,4.1425464587518945e-05,-0.14887255430221558,0.013813674449920654,0.43713751435279846,0.899394690990448,0.45241352915763855,0.41550981998443604,-0.10037141293287277,0.4307841658592224,-0.430832686360347,-11.161284406738941,0.4469207227230072,0.4745480716228485
0.92,46,0.021567581221461296,0.9997673630714417,0.021569253876805305,-0.003005918115377426,-0.15236717462539673,0.009013429284095764,0.4418147802352905,0.8971062898635864,0.4576205909252167,0.4202471971511841,-0.10266109555959702,0.4360513389110565,-0.43612948178577604,-11.597413888524718,0.45241352915763855,0.4704403877258301
0.9400000000000001,47,0.021445324644446373,0.9997700452804565,0.021446969360113144,-0.006114220712333918,-0.1554151475429535,0.00420747697353363,0.44622138142585754,0.8949226140975952,0.46253859996795654,0.4247760772705078,-0.10484741628170013,0.4410916268825531,-0.44120084631564455,-12.038614734840364,0.4576205909252167,0.46603554487228394
0.96,48,0.02125987969338894,0.9997739791870117,0.021261481568217278,-0.009274331852793694,-0.1580055207014084,-0.0006011128425598145,0.4503563940525055,0.8928488492965698,0.46716445684432983,0.429096519947052,-0.1069251075387001,0.4459030032157898,-0.44604383279381526,-12.48465856763418,0.46253859996795654,0.4613363742828369
0.98,49,0.021010397002100945,0.9997792840003967,0.021011942997574806,-0.01247690711170435,-0.16012877225875854,-0.005409330129623413,0.45421892404556274,0.8908901214599609,0.47149527072906494,0.43320852518081665,-0.1088891550898552,0.4504833221435547,-0.4506562026483948,-12.935314770282574,0.46716445684432983,0.456345796585083
1.0,50,0.020696217194199562,0.9997857809066772,0.020697694271802902,-0.015712441876530647,-0.16177673637866974,-0.010214149951934814,0.45780816674232483,0.8890510201454163,0.4755282700061798,0.4371119439601898,-0.11073480546474457,0.4548305571079254,-0.45503583405377307,-13.390350604336346,0.47149527072906494,0.4510669708251953
1.02,51,0.020316870883107185,0.9997935891151428,0.020318269729614258,-0.018971292302012444,-0.162942573428154,-0.015012502670288086,0.4611234664916992,0.8873359560966492,0.4792608916759491,0.4408065974712372,-0.11245761066675186,0.45894262194633484,-0.4591805437717749,-13.84953114810812,0.4755282700061798,0.44550326466560364
1.04,52,0.019872086122632027,0.9998025298118591,0.019873395562171936,-0.022243712097406387,-0.1636209785938263,-0.019801363348960876,0.46416425704956055,0.8857491612434387,0.48269081115722656,0.4442921578884125,-0.1140533834695816,0.4628174304962158,-0.46308814831796713,-14.312619296426087,0.4792608916759491,0.43965816497802734
1.06,53,0.019361786544322968,0.9998125433921814,0.019362997263669968,-0.025519873946905136,-0.16380804777145386,-0.024577736854553223,0.46692997217178345,0.8842942714691162,0.4858158528804779,0.44756820797920227,-0.1155182495713234,0.46645286679267883,-0.4667564333323527,-14.77937572975844,0.48269081115722656,0.4335353374481201
1.08,54,0.018786095082759857,0.9998235106468201,0.01878719963133335,-0.02878989838063717,-0.16350127756595612,-0.029338568449020386,0.4694202244281769,0.8829748630523682,0.48863404989242554,0.4506341516971588,-0.1168486475944519,0.4698468744754791,-0.47018324252682886,-15.24955897228527,0.4858158528804779,0.42713871598243713
1.1,55,0.018145326524972916,0.9998353719711304,0.018146321177482605,-0.03204389289021492,-0.16269972920417786,-0.034080877900123596,0.4716346263885498,0.8817940354347229,0.4911436140537262,0.4534893035888672,-0.11804129928350449,0.4729973077774048,-0.47336633130705646,-15.722925303592326,0.48863404989242554,0.42047229409217834
1.12,56,0.01743999868631363,0.9998478889465332,0.017440881580114365,-0.03527196869254112,-0.1614038348197937,-0.03880167007446289,0.47357288002967834,0.8807546496391296,0.49334296584129333,0.4561328589916229,-0.11909326910972595,0.47590208053588867,-0.476303513714158,-16.199228817306484,0.4911436140537262,0.4135402739048004
1.1400000000000001,57,0.016670824959874153,0.9998610615730286,0.016671596094965935,-0.03846428170800209,-0.15961553156375885,-0.04349793493747711,0.47523465752601624,0.8798590898513794,0.49523070454597473,0.45856383442878723,-0.12000194191932678,0.47855910658836365,-0.47899260412441763,-16.6782214214309,0.49334296584129333,0.4063470959663391
1.16,58,0.015838712453842163,0.9998745322227478,0.01583937555551529,-0.041611045598983765,-0.1573382318019867,-0.04816673696041107,0.47661980986595154,0.8791095614433289,0.49680566787719727,0.4607810974121094,-0.12076503038406372,0.4809662699699402,-0.48143138848070877,-17.15965280991161,0.49523070454597473,0.3988972306251526
1.18,59,0.014944767579436302,0.9998883008956909,0.014945323579013348,-0.04470258206129074,-0.15457676351070404,-0.05280512571334839,0.47772809863090515,0.8785077333450317,0.49806681275367737,0.4627833366394043,-0.12138057500123978,0.48312148451805115,-0.483617682607495,-17.643270492519104,0.49680566787719727,0.3911954164505005
1.2,60,0.013990281149744987,0.9999021291732788,0.013990737497806549,-0.04772932827472687,-0.1513374000787735,-0.05741015076637268,0.4785594642162323,0.8780551552772522,0.49901336431503296,0.46456918120384216,-0.12184698134660721,0.485022634267807,-0.48554927372649553,-18.1288197662456,0.49806681275367737,0.383246511220932
1.22,61,0.012976735830307007,0.9999157786369324,0.012977099977433681,-0.050681885331869125,-0.1476278305053711,-0.06197892129421234,0.47911372780799866,0.8777528405189514,0.4996447265148163,0.46613699197769165,-0.12216296792030334,0.4866676330566406,-0.48722398100192255,-18.61604374724752,0.49901336431503296,0.3750555217266083
1.24,62,0.011905797757208347,0.9999291300773621,0.011906079016625881,-0.05355102941393852,-0.14345715939998627,-0.06650853157043457,0.4793908894062042,0.8776015043258667,0.4999605119228363,0.46748510003089905,-0.12232763320207596,0.48805445432662964,-0.4886396841083029,-19.104683431355824,0.4996447265148163,0.36662766337394714
1.26,63,0.01077931560575962,0.999941885471344,0.010779524222016335,-0.05632774531841278,-0.1388358473777771,-0.07099613547325134,0.4793908894062042,0.8776015043258667,0.4999605119228363,0.46861156821250916,-0.12234041094779968,0.4891810119152069,-0.48979420585867134,-19.594477637214496,0.4999605119228363,0.3579682409763336
1.28,64,0.009599311277270317,0.9999539256095886,0.009599459357559681,-0.05900325998663902,-0.13377569615840912,-0.07543890178203583,0.47911372780799866,0.8777528405189514,0.4996447265148163,0.4695144295692444,-0.1222010999917984,0.4900452792644501,-0.4906854305553064,-20.085163067769802,0.4999605119228363,0.34908270835876465
1.3,65,0.008367979899048805,0.9999650120735168,0.00836807768791914,-0.061569057404994965,-0.1282898187637329,-0.07983401417732239,0.4785594642162323,0.8780551552772522,0.49901336431503296,0.47019147872924805,-0.12190983444452286,0.49064528942108154,-0.49131446244298427,-20.576477530212784,0.4996447265148163,0.3399766981601715
1.32,66,0.007087680511176586,0.9999749064445496,0.007087739650160074,-0.0640169084072113,-0.12239260971546173,-0.08417871594429016,0.47772809863090515,0.8785077333450317,0.49806681275367737,0.4706404209136963,-0.12146713584661484,0.49097907543182373,-0.49167609121178135,-21.068153621424567,0.49901336431503296,0.33065593242645264
1.34,67,0.005760930012911558,0.9999834299087524,0.005760961677879095,-0.0663389042019844,-0.11609966307878494,-0.08847025036811829,0.47661980986595154,0.8791095614433289,0.49680566787719727,0.4708588719367981,-0.12087387591600418,0.49104470014572144,-0.4917682970327933,-21.55992191845736,0.49806681275367737,0.3211263120174408
1.36,68,0.004390398506075144,0.9999903440475464,0.004390412475913763,-0.0685274600982666,-0.10942775011062622,-0.09270589053630829,0.47523465752601624,0.8798590898513794,0.49523070454597473,0.4708442687988281,-0.12013126909732819,0.49084028601646423,-0.4915891228500337,-22.051511041307393,0.49680566787719727,0.3113938868045807
1.3800000000000001,69,0.002978901145979762,0.9999955892562866,0.0029789055697619915,-0.07057534903287888,-0.10239480435848236,-0.09688296914100647,0.47357288002967834,0.8807546496391296,0.49334296584129333,0.47059395909309387,-0.11924091726541519,0.49036407470703125,-0.49113673492642884,-22.54264777623382,0.49523070454597473,0.3014647662639618
1.4000000000000001,70,0.0015293898759409785,0.9999988079071045,0.0015293904580175877,-0.07247574627399445,-0.09501983970403671,-0.10099886357784271,0.4716346263885498,0.8817940354347229,0.4911436140537262,0.47010526061058044,-0.118204765021801,0.48961424827575684,-0.4904092428403559,-23.033057019074178,0.49334296584129333,0.2913452386856079
1.42,71,4.4946336856810376e-05,1.0,4.4946336856810376e-05,-0.07422220706939697,-0.08732286840677261,-0.1050509661436081,0.4694202244281769,0.8829748630523682,0.48863404989242554,0.46937528252601624,-0.11702511459589005,0.4885891079902649,-0.4894048803099799,-23.522461899384158,0.4911436140537262,0.28104168176651
1.44,72,-0.0014712272677570581,0.999998927116394,-0.0014712277334183455,-0.07580870389938354,-0.07932489365339279,-0.10903671383857727,0.46692997217178345,0.8842942714691162,0.4858158528804779,0.4684011936187744,-0.11570462584495544,0.48728710412979126,-0.4881220332923125,-24.01058393267647,0.48863404989242554,0.270560622215271
1.46,73,-0.003015816444531083,0.9999954700469971,-0.0030158208683133125,-0.07722966372966766,-0.0710478127002716,-0.11295358836650848,0.46416425704956055,0.8857491612434387,0.48269081115722656,0.467180073261261,-0.11424630135297775,0.485706627368927,-0.4865590332347473,-24.49714296591122,0.4858158528804779,0.25990867614746094
1.48,74,-0.004585403949022293,0.9999895095825195,-0.0045854197815060616,-0.07847994565963745,-0.06251436471939087,-0.11679913103580475,0.4611234664916992,0.8873359560966492,0.4792608916759491,0.4657088816165924,-0.11265350133180618,0.4838463068008423,-0.48471445413837483,-24.981857420049593,0.48269081115722656,0.24909254908561707
1.5,75,-0.006176478695124388,0.9999809265136719,-0.006176518276333809,-0.07955490797758102,-0.05374806746840477,-0.12057089805603027,0.45780816674232483,0.8890510201454163,0.4755282700061798,0.4639846384525299,-0.11092992126941681,0.4817047715187073,-0.48258687480495616,-25.464444294854548,0.4792608916759491,0.23811909556388855
1.52,76,-0.00778544694185257,0.9999697208404541,-0.007785525638610125,-0.08045037090778351,-0.04477313160896301,-0.12426651269197464,0.45421892404556274,0.8908901214599609,0.47149527072906494,0.4620043635368347,-0.10907958447933197,0.4792807996273041,-0.4801750278656156,-25.944619322720165,0.4755282700061798,0.22699524462223053
1.54,77,-0.009408639743924141,0.9999557137489319,-0.009408778510987759,-0.08116266131401062,-0.03561440110206604,-0.12788361310958862,0.4503563940525055,0.8928488492965698,0.46716445684432983,0.4597650468349457,-0.10710686445236206,0.47657325863838196,-0.4774777405433827,-26.422097063263546,0.47149527072906494,0.2157280296087265
1.56,78,-0.01104232668876648,0.9999390244483948,-0.011042551137506962,-0.08168860524892807,-0.026297299191355705,-0.13141995668411255,0.44622138142585754,0.8949226140975952,0.46253859996795654,0.457263708114624,-0.10501642525196075,0.4735811650753021,-0.4744939938328931,-26.89659105709644,0.46716445684432983,0.20432454347610474
1.58,79,-0.012682721950113773,0.999919593334198,-0.012683061882853508,-0.08202555775642395,-0.01684773527085781,-0.13487330079078674,0.4418147802352905,0.8971062898635864,0.4576205909252167,0.45449748635292053,-0.10281327366828918,0.47030365467071533,-0.4712228930653763,-27.367813950161818,0.46253859996795654,0.19279199838638306
1.6,80,-0.014325999654829502,0.9998973608016968,-0.014326490461826324,-0.08217140287160873,-0.007292004767805338,-0.1382414549589157,0.43713751435279846,0.899394690990448,0.45241352915763855,0.451463520526886,-0.10050269961357117,0.4667400121688843,-0.46766369852957823,-27.835477648691395,0.4576205909252167,0.18113768100738525
1.62,81,-0.01596830226480961,0.9998725056648254,-0.01596898026764393,-0.08212453871965408,0.0023432625457644463,-0.14152228832244873,0.43219074606895447,0.901782214641571,0.4469207227230072,0.44815903902053833,-0.0980902835726738,0.462889701128006,-0.46381585394799096,-28.299293502639387,0.45241352915763855,0.16936896741390228
1.6400000000000001,82,-0.017605749890208244,0.999845027923584,-0.01760665886104107,-0.08188391476869583,0.012031156569719315,-0.14471372961997986,0.42697566747665405,0.9042630791664124,0.4411455988883972,0.44458141922950745,-0.09558189660310745,0.45875227451324463,-0.45967889827629954,-28.758972400915685,0.4469207227230072,0.15749326348304749
1.6600000000000001,83,-0.01923445239663124,0.9998149871826172,-0.0192356389015913,-0.08144901692867279,0.021744629368185997,-0.14781376719474792,0.4214937090873718,0.9068313241004944,0.43509188294410706,0.44072818756103516,-0.092983677983284,0.4543275237083435,-0.455252614324788,-29.214225015240473,0.4411455988883972,0.14551807940006256
1.68,84,-0.02085052616894245,0.9997826218605042,-0.020852036774158478,-0.08081988990306854,0.03145649656653404,-0.15082043409347534,0.41574639081954956,0.9094805717468262,0.42876332998275757,0.43659693002700806,-0.09030202031135559,0.44961535930633545,-0.45053690898839543,-29.66476192422887,0.43509188294410706,0.13345099985599518
1.7,85,-0.022450093179941177,0.9997479915618896,-0.02245198003947735,-0.07999709993600845,0.041139598935842514,-0.15373185276985168,0.40973538160324097,0.9122044444084167,0.4221639633178711,0.43218547105789185,-0.0875435397028923,0.4446159303188324,-0.44553193448101824,-30.110293858709888,0.42876332998275757,0.1212996169924736
1.72,86,-0.02402930147945881,0.999711275100708,-0.024031614884734154,-0.07898176461458206,0.05076682195067406,-0.15654617547988892,0.40346255898475647,0.9149961471557617,0.4152979552745819,0.4274918735027313,-0.0847151055932045,0.4393295645713806,-0.4402380257406609,-30.55053188445055,0.4221639633178711,0.10907161980867386
1.74,87,-0.025584332644939423,0.9996726512908936,-0.02558712475001812,-0.07777553796768188,0.06031119450926781,-0.15926161408424377,0.3969299793243408,0.9178488850593567,0.40816962718963623,0.42251431941986084,-0.08182377368211746,0.4337567389011383,-0.4346556730078257,-30.985187557458374,0.4152979552745819,0.09677473455667496
1.76,88,-0.027111414819955826,0.9996324181556702,-0.027114737778902054,-0.07638061791658401,0.0697459802031517,-0.16187645494937897,0.3901398777961731,0.9207556247711182,0.4007834792137146,0.4172512888908386,-0.07887681573629379,0.42789822816848755,-0.4287856700226151,-31.41397322748099,0.40816962718963623,0.08441672474145889
1.78,89,-0.028606828302145004,0.9995907545089722,-0.028610732406377792,-0.07479972392320633,0.07904472947120667,-0.16438904404640198,0.3830946385860443,0.9237090945243835,0.3931442201137543,0.4117014706134796,-0.07588164508342743,0.42175495624542236,-0.4226289646504393,-31.83660219213143,0.4007834792137146,0.07200539112091064
1.8,90,-0.030066922307014465,0.9995478987693787,-0.030071454122662544,-0.07303609699010849,0.08818136900663376,-0.16679781675338745,0.37579697370529175,0.9267020225524902,0.3852566182613373,0.405863881111145,-0.07284586131572723,0.41532808542251587,-0.4161867482606557,-32.25278894039209,0.3931442201137543,0.05954857915639877
1.82,91,-0.03148811683058739,0.9995041489601135,-0.03149332478642464,-0.07109349220991135,0.09713030606508255,-0.16910123825073242,0.36824968457221985,0.9297269582748413,0.37712568044662476,0.39973777532577515,-0.06977719068527222,0.4086190164089203,-0.4094604566790165,-32.6622493970711,0.3852566182613373,0.04705415666103363
1.84,92,-0.03286692872643471,0.9994597434997559,-0.032872848212718964,-0.06897616386413574,0.1058664619922638,-0.1712978333234787,0.36045587062835693,0.9327762722969055,0.36875656247138977,0.39332279562950134,-0.06668346375226974,0.40162941813468933,-0.4024517981244124,-33.06470119519551,0.37712568044662476,0.03453001379966736
1.86,93,-0.03419995307922363,0.9994150400161743,-0.03420662507414818,-0.06668885797262192,0.11436533182859421,-0.17338624596595764,0.35241883993148804,0.9358423948287964,0.36015450954437256,0.38661879301071167,-0.06357263028621674,0.39436113834381104,-0.39516266507782166,-33.45986386027333,0.36875656247138977,0.021984059363603592
1.8800000000000001,94,-0.03548390790820122,0.999370276927948,-0.03549135848879814,-0.06423678994178772,0.12260313332080841,-0.175365149974823,0.3441421687602997,0.9389175772666931,0.35132497549057007,0.37962606549263,-0.060452692210674286,0.3868163526058197,-0.38759528290152345,-33.84745914317485,0.36015450954437256,0.009424219839274883
1.9000000000000001,95,-0.03671561926603317,0.9993257522583008,-0.036723874509334564,-0.061625655740499496,0.13055679202079773,-0.1772332787513733,0.3356296420097351,0.9419940114021301,0.3422735631465912,0.3723452389240265,-0.05733172595500946,0.37899741530418396,-0.3797520601243792,-34.227211203299234,0.35132497549057007,-0.0031415720004588366
1.92,96,-0.03789203241467476,0.9992818236351013,-0.037901103496551514,-0.05886157602071762,0.13820402324199677,-0.1789894700050354,0.32688531279563904,0.9450640082359314,0.3330059349536896,0.3647773265838623,-0.05421781912446022,0.3709070384502411,-0.37163576753650257,-34.59884697083574,0.3422735631465912,-0.015705378726124763
1.94,97,-0.03901022672653198,0.9992387890815735,-0.039020128548145294,-0.055951107293367386,0.14552347362041473,-0.1806326061487198,0.3179134726524353,0.9481196999549866,0.323527991771698,0.3569236993789673,-0.05111908167600632,0.3625481128692627,-0.36324935966640465,-34.96209633050214,0.3330059349536896,-0.028259268030524254
1.96,98,-0.04006742313504219,0.9991970062255859,-0.04007815197110176,-0.05290121212601662,0.1524946689605713,-0.18216164410114288,0.308718740940094,0.9511533975601196,0.313845694065094,0.3487861752510071,-0.04804360494017601,0.35392382740974426,-0.35459609231141154,-35.31669242281355,0.323527991771698,-0.040795307606458664
1.98,99,-0.04106098785996437,0.999156653881073,-0.0410725362598896,-0.049719251692295074,0.15909813344478607,-0.18357563018798828,0.29930591583251953,0.9541571736335754,0.30396515130996704,0.3403668999671936,-0.044999442994594574,0.34503769874572754,-0.34567955411463547,-35.662371976928185,0.313845694065094,-0.053305577486753464
2.0,100,-0.041988447308540344,0.9991180896759033,-0.042000796645879745,-0.04641294106841087,0.1653154492378235,-0.18487367033958435,0.2896801233291626,0.9571235179901123,0.29389262199401855,0.33166858553886414,-0.04199458286166191,0.3358934223651886,-0.3365035157844151,-35.9988754927126,0.30396515130996704,-0.06578218191862106
2.02,101,-0.04284748062491417,0.9990816116333008,-0.04286060109734535,-0.04299035668373108,0.1711292862892151,-0.18605493009090424,0.27984675765037537,0.9600446820259094,0.2836344838142395,0.32269424200057983,-0.03903694078326225,0.32649508118629456,-0.32707213907942945,-36.325947631792026,0.29389262199401855,-0.07821723073720932
2.04,102,-0.04363593831658363,0.9990475177764893,-0.04364980012178421,-0.03945988416671753,0.17652346193790436,-0.18711867928504944,0.2698114216327667,0.9629132151603699,0.2731971740722656,0.31344735622406006,-0.03613431379199028,0.31684696674346924,-0.31738979793491295,-36.64333742972694,0.2836344838142395,-0.09060288220643997
2.06,103,-0.04435184970498085,0.9990159869194031,-0.04436640441417694,-0.03583022579550743,0.18148300051689148,-0.18806424736976624,0.2595800459384918,0.965721607208252,0.262587308883667,0.3039318919181824,-0.033294375985860825,0.3069537281990051,-0.3074612272818048,-36.95079865700875,0.2731971740722656,-0.10293130576610565
2.08,104,-0.04499341547489166,0.9989872574806213,-0.04500861093401909,-0.032110344618558884,0.18599411845207214,-0.18889100849628448,0.2491588294506073,0.9684626460075378,0.25181159377098083,0.29415225982666016,-0.03052464872598648,0.2968202233314514,-0.29729137296704494,-37.24809002997579,0.262587308883667,-0.11519471555948257
2.1,105,-0.045559026300907135,0.9989616274833679,-0.04557479918003082,-0.028309457004070282,0.1900443434715271,-0.1895984709262848,0.2385542392730713,0.9711291790008545,0.24087683856487274,0.2841132581233978,-0.027832472696900368,0.28645163774490356,-0.28688551171062693,-37.53497554168642,0.25181159377098083,-0.12738536298274994
2.12,106,-0.04604725167155266,0.9989392757415771,-0.046063538640737534,-0.024437006562948227,0.19362248480319977,-0.19018620252609253,0.22777298092842102,0.973714292049408,0.22978992760181427,0.2738202214241028,-0.025224998593330383,0.2758534848690033,-0.27624925044247767,-37.8112247921289,0.24087683856487274,-0.13949555158615112
2.14,107,-0.04645686596632004,0.9989203214645386,-0.04647359251976013,-0.02050263248383999,0.1967187076807022,-0.19065377116203308,0.2168220430612564,0.9762111306190491,0.21855787932872772,0.26327890157699585,-0.02270914986729622,0.26503148674964905,-0.2653884068827883,-38.07661319901168,0.22978992760181427,-0.15151762962341309
2.16,108,-0.046786829829216,0.9989048838615417,-0.04680391401052475,-0.01651614159345627,0.19932453334331512,-0.19100093841552734,0.20570865273475647,0.9786132574081421,0.20718778669834137,0.2524954676628113,-0.020291617140173912,0.2539916932582855,-0.25430912819080764,-38.33092232720249,0.21855787932872772,-0.16344401240348816
2.18,109,-0.0470363050699234,0.9988932013511658,-0.04705366492271423,-0.012487485073506832,0.20143285393714905,-0.19122746586799622,0.1944403052330017,0.9809143543243408,0.19568683207035065,0.2414766103029251,-0.01797882840037346,0.24274049699306488,-0.24301790599118028,-38.57394023319367,0.20718778669834137,-0.17526715993881226
2.2,110,-0.047204650938510895,0.9988852143287659,-0.04722220078110695,-0.0084267258644104,0.20303797721862793,-0.19133321940898895,0.18302473425865173,0.9831082820892334,0.18406227231025696,0.23022937774658203,-0.01577693037688732,0.2312844693660736,-0.23152141203275114,-38.805461645226416,0.19568683207035065,-0.18697960674762726
2.22,111,-0.047291435301303864,0.9988811612129211,-0.04730908200144768,-0.004344013053923845,0.20413564145565033,-0.1913181096315384,0.17146988213062286,0.9851893782615662,0.17232146859169006,0.21876132488250732,-0.01369177270680666,0.21963053941726685,-0.21982667666670552,-39.02528832189312,0.18406227231025696,-0.19857394695281982
2.24,112,-0.047296419739723206,0.998880922794342,-0.04731407016515732,-0.00024955294793471694,0.20472300052642822,-0.19118216633796692,0.1597839742898941,0.9871519804000854,0.1604718118906021,0.2070803940296173,-0.011728892102837563,0.20778587460517883,-0.20794096935963383,-39.233229291252755,0.17232146859169006,-0.21004286408424377
2.2600000000000002,113,-0.04721957817673683,0.9988845586776733,-0.04723714292049408,0.0038464204408228397,0.20479866862297058,-0.1909254640340805,0.1479753702878952,0.9889910221099854,0.1485207974910736,0.19519494473934174,-0.009893487207591534,0.1957579404115677,-0.19594878669276455,-39.42917807794552,0.1604718118906021,-0.2213791161775589
2.2800000000000002,114,-0.04706108197569847,0.9988920092582703,-0.04707846790552139,0.00793367438018322,0.2043626755475998,-0.19054816663265228,0.1360526978969574,0.9907016158103943,0.13647596538066864,0.18311378359794617,-0.008190412074327469,0.18355444073677063,-0.18378582325436055,-39.61296390119988,0.1485207974910736,-0.23257553577423096
2.3000000000000003,115,-0.04682130366563797,0.9989032745361328,-0.04683842882514,0.0120020043104887,0.20341651141643524,-0.19005051255226135,0.12402476370334625,0.9922791123390198,0.12434494495391846,0.17084605991840363,-0.006624158006161451,0.17118337750434875,-0.17145498852507515,-39.78441888972496,0.13647596538066864,-0.24362505972385406
2.32,116,-0.04650082811713219,0.9989182353019714,-0.04651760309934616,0.016041265800595284,0.20196305215358734,-0.18943282961845398,0.11190052330493927,0.9937193989753723,0.1121353805065155,0.15840135514736176,-0.005198837723582983,0.15865299105644226,-0.1589644218863149,-39.94338331161128,0.12434494495391846,-0.2545207142829895
2.34,117,-0.0461004301905632,0.9989368319511414,-0.04611677676439285,0.02004139870405197,0.20000669360160828,-0.18869549036026,0.09968913346529007,0.9950186610221863,0.09985499083995819,0.14578956365585327,-0.003918178379535675,0.14597176015377045,-0.14632250238078537,-40.08970581399206,0.1121353805065155,-0.2652556002140045
2.36,118,-0.04562108591198921,0.9989588260650635,-0.04563692584633827,0.02399246208369732,0.1975531429052353,-0.18783897161483765,0.08739987760782242,0.9961733222007751,0.08751153200864792,0.13302096724510193,-0.0027855068910866976,0.1331484615802765,-0.13353790831227733,-40.22324372230434,0.09985499083995819,-0.2758229374885559
2.38,119,-0.04506396874785423,0.9989840984344482,-0.04507923498749733,0.027884652838110924,0.19460958242416382,-0.18686379492282867,0.07504218071699142,0.9971803426742554,0.07511279731988907,0.12010615319013596,-0.0018037433037534356,0.1201920285820961,-0.12061947604558386,-40.34386319834992,0.08751153200864792,-0.28621605038642883
2.4,120,-0.044430434703826904,0.9990124702453613,-0.04444506764411926,0.03170834481716156,0.19118450582027435,-0.18577060103416443,0.06262560933828354,0.9980370998382568,0.06266661733388901,0.10705604404211044,-0.0009753904887475073,0.10711168497800827,-0.10757633462627934,-40.4514395329762,0.07511279731988907,-0.2964284121990204
2.42,121,-0.04372204467654228,0.9990437626838684,-0.04373598471283913,0.035454101860523224,0.1872878223657608,-0.18456007540225983,0.05015980079770088,0.9987412095069885,0.05018085613846779,0.09388184547424316,-0.0003025293117389083,0.09391684085130692,-0.0944178007590047,-40.545857333735206,0.06266661733388901,-0.30645352602005005
2.44,122,-0.042940523475408554,0.9990776181221008,-0.0429537296295166,0.03911271318793297,0.18293067812919617,-0.18323296308517456,0.03765450045466423,0.9992908239364624,0.037663403898477554,0.08059502393007278,0.00021318753715604544,0.08061712980270386,-0.08115341779868947,-40.627010751533895,0.05018085613846779,-0.31628507375717163
2.46,123,-0.04208778962492943,0.999113917350769,-0.042100224643945694,0.04267522692680359,0.17812557518482208,-0.18179012835025787,0.025119516998529434,0.9996844530105591,0.025122158229351044,0.06720730662345886,0.0005705388030037284,0.06722238659858704,-0.06779293269434863,-40.69480368422824,0.037663403898477554,-0.3259168565273285
2.48,124,-0.04116593301296234,0.9991523027420044,-0.04117756709456444,0.046132951974868774,0.17288623750209808,-0.1802324801683426,0.01256471686065197,0.9999210834503174,0.012565047480165958,0.05373064801096916,0.0007687370525673032,0.05374261364340782,-0.05434626282771406,-40.749149947055955,0.025122158229351044,-0.33534279465675354
2.5,125,-0.040177199989557266,0.9991925954818726,-0.040188018232584,0.04947750270366669,0.1672276258468628,-0.17856097221374512,6.123234262925839e-17,1.0,6.123234262925839e-17,0.040177199989557266,0.000807429663836956,0.040188018232584,-0.04082353335044027,-40.789973480406395,0.012565047480165958,-0.34455689787864685
2.52,126,-0.0391240119934082,0.9992343783378601,-0.03913399949669838,0.052700817584991455,0.16116581857204437,-0.1767766922712326,-0.01256471686065197,0.9999210834503174,-0.012565047480165958,0.026559295132756233,0.0006866981275379658,0.026568952947854996,-0.02723501879335519,-40.81720849919975,6.123234262925839e-17,-0.3535533845424652
2.54,127,-0.03800893947482109,0.9992774128913879,-0.03801809623837471,0.055795181542634964,0.1547180712223053,-0.1748807579278946,-0.025119516998529434,0.9996844530105591,-0.025122158229351044,0.012889422476291656,0.0004070559807587415,0.012895938009023666,-0.013591164230492246,-40.83079966343024,-0.012565047480165958,-0.36232656240463257
2.56,128,-0.03683469817042351,0.9993214011192322,-0.03684303164482117,0.05875323340296745,0.1479026824235916,-0.1728743612766266,-0.03765450045466423,0.9992908239364624,-0.037663403898477554,-0.0008198011782951653,-3.055436536669731e-05,-0.0008203703910112381,-0.0015432954540044153,-40.83234295888425,-0.025122158229351044,-0.3708708882331848
2.58,129,-0.035604145377874374,0.9993659853935242,-0.03561167046427727,0.061568014323711395,0.14073894917964935,-0.17075878381729126,-0.05015980079770088,0.9987412095069885,-0.05018085613846779,-0.014555654488503933,-0.0006247664568945765,-0.014569185674190521,-0.015318281005260826,-40.84766123988951,-0.037663403898477554,-0.3791809678077698
2.6,130,-0.034320272505283356,0.99941086769104,-0.03432701155543327,0.0642329603433609,0.13324719667434692,-0.16853533685207367,-0.06262560933828354,0.9980370998382568,-0.06266661733388901,-0.028305336833000183,-0.0013737959088757634,-0.028339603915810585,-0.02911327773113192,-40.876774517620646,-0.05018085613846779,-0.38725152611732483
2.62,131,-0.03298619017004967,0.9994558095932007,-0.032992172986269,0.0667419284582138,0.1254485845565796,-0.16620543599128723,-0.07504218071699142,0.9971803426742554,-0.07511279731988907,-0.042055994272232056,-0.0022754473611712456,-0.04212062060832977,-0.042917222800328995,-40.91969174042097,-0.06266661733388901,-0.39507749676704407
2.64,132,-0.03160512447357178,0.9995004534721375,-0.031610388308763504,0.06908923387527466,0.11736514419317245,-0.16377057135105133,-0.08739987760782242,0.9961733222007751,-0.08751153200864792,-0.05579474940896034,-0.0033271240536123514,-0.055901139974594116,-0.056718966191119165,-40.97641070661209,-0.07511279731988907,-0.40265393257141113
2.66,133,-0.030180413275957108,0.9995444416999817,-0.030184997245669365,0.07126962393522263,0.10901966691017151,-0.16123226284980774,-0.09968913346529007,0.9950186610221863,-0.09985499083995819,-0.06950871646404266,-0.0045258360914886,-0.06966999173164368,-0.0705072881511618,-41.046917994763255,-0.08751153200864792,-0.409976065158844
2.68,134,-0.028715481981635094,0.9995876550674438,-0.028719430789351463,0.07327833771705627,0.10043569654226303,-0.1585921049118042,-0.11190052330493927,0.9937193989753723,-0.1121353805065155,-0.08318503946065903,-0.005868211854249239,-0.08341594785451889,-0.08427091573597899,-41.13118891049923,-0.09985499083995819,-0.4170392155647278
2.7,135,-0.027213849127292633,0.9996296167373657,-0.027217209339141846,0.07511108368635178,0.09163738042116165,-0.1558517962694168,-0.12402476370334625,0.9922791123390198,-0.12434494495391846,-0.09681091457605362,-0.007350511383265257,-0.09712773561477661,-0.09799853696977644,-41.22918744746901,-0.1121353805065155,-0.4238389730453491
2.72,136,-0.025679104030132294,0.9996702671051025,-0.025681927800178528,0.0767640769481659,0.08264944702386856,-0.15301303565502167,-0.1360526978969574,0.9907016158103943,-0.13647596538066864,-0.1103736013174057,-0.008968636393547058,-0.11079403758049011,-0.1116787993773822,-41.34086624684639,-0.12434494495391846,-0.4303710162639618
2.74,137,-0.024114908650517464,0.9997091889381409,-0.02411724627017975,0.07823401689529419,0.07349713146686554,-0.15007764101028442,-0.1479753702878952,0.9889910221099854,-0.1485207974910736,-0.12386046350002289,-0.01071814727038145,-0.12440354377031326,-0.1253003634186754,-41.46616661026506,-0.13647596538066864,-0.4366312325000763
2.7600000000000002,138,-0.02252497896552086,0.9997462630271912,-0.022526884451508522,0.0795181393623352,0.0642060935497284,-0.14704743027687073,-0.1597839742898941,0.9871519804000854,-0.1604718118906021,-0.13725899159908295,-0.012594274245202541,-0.13794492185115814,-0.13885187247980826,-41.605018482744875,-0.1485207974910736,-0.44261565804481506
2.7800000000000002,139,-0.020913075655698776,0.9997813105583191,-0.020914601162075996,0.08061418682336807,0.054802339524030685,-0.14392435550689697,-0.17146988213062286,0.9851893782615662,-0.17232146859169006,-0.15055681765079498,-0.014591936953365803,-0.15140685439109802,-0.15232198979908487,-41.75734047254396,-0.1604718118906021,-0.44832050800323486
2.8000000000000003,140,-0.019282996654510498,0.9998140931129456,-0.019284192472696304,0.0815204307436943,0.04531214386224747,-0.14071036875247955,-0.18302473425865173,0.9831082820892334,-0.18406227231025696,-0.16374173760414124,-0.01670575700700283,-0.16477808356285095,-0.16569944405213488,-41.923039916596096,-0.17232146859169006,-0.45374220609664917
2.82,141,-0.017638564109802246,0.9998444318771362,-0.01763947866857052,0.0822356715798378,0.035761985927820206,-0.13740752637386322,-0.1944403052330017,0.9809143543243408,-0.19568683207035065,-0.17680174112319946,-0.01893007569015026,-0.17804735898971558,-0.17897297614721763,-42.10201289274331,-0.18406227231025696,-0.4588773250579834
2.84,142,-0.015983613207936287,0.9998722672462463,-0.015984293073415756,0.08275923877954483,0.02617848664522171,-0.13401788473129272,-0.20570865273475647,0.9786132574081421,-0.20718778669834137,-0.18972504138946533,-0.021258974447846413,-0.19120348989963531,-0.19213139218553102,-42.29414428492884,-0.19568683207035065,-0.4637225866317749
2.86,143,-0.01432198379188776,0.9998974204063416,-0.014322473667562008,0.08309100568294525,0.016588274389505386,-0.13054358959197998,-0.2168220430612564,0.9762111306190491,-0.21855787932872772,-0.20250006020069122,-0.02368628792464733,-0.20423540472984314,-0.20516362300839766,-42.49930790793724,-0.20718778669834137,-0.46827495098114014
2.88,144,-0.012657508254051208,0.9999198913574219,-0.012657846324145794,0.0832313671708107,0.007017964962869883,-0.12698683142662048,-0.22777298092842102,0.973714292049408,-0.22978992760181427,-0.2151154726743698,-0.026205625385046005,-0.2171320915222168,-0.21805866419203868,-42.71736657212927,-0.21855787932872772,-0.4725315272808075
2.9,145,-0.010993999429047108,0.9999395608901978,-0.010994221083819866,0.08318124711513519,-0.002505960874259472,-0.1233498677611351,-0.2385542392730713,0.9711291790008545,-0.24087683856487274,-0.22756023705005646,-0.02881038933992386,-0.22988261282444,-0.23080559140604986,-42.948172163535325,-0.22978992760181427,-0.4764896631240845
2.92,146,-0.009335244074463844,0.9999564290046692,-0.009335379116237164,0.08294209837913513,-0.011957199312746525,-0.11963500827550888,-0.2491588294506073,0.9684626460075378,-0.25181159377098083,-0.2398235946893692,-0.031493790447711945,-0.242476224899292,-0.24339367893306277,-43.191565842468385,-0.24087683856487274,-0.4801468551158905
2.94,147,-0.007684985641390085,0.9999704957008362,-0.007685061078518629,0.0825159102678299,-0.021309707313776016,-0.11584457755088806,-0.2595800459384918,0.965721607208252,-0.262587308883667,-0.25189507007598877,-0.034248873591423035,-0.2549022436141968,-0.2558122659278379,-43.44737810839622,-0.25181159377098083,-0.48350074887275696
2.96,148,-0.006046921014785767,0.999981701374054,-0.006046958267688751,0.08190514892339706,-0.030537797138094902,-0.11198097467422485,-0.2698114216327667,0.9629132151603699,-0.2731971740722656,-0.26376450061798096,-0.037068530917167664,-0.26715022325515747,-0.26805093560544063,-43.71542904400166,-0.262587308883667,-0.4865492582321167
2.98,149,-0.004424687009304762,0.9999902248382568,-0.004424701444804668,0.0811128243803978,-0.03961619734764099,-0.10804663598537445,-0.27984675765037537,0.9600446820259094,-0.2836344838142395,-0.275422066450119,-0.03994552418589592,-0.27920976281166077,-0.28009932039601,-43.99552836439767,-0.2731971740722656,-0.4892904460430145
3.0,150,-0.00282184942625463,0.9999960064888,-0.0028218531515449286,0.08014242351055145,-0.04852014407515526,-0.10404406487941742,-0.2896801233291626,0.9571235179901123,-0.29389262199401855,-0.28685829043388367,-0.042872507125139236,-0.29107075929641724,-0.2919473560853196,-44.28747572048299,-0.2836344838142395,-0.49172261357307434
3.02,151,-0.0012418944388628006,0.9999992251396179,-0.001241894788108766,0.07899791747331619,-0.05722542107105255,-0.09997577965259552,-0.29930591583251953,0.9541571736335754,-0.30396515130996704,-0.2980640232563019,-0.04584202915430069,-0.3027232587337494,-0.30358513159452927,-44.59106085207752,-0.29389262199401855,-0.4938441812992096
3.04,152,0.00031178019708022475,0.9999999403953552,0.00031178019708022475,0.07768374681472778,-0.06570842862129211,-0.0958443284034729,-0.308718740940094,0.9511533975601196,-0.313845694065094,-0.30903053283691406,-0.04884658008813858,-0.3141574561595917,-0.3150028905436943,-44.906063742621214,-0.30396515130996704,-0.49565380811691284
3.06,153,0.0018358755623921752,0.9999983310699463,0.0018358766101300716,0.0762048214673996,-0.07394632697105408,-0.09165234863758087,-0.3179134726524353,0.9481196999549866,-0.323527991771698,-0.3197493553161621,-0.051878586411476135,-0.3253638446331024,-0.3261911786306796,-45.232254921251894,-0.313845694065094,-0.49715039134025574
3.08,154,0.0033272001892328262,0.9999944567680359,0.0033272062428295612,0.07456648349761963,-0.08191700279712677,-0.08740249276161194,-0.32688531279563904,0.9450640082359314,-0.3330059349536896,-0.3302125036716461,-0.054930444806814194,-0.33633312582969666,-0.3371407542787201,-45.569395675530615,-0.323527991771698,-0.4983329772949219
3.1,155,0.004782678093761206,0.9999885559082031,0.004782696254551411,0.0727744996547699,-0.08959917724132538,-0.0830974131822586,-0.3356296420097351,0.9419940114021301,-0.3422735631465912,-0.34041231870651245,-0.0579945333302021,-0.34705623984336853,-0.3478426186560202,-45.91723829418663,-0.3330059349536896,-0.4992007613182068
3.12,156,0.006199357565492392,0.9999808073043823,0.006199397146701813,0.07083504647016525,-0.09697248786687851,-0.07873985171318054,-0.3441421687602997,0.9389175772666931,-0.35132497549057007,-0.3503415286540985,-0.06106323003768921,-0.35752439498901367,-0.3582880460852014,-46.27552634027183,-0.3422735631465912,-0.49975326657295227
3.14,157,0.007574418559670448,0.999971330165863,0.007574491202831268,0.06875469535589218,-0.10401751846075058,-0.0743325799703598,-0.35241883993148804,0.9358423948287964,-0.36015450954437256,-0.35999324917793274,-0.06412893533706665,-0.3677290081977844,-0.3684685218898,-46.643994862161634,-0.35132497549057007,-0.4999901354312897
3.16,158,0.008905180729925632,0.9999603629112244,0.008905299007892609,0.06654038280248642,-0.1107158437371254,-0.06987833976745605,-0.36045587062835693,0.9327762722969055,-0.36875656247138977,-0.3693610429763794,-0.06718407571315765,-0.3776618540287018,-0.3783766832411244,-47.022371545402756,-0.36015450954437256,-0.49991118907928467
3.18,159,0.010189109481871128,0.9999480843544006,0.010189286433160305,0.06419938057661057,-0.11705009639263153,-0.06537994742393494,-0.36824968457221985,0.9297269582748413,-0.37712568044662476,-0.3784387707710266,-0.07022114843130112,-0.38731497526168823,-0.38800622752841474,-47.41037777293117,-0.36875656247138977,-0.49951645731925964
3.2,160,0.011423823423683643,0.999934732913971,0.011424072086811066,0.06173929572105408,-0.12300407141447067,-0.060840293765068054,-0.37579697370529175,0.9267020225524902,-0.3852566182613373,-0.3872207701206207,-0.07323271781206131,-0.39668068289756775,-0.3973471739327124,-47.807724946863885,-0.37712568044662476,-0.49880626797676086
3.22,161,0.012607098557054996,0.9999205470085144,0.012607432901859283,0.05916804447770119,-0.12856264412403107,-0.05626218020915985,-0.3830946385860443,0.9237090945243835,-0.3931442201137543,-0.39570173621177673,-0.07621143013238907,-0.40575164556503296,-0.40639227257829097,-48.21411721944218,-0.3852566182613373,-0.497780978679657
3.24,162,0.013736876659095287,0.9999056458473206,0.013737308792769909,0.05649380385875702,-0.13371193408966064,-0.051648542284965515,-0.3901398777961731,0.9207556247711182,-0.4007834792137146,-0.40387675166130066,-0.07915003597736359,-0.414520800113678,-0.41513454210342765,-48.62925176154561,-0.3931442201137543,-0.4964413046836853
3.2600000000000002,163,0.014811268076300621,0.9998903274536133,0.014811809174716473,0.053725019097328186,-0.13843929767608643,-0.04700228571891785,-0.3969299793243408,0.9178488850593567,-0.40816962718963623,-0.4117412567138672,-0.0820414200425148,-0.4229814410209656,-0.42356736299246217,-49.052819124538075,-0.4007834792137146,-0.4947880506515503
3.2800000000000002,164,0.015828555449843407,0.9998747110366821,0.015829216688871384,0.05087035149335861,-0.14273333549499512,-0.04232633113861084,-0.40346255898475647,0.9149961471557617,-0.4152979552745819,-0.4192911386489868,-0.08487857133150101,-0.4311271607875824,-0.4316844153666267,-49.4845035399047,-0.40816962718963623,-0.4928222894668579
3.3000000000000003,165,0.016787201166152954,0.999859094619751,0.01678798906505108,0.047938670963048935,-0.14658397436141968,-0.037623658776283264,-0.40973538160324097,0.9122044444084167,-0.4221639633178711,-0.4265225827693939,-0.08765465766191483,-0.43895193934440613,-0.43947976831735963,-49.92398330822206,-0.4152979552745819,-0.49054527282714844
3.3200000000000003,166,0.017685849219560623,0.9998435974121094,0.017686771228909492,0.04493902251124382,-0.14998243749141693,-0.03289720416069031,-0.41574639081954956,0.9094805717468262,-0.42876332998275757,-0.4334322512149811,-0.09036300331354141,-0.4464500844478607,-0.4469478214451707,-50.370931129667234,-0.4221639633178711,-0.4879583716392517
3.34,167,0.0185233224183321,0.9998284578323364,0.018524382263422012,0.04188059642910957,-0.15292131900787354,-0.028149977326393127,-0.4214937090873718,0.9068313241004944,-0.43509188294410706,-0.44001704454421997,-0.09299711138010025,-0.45361626148223877,-0.4540833321360963,-50.82501446180333,-0.42876332998275757,-0.4850632846355438
3.36,168,0.01929863914847374,0.9998137354850769,0.019299836829304695,0.03877270594239235,-0.15539459884166718,-0.023384973406791687,-0.42697566747665405,0.9042630791664124,-0.4411455988883972,-0.4462743103504181,-0.09555065631866455,-0.46044546365737915,-0.4608813876129803,-51.285895849416306,-0.43509188294410706,-0.48186182975769043
3.38,169,0.020010996609926224,0.9997997879981995,0.020012332126498222,0.035624753683805466,-0.15739762783050537,-0.018605217337608337,-0.43219074606895447,0.901782214641571,-0.4469207227230072,-0.4522017240524292,-0.09801754355430603,-0.4669330418109894,-0.4673374330626314,-51.75323328247894,-0.4411455988883972,-0.4783560335636139
3.4,170,0.020659785717725754,0.9997865557670593,0.020661255344748497,0.03244620934128761,-0.1589270830154419,-0.013813674449920654,-0.43713751435279846,0.899394690990448,-0.45241352915763855,-0.4577972888946533,-0.10039188712835312,-0.4730747938156128,-0.47344736215550437,-52.22668064463444,-0.4469207227230072,-0.4745480716228485
3.42,171,0.021244589239358902,0.9997743368148804,0.021246187388896942,0.029246587306261063,-0.15998117625713348,-0.009013429284095764,-0.4418147802352905,0.8971062898635864,-0.4576205909252167,-0.46305936574935913,-0.10266800969839096,-0.4788667857646942,-0.47920733533132254,-52.705887979965766,-0.45241352915763855,-0.4704403877258301
3.44,172,0.021765176206827164,0.9997631311416626,0.021766895428299904,0.026035398244857788,-0.16055941581726074,-0.00420747697353363,-0.44622138142585754,0.8949226140975952,-0.46253859996795654,-0.4679865837097168,-0.10484050959348679,-0.4843055009841919,-0.48461393219260857,-53.190501912158375,-0.4576205909252167,-0.46603554487228394
3.46,173,0.022221509367227554,0.9997530579566956,0.0222233384847641,0.022822143509984016,-0.16066278517246246,0.0006011128425598145,-0.4503563940525055,0.8928488492965698,-0.46716445684432983,-0.47257789969444275,-0.10690419375896454,-0.4893878102302551,-0.4896641179248525,-53.68016603008323,-0.46253859996795654,-0.4613363742828369
3.48,174,0.022613735869526863,0.9997442960739136,0.022615663707256317,0.019616272300481796,-0.1602935791015625,0.005409330129623413,-0.45421892404556274,0.8908901214599609,-0.47149527072906494,-0.47683265805244446,-0.10885417461395264,-0.49411094188690186,-0.49435521604362975,-54.17452124612686,-0.46716445684432983,-0.456345796585083
3.5,175,0.02294219471514225,0.9997367858886719,0.02294420637190342,0.016427161172032356,-0.1594555675983429,0.010214149951934814,-0.45780816674232483,0.8890510201454163,-0.4755282700061798,-0.48075035214424133,-0.1106857880949974,-0.4984724521636963,-0.49868487630249897,-54.673206122429356,-0.47149527072906494,-0.4510669708251953
3.52,176,0.02320740558207035,0.99973064661026,0.02320948801934719,0.013264084234833717,-0.15815383195877075,0.015012502670288086,-0.4611234664916992,0.8873359560966492,-0.4792608916759491,-0.4843308627605438,-0.11239469051361084,-0.5024703741073608,-0.5026512238521291,-55.17585734628148,-0.4755282700061798,-0.44550326466560364
3.54,177,0.023410074412822723,0.9997259378433228,0.02341221272945404,0.010136187076568604,-0.1563948690891266,0.019801363348960876,-0.46416425704956055,0.8857491612434387,-0.48269081115722656,-0.4875743091106415,-0.11397679895162582,-0.5061030387878418,-0.5062526813593847,-55.68211002764087,-0.4792608916759491,-0.43965816497802734
3.56,178,0.023551084101200104,0.9997226595878601,0.023553261533379555,0.007052458357065916,-0.1541864275932312,0.024577736854553223,-0.46692997217178345,0.8842942714691162,-0.4858158528804779,-0.49048107862472534,-0.11542834341526031,-0.5093691349029541,-0.5094880272867296,-56.191598054927596,-0.48269081115722656,-0.4335353374481201
3.58,179,0.023631496354937553,0.9997207522392273,0.023633696138858795,0.0040217055939137936,-0.15153764188289642,0.029338568449020386,-0.4694202244281769,0.8829748630523682,-0.48863404989242554,-0.4930517375469208,-0.11674585938453674,-0.5122677683830261,-0.5123564545065086,-56.703954509434105,-0.4858158528804779,-0.42713871598243713
3.6,180,0.023652540519833565,0.9997202157974243,0.023654745891690254,0.0010525276884436607,-0.14845888316631317,0.034080877900123596,-0.4716346263885498,0.8817940354347229,-0.4911436140537262,-0.4952871799468994,-0.11792618036270142,-0.5147983431816101,-0.5148574530592439,-57.21881196249335,-0.48863404989242554,-0.42047229409217834
3.62,181,0.02361561730504036,0.999721109867096,0.023617811501026154,-0.0018467078916728497,-0.14496178925037384,0.03880167007446289,-0.47357288002967834,0.8807546496391296,-0.49334296584129333,-0.4971884787082672,-0.1189664676785469,-0.5169607996940613,-0.517027980264322,-57.73583994275767,-0.4911436140537262,-0.4135402739048004
3.64,182,0.023522283881902695,0.9997233152389526,0.02352445386350155,-0.004667891655117273,-0.14105919003486633,0.04349793493747711,-0.47523465752601624,0.8798590898513794,-0.49523070454597473,-0.49875694513320923,-0.11986422538757324,-0.5187551379203796,-0.5188506715559048,-58.254690614313574,-0.49334296584129333,-0.4063470959663391
3.66,183,0.02337426133453846,0.9997267723083496,0.02337639033794403,-0.007403193973004818,-0.13676510751247406,0.04816673696041107,-0.47661980986595154,0.8791095614433289,-0.49680566787719727,-0.49999406933784485,-0.12061725556850433,-0.5201820731163025,-0.5203051131108113,-58.77499572742438,-0.49523070454597473,-0.3988972306251526
3.68,184,0.023173414170742035,0.9997314810752869,0.023175489157438278,-0.010045086964964867,-0.13209466636180878,0.05280512571334839,-0.47772809863090515,0.8785077333450317,-0.49806681275367737,-0.5009015202522278,-0.12122371792793274,-0.5212423205375671,-0.5213919436760478,-59.29638767110043,-0.49680566787719727,-0.3911954164505005
3.7,185,0.02292175404727459,0.9997372627258301,0.02292376197874546,-0.012586369179189205,-0.12706409394741058,0.05741015076637268,-0.4785594642162323,0.8780551552772522,-0.49901336431503296,-0.5014811754226685,-0.12168210744857788,-0.5219371318817139,-0.5221123417494471,-59.81850001284988,-0.49806681275367737,-0.383246511220932
3.72,186,0.022621428593993187,0.9997441172599792,0.02262335829436779,-0.01502018142491579,-0.12169062346220016,0.06197892129421234,-0.47911372780799866,0.8777528405189514,-0.4996447265148163,-0.5017351508140564,-0.12199127674102783,-0.5222681164741516,-0.5224678473803639,-60.34096786023024,-0.49901336431503296,-0.3750555217266083
3.74,187,0.022274713963270187,0.9997518658638,0.022276556119322777,-0.017340032383799553,-0.11599250137805939,0.06650853157043457,-0.4793908894062042,0.8776015043258667,-0.4999605119228363,-0.5016655921936035,-0.12215039879083633,-0.5222370624542236,-0.5224601822655955,-60.86342804249584,-0.4996447265148163,-0.36662766337394714
3.7600000000000002,188,0.0218840129673481,0.9997605085372925,0.021885760128498077,-0.019539808854460716,-0.10998886078596115,0.07099613547325134,-0.4793908894062042,0.8776015043258667,-0.4999605119228363,-0.5012748837471008,-0.12215902656316757,-0.5218462944030762,-0.5220916089819011,-61.38551965147774,-0.4999605119228363,-0.3579682409763336
3.7800000000000002,189,0.021451838314533234,0.9997698664665222,0.021453484892845154,-0.021613802760839462,-0.1036997139453888,0.07543890178203583,-0.47911372780799866,0.8777528405189514,-0.4996447265148163,-0.5005655884742737,-0.12201705574989319,-0.5210981965065002,-0.5213644532250986,-61.90688410470284,-0.4999605119228363,-0.34908270835876465
3.8000000000000003,190,0.02098081074655056,0.9997798800468445,0.020982351154088974,-0.023556720465421677,-0.09714587777853012,0.07983401417732239,-0.4785594642162323,0.8780551552772522,-0.49901336431503296,-0.4995402693748474,-0.12172472476959229,-0.5199956893920898,-0.5202847390445968,-62.42716884374744,-0.4996447265148163,-0.3399766981601715
3.8200000000000003,191,0.020473646000027657,0.999790370464325,0.020475076511502266,-0.025363698601722717,-0.09034889936447144,0.08417871594429016,-0.47772809863090515,0.8785077333450317,-0.49806681275367737,-0.49820175766944885,-0.12128264456987381,-0.5185418725013733,-0.5188523561832761,-62.94602119993071,-0.49901336431503296,-0.33065593242645264
3.84,192,0.019933149218559265,0.9998013377189636,0.01993446983397007,-0.02703031897544861,-0.08333101868629456,0.08847025036811829,-0.47661980986595154,0.8791095614433289,-0.49680566787719727,-0.4965529441833496,-0.12069178372621536,-0.5167401432991028,-0.5170706543339093,-63.46309185426462,-0.49806681275367737,-0.3211263120174408
3.86,193,0.019362207502126694,0.9998125433921814,0.019363418221473694,-0.028552621603012085,-0.07611509412527084,0.09270589053630829,-0.47523465752601624,0.8798590898513794,-0.49523070454597473,-0.4945968687534332,-0.1199534460902214,-0.5145941376686096,-0.5149432261172266,-63.978035080381844,-0.49680566787719727,-0.3113938868045807
3.88,194,0.018763775005936623,0.9998239278793335,0.018764875829219818,-0.02992711029946804,-0.06872449070215225,0.09688296914100647,-0.47357288002967834,0.8807546496391296,-0.49334296584129333,-0.492336630821228,-0.11906930059194565,-0.5121078491210938,-0.5124740269531572,-64.490509107335,-0.49523070454597473,-0.3014647662639618
3.9,195,0.018140865489840508,0.9998354315757751,0.018141860142350197,-0.03115077130496502,-0.061183054000139236,0.10099886357784271,-0.4716346263885498,0.8817940354347229,-0.4911436140537262,-0.48977550864219666,-0.11804138123989105,-0.5092855095863342,-0.509667254401243,-65.00017636173624,-0.49334296584129333,-0.2913452386856079
3.92,196,0.017496544867753983,0.9998469352722168,0.017497438937425613,-0.03222107142210007,-0.05351503565907478,0.1050509661436081,-0.4694202244281769,0.8829748630523682,-0.48863404989242554,-0.48691678047180176,-0.11687204241752625,-0.5061315298080444,-0.5065272907712864,-65.50670365250753,-0.4911436140537262,-0.28104168176651
3.94,197,0.016833923757076263,0.9998583197593689,0.016834719106554985,-0.033135972917079926,-0.04574500769376755,0.10903671383857727,-0.46692997217178345,0.8842942714691162,-0.4858158528804779,-0.4837639033794403,-0.1155640110373497,-0.5026505589485168,-0.503058760801215,-66.00976241330874,-0.48863404989242554,-0.270560622215271
3.96,198,0.016156136989593506,0.9998694658279419,0.016156841069459915,-0.033893927931785583,-0.037897802889347076,0.11295358836650848,-0.46416425704956055,0.8857491612434387,-0.48269081115722656,-0.48032039403915405,-0.11412033438682556,-0.4988476634025574,-0.49926671191039884,-66.50902912521913,-0.4858158528804779,-0.25990867614746094
3.98,199,0.015466345474123955,0.9998803734779358,0.015466962940990925,-0.03449389711022377,-0.029998410493135452,0.11679913103580475,-0.4611234664916992,0.8873359560966492,-0.4792608916759491,-0.47658979892730713,-0.11254440248012543,-0.49472784996032715,-0.49515613681236553,-67.0041852620315,-0.48269081115722656,-0.24909254908561707
4.0,200,0.014767718501389027,0.999890923500061,0.01476825587451458,-0.03493533656001091,-0.022071944549679756,0.12057089805603027,-0.45780816674232483,0.8890510201454163,-0.4755282700061798,-0.4725758731365204,-0.11083994805812836,-0.49029651284217834,-0.4907324204142515,-67.49491768244575,-0.4792608916759491,-0.23811909556388855
4.0200000000000005,201,0.014063428156077862,0.9999011158943176,0.01406389195472002,-0.03521820530295372,-0.014143533073365688,0.12426651269197464,-0.45421892404556274,0.8908901214599609,-0.47149527072906494,-0.4682823419570923,-0.10901100188493729,-0.4855591654777527,-0.48600107206001597,-67.98091875450577,-0.4755282700061798,-0.22699524462223053
4.04,202,0.013356635347008705,0.9999107718467712,0.013357032090425491,-0.035342972725629807,-0.006238273810595274,0.12788361310958862,-0.4503563940525055,0.8928488492965698,-0.46716445684432983,-0.46371304988861084,-0.10706192255020142,-0.4805215001106262,-0.48096778512974314,-68.46188653963551,-0.47149527072906494,-0.2157280296087265
4.0600000000000005,203,0.012650483287870884,0.9999199509620667,0.012650820426642895,-0.035310592502355576,0.001618886599317193,0.13141995668411255,-0.44622138142585754,0.8949226140975952,-0.46253859996795654,-0.45887187123298645,-0.10499737411737442,-0.4751894176006317,-0.47563846623075695,-68.93752500586628,-0.46716445684432983,-0.20432454347610474
4.08,204,0.011948085390031338,0.9999285936355591,0.011948369443416595,-0.03512252867221832,0.009403195232152939,0.13487330079078674,-0.4418147802352905,0.8971062898635864,-0.4576205909252167,-0.45376285910606384,-0.10282232612371445,-0.46956896781921387,-0.4700191759230327,-69.4075441817893,-0.46253859996795654,-0.19279199838638306
4.1,205,0.011252517811954021,0.9999366998672485,0.011252755299210548,-0.034780725836753845,0.017090147361159325,0.1382414549589157,-0.43713751435279846,0.899394690990448,-0.45241352915763855,-0.44839003682136536,-0.10054200887680054,-0.46366629004478455,-0.4641160696351299,-69.87166025142443,-0.4576205909252167,-0.18113768100738525
4.12,206,0.01056680642068386,0.9999441504478455,0.010567002929747105,-0.03428761661052704,0.02465558983385563,0.14152228832244873,-0.43219074606895447,0.901782214641571,-0.4469207227230072,-0.4427575469017029,-0.09816195070743561,-0.45748770236968994,-0.4579354859685837,-70.32959573739302,-0.45241352915763855,-0.16936896741390228
4.14,207,0.009893919341266155,0.9999510645866394,0.009894080460071564,-0.033646099269390106,0.03207580745220184,0.14471372961997986,-0.42697566747665405,0.9042630791664124,-0.4411455988883972,-0.4368695914745331,-0.09568794816732407,-0.45103970170021057,-0.45148394730827246,-70.7810796847013,-0.4469207227230072,-0.15749326348304749
4.16,208,0.009236758574843407,0.9999573230743408,0.009236889891326427,-0.032859548926353455,0.03932753577828407,0.14781376719474792,-0.4214937090873718,0.9068313241004944,-0.43509188294410706,-0.4307304918766022,-0.09312602132558823,-0.44432875514030457,-0.44476795107672584,-71.22584763577802,-0.4411455988883972,-0.14551807940006256
4.18,209,0.00859814789146185,0.9999630451202393,0.008598254062235355,-0.031931787729263306,0.046388112008571625,0.15082043409347534,-0.41574639081954956,0.9094805717468262,-0.42876332998275757,-0.424344539642334,-0.0904824510216713,-0.43736156821250916,-0.4377942368728311,-71.66364187265086,-0.43509188294410706,-0.13345099985599518
4.2,210,0.007980828173458576,0.9999681711196899,0.007980912923812866,-0.0308670774102211,0.053235460072755814,0.15373185276985168,-0.40973538160324097,0.9122044444084167,-0.4221639633178711,-0.41771620512008667,-0.0877637267112732,-0.43014487624168396,-0.43056958017861197,-72.09421145282947,-0.42876332998275757,-0.1212996169924736
4.22,211,0.007387442979961634,0.9999727010726929,0.007387510500848293,-0.02967011369764805,0.059848204255104065,0.15654617547988892,-0.40346255898475647,0.9149961471557617,-0.4152979552745819,-0.41085001826286316,-0.08497656136751175,-0.4226854741573334,-0.4231008188174443,-72.51731227164692,-0.4221639633178711,-0.10907161980867386
4.24,212,0.006820537615567446,0.9999767541885376,0.0068205902352929115,-0.028345998376607895,0.06620572507381439,0.15926161408424377,-0.3969299793243408,0.9178488850593567,-0.40816962718963623,-0.40375053882598877,-0.08212784677743912,-0.41499021649360657,-0.4153948552043832,-72.9327071268513,-0.4152979552745819,-0.09677473455667496
4.26,213,0.006282544229179621,0.9999802708625793,0.006282585673034191,-0.026900235563516617,0.07228820770978928,0.16187645494937897,-0.3901398777961731,0.9207556247711182,-0.4007834792137146,-0.396422415971756,-0.07922466099262238,-0.40706607699394226,-0.4074587150245391,-73.34016584187583,-0.40816962718963623,-0.08441672474145889
4.28,214,0.005775779485702515,0.9999833106994629,0.005775811616331339,-0.02533870004117489,0.07807672023773193,0.16438904404640198,-0.3830946385860443,0.9237090945243835,-0.3931442201137543,-0.3888704180717468,-0.07627422362565994,-0.3989200294017792,-0.3992994275679758,-73.73946526944381,-0.4007834792137146,-0.07200539112091064
4.3,215,0.00530243432149291,0.999985933303833,0.005302459001541138,-0.023667635396122932,0.0835532695055008,0.16679781675338745,-0.37579697370529175,0.9267020225524902,-0.3852566182613373,-0.3810994029045105,-0.07328391820192337,-0.3905590772628784,-0.3909240554850784,-74.13038932492888,-0.3931442201137543,-0.05954857915639877
4.32,216,0.0048645674251019955,0.9999881386756897,0.004864586517214775,-0.021893618628382683,0.0887008011341095,0.16910123825073242,-0.36824968457221985,0.9297269582748413,-0.37712568044662476,-0.3731142282485962,-0.07026123255491257,-0.3819902837276459,-0.3823397252619268,-74.51272905019081,-0.3852566182613373,-0.04705415666103363
4.34,217,0.004464100580662489,0.9999900460243225,0.004464115481823683,-0.02002355270087719,0.09350333362817764,0.1712978333234787,-0.36045587062835693,0.9327762722969055,-0.36875656247138977,-0.3649199604988098,-0.0672137662768364,-0.37322068214416504,-0.3735535360222555,-74.88628258621307,-0.37712568044662476,-0.03453001379966736
4.36,218,0.004102811217308044,0.9999915957450867,0.004102822858840227,-0.018064633011817932,0.09794595092535019,0.17338624596595764,-0.35241883993148804,0.9358423948287964,-0.36015450954437256,-0.3565216362476349,-0.06414920091629028,-0.3642573356628418,-0.36457262014724434,-75.25085520636031,-0.36875656247138977,-0.021984059363603592
4.38,219,0.003782327054068446,0.999992847442627,0.0037823361344635487,-0.016024336218833923,0.10201484709978104,0.175365149974823,-0.3441421687602997,0.9389175772666931,-0.35132497549057007,-0.34792450070381165,-0.06107529252767563,-0.35510730743408203,-0.35540411319255627,-75.60625931955288,-0.36015450954437256,-0.009424219839274883
4.4,220,0.003504121210426092,0.9999938607215881,0.0035041284281760454,-0.013910388574004173,0.1056973934173584,0.1772332787513733,-0.3356296420097351,0.9419940114021301,-0.3422735631465912,-0.33913373947143555,-0.057999830693006516,-0.345777690410614,-0.3460551825591443,-75.95231450211202,-0.35132497549057007,0.0031415720004588366
4.42,221,0.003269507549703121,0.9999946355819702,0.003269513603299856,-0.011730744503438473,0.10898216813802719,0.1789894700050354,-0.32688531279563904,0.9450640082359314,-0.3330059349536896,-0.33015480637550354,-0.054930634796619415,-0.33627545833587646,-0.33653287910696517,-76.28884738121899,-0.3422735631465912,0.015705378726124763
4.44,222,0.0030796374194324017,0.999995231628418,0.0030796420760452747,-0.009493566118180752,0.11185894906520844,0.1806326061487198,-0.3179134726524353,0.9481196999549866,-0.323527991771698,-0.3209931254386902,-0.0518755279481411,-0.3266076147556305,-0.32684428614102057,-76.61569166736001,-0.3330059349536896,0.028259268030524254
4.46,223,0.002935494063422084,0.9999957084655762,0.0029354984872043133,-0.007207189686596394,0.11431881785392761,0.18216164410114288,-0.308718740940094,0.9511533975601196,-0.313845694065094,-0.3116542398929596,-0.04884231835603714,-0.3167811930179596,-0.3169965176952327,-76.93268818505524,-0.323527991771698,0.040795307606458664
4.48,224,0.0028378923889249563,0.9999959468841553,0.002837896114215255,-0.004880107473582029,0.11635410040616989,0.18357563018798828,-0.29930591583251953,0.9541571736335754,-0.30396515130996704,-0.30214381217956543,-0.045838773250579834,-0.30680304765701294,-0.30699651158373376,-77.23968469663897,-0.313845694065094,0.053305577486753464
4.5,225,0.0027874738443642855,0.9999961256980896,0.002787477569654584,-0.002520938403904438,0.11795846372842789,0.18487367033958435,-0.2896801233291626,0.9571235179901123,-0.29389262199401855,-0.2924675941467285,-0.0428726002573967,-0.2966800928115845,-0.2968512662041659,-77.53653596284315,-0.30396515130996704,0.06578218191862106
4.5200000000000005,226,0.0027847059536725283,0.9999961256980896,0.002784709446132183,-0.00013840061728842556,0.11912689357995987,0.18605493009090424,-0.27984675765037537,0.9600446820259094,-0.2836344838142395,-0.28263145685195923,-0.03995143622159958,-0.28641918301582336,-0.28656772134829384,-77.82310368419144,-0.29389262199401855,0.07821723073720932
4.54,227,0.0028298799879848957,0.9999960064888,0.002829883713275194,0.0022587140556424856,0.11985573172569275,0.18711867928504944,-0.2698114216327667,0.9629132151603699,-0.2731971740722656,-0.27264130115509033,-0.03708280995488167,-0.27602705359458923,-0.2761978730849222,-78.09930155727636,-0.2836344838142395,0.09060288220643997
4.5600000000000005,228,0.002923110965639353,0.9999957084655762,0.0029231151565909386,0.004661566577851772,0.12014263868331909,0.18806424736976624,-0.2595800459384918,0.965721607208252,-0.262587308883667,-0.26250314712524414,-0.034274131059646606,-0.2655104398727417,-0.2657062523633648,-78.36500780963972,-0.2731971740722656,0.10293130576610565
4.58,229,0.0030643362551927567,0.9999952912330627,0.0030643411446362734,0.007061299867928028,0.11998666077852249,0.18889100849628448,-0.2491588294506073,0.9684626460075378,-0.25181159377098083,-0.2522231638431549,-0.03153267130255699,-0.25487592816352844,-0.25509658735161567,-78.62010439699134,-0.262587308883667,0.11519471555948257
4.6000000000000005,230,0.003253316506743431,0.999994695186615,0.0032533223275095224,0.009449063800275326,0.11938820779323578,0.1895984709262848,-0.2385542392730713,0.9711291790008545,-0.24087683856487274,-0.24180755019187927,-0.02886553294956684,-0.24413016438484192,-0.24437543441852727,-78.86447983140987,-0.25181159377098083,0.12738536298274994
4.62,231,0.003489636117592454,0.9999939203262329,0.0034896433353424072,0.011816044338047504,0.11834903061389923,0.19018620252609253,-0.22777298092842102,0.973714292049408,-0.22978992760181427,-0.23126262426376343,-0.026279646903276443,-0.23327957093715668,-0.233549126888382,-79.09802895829824,-0.24087683856487274,0.13949555158615112
4.64,232,0.0037727041635662317,0.9999929070472717,0.0037727130111306906,0.014153488911688328,0.11687223613262177,0.19065377116203308,-0.2168220430612564,0.9762111306190491,-0.21855787932872772,-0.22059474885463715,-0.023781735450029373,-0.22233060002326965,-0.2226240287206874,-79.32065298701893,-0.22978992760181427,0.15151762962341309
4.66,233,0.004101756028831005,0.9999915957450867,0.004101767670363188,0.016452735289931297,0.11496227979660034,0.19100093841552734,-0.20570865273475647,0.9786132574081421,-0.20718778669834137,-0.20981040596961975,-0.021378308534622192,-0.21128955483436584,-0.21160635570385272,-79.53225934272278,-0.21855787932872772,0.16344401240348816
4.68,234,0.004475857596844435,0.9999899864196777,0.004475872498005629,0.018705233931541443,0.11262495815753937,0.19122746586799622,-0.1944403052330017,0.9809143543243408,-0.19568683207035065,-0.19891616702079773,-0.019075630232691765,-0.20016270875930786,-0.2005022952460036,-79.73276163796878,-0.20718778669834137,0.17526715993881226
4.7,235,0.00489390455186367,0.9999880194664001,0.004893924109637737,0.02090258151292801,0.10986734926700592,0.19133321940898895,-0.18302473425865173,0.9831082820892334,-0.18406227231025696,-0.18791863322257996,-0.016879715025424957,-0.18895620107650757,-0.18931790229967027,-79.92207954026844,-0.19568683207035065,0.18697960674762726
4.72,236,0.00535462936386466,0.9999856352806091,0.005354654975235462,0.023036537691950798,0.10669783502817154,0.1913181096315384,-0.17146988213062286,0.9851893782615662,-0.17232146859169006,-0.17682451009750366,-0.014796302653849125,-0.17767611145973206,-0.178059173955551,-80.10013871422399,-0.18406227231025696,0.19857394695281982
4.74,237,0.00585660245269537,0.9999828338623047,0.005856635980308056,0.02509905956685543,0.10312607139348984,0.19118216633796692,-0.1597839742898941,0.9871519804000854,-0.1604718118906021,-0.16564056277275085,-0.012830843217670918,-0.16632844507694244,-0.16673203489758665,-80.26687074912158,-0.17232146859169006,0.21004286408424377
4.76,238,0.006398238707333803,0.999979555606842,0.00639828247949481,0.02708231844007969,0.09916292876005173,0.1909254640340805,-0.1479753702878952,0.9889910221099854,-0.1485207974910736,-0.15437361598014832,-0.01098848506808281,-0.1549190729856491,-0.15534227824683855,-80.42221302736841,-0.1604718118906021,0.2213791161775589
4.78,239,0.006977800279855728,0.9999756813049316,0.00697785709053278,0.028978727757930756,0.09482049942016602,0.19054816663265228,-0.1360526978969574,0.9907016158103943,-0.13647596538066864,-0.14303050935268402,-0.009274054318666458,-0.14345382153987885,-0.14389565459124623,-80.56610868195966,-0.1485207974910736,0.23257553577423096
4.8,240,0.0075934031046926975,0.9999711513519287,0.007593476213514805,0.030780967324972153,0.09011201560497284,0.19005051255226135,-0.12402476370334625,0.9922791123390198,-0.12434494495391846,-0.1316181719303131,-0.0076920464634895325,-0.1319384127855301,-0.13239781343640133,-80.69850649539606,-0.13647596538066864,0.24362505972385406
4.82,241,0.008243023417890072,0.999966025352478,0.008243116550147533,0.03248200565576553,0.08505187183618546,0.18943282961845398,-0.11190052330493927,0.9937193989753723,-0.1121353805065155,-0.12014354765415192,-0.006246611941605806,-0.12037849426269531,-0.12085433249111964,-80.81936082788718,-0.12434494495391846,0.2545207142829895
4.84,242,0.008924500085413456,0.99996018409729,0.008924618363380432,0.034075114876031876,0.07965549826622009,0.18869549036026,-0.09968913346529007,0.9950186610221863,-0.09985499083995819,-0.10861363261938095,-0.004941544029861689,-0.10877960920333862,-0.10927068859207334,-80.92863151647926,-0.1121353805065155,0.2652556002140045
4.86,243,0.009635547176003456,0.99995356798172,0.00963569711893797,0.03555390238761902,0.07393939793109894,0.18783897161483765,-0.08739987760782242,0.9961733222007751,-0.08751153200864792,-0.09703542292118073,-0.0037802678998559713,-0.09714722633361816,-0.0976522874686582,-81.02628380394792,-0.09985499083995819,0.2758229374885559
4.88,244,0.010373757220804691,0.9999461770057678,0.010373943485319614,0.03691232576966286,0.06792102754116058,0.18686379492282867,-0.07504218071699142,0.9971803426742554,-0.07511279731988907,-0.08541594445705414,-0.00276583107188344,-0.08548673987388611,-0.08600446406668938,-81.11228826801461,-0.08751153200864792,0.28621605038642883
4.9,245,0.011136607266962528,0.9999380111694336,0.011136837303638458,0.03814470022916794,0.06161882355809212,0.18577060103416443,-0.06262560933828354,0.9980370998382568,-0.06266661733388901,-0.07376221567392349,-0.0019008959643542767,-0.07380345463752747,-0.07433246783991859,-81.18662073585453,-0.07511279731988907,0.2964284121990204
4.92,246,0.011921470053493977,0.9999289512634277,0.011921752244234085,0.039245739579200745,0.05505204200744629,0.18456007540225983,-0.05015980079770088,0.9987412095069885,-0.05018085613846779,-0.062081269919872284,-0.0011877317447215319,-0.062102608382701874,-0.06264148466758644,-81.24926222052211,-0.06266661733388901,0.30645352602005005
4.94,247,0.012725619599223137,0.9999189972877502,0.01272596325725317,0.040210556238889694,0.048240795731544495,0.18323296308517456,-0.03765450045466423,0.9992908239364624,-0.037663403898477554,-0.05038011819124222,-0.000628208159469068,-0.050389364361763,-0.050936630788258185,-81.30019885131037,-0.05018085613846779,0.31628507375717163
4.96,248,0.013546242378652096,0.9999082684516907,0.0135466568171978,0.041034676134586334,0.04120595380663872,0.18179012835025787,-0.025119516998529434,0.9996844530105591,-0.025122158229351044,-0.038665760308504105,-0.00022379029542207718,-0.03866881504654884,-0.03922295563438826,-81.33942180694476,-0.037663403898477554,0.3259168565273285
4.98,249,0.0143804419785738,0.9998965859413147,0.014380937442183495,0.041714057326316833,0.033969078212976456,0.1802324801683426,-0.01256471686065197,0.9999210834503174,-0.012565047480165958,-0.02694515883922577,2.446473081363365e-05,-0.026945985853672028,-0.02750544609149275,-81.36692725303625,-0.025122158229351044,0.33534279465675354
5.0,250,0.015225251205265522,0.9998840689659119,0.015225839801132679,0.042245104908943176,0.02655234932899475,0.17856097221374512,-1.2246468525851679e-16,1.0,-1.2246468525851679e-16,-0.015225251205265522,0.00011591086513362825,-0.015225839801132679,-0.01578903094104172,-81.38271628397729,-0.012565047480165958,0.34455689787864685
5.0200000000000005,251,0.016077641397714615,0.9998707175254822,0.01607833430171013,0.04262467473745346,0.018978537991642952,0.1767766922712326,0.01256471686065197,0.9999210834503174,0.012565047480165958,-0.0035129236057400703,5.031444379710592e-05,-0.003513285657390952,-0.004078590074415766,-81.3867948740517,-1.2246468525851679e-16,0.3535533845424652
5.04,252,0.016934525221586227,0.9998565912246704,0.016935335472226143,0.04285009205341339,0.011270901188254356,0.1748807579278946,0.025119516998529434,0.9996844530105591,0.025122158229351044,0.008184990845620632,-0.00017214547551702708,0.008186823688447475,-0.008752599015023841,-81.39554747306673,0.012565047480165958,0.36232656240463257
5.0600000000000005,253,0.017792779952287674,0.9998416900634766,0.017793718725442886,0.04291915521025658,0.0034531215205788612,0.1728743612766266,0.03765450045466423,0.9992908239364624,0.037663403898477554,0.019861718639731407,-0.0005508780595846474,0.019869685173034668,-0.02043426945410074,-81.41598174252083,0.025122158229351044,0.3708708882331848
5.08,254,0.01864924095571041,0.9998260736465454,0.018650321289896965,0.04283013939857483,-0.004450757056474686,0.17075878381729126,0.05015980079770088,0.9987412095069885,0.05018085613846779,0.03151055797934532,-0.001084882882423699,0.03153053671121597,-0.03209225329303491,-81.44807399581386,0.037663403898477554,0.3791809678077698
5.1000000000000005,255,0.019500721246004105,0.9998098611831665,0.019501958042383194,0.04258181154727936,-0.012416413053870201,0.16853533685207367,0.06262560933828354,0.9980370998382568,0.06266661733388901,0.043124888092279434,-0.0017727527301758528,0.043164659291505814,-0.04372182161886633,-81.49179581743272,0.05018085613846779,0.38725152611732483
5.12,256,0.020344022661447525,0.9997930526733398,0.020345425233244896,0.04217342659831047,-0.020419295877218246,0.16620543599128723,0.07504218071699142,0.9971803426742554,0.07511279731988907,0.0546981617808342,-0.002612678799778223,0.05476737022399902,-0.05531828739739921,-81.54711410483011,0.06266661733388901,0.39507749676704407
5.14,257,0.021175937727093697,0.999775767326355,0.021177520975470543,0.04160473123192787,-0.028434723615646362,0.16377057135105133,0.08739987760782242,0.9961733222007751,0.08751153200864792,0.06622393429279327,-0.0036024556029587984,0.06633400917053223,-0.0668769903606238,-81.61399109519074,0.07511279731988907,0.40265393257141113
5.16,258,0.02199326641857624,0.9997581243515015,0.02199503965675831,0.04087597504258156,-0.03643793985247612,0.16123226284980774,0.09968913346529007,0.9950186610221863,0.09985499083995819,0.07769586145877838,-0.004739487078040838,0.07785995304584503,-0.07839331297643674,-81.69238440816717,0.08751153200864792,0.409976065158844
5.18,259,0.022792823612689972,0.9997401833534241,0.022794798016548157,0.03998788818717003,-0.044404223561286926,0.1585921049118042,0.11190052330493927,0.9937193989753723,0.1121353805065155,0.0891076996922493,-0.006020796485245228,0.08934058248996735,-0.08986264587612859,-81.7822470540433,0.09985499083995819,0.4170392155647278
5.2,260,0.023571448400616646,0.9997221827507019,0.023573631420731544,0.03894171118736267,-0.05230890214443207,0.1558517962694168,0.12402476370334625,0.9922791123390198,0.12434494495391846,0.10045330971479416,-0.007443031296133995,0.10077130794525146,-0.10128041557526139,-81.88352746961856,0.1121353805065155,0.4238389730453491
5.22,261,0.024326015263795853,0.9997040629386902,0.02432841621339321,0.037739161401987076,-0.06012747436761856,0.15301303565502167,0.1360526978969574,0.9907016158103943,0.13647596538066864,0.11172668635845184,-0.00900247786194086,0.11214755475521088,-0.11264206739664118,-81.99616953701519,0.12434494495391846,0.4303710162639618
5.24,262,0.025053443387150764,0.9996861219406128,0.025056064128875732,0.03638244792819023,-0.06783565133810043,0.15007764101028442,0.1479753702878952,0.9889910221099854,0.1485207974910736,0.12292192876338959,-0.01069506723433733,0.12346472591161728,-0.12394302987030839,-82.1201125668855,0.13647596538066864,0.4366312325000763
5.26,263,0.025750702247023582,0.9996684193611145,0.025753550231456757,0.03487426042556763,-0.07540947198867798,0.14704743027687073,0.1597839742898941,0.9871519804000854,0.1604718118906021,0.13403326272964478,-0.012516389600932598,0.13471825420856476,-0.1351787660478472,-82.25529133293334,0.1485207974910736,0.44261565804481506
5.28,264,0.02641483210027218,0.9996510744094849,0.02641790546476841,0.03321775421500206,-0.08282531797885895,0.14392435550689697,0.17146988213062286,0.9851893782615662,0.17232146859169006,0.14505505561828613,-0.014461706392467022,0.1459035575389862,-0.14634472862088937,-82.40163606155423,0.1604718118906021,0.44832050800323486
5.3,265,0.027042938396334648,0.9996342658996582,0.027046235278248787,0.031416554003953934,-0.09006001800298691,0.14071036875247955,0.18302473425865173,0.9831082820892334,0.18406227231025696,0.15598179399967194,-0.016525963321328163,0.15701603889465332,-0.15743636061653984,-82.55907242217077,0.17232146859169006,0.45374220609664917
5.32,266,0.02763221226632595,0.9996181726455688,0.027635730803012848,0.029474735260009766,-0.09709089249372482,0.13740752637386322,0.1944403052330017,0.9809143543243408,0.19568683207035065,0.1668080985546112,-0.018703805282711983,0.1680511087179184,-0.16844911651222216,-82.72752153868299,0.18406227231025696,0.4588773250579834
5.34,267,0.028179936110973358,0.9996028542518616,0.028183666989207268,0.02739681676030159,-0.10389590263366699,0.13401788473129272,0.20570865273475647,0.9786132574081421,0.20718778669834137,0.17752870917320251,-0.020989587530493736,0.17900411784648895,-0.17937839591219223,-82.90689993459519,0.19568683207035065,0.4637225866317749
5.36,268,0.028683487325906754,0.9995885491371155,0.02868742123246193,0.025187745690345764,-0.11045356839895248,0.13054358959197998,0.2168220430612564,0.9762111306190491,0.21855787932872772,0.18813854455947876,-0.023377398028969765,0.1898704618215561,-0.19021964750018464,-83.09711958209537,0.20718778669834137,0.46827495098114014
5.38,269,0.029140353202819824,0.9995753169059753,0.02914447896182537,0.022852880880236626,-0.11674317717552185,0.12698683142662048,0.22777298092842102,0.973714292049408,0.22978992760181427,0.1986326277256012,-0.025861065834760666,0.20064544677734375,-0.20096823458425989,-83.29808781667964,0.21855787932872772,0.4725315272808075
5.4,270,0.02954813838005066,0.9995633363723755,0.029552439227700233,0.020397987216711044,-0.12274473160505295,0.1233498677611351,0.2385542392730713,0.9711291790008545,0.24087683856487274,0.20900610089302063,-0.028434183448553085,0.21132439374923706,-0.21161953973186268,-83.5097073564115,0.22978992760181427,0.4764896631240845
5.42,271,0.02990456484258175,0.9995527863502502,0.02990902215242386,0.017829205840826035,-0.12843908369541168,0.11963500827550888,0.2491588294506073,0.9684626460075378,0.25181159377098083,0.219254270195961,-0.03109012357890606,0.22190257906913757,-0.22216890417752524,-83.73187626058902,0.24087683856487274,0.4801468551158905
5.44,272,0.03020748868584633,0.9995436668395996,0.03021208383142948,0.01515304483473301,-0.1338079869747162,0.11584457755088806,0.2595800459384918,0.965721607208252,0.262587308883667,0.2293725609779358,-0.03382205218076706,0.23237523436546326,-0.23261162802477342,-83.96448788861379,0.25181159377098083,0.48350074887275696
5.46,273,0.030454901978373528,0.9995361566543579,0.030459610745310783,0.012376363389194012,-0.13883410394191742,0.11198097467422485,0.2698114216327667,0.9629132151603699,0.2731971740722656,0.23935650289058685,-0.03662295639514923,0.2427375614643097,-0.24294298595925085,-84.20743087457303,0.262587308883667,0.4865492582321167
5.48,274,0.030644940212368965,0.9995303153991699,0.030649738386273384,0.009506342001259327,-0.14350107312202454,0.10804663598537445,0.27984675765037537,0.9600446820259094,0.2836344838142395,0.24920180439949036,-0.03948564827442169,0.2529847323894501,-0.2531582251500079,-84.46058909972304,0.2731971740722656,0.4892904460430145
5.5,275,0.0307758878916502,0.99952632188797,0.030780747532844543,0.0065504699014127254,-0.14779357612133026,0.10404406487941742,0.2896801233291626,0.9571235179901123,0.29389262199401855,0.25890424847602844,-0.04240279644727707,0.2631118893623352,-0.2632525666151461,-84.72384166633819,0.2836344838142395,0.49172261357307434
5.5200000000000005,276,0.030846184119582176,0.9995241165161133,0.030851077288389206,0.003516522003337741,-0.15169739723205566,0.09997577965259552,0.29930591583251953,0.9541571736335754,0.30396515130996704,0.2684597373008728,-0.04536694288253784,0.27311408519744873,-0.2732211441035288,-84.99706281044172,0.29389262199401855,0.4938441812992096
5.54,277,0.03085443004965782,0.9995238780975342,0.0308593288064003,0.0004125335835851729,-0.15519942343235016,0.0958443284034729,0.308718740940094,0.9511533975601196,0.313845694065094,0.2778643071651459,-0.048370517790317535,0.2829863429069519,-0.2830590651587431,-85.28012187560046,0.30396515130996704,0.49565380811691284
5.5600000000000005,278,0.030799392610788345,0.9995256066322327,0.030804263427853584,-0.002753220032900572,-0.15828768908977509,0.09165234863758087,0.3179134726524353,0.9481196999549866,0.323527991771698,0.28711408376693726,-0.051405858248472214,0.29272371530532837,-0.29281653328856055,-85.57293840888902,0.313845694065094,0.49715039134025574
5.58,279,0.030680004507303238,0.999529242515564,0.030684819445014,-0.005972248502075672,-0.1609514206647873,0.08740249276161194,0.32688531279563904,0.9450640082359314,0.3330059349536896,0.2962052822113037,-0.05446523800492287,0.30232110619544983,-0.3024427922945178,-85.87538120118353,0.323527991771698,0.4983329772949219
5.6000000000000005,280,0.030495373532176018,0.9995349049568176,0.030500100925564766,-0.009235871024429798,-0.1631811112165451,0.0830974131822586,0.3356296420097351,0.9419940114021301,0.3422735631465912,0.30513426661491394,-0.057540878653526306,0.3117734491825104,-0.31192444170885864,-86.18730564289238,0.3330059349536896,0.4992007613182068
5.62,281,0.03024478442966938,0.9995425343513489,0.030249396339058876,-0.01253524050116539,-0.16496847569942474,0.07873985171318054,0.3441421687602997,0.9389175772666931,0.35132497549057007,0.31389737129211426,-0.06062496826052666,0.32107558846473694,-0.32125624150123466,-86.50856188439361,0.3422735631465912,0.49975326657295227
5.64,282,0.029927700757980347,0.9995520710945129,0.029932169243693352,-0.01586136966943741,-0.1663064956665039,0.0743325799703598,0.35241883993148804,0.9358423948287964,0.36015450954437256,0.3224911391735077,-0.06370968371629715,0.33022233843803406,-0.3304329188731851,-86.8389948032668,0.35132497549057007,0.4999901354312897
5.66,283,0.029543766751885414,0.9995635151863098,0.02954806573688984,-0.019205160439014435,-0.16718949377536774,0.06987833976745605,0.36045587062835693,0.9327762722969055,0.36875656247138977,0.3309120833873749,-0.06678721308708191,0.3392084836959839,-0.33944996068477173,-87.17844476395157,0.36015450954437256,0.49991118907928467
5.68,284,0.029092812910676003,0.9995766878128052,0.029096918180584908,-0.022557422518730164,-0.16761310398578644,0.06537994742393494,0.36824968457221985,0.9297269582748413,0.37712568044662476,0.3391568660736084,-0.06984977424144745,0.3480287790298462,-0.3483036117159939,-87.52674837566757,0.36875656247138977,0.49951645731925964
5.7,285,0.028574850410223007,0.9995916485786438,0.0285787396132946,-0.025908907875418663,-0.16757424175739288,0.060840293765068054,0.37579697370529175,0.9267020225524902,0.3852566182613373,0.34722211956977844,-0.07288963347673416,0.3566778898239136,-0.35698607698060186,-87.88373445264817,0.37712568044662476,0.49880626797676086
5.72,286,0.027990076690912247,0.9996082186698914,0.027993733063340187,-0.029250331223011017,-0.16707123816013336,0.05626218020915985,0.3830946385860443,0.9237090945243835,0.3931442201137543,0.35510456562042236,-0.07589910924434662,0.36515048146247864,-0.36549193134318975,-88.24922638399136,0.3852566182613373,0.497780978679657
5.74,287,0.02733887918293476,0.9996262192726135,0.027342285960912704,-0.03257240727543831,-0.16610369086265564,0.051648542284965515,0.3901398777961731,0.9207556247711182,0.4007834792137146,0.3628009855747223,-0.07887061685323715,0.373441219329834,-0.3738157473537505,-88.6230421313451,0.3931442201137543,0.4964413046836853
5.76,288,0.026621822267770767,0.9996455907821655,0.02662496827542782,-0.03586585819721222,-0.1646726131439209,0.04700228571891785,0.3969299793243408,0.9178488850593567,0.40816962718963623,0.37030816078186035,-0.08179668337106705,0.38154464960098267,-0.3819519799634781,-89.00499411130858,0.4007834792137146,0.4947880506515503
5.78,289,0.025839662179350853,0.9996660947799683,0.025842538103461266,-0.039121463894844055,-0.16278034448623657,0.04232633113861084,0.40346255898475647,0.9149961471557617,0.4152979552745819,0.37762290239334106,-0.08466994762420654,0.3894554078578949,-0.38989517356095404,-89.39488928486954,0.40816962718963623,0.4928222894668579
5.8,290,0.024993333965539932,0.9996876120567322,0.024995937943458557,-0.042330075055360794,-0.16043052077293396,0.037623658776283264,0.40973538160324097,0.9122044444084167,0.4221639633178711,0.38474205136299133,-0.08748319000005722,0.39716804027557373,-0.3976397832894504,-89.79252906815898,0.4152979552745819,0.49054527282714844
5.82,291,0.024083955213427544,0.999709963798523,0.024086283519864082,-0.04548263922333717,-0.15762817859649658,0.03289720416069031,0.41574639081954956,0.9094805717468262,0.42876332998275757,0.39166244864463806,-0.09022935479879379,0.40467703342437744,-0.4051802065888084,-90.1977092747478,0.4221639633178711,0.4879583716392517
5.84,292,0.023112820461392403,0.9997328519821167,0.023114880546927452,-0.04857023060321808,-0.15437962114810944,0.028149977326393127,0.4214937090873718,0.9068313241004944,0.43509188294410706,0.39838090538978577,-0.09290154278278351,0.41197699308395386,-0.41251096007955246,-90.61022023482735,0.42876332998275757,0.4850632846355438
5.86,293,0.02208140306174755,0.9997561573982239,0.02208319865167141,-0.05158407986164093,-0.15069246292114258,0.023384973406791687,0.42697566747665405,0.9042630791664124,0.4411455988883972,0.40489429235458374,-0.09549307078123093,0.41906240582466125,-0.4196264435194549,-91.0298466783468,0.43509188294410706,0.48186182975769043
5.88,294,0.02099134400486946,0.9997796416282654,0.020992886275053024,-0.054515592753887177,-0.14657561480998993,0.018605217337608337,0.43219074606895447,0.901782214641571,0.4469207227230072,0.4111993908882141,-0.09799744188785553,0.4259278178215027,-0.4265211174638456,-91.45636779581065,0.4411455988883972,0.4783560335636139
5.9,295,0.019844455644488335,0.9998030662536621,0.019845759496092796,-0.05735637620091438,-0.1420392245054245,0.013813674449920654,0.43713751435279846,0.899394690990448,0.45241352915763855,0.41729307174682617,-0.1004083976149559,0.4325677752494812,-0.43318944525796904,-91.88955724106862,0.4469207227230072,0.4745480716228485
5.92,296,0.018642712384462357,0.999826192855835,0.01864379271864891,-0.06009827181696892,-0.137094646692276,0.009013429284095764,0.4418147802352905,0.8971062898635864,0.4576205909252167,0.4231720566749573,-0.10271991044282913,0.43897679448127747,-0.43962586089301287,-92.32918310196163,0.45241352915763855,0.4704403877258301
5.94,297,0.017388248816132545,0.9998488426208496,0.017389126121997833,-0.06273335963487625,-0.13175447285175323,0.00420747697353363,0.44622138142585754,0.8949226140975952,0.46253859996795654,0.42883315682411194,-0.1049262061715126,0.4451494812965393,-0.4458248921188562,-92.77500799408048,0.4576205909252167,0.46603554487228394
5.96,298,0.016083352267742157,0.9998706579208374,0.01608404517173767,-0.06525401026010513,-0.12603238224983215,-0.0006011128425598145,0.4503563940525055,0.8928488492965698,0.46716445684432983,0.43427303433418274,-0.10702177882194519,0.45108041167259216,-0.4517810380346908,-93.22678903211518,0.46253859996795654,0.4613363742828369
5.98,299,0.014730455353856087,0.9998915195465088,0.014730988070368767,-0.0676528736948967,-0.11994323879480362,-0.005409330129623413,0.45421892404556274,0.8908901214599609,0.47149527072906494,0.4394884705543518,-0.10900139808654785,0.456764280796051,-0.45748892096672306,-93.6842779530819,0.46716445684432983,0.456345796585083
6.0,300,0.013332135044038296,0.9999111294746399,0.013332529924809933,-0.06992293149232864,-0.11350295692682266,-0.010214149951934814,0.45780816674232483,0.8890510201454163,0.4755282700061798,0.44447603821754456,-0.11086011677980423,0.4621957242488861,-0.46294310609089173,-94.1472210591728,0.47149527072906494,0.4510669708251953
6.0200000000000005,301,0.011891099624335766,0.9999293088912964,0.011891379952430725,-0.07205750048160553,-0.1067284494638443,-0.015012502670288086,0.4611234664916992,0.8873359560966492,0.4792608916759491,0.4492323696613312,-0.11259331554174423,0.46736952662467957,-0.46813831053191557,-94.6153593697047,0.4755282700061798,0.44550326466560364
6.04,302,0.01041018683463335,0.9999458193778992,0.010410374961793423,-0.07405025511980057,-0.09963763505220413,-0.019801363348960876,0.46416425704956055,0.8857491612434387,0.48269081115722656,0.4537540674209595,-0.11419666558504105,0.47228044271469116,-0.4730692259666664,-95.08842859567137,0.4792608916759491,0.43965816497802734
6.0600000000000005,303,0.008892352692782879,0.9999604821205139,0.00889247003942728,-0.07589524239301682,-0.09224937111139297,-0.024577736854553223,0.46692997217178345,0.8842942714691162,0.4858158528804779,0.4580376148223877,-0.11566617339849472,0.476923406124115,-0.47773072634825,-95.56615932201963,0.48269081115722656,0.4335353374481201
6.08,304,0.007340665906667709,0.9999730587005615,0.007340732030570507,-0.07758690416812897,-0.0845833420753479,-0.029338568449020386,0.4694202244281769,0.8829748630523682,0.48863404989242554,0.46207958459854126,-0.11699817329645157,0.48129332065582275,-0.4821176587650474,-96.04827698078468,0.4858158528804779,0.42713871598243713
6.1000000000000005,305,0.005758298095315695,0.9999834299087524,0.005758329760283232,-0.07912010699510574,-0.07666009664535522,-0.034080877900123596,0.4716346263885498,0.8817940354347229,0.4911436140537262,0.46587634086608887,-0.11818935722112656,0.48538529872894287,-0.48622508439964346,-96.53450206518433,0.48863404989242554,0.42047229409217834
6.12,306,0.004148515406996012,0.9999914169311523,0.004148527048528194,-0.0804901272058487,-0.06850092858076096,-0.03880167007446289,0.47357288002967834,0.8807546496391296,0.49334296584129333,0.4694243371486664,-0.11923675239086151,0.48919445276260376,-0.4900480675260062,-97.02455013271033,0.4911436140537262,0.4135402739048004
6.140000000000001,307,0.0025146708358079195,0.9999968409538269,0.0025146733969449997,-0.08169268071651459,-0.06012777239084244,-0.04349793493747711,0.47523465752601624,0.8798590898513794,0.49523070454597473,0.4727199971675873,-0.12013775110244751,0.4927160441875458,-0.4935818257136849,-97.51813195842402,0.49334296584129333,0.4063470959663391
6.16,308,0.0008601944427937269,0.9999996423721313,0.0008601945592090487,-0.0827239453792572,-0.05156326666474342,-0.04816673696041107,0.47661980986595154,0.8791095614433289,0.49680566787719727,0.4757595956325531,-0.12089009582996368,0.49594545364379883,-0.4968217011523702,-98.01495365957639,0.49523070454597473,0.3988972306251526
6.18,309,-0.000811416597571224,0.9999996423721313,-0.0008114166557788849,-0.08358056098222733,-0.04283057525753975,-0.05280512571334839,0.47772809863090515,0.8785077333450317,0.49806681275367737,0.47853952646255493,-0.1214919239282608,0.49887821078300476,-0.499763188661658,-98.51471684823805,0.49680566787719727,0.3911954164505005
6.2,310,-0.002496606670320034,0.9999969005584717,-0.0024966092314571142,-0.08425962924957275,-0.03395334631204605,-0.05741015076637268,0.4785594642162323,0.8780551552772522,0.49901336431503296,0.4810560643672943,-0.12194173038005829,0.501509964466095,-0.502401906934532,-99.01711875517259,0.49806681275367737,0.383246511220932
6.22,311,-0.004191771615296602,0.999991238117218,-0.0041917841881513596,-0.08475874364376068,-0.024955671280622482,-0.06197892129421234,0.47911372780799866,0.8777528405189514,0.4996447265148163,0.48330551385879517,-0.12223838269710541,0.5038365125656128,-0.5047336290940135,-99.52185238426661,0.49901336431503296,0.3750555217266083
6.24,312,-0.005893269553780556,0.9999826550483704,-0.005893303547054529,-0.0850759819149971,-0.015861986204981804,-0.06650853157043457,0.4793908894062042,0.8776015043258667,0.4999605119228363,0.48528414964675903,-0.12238114327192307,0.5058538317680359,-0.5067543110747198,-100.02860669534132,0.4996447265148163,0.36662766337394714
6.26,313,-0.007597428746521473,0.9999711513519287,-0.00759750185534358,-0.085209921002388,-0.00669702235609293,-0.07099613547325134,0.4793908894062042,0.8776015043258667,0.4999605119228363,0.4869883358478546,-0.12236965447664261,0.5075580477714539,-0.508460063471758,-100.53706675881308,0.4999605119228363,0.3579682409763336
6.28,314,-0.00930056069046259,0.9999567270278931,-0.009300694800913334,-0.08515963703393936,0.0025142787490040064,-0.07543890178203583,0.47911372780799866,0.8777528405189514,0.4996447265148163,0.48841428756713867,-0.12220391631126404,0.5089454054832458,-0.5098471205445751,-101.04691387935766,0.4999605119228363,0.34908270835876465
6.3,315,-0.010998967103660107,0.999939501285553,-0.010999188758432865,-0.08492469787597656,0.011746849864721298,-0.07983401417732239,0.4785594642162323,0.8780551552772522,0.49901336431503296,0.4895584285259247,-0.12188435345888138,0.5100125670433044,-0.510915296469917,-101.55782917582758,0.4996447265148163,0.3399766981601715
6.32,316,-0.012688951566815376,0.9999194741249084,-0.012689292430877686,-0.08450518548488617,0.020975537598133087,-0.08417871594429016,0.47772809863090515,0.8785077333450317,0.49806681275367737,0.4904170632362366,-0.1214117482304573,0.5107560753822327,-0.5116579739329671,-102.06948714976055,0.49901336431503296,0.33065593242645264
6.34,317,-0.014366831630468369,0.999896764755249,-0.01436732616275549,-0.08390168100595474,0.03017522022128105,-0.08847025036811829,0.47661980986595154,0.8791095614433289,0.49680566787719727,0.4909866154193878,-0.12078726291656494,0.5111730098724365,-0.5120722345275481,-102.5815593842881,0.49806681275367737,0.3211263120174408
6.36,318,-0.01602894440293312,0.999871551990509,-0.016029631718993187,-0.08311526477336884,0.03932086005806923,-0.09270589053630829,0.47523465752601624,0.8798590898513794,0.49523070454597473,0.49126359820365906,-0.12001243978738785,0.5112603306770325,-0.512155045557353,-103.09371442984545,0.49680566787719727,0.3113938868045807
6.38,319,-0.01767166145145893,0.9998438358306885,-0.01767258159816265,-0.082147516310215,0.0483875572681427,-0.09688296914100647,0.47357288002967834,0.8807546496391296,0.49334296584129333,0.49124452471733093,-0.11908920109272003,0.5110155344009399,-0.5119039162931109,-103.60561834613856,0.49523070454597473,0.3014647662639618
6.4,320,-0.01929139532148838,0.9998139142990112,-0.019292591139674187,-0.08100049942731857,0.05735063552856445,-0.10099886357784271,0.4716346263885498,0.8817940354347229,0.4911436140537262,0.49092602729797363,-0.11801984161138535,0.5104362368583679,-0.5113164789545003,-104.11693482509305,0.49334296584129333,0.2913452386856079
6.42,321,-0.02088460884988308,0.9997819066047668,-0.020886126905679703,-0.0796767845749855,0.06618573516607285,-0.1050509661436081,0.4694202244281769,0.8829748630523682,0.48863404989242554,0.4903048574924469,-0.1168070137500763,0.5095201730728149,-0.5103904911675858,-104.62732531626064,0.4911436140537262,0.28104168176651
6.44,322,-0.022447830066084862,0.9997479915618896,-0.022449715062975883,-0.07817941159009933,0.07486885040998459,-0.10903671383857727,0.46692997217178345,0.8842942714691162,0.4858158528804779,0.48937779664993286,-0.11545372754335403,0.5082655549049377,-0.5091241911443661,-105.136449507405,0.48863404989242554,0.270560622215271
6.46,323,-0.023977655917406082,0.9997124671936035,-0.023979952558875084,-0.07651188224554062,0.083376444876194,-0.11295358836650848,0.46416425704956055,0.8857491612434387,0.48269081115722656,0.48814189434051514,-0.11396334320306778,0.5066707730293274,-0.5075160010803065,-105.64396550848531,0.4858158528804779,0.25990867614746094
6.48,324,-0.025470761582255363,0.9996755719184875,-0.025473516434431076,-0.07467817515134811,0.09168544411659241,-0.11679913103580475,0.4611234664916992,0.8873359560966492,0.4792608916759491,0.48659422993659973,-0.11233958601951599,0.5047343969345093,-0.5055645265669589,-106.14953003505227,0.48269081115722656,0.24909254908561707
6.5,325,-0.02692391723394394,0.9996374845504761,-0.026927171275019646,-0.0726827010512352,0.09977338463068008,-0.12057089805603027,0.45780816674232483,0.8890510201454163,0.4755282700061798,0.484732061624527,-0.11058647930622101,0.5024554133415222,-0.5032687945585076,-106.65279882961077,0.4792608916759491,0.23811909556388855
6.5200000000000005,326,-0.028333984315395355,0.999598503112793,-0.02833777666091919,-0.07053033262491226,0.10761843621730804,-0.12426651269197464,0.45421892404556274,0.8908901214599609,0.47149527072906494,0.4825528860092163,-0.10870840400457382,0.49983304738998413,-0.500628075245467,-107.15342690485625,0.4755282700061798,0.22699524462223053
6.54,327,-0.02969793789088726,0.9995589256286621,-0.029702303931117058,-0.06822634488344193,0.11519946902990341,-0.12788361310958862,0.4503563940525055,0.8928488492965698,0.46716445684432983,0.4800543487071991,-0.1067100465297699,0.49686676263809204,-0.4976418813787871,-107.65106878623503,0.47149527072906494,0.2157280296087265
6.5600000000000005,328,-0.03101285919547081,0.9995189905166626,-0.031017832458019257,-0.06577642261981964,0.1224960908293724,-0.13141995668411255,0.44622138142585754,0.8949226140975952,0.46253859996795654,0.47723424434661865,-0.10459638386964798,0.4935564398765564,-0.49431014680785623,-108.14537893304289,0.46716445684432983,0.20432454347610474
6.58,329,-0.032275959849357605,0.9994789958000183,-0.03228156641125679,-0.0631866455078125,0.1294887512922287,-0.13487330079078674,0.4418147802352905,0.8971062898635864,0.4576205909252167,0.47409072518348694,-0.10237269848585129,0.489902138710022,-0.4906329879821968,-108.63601192102509,0.46253859996795654,0.19279199838638306
6.6000000000000005,330,-0.033484574407339096,0.9994392395019531,-0.03349083662033081,-0.060463473200798035,0.1361587792634964,-0.1382414549589157,0.43713751435279846,0.899394690990448,0.45241352915763855,0.47062209248542786,-0.10004455596208572,0.48590436577796936,-0.4866109728419552,-109.12262289386705,0.4576205909252167,0.18113768100738525
6.62,331,-0.034636180847883224,0.9993999600410461,-0.034643109887838364,-0.05761370435357094,0.14248843491077423,-0.14152228832244873,0.43219074606895447,0.901782214641571,0.4469207227230072,0.4668269157409668,-0.09761777520179749,0.48156383633613586,-0.48224488081246003,-109.6048677746795,0.45241352915763855,0.16936896741390228
6.640000000000001,332,-0.035728394985198975,0.999361515045166,-0.035735998302698135,-0.05464448779821396,0.14846090972423553,-0.14471372961997986,0.42697566747665405,0.9042630791664124,0.4411455988883972,0.462704062461853,-0.09509842842817307,0.47688162326812744,-0.4775358527614776,-110.08240362744098,0.4469207227230072,0.15749326348304749
6.66,333,-0.03675898164510727,0.9993241429328918,-0.03676726296544075,-0.05156327784061432,0.154060497879982,-0.14781376719474792,0.4214937090873718,0.9068313241004944,0.43509188294410706,0.4582526981830597,-0.09249284118413925,0.4718591272830963,-0.4724853605086602,-110.55488898794964,0.4411455988883972,0.14551807940006256
6.68,334,-0.037725865840911865,0.9992881417274475,-0.03773482143878937,-0.04837782680988312,0.15927249193191528,-0.15082043409347534,0.41574639081954956,0.9094805717468262,0.42876332998275757,0.4534722566604614,-0.08980754017829895,0.46649813652038574,-0.4670952655715139,-111.02198425352115,0.43509188294410706,0.13345099985599518
6.7,335,-0.03862713277339935,0.9992536902427673,-0.038636744022369385,-0.04509615898132324,0.1640833467245102,-0.15373185276985168,0.40973538160324097,0.9122044444084167,0.4221639633178711,0.4483625292778015,-0.08704926818609238,0.4608007073402405,-0.4613677020928795,-111.48335195561404,0.42876332998275757,0.1212996169924736
6.72,336,-0.03946102783083916,0.9992210865020752,-0.039471276104450226,-0.041726548224687576,0.16848060488700867,-0.15654617547988892,0.40346255898475647,0.9149961471557617,0.4152979552745819,0.4429236054420471,-0.08422496169805527,0.45476922392845154,-0.45530513293383285,-111.93865708854787,0.4221639633178711,0.10907161980867386
6.74,337,-0.04022596776485443,0.999190628528595,-0.04023682326078415,-0.03827748820185661,0.17245304584503174,-0.15926161408424377,0.3969299793243408,0.9178488850593567,0.40816962718963623,0.43715596199035645,-0.08134172111749649,0.448406457901001,-0.4489104115100301,-112.3875675000579,0.4152979552745819,0.09677473455667496
6.76,338,-0.040920548141002655,0.9991623759269714,-0.040931977331638336,-0.03475767374038696,0.17599062621593475,-0.16187645494937897,0.3901398777961731,0.9207556247711182,0.4007834792137146,0.43106040358543396,-0.07840679585933685,0.4417154788970947,-0.4421866913094603,-112.82975419136736,0.40816962718963623,0.08441672474145889
6.78,339,-0.041543539613485336,0.9991366863250732,-0.0415554977953434,-0.03117598220705986,0.17908456921577454,-0.16438904404640198,0.3830946385860443,0.9237090945243835,0.3931442201137543,0.42463818192481995,-0.0754275992512703,0.4346997141838074,-0.43513748517166284,-113.26489167653902,0.4007834792137146,0.07200539112091064
6.8,340,-0.04209388419985771,0.9991136789321899,-0.042106326669454575,-0.02754143625497818,0.1817273199558258,-0.16679781675338745,0.37579697370529175,0.9267020225524902,0.3852566182613373,0.41789084672927856,-0.07241163402795792,0.42736294865608215,-0.4277666648868707,-113.6926583414259,0.3931442201137543,0.05954857915639877
6.82,341,-0.04257072135806084,0.9990934729576111,-0.04258359223604202,-0.023863183334469795,0.18391264975070953,-0.16910123825073242,0.36824968457221985,0.9297269582748413,0.37712568044662476,0.4108203947544098,-0.06936651468276978,0.41970929503440857,-0.42007843221575036,-114.11273677364164,0.3852566182613373,0.04705415666103363
6.84,342,-0.042973361909389496,0.999076247215271,-0.04298660159111023,-0.020150471478700638,0.18563558161258698,-0.1712978333234787,0.36045587062835693,0.9327762722969055,0.36875656247138977,0.40342921018600464,-0.06629994511604309,0.4117431640625,-0.4120772871283687,-114.52481406077001,0.37712568044662476,0.03453001379966736
6.86,343,-0.043301310390233994,0.9990620613098145,-0.0433148518204689,-0.01641262322664261,0.18689246475696564,-0.17338624596595764,0.35241883993148804,0.9358423948287964,0.36015450954437256,0.39572015404701233,-0.06321967393159866,0.40346935391426086,-0.40376811830081166,-114.92858217907083,0.36875656247138977,0.021984059363603592
6.88,344,-0.04355425015091896,0.999051034450531,-0.04356803372502327,-0.012659003026783466,0.18768100440502167,-0.175365149974823,0.3441421687602997,0.9389175772666931,0.35132497549057007,0.38769641518592834,-0.06013350933790207,0.39489302039146423,-0.39515617281801796,-115.32373835188885,0.36015450954437256,0.009424219839274883
6.9,345,-0.043732061982154846,0.9990432858467102,-0.043746013194322586,-0.00889899954199791,0.1880001574754715,-0.1772332787513733,0.3356296420097351,0.9419940114021301,0.3422735631465912,0.37936168909072876,-0.05704926699399948,0.3860195577144623,-0.38624693597267246,-115.70998528786153,0.35132497549057007,-0.0031415720004588366
6.92,346,-0.04383480176329613,0.999038815498352,-0.043848853558301926,-0.005141994450241327,0.1878502517938614,-0.1789894700050354,0.32688531279563904,0.9450640082359314,0.3330059349536896,0.3707200884819031,-0.05397477373480797,0.3768547773361206,-0.3770463106066773,-116.0870315984682,0.3422735631465912,-0.015705378726124763
6.94,347,-0.0438627228140831,0.9990375638008118,-0.04387680068612099,-0.0013973359018564224,0.18723292648792267,-0.1806326061487198,0.3179134726524353,0.9481196999549866,0.323527991771698,0.361776202917099,-0.050917837768793106,0.3674047887325287,-0.3675604978157555,-116.45459209628396,0.3330059349536896,-0.028259268030524254
6.96,348,-0.043816253542900085,0.9990395903587341,-0.04383028671145439,0.0023256868589669466,0.1861511468887329,-0.18216164410114288,0.308718740940094,0.9511533975601196,0.313845694065094,0.3525350093841553,-0.047886233776807785,0.3576759696006775,-0.3578424792496743,-116.81243457553363,0.323527991771698,-0.040795307606458664
6.98,349,-0.04369601234793663,0.9990448951721191,-0.043709926307201385,0.006017869804054499,0.18460914492607117,-0.18357563018798828,0.29930591583251953,0.9541571736335754,0.30396515130996704,0.34300193190574646,-0.04488767310976982,0.347675085067749,-0.34787992661777456,-117.16031450215141,0.313845694065094,-0.053305577486753464
7.0,350,-0.043502792716026306,0.9990532994270325,-0.04351652413606644,0.009670119732618332,0.18261247873306274,-0.18487367033958435,0.2896801233291626,0.9571235179901123,0.29389262199401855,0.3331829309463501,-0.04192979261279106,0.3374091386795044,-0.33765180388537297,-117.49796630603679,0.30396515130996704,-0.06578218191862106
7.0200000000000005,351,-0.04323757439851761,0.9990648031234741,-0.04325105622410774,0.013273478485643864,0.18016797304153442,-0.18605493009090424,0.27984675765037537,0.9600446820259094,0.2836344838142395,0.3230843245983124,-0.03902013227343559,0.32688552141189575,-0.32716541052304976,-117.82513171655984,0.29389262199401855,-0.07821723073720932
7.04,352,-0.042901501059532166,0.9990792870521545,-0.04291467368602753,0.016819152981042862,0.17728367447853088,-0.18711867928504944,0.2698114216327667,0.9629132151603699,0.2731971740722656,0.3127129077911377,-0.03616612032055855,0.31611183285713196,-0.3164282567367189,-118.14155997329655,0.2836344838142395,-0.09060288220643997
7.0600000000000005,353,-0.04249590262770653,0.9990966320037842,-0.04250870272517204,0.020298529416322708,0.17396889626979828,-0.18806424736976624,0.2595800459384918,0.965721607208252,0.262587308883667,0.30207595229148865,-0.03337504342198372,0.3050960302352905,-0.30544821235429837,-118.44700818565084,0.2731971740722656,-0.10293130576610565
7.08,354,-0.04202226176857948,0.9991166591644287,-0.042034637182950974,0.023703213781118393,0.17023414373397827,-0.18889100849628448,0.2491588294506073,0.9684626460075378,0.25181159377098083,0.2911810874938965,-0.03065403923392296,0.2938462495803833,-0.2942333279076024,-118.74124151355845,0.262587308883667,-0.11519471555948257
7.1000000000000005,355,-0.04148223251104355,0.9991392493247986,-0.04149413853883743,0.02702503465116024,0.16609105467796326,-0.1895984709262848,0.2385542392730713,0.9711291790008545,0.24087683856487274,0.28003647923469543,-0.028010066598653793,0.28237098455429077,-0.28279201429648504,-119.02403352785494,0.25181159377098083,-0.12738536298274994
7.12,356,-0.04087762162089348,0.9991641640663147,-0.04088901728391647,0.030256083235144615,0.16155242919921875,-0.19018620252609253,0.22777298092842102,0.973714292049408,0.22978992760181427,0.2686505913734436,-0.02544989623129368,0.27067893743515015,-0.2711328937753465,-119.29516642163028,0.24087683856487274,-0.13949555158615112
7.140000000000001,357,-0.04021039605140686,0.9991912245750427,-0.04022124037146568,0.03338872641324997,0.1566321700811386,-0.19065377116203308,0.2168220430612564,0.9762111306190491,0.21855787932872772,0.2570324242115021,-0.022980088368058205,0.2587791383266449,-0.2592649193990783,-119.55443134102936,0.22978992760181427,-0.15151762962341309
7.16,358,-0.039482664316892624,0.9992202520370483,-0.039492927491664886,0.03641562908887863,0.15134520828723907,-0.19100093841552734,0.20570865273475647,0.9786132574081421,0.20718778669834137,0.2451913207769394,-0.020606976002454758,0.24668072164058685,-0.2471971514480632,-119.80162849247742,0.21855787932872772,-0.16344401240348816
7.18,359,-0.03869666904211044,0.9992510080337524,-0.03870633244514465,0.039329782128334045,0.14570750296115875,-0.19122746586799622,0.1944403052330017,0.9809143543243408,0.19568683207035065,0.23313698172569275,-0.018336649984121323,0.2343931645154953,-0.23493899648415897,-120.03656748896158,0.20718778669834137,-0.17526715993881226
7.2,360,-0.03785479813814163,0.9992832541465759,-0.0378638431429863,0.04212449863553047,0.13973596692085266,-0.19133321940898895,0.18302473425865173,0.9831082820892334,0.18406227231025696,0.22087952494621277,-0.016174940392374992,0.22192612290382385,-0.2225000432982126,-120.25906753225979,0.19568683207035065,-0.18697960674762726
7.22,361,-0.03695955500006676,0.9993167519569397,-0.03696797415614128,0.044793467968702316,0.13344840705394745,-0.1913181096315384,0.17146988213062286,0.9851893782615662,0.17232146859169006,0.20842944085597992,-0.014127400703728199,0.20928943157196045,-0.2098900633705469,-120.46895759563034,0.18406227231025696,-0.19857394695281982
7.24,362,-0.03601356968283653,0.9993513226509094,-0.036021359264850616,0.04733073711395264,0.1268635392189026,-0.19118216633796692,0.1597839742898941,0.9871519804000854,0.1604718118906021,0.19579753279685974,-0.01219929475337267,0.19649316370487213,-0.1971190703009873,-120.66607666593133,0.17232146859169006,-0.21004286408424377
7.26,363,-0.03501958027482033,0.9993866086006165,-0.03502674400806427,0.049730755388736725,0.12000083923339844,-0.1909254640340805,0.1479753702878952,0.9889910221099854,0.1485207974910736,0.18299494683742523,-0.010395579971373081,0.18354754149913788,-0.18419723112981387,-120.85027389706114,0.1604718118906021,-0.2213791161775589
7.28,364,-0.03398043289780617,0.9994224905967712,-0.033986978232860565,0.05198836699128151,0.11288054287433624,-0.19054816663265228,0.1360526978969574,0.9907016158103943,0.13647596538066864,0.17003314197063446,-0.008720897138118744,0.1704629510641098,-0.1711348805078107,-121.02140877756895,0.1485207974910736,-0.23257553577423096
7.3,365,-0.03289906308054924,0.9994586706161499,-0.03290500119328499,0.054098837077617645,0.10552359372377396,-0.19005051255226135,0.12402476370334625,0.9922791123390198,0.12434494495391846,0.1569238305091858,-0.00717955594882369,0.15724994242191315,-0.15794252177031085,-121.17935129933926,0.13647596538066864,-0.24362505972385406
7.32,366,-0.0317784920334816,0.9994949102401733,-0.03178384155035019,0.056057870388031006,0.09795152395963669,-0.18943282961845398,0.11190052330493927,0.9937193989753723,0.1121353805065155,0.14367900788784027,-0.005775522440671921,0.1439192295074463,-0.1446308263831933,-121.32398212572245,0.12434494495391846,-0.2545207142829895
7.34,367,-0.03062182292342186,0.9995310306549072,-0.030626609921455383,0.05786159634590149,0.0901864618062973,-0.18869549036026,0.09968913346529007,0.9950186610221863,0.09985499083995819,0.13031095266342163,-0.00451241061091423,0.13048160076141357,-0.131210544964847,-121.4551926706873,0.1121353805065155,-0.2652556002140045
7.36,368,-0.029432227835059166,0.9995667934417725,-0.02943647839128971,0.0595066174864769,0.08225102722644806,-0.18783897161483765,0.08739987760782242,0.9961733222007751,0.08751153200864792,0.11683209985494614,-0.003393468912690878,0.11694800853729248,-0.11769259682332109,-121.57288526751061,0.09985499083995819,-0.2758229374885559
7.38,369,-0.028212934732437134,0.9996019601821899,-0.028216678649187088,0.06098998337984085,0.07416827231645584,-0.18686379492282867,0.07504218071699142,0.9971803426742554,0.07511279731988907,0.10325511544942856,-0.0024215758312493563,0.10332947224378586,-0.1040879730126909,-121.67697324052331,0.08751153200864792,-0.28621605038642883
7.4,370,-0.02696722373366356,0.9996362924575806,-0.02697049453854561,0.06230921670794487,0.06596158444881439,-0.18577060103416443,0.06262560933828354,0.9980370998382568,0.06266661733388901,0.0895928293466568,-0.0015992282424122095,0.08963710814714432,-0.09040776651432322,-121.76738100703763,0.07511279731988907,-0.2964284121990204
7.42,371,-0.02569841779768467,0.9996697306632996,-0.02570124715566635,0.06346230953931808,0.05765470489859581,-0.18456007540225983,0.05015980079770088,0.9987412095069885,0.05018085613846779,0.0758582204580307,-0.0009285361738875508,0.07588210701942444,-0.07666314900391018,-121.84404415604153,0.06266661733388901,-0.30645352602005005
7.44,372,-0.024409867823123932,0.9997020363807678,-0.02441229298710823,0.06444773823022842,0.04927155375480652,-0.18323296308517456,0.03765450045466423,0.9992908239364624,0.037663403898477554,0.06206436827778816,-0.0004112168971914798,0.062075696885585785,-0.06286533513199434,-121.90690949117352,0.05018085613846779,-0.31628507375717163
7.46,373,-0.023104947060346603,0.999733030796051,-0.023107003420591354,0.06526446342468262,0.04083621874451637,-0.18179012835025787,0.025119516998529434,0.9996844530105591,0.025122158229351044,0.04822446405887604,-4.8589910875307396e-05,0.0482291616499424,-0.049025600110682785,-121.9559350912842,0.037663403898477554,-0.3259168565273285
7.48,374,-0.021787041798233986,0.9997626543045044,-0.021788764744997025,0.0659119263291359,0.03237287700176239,-0.1802324801683426,0.01256471686065197,0.9999210834503174,0.012565047480165958,0.034351758658885956,0.0001584265846759081,0.03435381129384041,-0.035155250221689326,-121.9910903415059,0.025122158229351044,-0.33534279465675354
7.5,375,-0.020459536463022232,0.9997906684875488,-0.020460965111851692,0.0663900375366211,0.02390572987496853,-0.17856097221374512,1.8369701465288538e-16,1.0,1.8369701465288538e-16,0.020459536463022232,0.00020931822655256838,0.020460965111851692,-0.021265605578037514,-122.01235594708393,0.012565047480165958,-0.34455689787864685
7.5200000000000005,376,-0.019125813618302345,0.9998170733451843,-0.019126979634165764,0.06669921427965164,0.01545889675617218,-0.1767766922712326,-0.01256471686065197,0.9999210834503174,-0.012565047480165958,0.006561096757650375,0.00010397593723610044,0.006561932619661093,-0.007367982432107888,-122.01972392951605,1.8369701465288538e-16,-0.3535533845424652
7.54,377,-0.017789235338568687,0.9998417496681213,-0.0177901741117239,0.06684034317731857,0.007056387607008219,-0.1748807579278946,-0.025119516998529434,0.9996844530105591,-0.025122158229351044,-0.007330281659960747,-0.00015730388986412436,-0.007331985980272293,-0.008137663818087712,-122.02786159333414,-0.012565047480165958,-0.36232656240463257
7.5600000000000005,378,-0.016453135758638382,0.9998646378517151,-0.016453877091407776,0.06681478023529053,-0.0012779906392097473,-0.1728743612766266,-0.03765450045466423,0.9992908239364624,-0.037663403898477554,-0.0212013628333807,-0.0005738201434724033,-0.02120952494442463,-0.02201306547574104,-122.04987465880988,-0.025122158229351044,-0.3708708882331848
7.58,379,-0.015120813623070717,0.9998856782913208,-0.015121390111744404,0.06662436574697495,-0.009520698338747025,-0.17075878381729126,-0.05015980079770088,0.9987412095069885,-0.05018085613846779,-0.035038985311985016,-0.001144469017162919,-0.03505946695804596,-0.0358591258033489,-122.08573378461324,-0.037663403898477554,-0.3791809678077698
7.6000000000000005,380,-0.013795524835586548,0.9999048113822937,-0.013795962557196617,0.06627140194177628,-0.017648525536060333,-0.16853533685207367,-0.06262560933828354,0.9980370998382568,-0.06266661733388901,-0.04883008450269699,-0.0018677471671253443,-0.04887065291404724,-0.04966471114535272,-122.1353984957586,-0.05018085613846779,-0.38725152611732483
7.62,381,-0.012480465695261955,0.9999220967292786,-0.012480789795517921,0.06575862318277359,-0.025638684630393982,-0.16620543599128723,-0.07504218071699142,0.9971803426742554,-0.07511279731988907,-0.06256172060966492,-0.0027417559176683426,-0.0626320019364357,-0.06341877107568052,-122.19881726683427,-0.06266661733388901,-0.39507749676704407
7.640000000000001,382,-0.01117877196520567,0.9999375343322754,-0.011179004795849323,0.06508924812078476,-0.03346884623169899,-0.16377057135105133,-0.08739987760782242,0.9961733222007751,-0.08751153200864792,-0.07622110098600388,-0.003764206310734153,-0.07633252441883087,-0.07711035077781102,-122.27592761761208,-0.07511279731988907,-0.40265393257141113
7.66,383,-0.009893504902720451,0.9999510645866394,-0.009893666952848434,0.06426690518856049,-0.04111723229289055,-0.16123226284980774,-0.09968913346529007,0.9950186610221863,-0.09985499083995819,-0.08979562669992447,-0.004932426381856203,-0.08996132016181946,-0.09072858939387096,-122.36665620700596,-0.08751153200864792,-0.409976065158844
7.68,384,-0.00862764660269022,0.9999628067016602,-0.0086277537047863,0.0632956475019455,-0.04856262728571892,-0.1585921049118042,-0.11190052330493927,0.9937193989753723,-0.1121353805065155,-0.10327287763357162,-0.006243367679417133,-0.1035076230764389,-0.1042627640557479,-122.4709189710617,-0.09985499083995819,-0.4170392155647278
7.7,385,-0.007384087424725294,0.9999727606773376,-0.007384154479950666,0.06217996031045914,-0.055784523487091064,-0.1558517962694168,-0.12402476370334625,0.9922791123390198,-0.12434494495391846,-0.11664067208766937,-0.00769361387938261,-0.1169607862830162,-0.1177022764042571,-122.58862124746597,-0.1121353805065155,-0.4238389730453491
7.72,386,-0.0061656213365495205,0.9999809861183167,-0.006165660452097654,0.060924697667360306,-0.06276310235261917,-0.15301303565502167,-0.1360526978969574,0.9907016158103943,-0.13647596538066864,-0.12988707423210144,-0.00927939172834158,-0.1303103119134903,-0.13103667991757437,-122.71965792738354,-0.12434494495391846,-0.4303710162639618
7.74,387,-0.0049749379977583885,0.9999876022338867,-0.00497495848685503,0.05953511223196983,-0.06947933882474899,-0.15007764101028442,-0.1479753702878952,0.9889910221099854,-0.1485207974910736,-0.14300043880939484,-0.010996578261256218,-0.14354583621025085,-0.14425566681197974,-122.86391359419552,-0.13647596538066864,-0.4366312325000763
7.76,388,-0.0038146127481013536,0.9999927282333374,-0.0038146220613271,0.058016810566186905,-0.07591503113508224,-0.14704743027687073,-0.1597839742898941,0.9871519804000854,-0.1604718118906021,-0.15596935153007507,-0.012840718030929565,-0.15665718913078308,-0.1573491264714717,-123.021262720667,-0.1485207974910736,-0.44261565804481506
7.78,389,-0.0026871038135141134,0.9999963641166687,-0.0026871070731431246,0.05637575313448906,-0.08205287903547287,-0.14392435550689697,-0.17146988213062286,0.9851893782615662,-0.17232146859169006,-0.1687827855348587,-0.014807028695940971,-0.1696343570947647,-0.17030710816586275,-123.19156982883285,-0.1604718118906021,-0.44832050800323486
7.8,390,-0.001594741945154965,0.9999987483024597,-0.001594742527231574,0.0546182245016098,-0.08787649869918823,-0.14071036875247955,-0.18302473425865173,0.9831082820892334,-0.18406227231025696,-0.18142998218536377,-0.016890419647097588,-0.1824675351381302,-0.18311987356499326,-123.37468970239784,-0.17232146859169006,-0.45374220609664917
7.82,391,-0.0005397262866608799,0.9999998807907104,-0.0005397263448685408,0.05275081470608711,-0.09337051212787628,-0.13740752637386322,-0.1944403052330017,0.9809143543243408,-0.19568683207035065,-0.19390058517456055,-0.01908550225198269,-0.19514711201190948,-0.19577788060067403,-123.57046758299852,-0.18406227231025696,-0.4588773250579834
7.84,392,0.0004758817085530609,0.9999998807907104,0.00047588173765689135,0.05078040063381195,-0.09852052479982376,-0.13401788473129272,-0.20570865273475647,0.9786132574081421,-0.20718778669834137,-0.2061845362186432,-0.021386606618762016,-0.2076636701822281,-0.20827178408666647,-123.77873936708518,-0.19568683207035065,-0.4637225866317749
7.86,393,0.0014501640107482672,0.999998927116394,0.0014501644764095545,0.04871413856744766,-0.10331325232982635,-0.13054358959197998,-0.2168220430612564,0.9762111306190491,-0.21855787932872772,-0.21827220916748047,-0.02378780208528042,-0.22000804543495178,-0.22059249504235134,-123.99933186212753,-0.20718778669834137,-0.46827495098114014
7.88,394,0.002381350379437208,0.9999971389770508,0.0023813527077436447,0.0465594083070755,-0.1077364832162857,-0.12698683142662048,-0.22777298092842102,0.973714292049408,-0.22978992760181427,-0.23015433549880981,-0.026282899081707,-0.23217128217220306,-0.2327311352533876,-124.23206299738092,-0.21855787932872772,-0.4725315272808075
7.9,395,0.003267823252826929,0.9999946355819702,0.0032678290735930204,0.04432382434606552,-0.11177916079759598,-0.1233498677611351,-0.2385542392730713,0.9711291790008545,-0.24087683856487274,-0.24182206392288208,-0.02886548638343811,-0.24414466321468353,-0.2446790675686027,-124.47674206494952,-0.22978992760181427,-0.4764896631240845
7.92,396,0.004108121618628502,0.9999915361404419,0.004108133260160685,0.0420151948928833,-0.11543141305446625,-0.11963500827550888,-0.2491588294506073,0.9684626460075378,-0.25181159377098083,-0.25326696038246155,-0.03152892738580704,-0.2559197247028351,-0.25642790970174334,-124.73316997465126,-0.24087683856487274,-0.4801468551158905
7.94,397,0.004900943487882614,0.9999880194664001,0.004900963045656681,0.03964150696992874,-0.11868450790643692,-0.11584457755088806,-0.2595800459384918,0.965721607208252,-0.262587308883667,-0.26448097825050354,-0.0342663936316967,-0.2674882709980011,-0.26796954927866323,-125.00113952392992,-0.25181159377098083,-0.48350074887275696
7.96,398,0.005645150784403086,0.999984085559845,0.005645181052386761,0.03721088543534279,-0.12153097987174988,-0.11198097467422485,-0.2698114216327667,0.9629132151603699,-0.2731971740722656,-0.2754565477371216,-0.03707088157534599,-0.27884235978126526,-0.2792961294966679,-125.2804356534266,-0.262587308883667,-0.4865492582321167
7.98,399,0.0063397702760994434,0.9999799132347107,0.0063398126512765884,0.03473159670829773,-0.1239645853638649,-0.10804663598537445,-0.27984675765037537,0.9600446820259094,-0.2836344838142395,-0.2861865162849426,-0.039935216307640076,-0.28997430205345154,-0.29040004736107977,-125.57083570078767,-0.2731971740722656,-0.4892904460430145
8.0,400,0.006983995903283358,0.9999756217002869,0.006984052713960409,0.03221198916435242,-0.12598034739494324,-0.10404406487941742,-0.2896801233291626,0.9571235179901123,-0.29389262199401855,-0.29666411876678467,-0.04285209998488426,-0.3008766770362854,-0.30127396948172575,-125.8721096702694,-0.2836344838142395,-0.49172261357307434
8.02,401,0.007577190175652504,0.9999712705612183,0.007577262353152037,0.02966049686074257,-0.12757453322410583,-0.09997577965259552,-0.29930591583251953,0.9541571736335754,-0.30396515130996704,-0.3068831264972687,-0.045814093202352524,-0.31154242157936096,-0.3119109202340151,-126.18402059050341,-0.29389262199401855,-0.4938441812992096
8.040000000000001,402,0.008118885569274426,0.9999670386314392,0.008118974976241589,0.027085604146122932,-0.1287446916103363,-0.0958443284034729,-0.308718740940094,0.9511533975601196,-0.313845694065094,-0.3168376386165619,-0.04881366714835167,-0.32196465134620667,-0.3223041043036232,-126.50632469480703,-0.30396515130996704,-0.49565380811691284
8.06,403,0.008608784526586533,0.9999629259109497,0.008608890697360039,0.024495810270309448,-0.12948967516422272,-0.09165234863758087,-0.3179134726524353,0.9481196999549866,-0.323527991771698,-0.32652226090431213,-0.05184321478009224,-0.332136869430542,-0.33244711331614824,-126.83877180812318,-0.313845694065094,-0.49715039134025574
8.08,404,0.009046759456396103,0.9999590516090393,0.009046883322298527,0.021899618208408356,-0.12980958819389343,-0.08740249276161194,-0.32688531279563904,0.9450640082359314,-0.3330059349536896,-0.33593204617500305,-0.054895058274269104,-0.3420528173446655,-0.3423337771407969,-127.18110558526398,-0.323527991771698,-0.4983329772949219
8.1,405,0.009432853199541569,0.9999555349349976,0.009432992897927761,0.019305501133203506,-0.12970583140850067,-0.0830974131822586,-0.3356296420097351,0.9419940114021301,-0.3422735631465912,-0.3450624942779541,-0.05796147882938385,-0.35170653462409973,-0.3519582234515357,-127.53306380871551,-0.3330059349536896,-0.4992007613182068
8.120000000000001,406,0.009767275303602219,0.9999523162841797,0.00976743083447218,0.016721880063414574,-0.12918105721473694,-0.07873985171318054,-0.3441421687602997,0.9389175772666931,-0.35132497549057007,-0.353909432888031,-0.06103474646806717,-0.3610924184322357,-0.3613149378643559,-127.89437874657986,-0.3422735631465912,-0.49975326657295227
8.14,407,0.010050403885543346,0.9999495148658752,0.010050572454929352,0.014157095924019814,-0.1282392293214798,-0.0743325799703598,-0.35241883993148804,0.9358423948287964,-0.36015450954437256,-0.36246922612190247,-0.06410711258649826,-0.3702050745487213,-0.3703986122464182,-128.26477735882628,-0.35132497549057007,-0.4999901354312897
8.16,408,0.010282779112458229,0.9999471306800842,0.010282960720360279,0.0116193862631917,-0.12688548862934113,-0.06987833976745605,-0.36045587062835693,0.9327762722969055,-0.36875656247138977,-0.3707386255264282,-0.06717085838317871,-0.3790395259857178,-0.3792051452327474,-128.64398250405904,-0.36015450954437256,-0.49991118907928467
8.18,409,0.010465106926858425,0.9999452233314514,0.010465297847986221,0.009116861037909985,-0.12512624263763428,-0.06537994742393494,-0.36824968457221985,0.9297269582748413,-0.37712568044662476,-0.37871477007865906,-0.07021830230951309,-0.3875909745693207,-0.38773140164066017,-129.0317139056997,-0.36875656247138977,-0.49951645731925964
8.2,410,0.010598248802125454,0.9999438524246216,0.010598447173833847,0.006657478865236044,-0.1229691281914711,-0.060840293765068054,-0.37579697370529175,0.9267020225524902,-0.3852566182613373,-0.3863952159881592,-0.07324181497097015,-0.3958550691604614,-0.3959707420270479,-129.42768464772675,-0.37712568044662476,-0.49880626797676086
8.22,411,0.01068322453647852,0.99994295835495,0.010683427564799786,0.004249020479619503,-0.12042290717363358,-0.05626218020915985,-0.3830946385860443,0.9237090945243835,-0.3931442201137543,-0.39377787709236145,-0.07623383402824402,-0.40382763743400574,-0.4039190742072829,-129.83160372193404,-0.3852566182613373,-0.497780978679657
8.24,412,0.010721203871071339,0.9999425411224365,0.010721408762037754,0.0018990692915394902,-0.11749757081270218,-0.051648542284965515,-0.3901398777961731,0.9207556247711182,-0.4007834792137146,-0.40086108446121216,-0.07918692380189896,-0.4115048944950104,-0.4115726891390879,-130.24317641107314,-0.3931442201137543,-0.4964413046836853
8.26,413,0.010713503696024418,0.9999426007270813,0.010713708586990833,-0.00038501445669680834,-0.11420418322086334,-0.04700228571891785,-0.3969299793243408,0.9178488850593567,-0.40816962718963623,-0.40764349699020386,-0.08209371566772461,-0.4188833236694336,-0.41893584559452385,-130.66211225666765,-0.4007834792137146,-0.4947880506515503
8.28,414,0.010661584325134754,0.9999431371688843,0.010661786422133446,-0.0025961126666516066,-0.11055491119623184,-0.04232633113861084,-0.40346255898475647,0.9149961471557617,-0.4152979552745819,-0.41412416100502014,-0.08494701236486435,-0.4259597361087799,-0.42603424829955716,-131.0881465049672,-0.40816962718963623,-0.4928222894668579
8.3,415,0.010567042045295238,0.9999441504478455,0.010567239485681057,-0.004727372899651527,-0.10656299442052841,-0.037623658776283264,-0.40973538160324097,0.9122044444084167,-0.4221639633178711,-0.4203024208545685,-0.0877397432923317,-0.4327312111854553,-0.4328269271777748,-131.52097343214498,-0.4152979552745819,-0.49054527282714844
8.32,416,0.010431605391204357,0.9999455809593201,0.010431794449687004,-0.006772225722670555,-0.10224264115095139,-0.03289720416069031,-0.41574639081954956,0.9094805717468262,-0.42876332998275757,-0.4261780083179474,-0.0904650017619133,-0.4391951262950897,-0.439311195324514,-131.9602846274695,-0.4221639633178711,-0.4879583716392517
8.34,417,0.01025712676346302,0.9999473690986633,0.010257306508719921,-0.008724406361579895,-0.09760905802249908,-0.028149977326393127,-0.4214937090873718,0.9068313241004944,-0.43509188294410706,-0.4317508339881897,-0.09311607480049133,-0.44534918665885925,-0.4454846954120415,-132.40576932288153,-0.42876332998275757,-0.4850632846355438
8.36,418,0.010045577771961689,0.9999495148658752,0.010045747272670269,-0.010577973909676075,-0.09267837554216385,-0.023384973406791687,-0.42697566747665405,0.9042630791664124,-0.4411455988883972,-0.43702125549316406,-0.09568643569946289,-0.45119136571884155,-0.45134534235411555,-132.85711466523563,-0.43509188294410706,-0.48186182975769043
8.38,419,0.009799043647944927,0.999951958656311,0.009799200110137463,-0.012327325530350208,-0.08746758103370667,-0.018605217337608337,-0.43219074606895447,0.901782214641571,-0.4469207227230072,-0.4419897794723511,-0.09816977381706238,-0.45671990513801575,-0.4568913221081232,-133.31400598734376,-0.4411455988883972,-0.4783560335636139
8.4,420,0.009519712068140507,0.9999547004699707,0.009519856423139572,-0.013967215083539486,-0.0819944441318512,-0.013813674449920654,-0.43713751435279846,0.899394690990448,-0.45241352915763855,-0.4466572403907776,-0.1005600094795227,-0.4619333744049072,-0.4621211528022213,-133.77612714014597,-0.4469207227230072,-0.4745480716228485
8.42,421,0.009209870360791683,0.9999575614929199,0.00921000074595213,-0.015492766164243221,-0.07627758383750916,-0.009013429284095764,-0.4418147802352905,0.8971062898635864,-0.4576205909252167,-0.4510246515274048,-0.10285129398107529,-0.4668305814266205,-0.46703359278182865,-134.2431607329278,-0.45241352915763855,-0.4704403877258301
8.44,422,0.0088718943297863,0.9999606609344482,0.008872010745108128,-0.016899490728974342,-0.070336252450943,-0.00420747697353363,-0.44622138142585754,0.8949226140975952,-0.46253859996795654,-0.45509329438209534,-0.10503803938627243,-0.4714106023311615,-0.47162767446441933,-134.71478840739223,-0.4576205909252167,-0.46603554487228394
8.46,423,0.008508242666721344,0.9999638199806213,0.008508345112204552,-0.018183300271630287,-0.06419039517641068,0.0006011128425598145,-0.4503563940525055,0.8928488492965698,-0.46716445684432983,-0.45886462926864624,-0.10711493343114853,-0.47567281126976013,-0.47590273053197396,-135.1906911379242,-0.46253859996795654,-0.4613363742828369
8.48,424,0.008121445775032043,0.9999670386314392,0.008121535181999207,-0.019340509548783302,-0.057860519737005234,0.005409330129623413,-0.45421892404556274,0.8908901214599609,-0.47149527072906494,-0.4623403549194336,-0.10907691717147827,-0.47961679100990295,-0.47985830753911385,-135.6705494454633,-0.46716445684432983,-0.456345796585083
8.5,425,0.007714101113379002,0.9999702572822571,0.00771417748183012,-0.020367862656712532,-0.05136765539646149,0.010214149951934814,-0.45780816674232483,0.8890510201454163,-0.4755282700061798,-0.46552225947380066,-0.11091924458742142,-0.4832424223423004,-0.4834942534959499,-136.15404369895927,-0.47149527072906494,-0.4510669708251953
8.52,426,0.007288862485438585,0.9999734163284302,0.007288926746696234,-0.021262530237436295,-0.04473332688212395,0.015012502670288086,-0.4611234664916992,0.8873359560966492,-0.4792608916759491,-0.4684123396873474,-0.11263745278120041,-0.48654982447624207,-0.4868106586810364,-136.6408543576403,-0.4755282700061798,-0.44550326466560364
8.540000000000001,427,0.006848431192338467,0.9999765753746033,0.006848484743386507,-0.022022118791937828,-0.03797943890094757,0.019801363348960876,-0.46416425704956055,0.8857491612434387,-0.48269081115722656,-0.471012681722641,-0.11422739923000336,-0.4895392954349518,-0.4898077973236484,-137.13066215496394,-0.4792608916759491,-0.43965816497802734
8.56,428,0.0063955471850931644,0.999979555606842,0.006395590957254171,-0.022644681856036186,-0.03112819977104664,0.024577736854553223,-0.46692997217178345,0.8842942714691162,-0.4858158528804779,-0.4733255207538605,-0.11568525433540344,-0.4922114610671997,-0.4924862756859649,-137.6231484306499,-0.48269081115722656,-0.4335353374481201
8.58,429,0.005932981614023447,0.9999824166297913,0.005933016538619995,-0.023128725588321686,-0.0242021381855011,0.029338568449020386,-0.4694202244281769,0.8829748630523682,-0.48863404989242554,-0.4753532111644745,-0.11700751632452011,-0.49456706643104553,-0.4948468227544721,-138.1179952534044,-0.4858158528804779,-0.42713871598243713
8.6,430,0.00546352518722415,0.9999850988388062,0.0054635521955788136,-0.02347320318222046,-0.01722392626106739,0.034080877900123596,-0.4716346263885498,0.8817940354347229,-0.4911436140537262,-0.47709816694259644,-0.11819101125001907,-0.4966071844100952,-0.49689050104266697,-138.61488575444704,-0.48863404989242554,-0.42047229409217834
8.620000000000001,431,0.004989981185644865,0.9999875426292419,0.004990001674741507,-0.023677531629800797,-0.01021638885140419,0.03880167007446289,-0.47357288002967834,0.8807546496391296,-0.49334296584129333,-0.4785628616809845,-0.1192329078912735,-0.4983329772949219,-0.49861846610256383,-139.1135042205496,-0.4911436140537262,-0.4135402739048004
8.64,432,0.004515154752880335,0.9999898076057434,0.004515170119702816,-0.023741580545902252,-0.003202426712960005,0.04349793493747711,-0.47523465752601624,0.8798590898513794,-0.49523070454597473,-0.47974979877471924,-0.12013071775436401,-0.4997458755970001,-0.5000321461214331,-139.61353636667104,-0.49334296584129333,-0.4063470959663391
8.66,433,0.004041845444589853,0.9999918341636658,0.004041856620460749,-0.02366567775607109,0.003795110620558262,0.04816673696041107,-0.47661980986595154,0.8791095614433289,-0.49680566787719727,-0.48066163063049316,-0.1208823025226593,-0.5008475184440613,-0.5011331832764007,-140.11466954994745,-0.49523070454597473,-0.3988972306251526
8.68,434,0.0035728367511183023,0.999993622303009,0.003572844434529543,-0.023450609296560287,0.010753428563475609,0.05280512571334839,-0.47772809863090515,0.8785077333450317,-0.49806681275367737,-0.481300950050354,-0.1214858740568161,-0.5016396641731262,-0.5019233425349229,-140.61659289248237,-0.49680566787719727,-0.3911954164505005
