t,step,x,y,theta,theta_dot,theta_ddot,tau,x_target,y_target,theta_target,ex,ey,etheta,reward,reward_cum,force_left,force_right
0.0,0,0.0,1.0,0.0,0.0,0.0,0.0,0.0,1.0,0.0,0.0,0.0,0.0,0.0,0.0,0.0,0.0
0.02,1,0.0,1.0,0.0,0.0,0.0,0.0,0.031390100717544556,0.9995071887969971,0.031395260244607925,0.031390100717544556,-0.0004927907139062881,0.031395260244607925,-0.03139525976465669,-0.03139525976465669,0.0,0.0
0.04,2,9.418577974429354e-05,1.0,9.418577974429354e-05,0.004709288943558931,0.2354644536972046,0.31395259499549866,0.06262560933828354,0.9980370998382568,0.06266661733388901,0.06253141909837723,-0.001962905516847968,0.0625724345445633,-0.06355809333854842,-0.0949533531032051,0.0,0.0
0.06,3,0.0003757410158868879,0.9999999403953552,0.0003757410158868879,0.014077762141823769,0.46842366456985474,0.6257243156433105,0.09355364739894867,0.995614230632782,0.0936906561255455,0.0931779071688652,-0.004385689273476601,0.09331491589546204,-0.09723022539095576,-0.19218357849416084,0.0,0.0
0.08,4,0.0009359238902106881,0.9999995827674866,0.0009359240648336709,0.02800915017724037,0.6965694427490234,0.9331491589546204,0.12402476370334625,0.9922791123390198,0.12434494495391846,0.12308883666992188,-0.00772043876349926,0.12340901792049408,-0.13211669313648017,-0.324300271630641,0.0,0.0
0.1,5,0.0018631585408002138,0.9999982714653015,0.0018631595885381103,0.0463617742061615,0.9176312685012817,1.2340902090072632,0.15389446914196014,0.9880872964859009,0.15450850129127502,0.1520313173532486,-0.011910974979400635,0.15264533460140228,-0.16787512372845498,-0.492175395359096,0.0,0.0
0.12,6,0.0032421466894447803,0.9999947547912598,0.003242152277380228,0.0689496397972107,1.129393219947815,1.5264533758163452,0.18302473425865173,0.9831082820892334,0.18406227231025696,0.17978258430957794,-0.016886435449123383,0.18082012236118317,-0.2041207230497436,-0.6962961184088396,0.0,0.0
0.14,7,0.005153006874024868,0.9999867081642151,0.005153029691427946,0.09554386883974075,1.3297111988067627,1.8082011938095093,0.21128518879413605,0.9774244427680969,0.2128896415233612,0.2061321884393692,-0.022562265396118164,0.20773661136627197,-0.24043253329858594,-0.9367286517074256,0.0,0.0
0.16,8,0.0076472340151667595,0.9999707341194153,0.007647308520972729,0.1247139424085617,1.4585038423538208,2.0,0.2385542392730713,0.9711291790008545,0.24087683856487274,0.23090700805187225,-0.02884158492088318,0.23322953283786774,-0.27322952848018245,-1.209958180187608,0.0,0.0
0.18,9,0.010717005468904972,0.9999426007270813,0.010717211291193962,0.15349511802196503,1.4390586614608765,2.0,0.2647198438644409,0.9643253684043884,0.2679134011268616,0.2540028393268585,-0.03561720997095108,0.25719618797302246,-0.2971961865766829,-1.5071543667642908,0.0,0.0
0.2,10,0.014352777972817421,0.9998970031738281,0.014353270642459393,0.18180298805236816,1.415393590927124,2.0,0.2896801233291626,0.9571235179901123,0.29389262199401855,0.2753273546695709,-0.04277348145842552,0.2795393466949463,-0.31953935546596957,-1.8266937222302604,0.0,0.0
0.22,11,0.01854330115020275,0.999828040599823,0.018544362857937813,0.20955462753772736,1.3875818252563477,2.0,0.31334367394447327,0.9496397972106934,0.3187119960784912,0.29480037093162537,-0.05018826574087143,0.30016762018203735,-0.340167631696666,-2.1668613539269264,0.0,0.0
0.24,12,0.02327563799917698,0.9997290968894958,0.02327773906290531,0.23666881024837494,1.3557093143463135,2.0,0.3356296420097351,0.9419940114021301,0.3422735631465912,0.3123539984226227,-0.057735055685043335,0.31899580359458923,-0.35899581354145454,-2.5258571674683807,0.0,0.0
0.26,13,0.02853519096970558,0.9995927810668945,0.028539065271615982,0.26306629180908203,1.3198744058609009,2.0,0.3564675450325012,0.9343076944351196,0.3644843101501465,0.32793232798576355,-0.0652850791811943,0.3359452486038208,-0.3759452482753444,-2.901802415743725,0.0,0.0
0.28,14,0.03430573269724846,0.999411404132843,0.03431246802210808,0.28867003321647644,1.2801873683929443,2.0,0.37579697370529175,0.9267020225524902,0.3852566182613373,0.3414912223815918,-0.07270935922861099,0.3509441614151001,-0.3909441550032098,-3.292746570746935,0.0,0.0
0.3,15,0.04056943953037262,0.9991767406463623,0.04058057442307472,0.31340545415878296,1.2367703914642334,2.0,0.39356696605682373,0.9192959666252136,0.404508501291275,0.3529975414276123,-0.07988077402114868,0.3639279305934906,-0.40392792167888003,-3.6966744924258155,0.0,0.0
0.32,16,0.04730692505836487,0.9988803863525391,0.047324586659669876,0.3372006118297577,1.1897577047348022,2.0,0.40973538160324097,0.9122044444084167,0.4221639633178711,0.3624284565448761,-0.0866759791970253,0.3748393654823303,-0.41483937505792573,-4.111513867483741,0.0,0.0
0.34,17,0.05449730530381203,0.99851393699646,0.054524317383766174,0.35998648405075073,1.1392942667007446,2.0,0.42426797747612,0.9055367112159729,0.43815332651138306,0.36977067589759827,-0.09297723323106766,0.3836290240287781,-0.42362902243333117,-4.535142889917072,0.0,0.0
0.36,18,0.06211824342608452,0.9980688095092773,0.062158260494470596,0.38169723749160767,1.0855365991592407,2.0,0.43713751435279846,0.899394690990448,0.45241352915763855,0.37501928210258484,-0.09867411851882935,0.39025527238845825,-0.4302552641169943,-4.965398154034066,0.0,0.0
0.38,19,0.07014601677656174,0.9975367188453674,0.07020366936922073,0.40227025747299194,1.0286513566970825,2.0,0.44832292199134827,0.8938716650009155,0.46488824486732483,0.37817689776420593,-0.1036650612950325,0.3946845829486847,-0.43468457574988045,-5.400082729783946,0.0,0.0
0.4,20,0.07855557650327682,0.9969097375869751,0.07863660156726837,0.4216465651988983,0.9688155651092529,2.0,0.45780816674232483,0.8890510201454163,0.4755282700061798,0.3792525827884674,-0.10785873234272003,0.39689165353775024,-0.43689165964899196,-5.836974389432938,0.0,0.0
0.42,21,0.08732066303491592,0.9961802363395691,0.08743201941251755,0.4397708773612976,0.9062156081199646,2.0,0.4655815362930298,0.885004997253418,0.48429158329963684,0.37826085090637207,-0.11117525398731232,0.3968595564365387,-0.4368595645293726,-6.273833953962311,0.0,0.0
0.44,22,0.09641385078430176,0.9953413605690002,0.09656385332345963,0.45659181475639343,0.8410468101501465,2.0,0.4716346263885498,0.8817940354347229,0.4911436140537262,0.37522077560424805,-0.11354727298021317,0.39457976818084717,-0.4345797730733109,-6.708413727035621,0.0,0.0
0.46,23,0.10580667108297348,0.9943867325782776,0.10600509494543076,0.4720620810985565,0.7735128998756409,2.0,0.475961834192276,0.8794659376144409,0.4960573613643646,0.3701551556587219,-0.11492078006267548,0.39005225896835327,-0.4300522569558633,-7.138465983991485,0.0,0.0
0.48,24,0.11546971648931503,0.9933109879493713,0.11572786420583725,0.48613858222961426,0.703825056552887,2.0,0.4785594642162323,0.8780551552772522,0.49901336431503296,0.36308974027633667,-0.11525584757328033,0.3832854926586151,-0.4232854990748595,-7.561751483066344,0.0,0.0
0.5,25,0.1253727376461029,0.9921097159385681,0.12570351362228394,0.49878260493278503,0.6322013735771179,2.0,0.4794255495071411,0.8775825500488281,0.5,0.3540528118610382,-0.1145271509885788,0.37429648637771606,-0.41429648287372717,-7.976047965940071,0.0,0.0
0.52,26,0.1354847550392151,0.990779459476471,0.13590271770954132,0.5099599361419678,0.5588657855987549,2.0,0.4785594642162323,0.8780551552772522,0.49901336431503296,0.3430746793746948,-0.11272427439689636,0.36311066150665283,-0.4031106487857951,-8.379158614725867,0.0,0.0
0.54,27,0.145774245262146,0.9893178939819336,0.14629553258419037,0.5196408629417419,0.48404738306999207,2.0,0.475961834192276,0.8794659376144409,0.4960573613643646,0.33018758893013,-0.10985194146633148,0.34976181387901306,-0.3897618179682539,-8.76892043269412,0.0,0.0
0.56,28,0.15620917081832886,0.9877240061759949,0.15685154497623444,0.527800440788269,0.40797945857048035,2.0,0.4716346263885498,0.8817940354347229,0.4911436140537262,0.31542545557022095,-0.10592993348836899,0.33429208397865295,-0.3742920836316976,-9.143212516325818,0.0,0.0
0.58,29,0.16675721108913422,0.9859979748725891,0.16753990948200226,0.5344184041023254,0.3308984637260437,2.0,0.4655815362930298,0.885004997253418,0.48429158329963684,0.2988243103027344,-0.10099299252033234,0.3167516589164734,-0.3567516704062445,-9.499964186732063,0.0,0.0
0.6,30,0.17738580703735352,0.9841414093971252,0.1783294975757599,0.5394792556762695,0.25304311513900757,2.0,0.45780816674232483,0.8890510201454163,0.4755282700061798,0.2804223597049713,-0.09509038180112839,0.2971987724304199,-0.33719876231675905,-9.837162949048823,0.0,0.0
0.62,31,0.1880623698234558,0.9821571111679077,0.18918894231319427,0.5429723262786865,0.17465344071388245,2.0,0.44832292199134827,0.8938716650009155,0.46488824486732483,0.26026052236557007,-0.0882854163646698,0.27569928765296936,-0.31569930006688324,-10.152862249115707,0.0,0.0
0.64,32,0.19875438511371613,0.9800493121147156,0.200086772441864,0.5448917746543884,0.09596963971853256,2.0,0.43713751435279846,0.899394690990448,0.45241352915763855,0.23838314414024353,-0.08065465092658997,0.25232675671577454,-0.2923267484537086,-10.445188997569415,0.0,0.0
0.66,33,0.2094295173883438,0.9778237342834473,0.2109915018081665,0.545236349105835,0.017231222242116928,2.0,0.42426797747612,0.9055367112159729,0.43815332651138306,0.214838445186615,-0.07228706032037735,0.22716183960437775,-0.2671618348513442,-10.712350832420759,0.0,0.0
0.68,34,0.22005583345890045,0.9754872918128967,0.22187170386314392,0.5440098643302917,-0.06132405623793602,2.0,0.40973538160324097,0.9122044444084167,0.4221639633178711,0.1896795630455017,-0.06328285485506058,0.20029225945472717,-0.2402922598118296,-10.952643092232588,0.0,0.0
0.7000000000000001,35,0.23060180246829987,0.973048210144043,0.23269611597061157,0.5412206649780273,-0.13946114480495453,2.0,0.39356696605682373,0.9192959666252136,0.404508501291275,0.16296516358852386,-0.05375225469470024,0.17181238532066345,-0.2118123809353684,-11.164455473167957,0.0,0.0
0.72,36,0.2409544736146927,0.9705364108085632,0.24334919452667236,0.5326535701751709,-0.42835572361946106,1.7181237936019897,0.37579697370529175,0.9267020225524902,0.3852566182613373,0.13484248518943787,-0.043834391981363297,0.1419074386358261,-0.1714269283582493,-11.335882401526206,0.0,0.0
0.74,37,0.25099775195121765,0.9679876565933228,0.25371086597442627,0.5180837512016296,-0.7284913659095764,1.419074296951294,0.3564675450325012,0.9343076944351196,0.3644843101501465,0.10546978563070297,-0.03367995843291283,0.11077345162630081,-0.1309111718108868,-11.466793573337092,0.0,0.0
0.76,38,0.260614275932312,0.9654430150985718,0.26365840435028076,0.49737685918807983,-1.0353431701660156,1.1077345609664917,0.3356296420097351,0.9419940114021301,0.3422735631465912,0.0750153660774231,-0.02344898134469986,0.07861515134572983,-0.09088591165146886,-11.557679484988562,0.0,0.0
0.78,39,0.26968637108802795,0.962948203086853,0.27306732535362244,0.47044670581817627,-1.3465074300765991,0.7861515283584595,0.31334367394447327,0.9496397972106934,0.3187119960784912,0.043657295405864716,-0.013308416120707989,0.04564466327428818,-0.05182500409681356,-11.609504489085374,0.0,0.0
0.8,40,0.2780970633029938,0.960552990436554,0.281812459230423,0.43725621700286865,-1.6595243215560913,0.4564466178417206,0.2896801233291626,0.9571235179901123,0.29389262199401855,0.011583068408071995,-0.003429463831707835,0.012080168351531029,-0.014163603567958927,-11.623668092653332,0.0,0.0
0.8200000000000001,41,0.2857306897640228,0.9583099484443665,0.2897688150405884,0.39781832695007324,-1.9718949794769287,0.12080168724060059,0.2647198438644409,0.9643253684043884,0.2679134011268616,-0.02101084403693676,0.006015405058860779,-0.02185542695224285,-0.022001357193910245,-11.645669449847242,0.0,0.0
0.84,42,0.29247382283210754,0.9562735557556152,0.2968127429485321,0.3521963655948639,-2.281097412109375,-0.2185542732477188,0.2385542392730713,0.9711291790008545,0.24087683856487274,-0.05391957610845566,0.0148556437343359,-0.05593591555953026,-0.05641357434890312,-11.702083024196146,0.0,0.0
0.86,43,0.2982157766819,0.9544984698295593,0.3028228282928467,0.30050432682037354,-2.5846028327941895,-0.5593591332435608,0.21128518879413605,0.9774244427680969,0.2128896415233612,-0.08693059533834457,0.022925978526473045,-0.08993319422006607,-0.09306201886763828,-11.795145043063783,0.0,0.0
0.88,44,0.30284932255744934,0.9530384540557861,0.30768096446990967,0.24290651082992554,-2.8798904418945312,-0.8993319272994995,0.18302473425865173,0.9831082820892334,0.18406227231025696,-0.1198245957493782,0.030069859698414803,-0.12361869215965271,-0.13170667101602604,-11.92685171407981,0.0,0.0
0.9,45,0.3062710165977478,0.9519443511962891,0.3112733066082001,0.179617241024971,-3.1644630432128906,-1.2361868619918823,0.15389446914196014,0.9880872964859009,0.15450850129127502,-0.15237653255462646,0.036142926663160324,-0.15676482021808624,-0.1720463970233056,-12.098898111103114,0.0,0.0
0.92,46,0.30838167667388916,0.9512627124786377,0.3134913146495819,0.11090002954006195,-3.4358606338500977,-1.56764817237854,0.12402476370334625,0.9922791123390198,0.12434494495391846,-0.1843568980693817,0.041016411036252975,-0.18914636969566345,-0.2137215778310026,-12.312619688934117,0.0,0.0
0.9400000000000001,47,0.30908676981925964,0.9510338306427002,0.31423264741897583,0.037066541612148285,-3.6916747093200684,-1.8914637565612793,0.09355364739894867,0.995614230632782,0.0936906561255455,-0.21553313732147217,0.04458039999008179,-0.22054198384284973,-0.2563183367695569,-12.568938025703673,0.0,0.0
0.96,48,0.3083554804325104,0.9512711763381958,0.3134637773036957,-0.03844337910413742,-3.775496006011963,-2.0,0.06262560933828354,0.9980370998382568,0.06266661733388901,-0.24572986364364624,0.04676588624715805,-0.2507971525192261,-0.2907971602921596,-12.859735185995833,0.0,0.0
0.98,49,0.30618977546691895,0.9519705176353455,0.3111879825592041,-0.11378905177116394,-3.7672836780548096,-2.0,0.031390100717544556,0.9995071887969971,0.031395260244607925,-0.2747996747493744,0.04753671959042549,-0.2797927260398865,-0.31979273621371634,-13.17952792220955,0.0,0.0
1.0,50,0.30259373784065247,0.9531196355819702,0.3074128031730652,-0.18875953555107117,-3.7485241889953613,-2.0,6.123234262925839e-17,1.0,6.123234262925839e-17,-0.30259373784065247,0.04688037186861038,-0.3074128031730652,-0.3474128051681743,-13.526940727377724,0.0,0.0
1.02,51,0.29757341742515564,0.954698920249939,0.3021499216556549,-0.2631446421146393,-3.719254970550537,-2.0,-0.031390100717544556,0.9995071887969971,-0.031395260244607925,-0.3289635181427002,0.044808268547058105,-0.33354517817497253,-0.3735451721220396,-13.900485899499763,0.0,0.0
1.04,52,0.29113709926605225,0.9566813707351685,0.2954152226448059,-0.33673521876335144,-3.6795284748077393,-2.0,-0.06262560933828354,0.9980370998382568,-0.06266661733388901,-0.3537627160549164,0.04135574772953987,-0.3580818176269531,-0.39808182494731414,-14.298567724447077,0.0,0.0
1.06,53,0.28329557180404663,0.9590326547622681,0.2872287333011627,-0.40932348370552063,-3.629413604736328,-2.0,-0.09355364739894867,0.995614230632782,-0.0936906561255455,-0.3768492341041565,0.03658159822225571,-0.3809193968772888,-0.42091939581714494,-14.719487120264223,0.0,0.0
1.08,54,0.2740624248981476,0.9617118835449219,0.27761468291282654,-0.4807034432888031,-3.568997621536255,-2.0,-0.12402476370334625,0.9922791123390198,-0.12434494495391846,-0.39808720350265503,0.030567219480872154,-0.401959627866745,-0.4419596134080888,-15.161446733672312,0.0,0.0
1.1,55,0.26345428824424744,0.9646719098091125,0.26660123467445374,-0.5506712198257446,-3.4983880519866943,-2.0,-0.15389446914196014,0.9880872964859009,-0.15450850129127502,-0.4173487424850464,0.02341540716588497,-0.42110973596572876,-0.46110974313455416,-15.622556476806865,0.0,0.0
1.12,56,0.2514912784099579,0.9678595662117004,0.25422072410583496,-0.619025468826294,-3.4177145957946777,-2.0,-0.18302473425865173,0.9831082820892334,-0.18406227231025696,-0.43451598286628723,0.015248741954565048,-0.4382830262184143,-0.47828301252629524,-16.10083948933316,0.0,0.0
1.1400000000000001,57,0.23819737136363983,0.9712167978286743,0.24050937592983246,-0.6855681538581848,-3.3271336555480957,-2.0,-0.21128518879413605,0.9774244427680969,-0.2128896415233612,-0.4494825601577759,0.006207687314599752,-0.45339903235435486,-0.4933990187865272,-16.594238508119687,0.0,0.0
1.16,58,0.2236008197069168,0.9746807813644409,0.22550727427005768,-0.7501047253608704,-3.2268283367156982,-2.0,-0.2385542392730713,0.9711291790008545,-0.24087683856487274,-0.4621550738811493,-0.0035516296047717333,-0.4663841128349304,-0.5063841155405646,-17.100622623660254,0.0,0.0
1.18,59,0.20773451030254364,0.97818523645401,0.20925837755203247,-0.8124449849128723,-3.117014169692993,-2.0,-0.2647198438644409,0.9643253684043884,-0.2679134011268616,-0.47245436906814575,-0.01385988388210535,-0.47717177867889404,-0.5171717758063991,-17.617794399466653,0.0,0.0
1.2,60,0.1906363070011139,0.9816607236862183,0.19181029498577118,-0.8724038004875183,-2.9979400634765625,-2.0,-0.2896801233291626,0.9571235179901123,-0.29389262199401855,-0.4803164303302765,-0.02453722059726715,-0.4857029318809509,-0.5257029282917809,-18.143497327758435,0.0,0.0
1.22,61,0.17234940826892853,0.9850358963012695,0.17321427166461945,-0.9298016428947449,-2.869891405105591,-2.0,-0.31334367394447327,0.9496397972106934,-0.3187119960784912,-0.485693097114563,-0.03539608418941498,-0.49192625284194946,-0.5319262642485221,-18.675423592006958,0.0,0.0
1.24,62,0.15292257070541382,0.9882381558418274,0.1535249650478363,-0.984465479850769,-2.7331931591033936,-2.0,-0.3356296420097351,0.9419940114021301,-0.3422735631465912,-0.4885522127151489,-0.046244144439697266,-0.4957984983921051,-0.5357985122940284,-19.211222104300987,0.0,0.0
1.26,63,0.13241036236286163,0.9911949634552002,0.1328003704547882,-1.0362297296524048,-2.588210344314575,-2.0,-0.3564675450325012,0.9343076944351196,-0.3644843101501465,-0.48887789249420166,-0.056887272745370865,-0.4972846806049347,-0.5372846788411378,-19.748506783142126,0.0,0.0
1.28,64,0.11087320744991302,0.9938345551490784,0.11110162734985352,-1.0849367380142212,-2.4353506565093994,-2.0,-0.37579697370529175,0.9267020225524902,-0.3852566182613373,-0.4866701662540436,-0.06713253259658813,-0.4963582456111908,-0.5363582520574557,-20.28486503519958,0.0,0.0
1.3,65,0.08837741613388062,0.9960870742797852,0.08849287033081055,-1.130437970161438,-2.275064468383789,-2.0,-0.39356696605682373,0.9192959666252136,-0.404508501291275,-0.48194438219070435,-0.07679111510515213,-0.49300137162208557,-0.5330013676002078,-20.817866402799787,0.0,0.0
1.32,66,0.06499512493610382,0.9978855848312378,0.0650409683585167,-1.1725949048995972,-2.1078455448150635,-2.0,-0.40973538160324097,0.9122044444084167,-0.4221639633178711,-0.474730521440506,-0.08568115532398224,-0.4872049391269684,-0.5272049347363514,-21.345071337536137,0.0,0.0
1.34,67,0.040804050862789154,0.9991671442985535,0.040815383195877075,-1.2112795114517212,-1.9342293739318848,-2.0,-0.42426797747612,0.9055367112159729,-0.43815332651138306,-0.46507203578948975,-0.09363048523664474,-0.47896870970726013,-0.5189687218530593,-21.864040059389197,0.0,0.0
1.36,68,0.01588720642030239,0.9998738169670105,0.015887875109910965,-1.246375322341919,-1.7547928094863892,-2.0,-0.43713751435279846,0.899394690990448,-0.45241352915763855,-0.4530247151851654,-0.1004791110754013,-0.4683014154434204,-0.5083014007821638,-22.37234146017136,0.0,0.0
1.3800000000000001,69,-0.009667542763054371,0.9999532699584961,-0.009667692705988884,-1.2777783870697021,-1.5701510906219482,-2.0,-0.44832292199134827,0.8938716650009155,-0.46488824486732483,-0.43865537643432617,-0.10608159005641937,-0.4552205502986908,-0.4952205497940897,-22.86756200996545,0.0,0.0
1.4000000000000001,70,-0.03576800972223282,0.9993601441383362,-0.03577564284205437,-1.3053975105285645,-1.380954384803772,-2.0,-0.45780816674232483,0.8890510201454163,-0.4755282700061798,-0.4220401346683502,-0.11030911654233932,-0.43975260853767395,-0.47975261555185983,-23.34731462551731,0.0,0.0
1.42,71,-0.0623183399438858,0.9980563521385193,-0.06235874444246292,-1.3291552066802979,-1.1878844499588013,-2.0,-0.4655815362930298,0.885004997253418,-0.48429158329963684,-0.4032631814479828,-0.11305132508277893,-0.4219328463077545,-0.4619328347430334,-23.809247460260345,0.0,0.0
1.44,72,-0.08921971917152405,0.9960119724273682,-0.0893385112285614,-1.3489881753921509,-0.9916495084762573,-2.0,-0.4716346263885498,0.8817940354347229,-0.4911436140537262,-0.38241493701934814,-0.11421790719032288,-0.4018051028251648,-0.4418051165161172,-24.251052576776463,0.0,0.0
1.46,73,-0.11637119203805923,0.9932057857513428,-0.11663546413183212,-1.3648477792739868,-0.7929788827896118,-2.0,-0.475961834192276,0.8794659376144409,-0.4960573613643646,-0.359590619802475,-0.11373984813690186,-0.3794218897819519,-0.41942188722752866,-24.67047446400399,0.0,0.0
1.48,74,-0.14367055892944336,0.9896255731582642,-0.14416946470737457,-1.3767000436782837,-0.5926171541213989,-2.0,-0.4785594642162323,0.8780551552772522,-0.49901336431503296,-0.33488890528678894,-0.11157041788101196,-0.3548438847064972,-0.3948438993459156,-25.065318363349906,0.0,0.0
1.5,75,-0.17101523280143738,0.9852683544158936,-0.1718599945306778,-1.3845263719558716,-0.39131760597229004,-2.0,-0.4794255495071411,0.8775825500488281,-0.5,-0.30841031670570374,-0.10768581926822662,-0.3281400203704834,-0.36814000665405466,-25.43345837000396,0.0,0.0
1.52,76,-0.19830322265625,0.980140745639801,-0.19962646067142487,-1.388323187828064,-0.18983565270900726,-2.0,-0.4785594642162323,0.8780551552772522,-0.49901336431503296,-0.2802562415599823,-0.10208556801080704,-0.2993869185447693,-0.3393869081277514,-25.77284527813171,0.0,0.0
1.54,77,-0.22543400526046753,0.9742584228515625,-0.22738848626613617,-1.388101577758789,0.011078051291406155,-2.0,-0.475961834192276,0.8794659376144409,-0.4960573613643646,-0.2505277991294861,-0.09479250013828278,-0.26866886019706726,-0.30866886305109914,-26.08151414118281,0.0,0.0
1.56,78,-0.25230950117111206,0.967646598815918,-0.25506624579429626,-1.3838878870010376,0.21068452298641205,-2.0,-0.4716346263885498,0.8817940354347229,-0.4911436140537262,-0.21932512521743774,-0.08585251867771149,-0.23607738316059113,-0.27607738004517507,-26.357591521227988,0.0,0.0
1.58,79,-0.27883490920066833,0.9603390693664551,-0.282580703496933,-1.3757226467132568,0.40826302766799927,-2.0,-0.4655815362930298,0.885004997253418,-0.48429158329963684,-0.18674659729003906,-0.07533404976129532,-0.20171087980270386,-0.24171088274199473,-26.599302403969983,0.0,0.0
1.6,80,-0.3049195110797882,0.9523781538009644,-0.3098539113998413,-1.363660216331482,0.6031175255775452,-2.0,-0.45780816674232483,0.8890510201454163,-0.4755282700061798,-0.15288865566253662,-0.0633271262049675,-0.1656743586063385,-0.20567435482875782,-26.80497675879874,0.0,0.0
1.62,81,-0.3303801417350769,0.9438479542732239,-0.3367063105106354,-1.342619776725769,1.0520248413085938,-1.6567435264587402,-0.44832292199134827,0.8938716650009155,-0.46488824486732483,-0.11794277280569077,-0.04997628182172775,-0.12818194925785065,-0.15562993590608934,-26.96060669470483,0.0,0.0
1.6400000000000001,82,-0.35503432154655457,0.9348532557487488,-0.36295080184936523,-1.3122246265411377,1.519755482673645,-1.281819462776184,-0.43713751435279846,0.899394690990448,-0.45241352915763855,-0.0821031853556633,-0.035458583384752274,-0.08946273475885391,-0.10589334476940054,-27.066500039474228,0.0,0.0
1.6600000000000001,83,-0.37870725989341736,0.9255164861679077,-0.3883991241455078,-1.272416591644287,1.9904030561447144,-0.8946273326873779,-0.42426797747612,0.9055367112159729,-0.43815332651138306,-0.04556070640683174,-0.019979823380708694,-0.04975421726703644,-0.057757796397221804,-27.12425783587145,0.0,0.0
1.68,84,-0.4012334942817688,0.91597580909729,-0.4128631055355072,-1.223198652267456,2.46089768409729,-0.497542142868042,-0.40973538160324097,0.9122044444084167,-0.4221639633178711,-0.008501890115439892,-0.0037713833153247833,-0.009300865232944489,-0.011776347256233529,-27.136034183127684,0.0,0.0
1.7,85,-0.4224582612514496,0.9063823819160461,-0.4361557960510254,-1.1646348237991333,2.9281888008117676,-0.09300865232944489,-0.39356696605682373,0.9192959666252136,-0.404508501291275,0.0288913045078516,0.01291357446461916,0.031647298485040665,-0.031733803879429104,-27.167767987007114,0.0,0.0
1.72,86,-0.44223833084106445,0.896897554397583,-0.4580927789211273,-1.0968495607376099,3.389265298843384,0.31647297739982605,-0.37579697370529175,0.9267020225524902,-0.3852566182613373,0.0664413794875145,0.029804455116391182,0.07283616811037064,-0.0738377164244321,-27.241605703431546,0.0,0.0
1.74,87,-0.4604422152042389,0.8876896500587463,-0.4784933030605316,-1.0200260877609253,3.8411717414855957,0.7283616662025452,-0.3564675450325012,0.9343076944351196,-0.3644843101501465,0.10397469252347946,0.046618036925792694,0.11400899291038513,-0.11931410229080058,-27.360919805722347,0.0,0.0
1.76,88,-0.47695010900497437,0.878930389881134,-0.49718141555786133,-0.9344056844711304,4.281022071838379,1.140089988708496,-0.3356296420097351,0.9419940114021301,-0.3422735631465912,0.14132046699523926,0.06306365877389908,0.15490786731243134,-0.16790592100749288,-27.52882572672984,0.0,0.0
1.78,89,-0.49165311455726624,0.8707911372184753,-0.513987123966217,-0.8402854800224304,4.706009387969971,1.5490787029266357,-0.31334367394447327,0.9496397972106934,-0.3187119960784912,0.17830942571163177,0.07884864509105682,0.19527514278888702,-0.21927158628041343,-27.748097313010252,0.0,0.0
1.8,90,-0.5044522881507874,0.8634395599365234,-0.5287474989891052,-0.7380172610282898,5.113411903381348,1.9527513980865479,-0.2896801233291626,0.9571235179901123,-0.29389262199401855,0.21477212011814117,0.09368392825126648,0.23485484719276428,-0.27298723162153293,-28.021084544631783,0.0,0.0
1.82,91,-0.5153467059135437,0.8569818139076233,-0.5414121747016907,-0.6332336068153381,5.239182949066162,2.0,-0.2647198438644409,0.9643253684043884,-0.2679134011268616,0.2506268322467804,0.10734356939792633,0.2734987437725067,-0.3134987526951819,-28.334583297326965,0.0,0.0
1.84,92,-0.5243492126464844,0.851503312587738,-0.5519506335258484,-0.5269253849983215,5.3154096603393555,2.0,-0.2385542392730713,0.9711291790008545,-0.24087683856487274,0.2857949733734131,0.11962585896253586,0.31107380986213684,-0.3510738212909531,-28.685657118617918,0.0,0.0
1.86,93,-0.5314726233482361,0.8470754623413086,-0.5603380799293518,-0.41937223076820374,5.377658843994141,2.0,-0.21128518879413605,0.9774244427680969,-0.2128896415233612,0.32018744945526123,0.13034899532794952,0.347448468208313,-0.38744845708813513,-29.07310557570605,0.0,0.0
1.8800000000000001,94,-0.5367286205291748,0.8437549471855164,-0.5665551424026489,-0.310851514339447,5.426036357879639,2.0,-0.18302473425865173,0.9831082820892334,-0.18406227231025696,0.35370388627052307,0.13935337960720062,0.38249287009239197,-0.4224928565327131,-29.495598432238765,0.0,0.0
1.9000000000000001,95,-0.5401269197463989,0.8415835499763489,-0.5705879330635071,-0.20163874328136444,5.46063756942749,2.0,-0.15389446914196014,0.9880872964859009,-0.15450850129127502,0.3862324357032776,0.14650371670722961,0.41607940196990967,-0.4560794106039057,-29.95167784284267,0.0,0.0
1.92,96,-0.5416746735572815,0.8405882120132446,-0.5724280476570129,-0.0920078381896019,5.481545448303223,2.0,-0.12402476370334625,0.9922791123390198,-0.12434494495391846,0.41764989495277405,0.15169088542461395,0.44808313250541687,-0.4880831210315102,-30.439760963874182,0.0,0.0
1.94,97,-0.5413758754730225,0.8407806754112244,-0.5720726847648621,0.01776858977973461,5.488821506500244,2.0,-0.09355364739894867,0.995614230632782,-0.0936906561255455,0.447822242975235,0.1548335701227188,0.47838202118873596,-0.5183820355428598,-30.958142999417042,0.0,0.0
1.96,98,-0.539231538772583,0.8421576023101807,-0.569524347782135,0.12741872668266296,5.48250675201416,2.0,-0.06262560933828354,0.9980370998382568,-0.06266661733388901,0.4766058921813965,0.15587951242923737,0.506857693195343,-0.5468577015585647,-31.505000700975607,0.0,0.0
1.98,99,-0.5352392196655273,0.8447005152702332,-0.5647909045219421,0.2366710752248764,5.462617874145508,2.0,-0.031390100717544556,0.9995071887969971,-0.031395260244607925,0.5038490891456604,0.15480667352676392,0.5333956480026245,-0.5733956370255122,-32.07839633800112,0.0,0.0
2.0,100,-0.52939373254776,0.8483762145042419,-0.5578858256340027,0.3452540338039398,5.429147243499756,2.0,-1.2246468525851679e-16,1.0,-1.2246468525851679e-16,0.52939373254776,0.15162375569343567,0.5578858256340027,-0.5978858163457167,-32.676282154346836,0.0,0.0
2.02,101,-0.5216876268386841,0.8531365990638733,-0.5488278865814209,0.4528953731060028,5.382067680358887,2.0,0.031390100717544556,0.9995071887969971,0.031395260244607925,0.553077757358551,0.14637063443660736,0.5802231431007385,-0.6202231686429049,-33.29650532298974,0.0,0.0
2.04,102,-0.5121116042137146,0.8589189052581787,-0.5376414656639099,0.5593220591545105,5.321333408355713,2.0,0.06262560933828354,0.9980370998382568,0.06266661733388901,0.5747372508049011,0.13911819458007812,0.6003080606460571,-0.6403080849175445,-33.93681340790728,0.0,0.0
2.06,103,-0.5006558895111084,0.8656464219093323,-0.5243562459945679,0.6642597913742065,5.246886730194092,2.0,0.09355364739894867,0.995614230632782,0.0936906561255455,0.5942094922065735,0.1299678385257721,0.6180469393730164,-0.6580469299880165,-34.5948603378953,0.0,0.0
2.08,104,-0.48731091618537903,0.8732285499572754,-0.5090076327323914,0.7674331068992615,5.158665657043457,2.0,0.12402476370334625,0.9922791123390198,0.12434494495391846,0.6113356947898865,0.11905058473348618,0.6333525776863098,-0.6733525545137644,-35.26821289240906,0.0,0.0
2.1,105,-0.47206902503967285,0.8815615773200989,-0.4916363060474396,0.8685653209686279,5.056611061096191,2.0,0.15389446914196014,0.9880872964859009,0.15450850129127502,0.6259635090827942,0.10652569681406021,0.6461448073387146,-0.6861448018592886,-35.954357694268346,0.0,0.0
2.12,106,-0.45492565631866455,0.8905293941497803,-0.47228872776031494,0.9673788547515869,4.940676689147949,2.0,0.18302473425865173,0.9831082820892334,0.18406227231025696,0.6379503607749939,0.09257888793945312,0.6563510298728943,-0.696351004100058,-36.650708698368405,0.0,0.0
2.14,107,-0.4358808994293213,0.9000043869018555,-0.4510168135166168,1.0635956525802612,4.81083869934082,2.0,0.21128518879413605,0.9774244427680969,0.2128896415233612,0.6471660733222961,0.07742010056972504,0.663906455039978,-0.7039064611076051,-37.35461515947601,0.0,0.0
2.16,108,-0.41494110226631165,0.9098482728004456,-0.4278780519962311,1.156937837600708,4.66710901260376,2.0,0.2385542392730713,0.9711291790008545,0.24087683856487274,0.6534953117370605,0.06128089874982834,0.6687548756599426,-0.708754896396234,-38.06337005587225,0.0,0.0
2.18,109,-0.3921204209327698,0.9199138879776001,-0.4029354751110077,1.2471287250518799,4.5095438957214355,2.0,0.2647198438644409,0.9643253684043884,0.2679134011268616,0.6568402647972107,0.044411465525627136,0.6708489060401917,-0.7108488832825511,-38.7742189391548,0.0,0.0
2.2,110,-0.36744245886802673,0.9300462603569031,-0.37625759840011597,1.333893895149231,4.338258743286133,2.0,0.2896801233291626,0.9571235179901123,0.29389262199401855,0.6571226119995117,0.02707725390791893,0.6701502203941345,-0.7101502349149925,-39.48436917406979,0.0,0.0
2.22,111,-0.3409416377544403,0.9400844573974609,-0.3479183614253998,1.4169626235961914,4.153436660766602,2.0,0.31334367394447327,0.9496397972106934,0.3187119960784912,0.6542853116989136,0.009555325843393803,0.6666303277015686,-0.706630351885398,-40.19099952595519,0.0,0.0
2.24,112,-0.31266456842422485,0.949863612651825,-0.3179969787597656,1.4960694313049316,3.9553418159484863,2.0,0.3356296420097351,0.9419940114021301,0.3422735631465912,0.64829421043396,-0.007869571447372437,0.6602705121040344,-0.7002705214473177,-40.89127004740251,0.0,0.0
2.2600000000000002,113,-0.2826713025569916,0.959216833114624,-0.28657785058021545,1.5709559917449951,3.7443270683288574,2.0,0.3564675450325012,0.9343076944351196,0.3644843101501465,0.6391388177871704,-0.0249091237783432,0.6510621905326843,-0.6910621628410323,-41.58233221024354,0.0,0.0
2.2800000000000002,114,-0.25103601813316345,0.96797776222229,-0.25375038385391235,1.641372799873352,3.520843267440796,2.0,0.37579697370529175,0.9267020225524902,0.3852566182613373,0.6268329620361328,-0.04127572104334831,0.639007031917572,-0.6790070138633462,-42.26133922410689,0.0,0.0
2.3000000000000003,115,-0.2178477942943573,0.9759827256202698,-0.21960875391960144,1.7070817947387695,3.2854459285736084,2.0,0.39356696605682373,0.9192959666252136,0.404508501291275,0.6114147901535034,-0.05668680742383003,0.6241172552108765,-0.6641172546152524,-42.92545647872214,0.0,0.0
2.32,116,-0.1832108497619629,0.9830736517906189,-0.184251606464386,1.7678577899932861,3.038799524307251,2.0,0.40973538160324097,0.9122044444084167,0.4221639633178711,0.5929462313652039,-0.07086921483278275,0.6064155697822571,-0.6464155653003629,-43.571872044022506,0.0,0.0
2.34,117,-0.14724445343017578,0.9891001582145691,-0.14778177440166473,1.8234913349151611,2.781679153442383,2.0,0.42426797747612,0.9055367112159729,0.43815332651138306,0.5715124011039734,-0.08356344699859619,0.585935115814209,-0.6259351160124678,-44.19780716003498,0.0,0.0
2.36,118,-0.11008241027593613,0.9939224720001221,-0.11030596494674683,1.8737907409667969,2.514970064163208,2.0,0.43713751435279846,0.899394690990448,0.45241352915763855,0.5472199320793152,-0.09452778100967407,0.562719464302063,-0.6027194876157321,-44.800526647650706,0.0,0.0
2.38,119,-0.07187225669622421,0.9974138736724854,-0.0719342827796936,1.9185839891433716,2.239664077758789,2.0,0.44832292199134827,0.8938716650009155,0.46488824486732483,0.5201951861381531,-0.10354217141866684,0.536822497844696,-0.5768225240536106,-45.37734917170432,0.0,0.0
2.4,120,-0.03277399018406868,0.9994627833366394,-0.032779861241579056,1.9577211141586304,1.9568532705307007,2.0,0.45780816674232483,0.8890510201454163,0.4755282700061798,0.490582138299942,-0.11041178554296494,0.5083081126213074,-0.5483081176847732,-45.92565728938909,0.0,0.0
2.42,121,0.007041591685265303,0.9999752044677734,0.007041649892926216,1.9910755157470703,1.667720079421997,2.0,0.4655815362930298,0.885004997253418,0.48429158329963684,0.4585399329662323,-0.11497020721435547,0.4772499203681946,-0.5172499304945358,-46.44290721988363,0.0,0.0
2.44,122,0.04739480838179588,0.9988762140274048,0.04741257056593895,2.0185461044311523,1.3735262155532837,2.0,0.4716346263885498,0.8817940354347229,0.4911436140537262,0.424239844083786,-0.11708217114210129,0.44373106956481934,-0.4837310552246869,-46.92663827510832,0.0,0.0
2.46,123,0.08809936791658401,0.9961116909980774,0.0882137268781662,2.040057897567749,1.0755971670150757,2.0,0.475961834192276,0.8794659376144409,0.4960573613643646,0.3878624439239502,-0.11664574593305588,0.40784361958503723,-0.4478436215594877,-47.3744818966678,0.0,0.0
2.48,124,0.12896482646465302,0.9916491508483887,0.1293250173330307,2.0555641651153564,0.775306761264801,2.0,0.4785594642162323,0.8780551552772522,0.49901336431503296,0.3495946228504181,-0.11359401792287827,0.36968836188316345,-0.4096883534597831,-47.78417025012759,0.0,0.0
2.5,125,0.16979920864105225,0.9854786992073059,0.17062591016292572,2.065045118331909,0.474057674407959,2.0,0.4794255495071411,0.8775825500488281,0.5,0.30962634086608887,-0.1078961193561554,0.3293740749359131,-0.36937408451414894,-48.15354433464174,0.0,0.0
2.52,126,0.21041175723075867,0.9776128530502319,0.21199612319469452,2.0685105323791504,0.17326313257217407,2.0,0.4785594642162323,0.8780551552772522,0.49901336431503296,0.26814770698547363,-0.09955769777297974,0.28701722621917725,-0.3270172387464056,-48.480561573388144,0.0,0.0
2.54,127,0.25061556696891785,0.9680866599082947,0.25331607460975647,2.0659971237182617,-0.12567363679409027,2.0,0.475961834192276,0.8794659376144409,0.4960573613643646,0.22534625232219696,-0.08862074464559555,0.24274128675460815,-0.28274128466202597,-48.76330285805017,0.0,0.0
2.56,128,0.29023027420043945,0.9569568634033203,0.2944674491882324,2.0575695037841797,-0.4213789403438568,2.0,0.4716346263885498,0.8817940354347229,0.4911436140537262,0.18140436708927155,-0.07516277581453323,0.19667616486549377,-0.23667617042143177,-48.9999790284716,0.0,0.0
2.58,129,0.32907500863075256,0.9443038105964661,0.33532387018203735,2.0428202152252197,-0.7374567985534668,1.9667617082595825,0.4655815362930298,0.885004997253418,0.48429158329963684,0.13650651276111603,-0.059298787266016006,0.1489677131175995,-0.1876492353964819,-49.187628263868085,0.0,0.0
2.6,130,0.3668568730354309,0.930277407169342,0.3756280541419983,2.015209913253784,-1.3805172443389893,1.4896771907806396,0.45780816674232483,0.8890510201454163,0.4755282700061798,0.09095128625631332,-0.04122639074921608,0.09990020096302032,-0.12209157905258047,-49.309719842920664,0.0,0.0
2.62,131,0.4033016264438629,0.9150670766830444,0.41512206196784973,1.9747005701065063,-2.025468349456787,0.9990019798278809,0.44832292199134827,0.8938716650009155,0.46488824486732483,0.04502126947045326,-0.021195420995354652,0.0497661717236042,-0.059746219914057576,-49.369466062834725,0.0,0.0
2.64,132,0.4381583333015442,0.8988978266716003,0.4535488486289978,1.921338677406311,-2.6680967807769775,0.4976617097854614,0.43713751435279846,0.899394690990448,0.45241352915763855,-0.0010208184830844402,0.0004968703142367303,-0.0011353195877745748,-0.0036119912887613184,-49.37307805412349,0.0,0.0
2.66,133,0.4712027311325073,0.8820249438285828,0.4906539022922516,1.8552523851394653,-3.3043150901794434,-0.011353195644915104,0.42426797747612,0.9055367112159729,0.43815332651138306,-0.04693476855754852,0.023511754348874092,-0.05250055342912674,-0.052501841994539736,-49.42557989611803,0.0,0.0
2.68,134,0.5022396445274353,0.8647284507751465,0.5261868834495544,1.7766484022140503,-3.9302003383636475,-0.5250055193901062,0.40973538160324097,0.9122044444084167,0.4221639633178711,-0.09250428527593613,0.047475963830947876,-0.10402289777994156,-0.10677920554296062,-49.532359101660994,0.0,0.0
2.7,135,0.5311040282249451,0.8473066091537476,0.5599030256271362,1.6858078241348267,-4.542024612426758,-1.0402289628982544,0.39356696605682373,0.9192959666252136,0.404508501291275,-0.13753706216812134,0.07198932766914368,-0.1553945243358612,-0.1662152836267899,-49.698574385287785,0.0,0.0
2.72,136,0.5576604604721069,0.8300691246986389,0.5915646553039551,1.5830824375152588,-5.136274337768555,-1.5539451837539673,0.37579697370529175,0.9267020225524902,0.3852566182613373,-0.18186353147029877,0.09663288295269012,-0.2063080370426178,-0.23045550076868454,-49.92902988605647,0.0,0.0
2.74,137,0.5818173289299011,0.8133195042610168,0.6209613680839539,1.4698352813720703,-5.662352561950684,-2.0,0.3564675450325012,0.9343076944351196,0.3644843101501465,-0.2253497987985611,0.12098821997642517,-0.2564770579338074,-0.2964770579848254,-50.22550694404129,0.0,0.0
2.7600000000000002,138,0.603611946105957,0.7972782254219055,0.6480237245559692,1.3531185388565063,-5.835839748382568,-2.0,0.3356296420097351,0.9419940114021301,0.3422735631465912,-0.2679823338985443,0.1447157859802246,-0.30575019121170044,-0.34575018931236745,-50.57125713335366,0.0,0.0
2.7800000000000002,139,0.6230917572975159,0.7821487784385681,0.6726893782615662,1.233282208442688,-5.991816997528076,-2.0,0.31334367394447327,0.9496397972106934,0.3187119960784912,-0.3097480535507202,0.16749103367328644,-0.35397738218307495,-0.39397739121263237,-50.96523452456629,0.0,0.0
2.8000000000000003,140,0.6403107643127441,0.7681159377098083,0.694902777671814,1.1106692552566528,-6.130645751953125,-2.0,0.2896801233291626,0.9571235179901123,0.29389262199401855,-0.35063061118125916,0.18900755047798157,-0.4010101556777954,-0.4410101455336655,-51.40624467009996,0.0,0.0
2.82,141,0.6553267240524292,0.7553455829620361,0.7146150469779968,0.985614538192749,-6.252736568450928,-2.0,0.2647198438644409,0.9643253684043884,0.2679134011268616,-0.3906068503856659,0.2089798003435135,-0.44670167565345764,-0.4867016651776504,-51.89294633527761,0.0,0.0
2.84,142,0.6681979298591614,0.7439835667610168,0.731783926486969,0.8584440350532532,-6.358526706695557,-2.0,0.2385542392730713,0.9711291790008545,0.24087683856487274,-0.4296436905860901,0.22714561223983765,-0.49090710282325745,-0.5309071058938005,-52.42385344117141,0.0,0.0
2.86,143,0.6789807677268982,0.73415607213974,0.7463734149932861,0.7294748425483704,-6.448457717895508,-2.0,0.21128518879413605,0.9774244427680969,0.2128896415233612,-0.46769559383392334,0.24326840043067932,-0.5334838032722473,-0.5734837942956355,-52.99733723546704,0.0,0.0
2.88,144,0.6877272725105286,0.725969135761261,0.7583537697792053,0.5990157127380371,-6.522956371307373,-2.0,0.18302473425865173,0.9831082820892334,0.18406227231025696,-0.5047025084495544,0.2571391463279724,-0.574291467666626,-0.6142914783407317,-53.611628713807775,0.0,0.0
2.9,145,0.6944829821586609,0.7195091247558594,0.7677010893821716,0.46736741065979004,-6.582416534423828,-2.0,0.15389446914196014,0.9880872964859009,0.15450850129127502,-0.5405884981155396,0.2685781717300415,-0.613192617893219,-0.6531926055553421,-54.264821319363115,0.0,0.0
2.92,146,0.6992855668067932,0.7148424386978149,0.7743975520133972,0.33482369780540466,-6.627184867858887,-2.0,0.12402476370334625,0.9922791123390198,0.12434494495391846,-0.5752608180046082,0.2774367034435272,-0.6500526070594788,-0.6900526332468575,-54.95487395260997,0.0,0.0
2.94,147,0.7021631598472595,0.7120161056518555,0.7784310579299927,0.2016727179288864,-6.6575493812561035,-2.0,0.09355364739894867,0.995614230632782,0.0936906561255455,-0.6086094975471497,0.2835981547832489,-0.6847403645515442,-0.7247403738506516,-55.67961432646062,0.0,0.0
2.96,148,0.7031336426734924,0.711057722568512,0.7797949910163879,0.06819815188646317,-6.673727989196777,-2.0,0.06262560933828354,0.9980370998382568,0.06266661733388901,-0.6405080556869507,0.2869793772697449,-0.7171283960342407,-0.7571283774260495,-56.43674270388667,0.0,0.0
2.98,149,0.702204167842865,0.711975634098053,0.7784886360168457,-0.06531911343336105,-6.675863265991211,-2.0,0.031390100717544556,0.9995071887969971,0.031395260244607925,-0.670814037322998,0.2875315546989441,-0.7470933794975281,-0.7870933521656363,-57.223836056052306,0.0,0.0
3.0,150,0.6993706822395325,0.7147591710090637,0.7745166420936584,-0.19859947264194489,-6.664017677307129,-2.0,1.8369701465288538e-16,1.0,1.8369701465288538e-16,-0.6993706822395325,0.2852408289909363,-0.7745166420936584,-0.8145166226252859,-58.03835267867759,0.0,0.0
3.02,151,0.6946184635162354,0.7193783521652222,0.7678893804550171,-0.33136290311813354,-6.638172149658203,-2.0,-0.031390100717544556,0.9995071887969971,-0.031395260244607925,-0.7260085344314575,0.2801288664340973,-0.7992846369743347,-0.8392846242285057,-58.877637302906095,0.0,0.0
3.04,152,0.6879225373268127,0.7257841229438782,0.7586228251457214,-0.4633274972438812,-6.598228931427002,-2.0,-0.06262560933828354,0.9980370998382568,-0.06266661733388901,-0.7505481839179993,0.27225300669670105,-0.8212894201278687,-0.861289431455097,-59.73892673436119,0.0,0.0
3.06,153,0.6792488694190979,0.7339080572128296,0.7467386722564697,-0.5942078232765198,-6.544015407562256,-2.0,-0.09355364739894867,0.995614230632782,-0.0936906561255455,-0.772802472114563,0.2617062032222748,-0.8404293060302734,-0.880429315997317,-60.61935605035851,0.0,0.0
3.08,154,0.6685552597045898,0.743662416934967,0.7322643995285034,-0.7237136363983154,-6.475290775299072,-2.0,-0.12402476370334625,0.9922791123390198,-0.12434494495391846,-0.7925800681114197,0.24861668050289154,-0.8566093444824219,-0.8966093300637547,-61.515965380422266,0.0,0.0
3.1,155,0.6557936668395996,0.7549402117729187,0.7152333855628967,-0.8515487313270569,-6.391756057739258,-2.0,-0.15389446914196014,0.9880872964859009,-0.15450850129127502,-0.8096880912780762,0.23314709961414337,-0.8697419166564941,-0.909741908940976,-62.42570728936324,0.0,0.0
3.12,156,0.6409115791320801,0.7676147222518921,0.6956852078437805,-0.9774101376533508,-6.293068885803223,-2.0,-0.18302473425865173,0.9831082820892334,-0.18406227231025696,-0.8239362835884094,0.2154935896396637,-0.8797475099563599,-0.9197474858974902,-63.34545477526073,0.0,0.0
3.14,157,0.6238548755645752,0.7815402150154114,0.673665463924408,-1.100987195968628,-6.178853988647461,-2.0,-0.21128518879413605,0.9774244427680969,-0.2128896415233612,-0.83514004945755,0.19588425755500793,-0.8865551352500916,-0.9265551115496253,-64.27200988681035,0.0,0.0
3.16,158,0.6045702695846558,0.7965518236160278,0.6492262482643127,-1.2219617366790771,-6.048725128173828,-2.0,-0.2385542392730713,0.9711291790008545,-0.24087683856487274,-0.843124508857727,0.17457734048366547,-0.8901030421257019,-0.9301030689246512,-65.202112955735,0.0,0.0
3.18,159,0.5830079913139343,0.8124664425849915,0.6224260926246643,-1.3400077819824219,-5.902301788330078,-2.0,-0.2647198438644409,0.9643253684043884,-0.2679134011268616,-0.8477278351783752,0.15185894072055817,-0.8903394937515259,-0.9303394746780344,-66.13245243041304,0.0,0.0
3.2,160,0.5591251850128174,0.829083263874054,0.5933302044868469,-1.4547923803329468,-5.739231109619141,-2.0,-0.2896801233291626,0.9571235179901123,-0.29389262199401855,-0.84880530834198,0.12804025411605835,-0.8872228264808655,-0.9272228562785758,-67.05967528669161,0.0,0.0
3.22,161,0.5328887104988098,0.8461853265762329,0.5620107054710388,-1.5659765005111694,-5.559208393096924,-2.0,-0.31334367394447327,0.9496397972106934,-0.3187119960784912,-0.8462323546409607,0.10345444828271866,-0.88072270154953,-0.9207226945006528,-67.98039798119227,0.0,0.0
3.24,162,0.5042786002159119,0.8635410070419312,0.5285463929176331,-1.6732165813446045,-5.362004280090332,-2.0,-0.3356296420097351,0.9419940114021301,-0.3422735631465912,-0.839908242225647,0.07845301181077957,-0.8708199262619019,-0.9108199202927012,-68.89121790148496,0.0,0.0
3.2600000000000002,163,0.4732910692691803,0.8809061050415039,0.4930230379104614,-1.776166319847107,-5.147484302520752,-2.0,-0.3564675450325012,0.9343076944351196,-0.3644843101501465,-0.8297585844993591,0.053401604294776917,-0.8575073480606079,-0.897507355061731,-69.7887252565467,0.0,0.0
3.2800000000000002,164,0.4399414360523224,0.8980264663696289,0.4555334746837616,-1.8744789361953735,-4.915632724761963,-2.0,-0.37579697370529175,0.9267020225524902,-0.3852566182613373,-0.8157383799552917,0.028675561770796776,-0.8407900929450989,-0.8807900836595632,-70.66951534020626,0.0,0.0
3.3000000000000003,165,0.40426698327064514,0.9146410226821899,0.41617724299430847,-1.9678105115890503,-4.666576385498047,-2.0,-0.39356696605682373,0.9192959666252136,-0.404508501291275,-0.7978339195251465,0.004654917400330305,-0.8206857442855835,-0.8606857499072934,-71.53020109011355,0.0,0.0
3.3200000000000003,166,0.3663291037082672,0.9304853677749634,0.3750607967376709,-2.0558226108551025,-4.400601387023926,-2.0,-0.40973538160324097,0.9122044444084167,-0.4221639633178711,-0.7760645151138306,-0.01828092522919178,-0.797224760055542,-0.8372247653718992,-72.36742585548545,0.0,0.0
3.34,167,0.32621529698371887,0.945295512676239,0.33229708671569824,-2.138185977935791,-4.118173122406006,-2.0,-0.42426797747612,0.9055367112159729,-0.43815332651138306,-0.7504832744598389,-0.03975880891084671,-0.7704504132270813,-0.8104504233233611,-73.17787627880881,0.0,0.0
3.36,168,0.28404033184051514,0.9588123559951782,0.28800538182258606,-2.2145848274230957,-3.8199472427368164,-2.0,-0.43713751435279846,0.899394690990448,-0.45241352915763855,-0.721177875995636,-0.05941765382885933,-0.7404189109802246,-0.7804189113482181,-73.95829519015703,0.0,0.0
3.38,169,0.23994672298431396,0.9707860350608826,0.24231097102165222,-2.2847204208374023,-3.506779909133911,-2.0,-0.44832292199134827,0.8938716650009155,-0.46488824486732483,-0.6882696151733398,-0.07691438496112823,-0.707199215888977,-0.7471992179554265,-74.70549440811246,0.0,0.0
3.4,170,0.1941046565771103,0.9809808135032654,0.19534467160701752,-2.3483152389526367,-3.1797311305999756,-2.0,-0.45780816674232483,0.8890510201454163,-0.4755282700061798,-0.6519128084182739,-0.09192982316017151,-0.6708729267120361,-0.710872930643578,-75.41636733875603,0.0,0.0
3.42,171,0.14671087265014648,0.9891794323921204,0.14724233746528625,-2.405116319656372,-2.8400633335113525,-2.0,-0.4655815362930298,0.885004997253418,-0.48429158329963684,-0.6122924089431763,-0.1041744202375412,-0.6315339207649231,-0.6715339252469436,-76.08790126400298,0.0,0.0
3.44,172,0.09798683971166611,0.9951876997947693,0.09814432263374329,-2.4549009799957275,-2.4892334938049316,-2.0,-0.4716346263885498,0.8817940354347229,-0.4911436140537262,-0.5696215033531189,-0.11339364945888519,-0.5892879366874695,-0.6292879488658116,-76.71718921286879,0.0,0.0
3.46,173,0.04817609488964081,0.9988388419151306,0.048194751143455505,-2.497478723526001,-2.1288793087005615,-2.0,-0.475961834192276,0.8794659376144409,-0.4960573613643646,-0.5241379141807556,-0.1193729117512703,-0.5442520976066589,-0.5842521012233962,-77.30144131409219,0.0,0.0
3.48,174,-0.0024591400288045406,0.9999969601631165,-0.002459142357110977,-2.5326945781707764,-1.7608001232147217,-2.0,-0.4785594642162323,0.8780551552772522,-0.49901336431503296,-0.4761003255844116,-0.12194181978702545,-0.4965542256832123,-0.5365542217757203,-77.8379955358679,0.0,0.0
3.5,175,-0.05364204943180084,0.9985602498054504,-0.05366780608892441,-2.5604331493377686,-1.3869308233261108,-2.0,-0.4794255495071411,0.8775825500488281,-0.5,-0.4257834851741791,-0.12097766995429993,-0.446332186460495,-0.486332192225667,-78.32432772809356,0.0,0.0
3.52,176,-0.1050858199596405,0.9944631457328796,-0.10528019815683365,-2.5806195735931396,-1.009312391281128,-2.0,-0.4785594642162323,0.8780551552772522,-0.49901336431503296,-0.3734736442565918,-0.11640800535678864,-0.3937331736087799,-0.43373316615264407,-78.75806089424621,0.0,0.0
3.54,177,-0.15649864077568054,0.9876781702041626,-0.15714460611343384,-2.5932207107543945,-0.6300578713417053,-2.0,-0.475961834192276,0.8794659376144409,-0.4960573613643646,-0.31946316361427307,-0.10821223258972168,-0.3389127254486084,-0.3789127391683844,-79.1369736334146,0.0,0.0
3.56,178,-0.20758892595767975,0.9782161712646484,-0.20910954475402832,-2.5982470512390137,-0.2513154447078705,-2.0,-0.4716346263885498,0.8817940354347229,-0.4911436140537262,-0.26404571533203125,-0.09642209112644196,-0.2820340692996979,-0.3220340742660838,-79.45900770768068,0.0,0.0
3.58,179,-0.25807055830955505,0.9661260843276978,-0.2610245943069458,-2.5957515239715576,0.12476982176303864,-2.0,-0.4655815362930298,0.885004997253418,-0.48429158329963684,-0.20751096308231354,-0.08112107217311859,-0.22326700389385223,-0.263266997784593,-79.72227470546528,0.0,0.0
3.6,180,-0.307668000459671,0.9514937996864319,-0.3127411901950836,-2.585829734802246,0.49609485268592834,-2.0,-0.45780816674232483,0.8890510201454163,-0.4755282700061798,-0.15014015138149261,-0.06244276836514473,-0.1627870798110962,-0.2027870816279785,-79.92506178709326,0.0,0.0
3.62,181,-0.35601675510406494,0.9344795942306519,-0.3640018701553345,-2.563035011291504,1.139732837677002,-1.627870798110962,-0.44832292199134827,0.8938716650009155,-0.46488824486732483,-0.09230615943670273,-0.04060789942741394,-0.10088636726140976,-0.12738599975839054,-80.05244778685164,0.0,0.0
3.64,182,-0.4027131199836731,0.9153262376785278,-0.4144790470600128,-2.523857831954956,1.9588593244552612,-1.0088636875152588,-0.43713751435279846,0.899394690990448,-0.45241352915763855,-0.03442438691854477,-0.015931565314531326,-0.03793449327349663,-0.04811255101135057,-80.100560337863,0.0,0.0
3.66,183,-0.44739189743995667,0.8943380117416382,-0.46384695172309875,-2.468395948410034,2.7730977535247803,-0.3793449103832245,-0.42426797747612,0.9055367112159729,-0.43815332651138306,0.023123912513256073,0.011198661290109158,0.025693612173199654,-0.027132637467309637,-80.1276929753303,0.0,0.0
3.68,184,-0.4897335171699524,0.8718721866607666,-0.5117840766906738,-2.3968567848205566,3.5769526958465576,0.25693610310554504,-0.40973538160324097,0.9122044444084167,-0.4221639633178711,0.07999813556671143,0.040332257747650146,0.08962012827396393,-0.09028028739798698,-80.2179732627283,0.0,0.0
3.7,185,-0.5294695496559143,0.8483289480209351,-0.5579751133918762,-2.309551954269409,4.3652472496032715,0.8962012529373169,-0.39356696605682373,0.9192959666252136,-0.404508501291275,0.1359025537967682,0.07096698880195618,0.1534666270017624,-0.1614983958948658,-80.37947165862316,0.0,0.0
3.72,186,-0.56638503074646,0.824140727519989,-0.602112889289856,-2.206888198852539,5.133180141448975,1.5346662998199463,-0.37579697370529175,0.9267020225524902,-0.3852566182613373,0.1905881017446518,0.10256128013134003,0.21685627102851868,-0.24040827667470746,-80.61987993529787,0.0,0.0
3.74,187,-0.6003596186637878,0.7997301816940308,-0.6439507007598877,-2.0918896198272705,5.749936580657959,2.0,-0.3564675450325012,0.9343076944351196,-0.3644843101501465,0.24389207363128662,0.13457754254341125,0.2794663608074188,-0.31946636930887334,-80.93934630460674,0.0,0.0
3.7600000000000002,188,-0.6314255595207214,0.775436520576477,-0.6833902597427368,-1.971977710723877,5.995591640472412,2.0,-0.3356296420097351,0.9419940114021301,-0.3422735631465912,0.29579591751098633,0.16655753552913666,0.34111669659614563,-0.38111668457478204,-81.32046298918152,0.0,0.0
3.7800000000000002,189,-0.659641683101654,0.7515802383422852,-0.7203419208526611,-1.8475844860076904,6.219662666320801,2.0,-0.31334367394447327,0.9496397972106934,-0.3187119960784912,0.3462980091571808,0.1980595737695694,0.4016299247741699,-0.4416299320906207,-81.76209292127214,0.0,0.0
3.8000000000000003,190,-0.685088038444519,0.7284602522850037,-0.7547245621681213,-1.7191325426101685,6.422598361968994,2.0,-0.2896801233291626,0.9571235179901123,-0.29389262199401855,0.39540791511535645,0.22866325080394745,0.4608319401741028,-0.5008319509659588,-82.2629248722381,0.0,0.0
3.8200000000000003,191,-0.7078608870506287,0.7063518762588501,-0.7864652276039124,-1.587032437324524,6.6050028800964355,2.0,-0.2647198438644409,0.9643253684043884,-0.2679134011268616,0.44314104318618774,0.2579735219478607,0.5185518264770508,-0.5585518286216886,-82.82147670085979,0.0,0.0
3.84,192,-0.7280676364898682,0.6855052709579468,-0.8154988288879395,-1.4516804218292236,6.7676005363464355,2.0,-0.2385542392730713,0.9711291790008545,-0.24087683856487274,0.4895133972167969,0.2856238782405853,0.5746219754219055,-0.6146219979269201,-83.43609869878671,0.0,0.0
3.86,193,-0.745822012424469,0.6661452651023865,-0.8417679667472839,-1.3134565353393555,6.911195755004883,2.0,-0.21128518879413605,0.9774244427680969,-0.2128896415233612,0.5345368385314941,0.31127917766571045,0.6288782954216003,-0.6688783197812794,-84.104977018568,0.0,0.0
3.88,194,-0.7612395286560059,0.6484708189964294,-0.8652224540710449,-1.1727237701416016,7.036640167236328,2.0,-0.18302473425865173,0.9831082820892334,-0.18406227231025696,0.5782148241996765,0.33463752269744873,0.6811601519584656,-0.7211601637933236,-84.82613718236132,0.0,0.0
3.9,195,-0.7744333744049072,0.6326554417610168,-0.8858190178871155,-1.0298278331756592,7.144796848297119,2.0,-0.15389446914196014,0.9880872964859009,-0.15450850129127502,0.6205388903617859,0.35543182492256165,0.7313104867935181,-0.7713104987320369,-85.59744768109336,0.0,0.0
3.92,196,-0.7855107188224792,0.6188480854034424,-0.903520941734314,-0.8850975632667542,7.236512184143066,2.0,-0.12402476370334625,0.9922791123390198,-0.12434494495391846,0.6614859700202942,0.3734310567378998,0.7791759967803955,-0.8191760032401597,-86.41662368433352,0.0,0.0
3.94,197,-0.7945692539215088,0.607173502445221,-0.9182978868484497,-0.7388458251953125,7.312586307525635,2.0,-0.09355364739894867,0.995614230632782,-0.0936906561255455,0.7010156512260437,0.38844072818756104,0.8246071934700012,-0.8646072059639992,-87.28123089029752,0.0,0.0
3.96,198,-0.8016948103904724,0.5977335572242737,-0.9301252961158752,-0.5913708209991455,7.37375020980835,2.0,-0.06262560933828354,0.9980370998382568,-0.06266661733388901,0.7390692234039307,0.40030354261398315,0.8674586415290833,-0.907458662832826,-88.18868955313035,0.0,0.0
3.98,199,-0.8069587349891663,0.5906078219413757,-0.9389844536781311,-0.44295790791511536,7.4206461906433105,2.0,-0.031390100717544556,0.9995071887969971,-0.031395260244607925,0.7755686044692993,0.40889936685562134,0.9075891971588135,-0.9475891777585238,-89.13627873088888,0.0,0.0
4.0,200,-0.8104161620140076,0.5858546495437622,-0.9448620676994324,-0.29388171434402466,7.45380973815918,2.0,-2.4492937051703357e-16,1.0,-2.4492937051703357e-16,0.8104161620140076,0.4141453504562378,0.9448620676994324,-0.9848620715574193,-90.12114080244629,0.0,0.0
4.0200000000000005,201,-0.8121048212051392,0.5835115909576416,-0.9477502703666687,-0.14440855383872986,7.473657131195068,2.0,0.031390100717544556,0.9995071887969971,0.031395260244607925,0.8434948921203613,0.41599559783935547,0.9791455268859863,-1.0191455024440859,-91.14028630489038,0.0,0.0
4.04,202,-0.812044084072113,0.5835960507392883,-0.9476462006568909,0.005200971849262714,7.480476379394531,2.0,0.06262560933828354,0.9980370998382568,0.06266661733388901,0.8746697306632996,0.4144410192966461,1.010312795639038,-1.0503128400241648,-92.19059914491454,0.0,0.0
4.0600000000000005,203,-0.8102346658706665,0.5861055850982666,-0.9445524215698242,0.15468935668468475,7.474419593811035,2.0,0.09355364739894867,0.995614230632782,0.0936906561255455,0.9037883281707764,0.40950867533683777,1.038243055343628,-1.0782430933238254,-93.26884223823836,0.0,0.0
4.08,204,-0.8066585659980774,0.5910177230834961,-0.9384764432907104,0.3037993907928467,7.455501079559326,2.0,0.12402476370334625,0.9922791123390198,0.12434494495391846,0.9306833744049072,0.40126141905784607,1.062821388244629,-1.10282139203474,-94.3716636302731,0.0,0.0
4.1,205,-0.8012796640396118,0.598289966583252,-0.9294310212135315,0.45227134227752686,7.423598289489746,2.0,0.15389446914196014,0.9880872964859009,0.15450850129127502,0.9551741480827332,0.38979730010032654,1.083939552307129,-1.1239395188183923,-95.4956031490915,0.0,0.0
4.12,206,-0.7940446138381958,0.6078594923019409,-0.9174342155456543,0.5998404622077942,7.378454685211182,2.0,0.18302473425865173,0.9831082820892334,0.18406227231025696,0.9770693182945251,0.37524881958961487,1.1014964580535889,-1.1414964891927792,-96.63709963828427,0.0,0.0
4.14,207,-0.7848843932151794,0.6196422576904297,-0.9025095105171204,0.7462342381477356,7.3196892738342285,2.0,0.21128518879413605,0.9774244427680969,0.2128896415233612,0.9961695671081543,0.3577822148799896,1.1153991222381592,-1.1553991742091037,-97.79249881249338,0.0,0.0
4.16,208,-0.773716151714325,0.6335324048995972,-0.8846861124038696,0.8911702632904053,7.246803283691406,2.0,0.2385542392730713,0.9711291790008545,0.24087683856487274,1.012270450592041,0.3375968039035797,1.1255629062652588,-1.165562959809204,-98.95806177230259,0.0,0.0
4.18,209,-0.7604455947875977,0.6494016051292419,-0.8639990091323853,1.0343542098999023,7.159197807312012,2.0,0.2647198438644409,0.9643253684043884,0.2679134011268616,1.0251654386520386,0.3149237334728241,1.1319124698638916,-1.1719124354342376,-100.12997420773682,0.0,0.0
4.2,210,-0.7449697256088257,0.6670982837677002,-0.8404895067214966,1.1754781007766724,7.056190490722656,2.0,0.2896801233291626,0.9571235179901123,0.29389262199401855,1.0346498489379883,0.2900252640247345,1.1343821287155151,-1.1743821031362747,-101.3043563108731,0.0,0.0
4.22,211,-0.7271801829338074,0.6864466667175293,-0.8142051100730896,1.3142187595367432,6.937034606933594,2.0,0.31334367394447327,0.9496397972106934,0.3187119960784912,1.040523886680603,0.26319316029548645,1.132917046546936,-1.1729170971401413,-102.47727340801325,0.0,0.0
4.24,212,-0.7069668769836426,0.7072466611862183,-0.7852003574371338,1.4502376317977905,6.800944805145264,2.0,0.3356296420097351,0.9419940114021301,0.3422735631465912,1.0425965785980225,0.23474738001823425,1.1274739503860474,-1.167473902536291,-103.64474731054953,0.0,0.0
4.26,213,-0.6842222809791565,0.7292734980583191,-0.7535367608070374,1.5831801891326904,6.647124767303467,2.0,0.3564675450325012,0.9343076944351196,0.3644843101501465,1.0406898260116577,0.20503419637680054,1.118021011352539,-1.158021060590593,-104.80276837114013,0.0,0.0
4.28,214,-0.6588456034660339,0.7522781491279602,-0.7192832231521606,1.7126760482788086,6.474796295166016,2.0,0.37579697370529175,0.9267020225524902,0.3852566182613373,1.0346425771713257,0.17442385852336884,1.1045398712158203,-1.1445398470788866,-105.94730821821902,0.0,0.0
4.3,215,-0.6307477355003357,0.775987982749939,-0.6825163960456848,1.8383406400680542,6.283231258392334,2.0,0.39356696605682373,0.9192959666252136,0.404508501291275,1.0243146419525146,0.14330798387527466,1.0870249271392822,-1.1270249091484321,-107.07433312736745,0.0,0.0
4.32,216,-0.5998557806015015,0.8001081347465515,-0.6433208584785461,1.9597764015197754,6.071788787841797,2.0,0.40973538160324097,0.9122044444084167,0.4221639633178711,1.0095912218093872,0.11209630221128464,1.065484881401062,-1.1054848455393729,-108.17981797290683,0.0,0.0
4.34,217,-0.5661184191703796,0.8243239521980286,-0.6017893552780151,2.076575517654419,5.839947700500488,2.0,0.42426797747612,0.9055367112159729,0.43815332651138306,0.9903863668441772,0.08121275156736374,1.039942741394043,-1.0799427146373652,-109.2597606875442,0.0,0.0
4.36,218,-0.5295100808143616,0.8483036756515503,-0.5580229163169861,2.1883223056793213,5.587344646453857,2.0,0.43713751435279846,0.899394690990448,0.45241352915763855,0.9666475653648376,0.0510910339653492,1.0104364156723022,-1.0504364548458698,-110.31019714239007,0.0,0.0
4.38,219,-0.49003592133522034,0.871702253818512,-0.5121309757232666,2.2945985794067383,5.313808441162109,2.0,0.44832292199134827,0.8938716650009155,0.46488824486732483,0.9383588433265686,0.022169433534145355,0.977019190788269,-1.0170192022322404,-111.3272163446223,0.0,0.0
4.4,220,-0.4477355182170868,0.8941660523414612,-0.4642312228679657,2.394986391067505,5.019392013549805,2.0,0.45780816674232483,0.8890510201454163,0.4755282700061798,0.9055436849594116,-0.005115029402077198,0.9397594928741455,-0.9797594913751225,-112.30697583599742,0.0,0.0
4.42,221,-0.40268632769584656,0.9153380393981934,-0.4144497513771057,2.489074230194092,4.704401969909668,2.0,0.4655815362930298,0.885004997253418,0.48429158329963684,0.868267834186554,-0.03033304028213024,0.8987413048744202,-0.9387413268649216,-113.24571716286235,0.0,0.0
4.44,222,-0.35500600934028625,0.9348640441894531,-0.36292049288749695,2.576462745666504,4.369424343109131,2.0,0.4716346263885498,0.8817940354347229,0.4911436140537262,0.8266406655311584,-0.053069960325956345,0.8540641069412231,-0.8940641150039355,-114.13978127786629,0.0,0.0
4.46,223,-0.30485397577285767,0.9523991346359253,-0.3097850978374481,2.6567695140838623,4.015339374542236,2.0,0.475961834192276,0.8794659376144409,0.4960573613643646,0.7808157801628113,-0.07293315976858139,0.8058424592018127,-0.8458424479083955,-114.98562372577469,0.0,0.0
4.48,224,-0.2524315416812897,0.9676147699356079,-0.255192369222641,2.7296361923217773,3.643334150314331,2.0,0.4785594642162323,0.8780551552772522,0.49901336431503296,0.730991005897522,-0.08955959975719452,0.7542057633399963,-0.7942057353865598,-115.77982946116124,0.0,0.0
4.5,225,-0.19798097014427185,0.9802058935165405,-0.1992976814508438,2.794734477996826,3.254903793334961,2.0,0.4794255495071411,0.8775825500488281,0.5,0.6774064898490906,-0.10262330621480942,0.6992976665496826,-0.7392976835733908,-116.51912714473464,0.0,0.0
4.5200000000000005,226,-0.14178287982940674,0.9898977875709534,-0.142262265086174,2.851771116256714,2.8518424034118652,2.0,0.4785594642162323,0.8780551552772522,0.49901336431503296,0.6203423142433167,-0.11184262484312057,0.6412756443023682,-0.681275623224203,-117.20040276795885,0.0,0.0
4.54,227,-0.0841527059674263,0.9964528679847717,-0.08425234258174896,2.900495767593384,2.4362261295318604,2.0,0.475961834192276,0.8794659376144409,0.4960573613643646,0.5601145029067993,-0.11698693037033081,0.5803096890449524,-0.6203096946544607,-117.82071246261332,0.0,0.0
4.5600000000000005,228,-0.02543553151190281,0.9996764659881592,-0.025438275188207626,2.9407033920288086,2.010385036468506,2.0,0.4716346263885498,0.8817940354347229,0.4911436140537262,0.49707016348838806,-0.11788240075111389,0.5165818929672241,-0.5565819003817521,-118.37729436299507,0.0,0.0
4.58,229,0.033999986946582794,0.9994218349456787,0.03400653973221779,2.972240686416626,1.576865553855896,2.0,0.4655815362930298,0.885004997253418,0.48429158329963684,0.4315815269947052,-0.11441683769226074,0.45028504729270935,-0.49028504038425297,-118.86757940337932,0.0,0.0
4.6000000000000005,230,0.09376875311136246,0.9955940246582031,0.0939067080616951,2.9950084686279297,1.1383861303329468,2.0,0.45780816674232483,0.8890510201454163,0.4755282700061798,0.36403942108154297,-0.10654299706220627,0.3816215395927429,-0.42162154834056725,-119.28920095171989,0.0,0.0
4.62,231,0.15347698330879211,0.9881522059440613,0.15408599376678467,3.0089640617370605,0.6977835893630981,2.0,0.44832292199134827,0.8938716650009155,0.46488824486732483,0.29484590888023376,-0.09428054839372635,0.31080225110054016,-0.3508022500737329,-119.64000320179362,0.0,0.0
4.64,232,0.21273037791252136,0.9771109223365784,0.21436846256256104,3.0141232013702393,0.25795692205429077,2.0,0.43713751435279846,0.899394690990448,0.45241352915763855,0.2244071364402771,-0.07771625369787216,0.23804506659507751,-0.27804506752941144,-119.91804826932302,0.0,0.0
4.66,233,0.2711423635482788,0.9625392556190491,0.27457964420318604,3.010559320449829,-0.17819343507289886,2.0,0.42426797747612,0.9055367112159729,0.43815332651138306,0.1531256139278412,-0.05700257420539856,0.16357369720935822,-0.20357369285713708,-120.12162196218016,0.0,0.0
4.68,234,0.32823875546455383,0.9445948004722595,0.33443841338157654,2.992938995361328,-0.8810231685638428,1.6357369422912598,0.40973538160324097,0.9122044444084167,0.4221639633178711,0.08149662613868713,-0.03239036351442337,0.08772553503513336,-0.11448188938293796,-120.2361038515631,0.0,0.0
4.7,235,0.38346895575523376,0.9235537648200989,0.39354947209358215,2.955552816390991,-1.8693103790283203,0.877255380153656,0.39356696605682373,0.9192959666252136,0.404508501291275,0.010098010301589966,-0.0042578172869980335,0.010959016159176826,-0.01865478551303054,-120.25475863707614,0.0,0.0
4.72,236,0.43633419275283813,0.8997846841812134,0.45152053236961365,2.898552417755127,-2.850013494491577,0.10959015786647797,0.37579697370529175,0.9267020225524902,0.3852566182613373,-0.060537226498126984,0.026917342096567154,-0.06626390665769577,-0.06638400969843165,-120.32114264677458,0.0,0.0
4.74,237,0.4864003658294678,0.8737360239028931,0.5079652070999146,2.822232484817505,-3.8160037994384766,-0.6626390814781189,0.3564675450325012,0.9343076944351196,0.3644843101501465,-0.12993282079696655,0.06057165563106537,-0.14348086714744568,-0.14787177119109243,-120.46901441796567,0.0,0.0
4.76,238,0.5333073735237122,0.845921516418457,0.5625056028366089,2.727019786834717,-4.7606306076049805,-1.434808611869812,0.3356296420097351,0.9419940114021301,0.3422735631465912,-0.19767776131629944,0.09607250243425369,-0.2202320247888565,-0.24081878074640856,-120.70983319871208,0.0,0.0
4.78,239,0.5768241882324219,0.8168683052062988,0.6148355603218079,2.6164982318878174,-5.5260725021362305,-2.0,0.31334367394447327,0.9496397972106934,0.3187119960784912,-0.2634805142879486,0.13277147710323334,-0.29612353444099426,-0.336123546916321,-121.0459567456284,0.0,0.0
4.8,240,0.6169242858886719,0.7870224714279175,0.6648286581039429,2.4996562004089355,-5.842102527618408,-2.0,0.2896801233291626,0.9571235179901123,0.29389262199401855,-0.3272441625595093,0.17010101675987244,-0.3709360361099243,-0.4109360414147652,-121.45689278704317,0.0,0.0
4.82,241,0.6536282896995544,0.7568157315254211,0.7123686671257019,2.3770010471343994,-6.132757663726807,-2.0,0.2647198438644409,0.9643253684043884,0.2679134011268616,-0.38890841603279114,0.2075096070766449,-0.4444552958011627,-0.4844552927846722,-121.94134807982785,0.0,0.0
4.84,242,0.6869977712631226,0.7266594767570496,0.75734943151474,2.249037027359009,-6.398207664489746,-2.0,0.2385542392730713,0.9711291790008545,0.24087683856487274,-0.44844356179237366,0.24446967244148254,-0.516472578048706,-0.5564725929351897,-122.49782067276304,0.0,0.0
4.86,243,0.7171293497085571,0.6969401240348816,0.7996745705604553,2.116258382797241,-6.638925075531006,-2.0,0.21128518879413605,0.9774244427680969,0.2128896415233612,-0.5058441758155823,0.2804843485355377,-0.5867849588394165,-0.6267849538388817,-123.12460562660192,0.0,0.0
4.88,244,0.7441473603248596,0.6680155396461487,0.839257538318634,1.9791456460952759,-6.8556389808654785,-2.0,0.18302473425865173,0.9831082820892334,0.18406227231025696,-0.5611225962638855,0.3150927722454071,-0.6551952362060547,-0.6951952373769548,-123.81980086397887,0.0,0.0
4.9,245,0.7681973576545715,0.6402130722999573,0.8760207295417786,1.8381600379943848,-7.049282073974609,-2.0,0.15389446914196014,0.9880872964859009,0.15450850129127502,-0.614302933216095,0.3478741943836212,-0.7215121984481812,-0.7615122178437812,-124.58131308182266,0.0,0.0
4.92,246,0.7894396185874939,0.6138282418251038,0.9098955392837524,1.6937412023544312,-7.220942974090576,-2.0,0.12402476370334625,0.9922791123390198,0.12434494495391846,-0.6654148697853088,0.3784509003162384,-0.785550594329834,-0.8255505954780739,-125.40686367730073,0.0,0.0
4.94,247,0.8080424070358276,0.589124321937561,0.940821647644043,1.5463048219680786,-7.371817111968994,-2.0,0.09355364739894867,0.995614230632782,0.0936906561255455,-0.7144887447357178,0.40648993849754333,-0.8471309542655945,-0.8871309788685955,-126.29399465616933,0.0,0.0
4.96,248,0.8241764307022095,0.5663331151008606,0.9687464833259583,1.3962416648864746,-7.5031585693359375,-2.0,0.06262560933828354,0.9980370998382568,0.06266661733388901,-0.7615508437156677,0.43170398473739624,-0.9060798287391663,-0.9460798530685138,-127.24007450923784,0.0,0.0
4.98,249,0.8380093574523926,0.5456558465957642,0.9936248064041138,1.2439169883728027,-7.616237163543701,-2.0,0.031390100717544556,0.9995071887969971,0.031395260244607925,-0.8066192865371704,0.4538513720035553,-0.9622295498847961,-1.0022295488710469,-128.24230405810889,0.0,0.0
5.0,250,0.8497011661529541,0.5272645950317383,1.0154181718826294,1.0896708965301514,-7.712300777435303,-2.0,3.0616169991140216e-16,1.0,3.0616169991140216e-16,-0.8497011661529541,0.4727354049682617,-1.0154181718826294,-1.0554182270683041,-129.2977222851772,0.0,0.0
5.0200000000000005,251,0.8593997955322266,0.5113041996955872,1.0340945720672607,0.9338201284408569,-7.792538642883301,-2.0,-0.031390100717544556,0.9995071887969971,-0.031395260244607925,-0.8907898664474487,0.4882029891014099,-1.0654898881912231,-1.1054898897396361,-130.40321217491683,0.0,0.0
5.04,252,0.8672379851341248,0.4978938698768616,1.0496277809143066,0.7766590714454651,-7.8580522537231445,-2.0,-0.06262560933828354,0.9980370998382568,-0.06266661733388901,-0.9298635721206665,0.5001432299613953,-1.1122944355010986,-1.1522944287818708,-131.5555066036987,0.0,0.0
5.0600000000000005,253,0.8733300566673279,0.48712897300720215,1.0619970560073853,0.6184625625610352,-7.909828186035156,-2.0,-0.09355364739894867,0.995614230632782,-0.0936906561255455,-0.9668837189674377,0.5084852576255798,-1.155687689781189,-1.1956877200687712,-132.75119432376746,0.0,0.0
5.08,254,0.8777697086334229,0.47908279299736023,1.0711867809295654,0.459488183259964,-7.948718070983887,-2.0,-0.12402476370334625,0.9922791123390198,-0.12434494495391846,-1.001794457435608,0.5131962895393372,-1.1955317258834839,-1.235531769858284,-133.98672609362575,0.0,0.0
5.1000000000000005,255,0.8806281685829163,0.4738079607486725,1.0771864652633667,0.2999797463417053,-7.97542142868042,-2.0,-0.15389446914196014,0.9880872964859009,-0.15450850129127502,-1.0345226526260376,0.5142793655395508,-1.2316949367523193,-1.2716949183829511,-135.2584210120087,0.0,0.0
5.12,256,0.8819530010223389,0.47133734822273254,1.0799897909164429,0.14017032086849213,-7.990471363067627,-2.0,-0.18302473425865173,0.9831082820892334,-0.18406227231025696,-1.064977765083313,0.5117709636688232,-1.264052152633667,-1.3040521039737887,-136.5624731159825,0.0,0.0
5.14,257,0.8817670941352844,0.4716850519180298,1.0795955657958984,-0.019714191555976868,-7.99422550201416,-2.0,-0.21128518879413605,0.9774244427680969,-0.2128896415233612,-1.0930522680282593,0.5057393908500671,-1.292485237121582,-1.3324851895798924,-137.8949583055624,0.0,0.0
5.16,258,0.8800685405731201,0.4748466908931732,1.076006531715393,-0.17945143580436707,-7.9868621826171875,-2.0,-0.2385542392730713,0.9711291790008545,-0.24087683856487274,-1.1186227798461914,0.4962824881076813,-1.3168833255767822,-1.356883352142654,-139.25184165770506,0.0,0.0
5.18,259,0.8768306374549866,0.4807994067668915,1.069230079650879,-0.3388189375400543,-7.968374729156494,-2.0,-0.2647198438644409,0.9643253684043884,-0.2679134011268616,-1.1415504217147827,0.48352596163749695,-1.3371435403823853,-1.3771435339443707,-140.62898519164943,0.0,0.0
5.2,260,0.8720024228096008,0.4895015060901642,1.0592783689498901,-0.49759045243263245,-7.938575744628906,-2.0,-0.2896801233291626,0.9571235179901123,-0.29389262199401855,-1.1616826057434082,0.4676220118999481,-1.3531709909439087,-1.3931709537505246,-142.02215614539995,0.0,0.0
5.22,261,0.8655099868774414,0.5008916258811951,1.0461677312850952,-0.6555324196815491,-7.897098541259766,-2.0,-0.31334367394447327,0.9496397972106934,-0.3187119960784912,-1.1788536310195923,0.4487481713294983,-1.3648797273635864,-1.4048796742751517,-143.4270358196751,0.0,0.0
5.24,262,0.857257604598999,0.5148876905441284,1.0299196243286133,-0.8124005794525146,-7.84340763092041,-2.0,-0.3356296420097351,0.9419940114021301,-0.3422735631465912,-1.192887306213379,0.4271063208580017,-1.3721932172775269,-1.4121932211921941,-144.83922904086728,0.0,0.0
5.26,263,0.8471300601959229,0.531385600566864,1.0105609893798828,-0.9679366946220398,-7.77680778503418,-2.0,-0.3564675450325012,0.9343076944351196,-0.3644843101501465,-1.2035975456237793,0.4029220938682556,-1.3750452995300293,-1.415045247568556,-146.25427428843582,0.0,0.0
5.28,264,0.8349949717521667,0.5502576231956482,0.9881235957145691,-1.12186598777771,-7.6964616775512695,-2.0,-0.37579697370529175,0.9267020225524902,-0.3852566182613373,-1.2107919454574585,0.37644442915916443,-1.373380184173584,-1.41338023618919,-147.66765452462502,0.0,0.0
5.3,265,0.8207060694694519,0.571350634098053,0.9626457095146179,-1.2738940715789795,-7.601405620574951,-2.0,-0.39356696605682373,0.9192959666252136,-0.404508501291275,-1.2142730951309204,0.34794533252716064,-1.3671542406082153,-1.4071542307721114,-149.07480875539713,0.0,0.0
5.32,266,0.8041068911552429,0.5944847464561462,0.9341716170310974,-1.4237055778503418,-7.490573883056641,-2.0,-0.40973538160324097,0.9122044444084167,-0.4221639633178711,-1.2138422727584839,0.3177196979522705,-1.3563356399536133,-1.396335585535021,-150.47114434093214,0.0,0.0
5.34,267,0.7850348353385925,0.6194515824317932,0.9027523994445801,-1.5709620714187622,-7.362827301025391,-2.0,-0.42426797747612,0.9055367112159729,-0.43815332651138306,-1.2093027830123901,0.2860850691795349,-1.3409056663513184,-1.3809057209921636,-151.8520500619243,0.0,0.0
5.36,268,0.7633261680603027,0.6460132598876953,0.8684463500976562,-1.715301752090454,-7.216982841491699,-2.0,-0.43713751435279846,0.899394690990448,-0.45241352915763855,-1.2004636526107788,0.2533814013004303,-1.3208599090576172,-1.3608598722636545,-153.21290993418796,0.0,0.0
5.38,269,0.738821268081665,0.6739014387130737,0.8313195705413818,-1.8563387393951416,-7.051848411560059,-2.0,-0.44832292199134827,0.8938716650009155,-0.46488824486732483,-1.187144160270691,0.21997025609016418,-1.2962077856063843,-1.3362078146206526,-154.5491177488086,0.0,0.0
5.4,270,0.7113704681396484,0.7028172016143799,0.7914462685585022,-1.993664026260376,-6.866264820098877,-2.0,-0.45780816674232483,0.8890510201454163,-0.4755282700061798,-1.1691786050796509,0.18623380362987518,-1.2669745683670044,-1.3069745495374816,-155.85609229834608,0.0,0.0
5.42,271,0.6808403134346008,0.7324318885803223,0.7489093542098999,-2.1268470287323,-6.659145832061768,-2.0,-0.4655815362930298,0.885004997253418,-0.48429158329963684,-1.1464219093322754,0.1525731384754181,-1.2332009077072144,-1.2732009332623853,-157.12929323160847,0.0,0.0
5.44,272,0.6471198797225952,0.7623882293701172,0.703800618648529,-2.2554373741149902,-6.429525852203369,-2.0,-0.4716346263885498,0.8817940354347229,-0.4911436140537262,-1.118754506111145,0.11940580606460571,-1.1949442625045776,-1.2349442289531471,-158.3642374605616,0.0,0.0
5.46,273,0.6101272702217102,0.7923034429550171,0.6562212109565735,-2.378969669342041,-6.176605701446533,-2.0,-0.475961834192276,0.8794659376144409,-0.4960573613643646,-1.0860891342163086,0.08716251701116562,-1.1522785425186157,-1.192278562863874,-159.55651602342547,0.0,0.0
5.48,274,0.569815993309021,0.8217723369598389,0.6062818765640259,-2.4969656467437744,-5.899799823760986,-2.0,-0.4785594642162323,0.8780551552772522,-0.49901336431503296,-1.0483753681182861,0.05628282576799393,-1.1052953004837036,-1.145295265030469,-160.70181128845593,0.0,0.0
5.5,275,0.5261808037757874,0.8503727316856384,0.5541030764579773,-2.6089413166046143,-5.598784923553467,-2.0,-0.4794255495071411,0.8775825500488281,-0.5,-1.0056062936782837,0.02720983512699604,-1.0541030168533325,-1.0941030754958385,-161.79591436395177,0.0,0.0
5.5200000000000005,276,0.479263037443161,0.8776713013648987,0.49981483817100525,-2.714411973953247,-5.273540019989014,-2.0,-0.4785594642162323,0.8780551552772522,-0.49901336431503296,-0.9578225016593933,0.0003838330158032477,-0.9988281726837158,-1.038828198438148,-162.83474256238992,0.0,0.0
5.54,277,0.42915481328964233,0.9032309651374817,0.44355684518814087,-2.8128998279571533,-4.924387454986572,-2.0,-0.475961834192276,0.8794659376144409,-0.4960573613643646,-0.905116617679596,-0.02376500330865383,-0.9396141767501831,-0.9796141886868195,-163.81435675107673,0.0,0.0
5.5600000000000005,278,0.37600213289260864,0.9266188144683838,0.38547801971435547,-2.903940200805664,-4.552022933959961,-2.0,-0.4716346263885498,0.8817940354347229,-0.4911436140537262,-0.8476367592811584,-0.04482473433017731,-0.876621663570404,-0.9166216580640104,-164.73097840914073,0.0,0.0
5.58,279,0.3200063705444336,0.9474154114723206,0.32573622465133667,-2.987091064453125,-4.157537937164307,-2.0,-0.4655815362930298,0.885004997253418,-0.48429158329963684,-0.7855879068374634,-0.0624103918671608,-0.8100277781486511,-0.850027792758359,-165.5810062018991,0.0,0.0
5.6000000000000005,280,0.26142418384552,0.965224027633667,0.26449742913246155,-3.0619397163391113,-3.7424309253692627,-2.0,-0.45780816674232483,0.8890510201454163,-0.4755282700061798,-0.7192323803901672,-0.07617300748825073,-0.7400256991386414,-0.7800256774506986,-166.3610318793498,0.0,0.0
5.62,281,0.20056556165218353,0.9796802997589111,0.20193518698215485,-3.1281118392944336,-3.308605909347534,-2.0,-0.44832292199134827,0.8938716650009155,-0.46488824486732483,-0.6488884687423706,-0.08580860495567322,-0.6668234467506409,-0.7068234270356009,-167.0678553063854,0.0,0.0
5.64,282,0.13778983056545258,0.9904614686965942,0.1382296085357666,-3.18527889251709,-2.8583569526672363,-2.0,-0.43713751435279846,0.899394690990448,-0.45241352915763855,-0.5749273300170898,-0.09106680750846863,-0.5906431078910828,-0.6306431323259799,-167.6984984387114,0.0,0.0
5.66,283,0.07349995523691177,0.9972952008247375,0.07356629520654678,-3.233165740966797,-2.394340753555298,-2.0,-0.42426797747612,0.9055367112159729,-0.43815332651138306,-0.49776792526245117,-0.09175853431224823,-0.5117196440696716,-0.5517196318463647,-168.25021807055776,0.0,0.0
5.68,284,0.008135074749588966,0.9999669194221497,0.008135165087878704,-3.2715563774108887,-1.9195321798324585,-2.0,-0.40973538160324097,0.9122044444084167,-0.4221639633178711,-0.4178704619407654,-0.08776248246431351,-0.43029913306236267,-0.47029912743095076,-168.72051719798873,0.0,0.0
5.7,285,-0.05783853307366371,0.9983259439468384,-0.057870831340551376,-3.300299882888794,-1.4371705055236816,-2.0,-0.39356696605682373,0.9192959666252136,-0.404508501291275,-0.3357284367084503,-0.07902999967336655,-0.34663766622543335,-0.3866376665427133,-169.10715486453145,0.0,0.0
5.72,286,-0.12393759936094284,0.9922900199890137,-0.12425710260868073,-3.3193135261535645,-0.9506917595863342,-2.0,-0.37579697370529175,0.9267020225524902,-0.3852566182613373,-0.2518593668937683,-0.06558798998594284,-0.26099953055381775,-0.30099951872097475,-169.40815438325242,0.0,0.0
5.74,287,-0.18967275321483612,0.98184734582901,-0.1908288300037384,-3.3285868167877197,-0.46365487575531006,-2.0,-0.3564675450325012,0.9343076944351196,-0.3644843101501465,-0.1667947769165039,-0.04753965511918068,-0.17365548014640808,-0.21365547707669943,-169.62180986032914,0.0,0.0
5.76,288,-0.25448331236839294,0.9670771360397339,-0.25731340050697327,-3.324228286743164,0.21792319416999817,-1.736554741859436,-0.3356296420097351,0.9419940114021301,-0.3422735631465912,-0.08114630728960037,-0.025083132088184357,-0.08496015518903732,-0.11511637635771399,-169.73692623668686,0.0,0.0
5.78,289,-0.31765374541282654,0.9482067823410034,-0.3232540488243103,-3.297031879425049,1.359818458557129,-0.8496015071868896,-0.31334367394447327,0.9496397972106934,-0.3187119960784912,0.004310058429837227,0.0014330113772302866,0.004542043898254633,-0.011760271114228844,-169.7486865078011,0.0,0.0
5.8,290,-0.3785199522972107,0.9255931377410889,-0.388196736574173,-3.2471349239349365,2.4948413372039795,0.045420438051223755,-0.2896801233291626,0.9571235179901123,-0.29389262199401855,0.0888398140668869,0.03153038024902344,0.09430411458015442,-0.0943247433724632,-169.84301125117355,0.0,0.0
5.82,291,-0.43649011850357056,0.8997090458869934,-0.4516938328742981,-3.1748547554016113,3.614008903503418,0.9430411458015442,-0.2647198438644409,0.9643253684043884,-0.2679134011268616,0.17177027463912964,0.06461630761623383,0.18378043174743652,-0.19267370480593363,-170.0356849559795,0.0,0.0
5.84,292,-0.4910610616207123,0.8711251616477966,-0.5133073925971985,-3.080677032470703,4.708886623382568,1.8378044366836548,-0.2385542392730713,0.9711291790008545,-0.24087683856487274,0.252506822347641,0.10000402480363846,0.27243053913116455,-0.3062057918564798,-170.34189074783598,0.0,0.0
5.86,293,-0.5420120358467102,0.8403707146644592,-0.57282954454422,-2.976106882095337,5.228507041931152,2.0,-0.21128518879413605,0.9774244427680969,-0.2128896415233612,0.33072686195373535,0.1370537430047989,0.3599398732185364,-0.3999398730779034,-170.74183062091387,0.0,0.0
5.88,294,-0.5892351269721985,0.8079615831375122,-0.6301118731498718,-2.8641178607940674,5.599457740783691,2.0,-0.18302473425865173,0.9831082820892334,-0.18406227231025696,0.40621042251586914,0.17514671385288239,0.44604960083961487,-0.486049599146467,-171.22788022006034,0.0,0.0
5.9,295,-0.6326863169670105,0.774408221244812,-0.6850171685218811,-2.7452638149261475,5.942701816558838,2.0,-0.15389446914196014,0.9880872964859009,-0.15450850129127502,0.47879183292388916,0.21367909014225006,0.5305086374282837,-0.5705086541077483,-171.7983888741681,0.0,0.0
5.92,296,-0.6723798513412476,0.740206241607666,-0.7374192476272583,-2.620105028152466,6.257936954498291,2.0,-0.12402476370334625,0.9922791123390198,-0.12434494495391846,0.5483551025390625,0.25207287073135376,0.6130743026733398,-0.6530743087999582,-172.45146318296804,0.0,0.0
5.94,297,-0.7083820104598999,0.7058292627334595,-0.7872032523155212,-2.489199161529541,6.545289039611816,2.0,-0.09355364739894867,0.995614230632782,-0.0936906561255455,0.61482834815979,0.2897849977016449,0.6935125589370728,-0.7335125806513916,-173.18497576361943,0.0,0.0
5.96,298,-0.740803062915802,0.6717222929000854,-0.8342651128768921,-2.3530938625335693,6.805265426635742,2.0,-0.06262560933828354,0.9980370998382568,-0.06266661733388901,0.6781774759292603,0.3263148367404938,0.7715985178947449,-0.8115985004824136,-173.99657426410184,0.0,0.0
5.98,299,-0.7697896361351013,0.6382976770401001,-0.8785114884376526,-2.21232008934021,7.038699626922607,2.0,-0.031390100717544556,0.9995071887969971,-0.031395260244607925,0.7383995056152344,0.36120954155921936,0.847116231918335,-0.8871162569618563,-174.8836905210637,0.0,0.0
6.0,300,-0.795516312122345,0.6059321165084839,-0.9198592305183411,-2.0673861503601074,7.246689319610596,2.0,-3.6739402930577075e-16,1.0,-3.6739402930577075e-16,0.795516312122345,0.3940678536891937,0.9198592305183411,-0.9598592404883183,-175.84354976155203,0.0,0.0
6.0200000000000005,301,-0.8181778788566589,0.5749651789665222,-0.9582347273826599,-1.9187754392623901,7.430538654327393,2.0,0.031390100717544556,0.9995071887969971,0.031395260244607925,0.8495680093765259,0.42454203963279724,0.9896299839019775,-1.029630008641563,-176.8731797701936,0.0,0.0
6.04,302,-0.8379814028739929,0.5456987619400024,-0.9935736060142517,-1.7669414281845093,7.591697692871094,2.0,0.06262560933828354,0.9980370998382568,0.06266661733388901,0.9006070494651794,0.4523383378982544,1.056240200996399,-1.0962401948987948,-177.96941996509238,0.0,0.0
6.0600000000000005,303,-0.855139434337616,0.518398106098175,-1.0258197784423828,-1.6123073101043701,7.731708526611328,2.0,0.09355364739894867,0.995614230632782,0.0936906561255455,0.9486930966377258,0.4772161543369293,1.1195104122161865,-1.159510381201503,-179.12893034629388,0.0,0.0
6.08,304,-0.8698632121086121,0.4932929575443268,-1.0549249649047852,-1.4552643299102783,7.852149963378906,2.0,0.12402476370334625,0.9922791123390198,0.12434494495391846,0.9938880205154419,0.498986154794693,1.1792699098587036,-1.2192699533605635,-180.34820029965445,0.0,0.0
6.1000000000000005,305,-0.8823574185371399,0.4705798923969269,-1.0808484554290771,-1.2961724996566772,7.954591274261475,2.0,0.15389446914196014,0.9880872964859009,0.15450850129127502,1.0362519025802612,0.5175073742866516,1.2353569269180298,-1.2753569563612799,-181.62355725601574,0.0,0.0
6.12,306,-0.892814576625824,0.4504244029521942,-1.103555679321289,-1.1353614330291748,8.04055118560791,2.0,0.18302473425865173,0.9831082820892334,0.18406227231025696,1.0758392810821533,0.5326839089393616,1.2876179218292236,-1.327617964519351,-182.9511752205351,0.0,0.0
6.140000000000001,307,-0.9014113545417786,0.43296366930007935,-1.1230183839797974,-0.9731322526931763,8.111458778381348,2.0,0.21128518879413605,0.9774244427680969,0.2128896415233612,1.1126965284347534,0.5444607734680176,1.3359079360961914,-1.37590797926354,-184.32708319979864,0.0,0.0
6.16,308,-0.9083048105239868,0.4183090031147003,-1.1392135620117188,-0.8097597360610962,8.16862678527832,2.0,0.2385542392730713,0.9711291790008545,0.24087683856487274,1.146859049797058,0.5528202056884766,1.380090355873108,-1.4200903651752843,-185.74717356497393,0.0,0.0
6.18,309,-0.9136292934417725,0.40654832124710083,-1.1521234512329102,-0.6454953551292419,8.213218688964844,2.0,0.2647198438644409,0.9643253684043884,0.2679134011268616,1.1783491373062134,0.5577770471572876,1.420036792755127,-1.460036832867913,-187.20721039784183,0.0,0.0
6.2,310,-0.917494535446167,0.3977484107017517,-1.1617348194122314,-0.4805707037448883,8.246233940124512,2.0,0.2896801233291626,0.9571235179901123,0.29389262199401855,1.2071746587753296,0.5593751072883606,1.45562744140625,-1.495627475381641,-188.70283787322347,0.0,0.0
6.22,311,-0.9199836850166321,0.3919566571712494,-1.1680388450622559,-0.31520095467567444,8.268486976623535,2.0,0.31334367394447327,0.9496397972106934,0.3187119960784912,1.2333273887634277,0.5576831698417664,1.486750841140747,-1.526750863026188,-190.22958873624967,0.0,0.0
6.24,312,-0.9211522340774536,0.3892025053501129,-1.1710306406021118,-0.149588942527771,8.280599594116211,2.0,0.3356296420097351,0.9419940114021301,0.3422735631465912,1.256781816482544,0.5527915358543396,1.5133042335510254,-1.5533042000225579,-191.78289293627222,0.0,0.0
6.26,313,-0.9210270643234253,0.3894985616207123,-1.170709252357483,0.016070794314146042,8.282986640930176,2.0,0.3564675450325012,0.9343076944351196,0.3644843101501465,1.2774945497512817,0.5448091626167297,1.5351935625076294,-1.5751935448655234,-193.35808648113775,0.0,0.0
6.28,314,-0.9196064472198486,0.3928409218788147,-1.1670774221420288,0.18158787488937378,8.275854110717773,2.0,0.37579697370529175,0.9267020225524902,0.3852566182613373,1.2954033613204956,0.5338611006736755,1.5523340702056885,-1.5923340950228453,-194.95042057616058,0.0,0.0
6.3,315,-0.9168598055839539,0.39920929074287415,-1.1601420640945435,0.346771776676178,8.259194374084473,2.0,0.39356696605682373,0.9192959666252136,0.404508501291275,1.3104268312454224,0.5200866460800171,1.564650535583496,-1.6046505353717837,-196.55507111153236,0.0,0.0
6.32,316,-0.9127286076545715,0.408566415309906,-1.1499134302139282,0.511427640914917,8.232791900634766,2.0,0.40973538160324097,0.9122044444084167,0.4221639633178711,1.3224639892578125,0.5036380290985107,1.5720773935317993,-1.6120774486081046,-198.16714856014045,0.0,0.0
6.34,317,-0.9071269631385803,0.4208570122718811,-1.136406421661377,0.6753520369529724,8.196222305297852,2.0,0.42426797747612,0.9055367112159729,0.43815332651138306,1.331394910812378,0.4846796691417694,1.5745598077774048,-1.6145597847053734,-199.7817083448458,0.0,0.0
6.36,318,-0.899943470954895,0.4360065758228302,-1.1196398735046387,0.8383292555809021,8.148860931396484,2.0,0.43713751435279846,0.899394690990448,0.45241352915763855,1.337080955505371,0.4633880853652954,1.5720534324645996,-1.6120533853111791,-201.393761730157,0.0,0.0
6.38,319,-0.8910427689552307,0.45391932129859924,-1.0996372699737549,1.0001271963119507,8.089897155761719,2.0,0.44832292199134827,0.8938716650009155,0.46488824486732483,1.3393657207489014,0.4399523437023163,1.5645256042480469,-1.6045255577042106,-202.99828728786122,0.0,0.0
6.4,320,-0.8802683353424072,0.4744761884212494,-1.0764274597167969,1.160494089126587,8.018342971801758,2.0,0.45780816674232483,0.8890510201454163,0.4755282700061798,1.3380764722824097,0.4145748019218445,1.5519556999206543,-1.591955691570283,-204.5902429794315,0.0,0.0
6.42,321,-0.8674452900886536,0.49753260612487793,-1.050044298171997,1.319155216217041,7.933055877685547,2.0,0.4655815362930298,0.885004997253418,0.48429158329963684,1.3330267667770386,0.38747239112854004,1.5343358516693115,-1.5743359103648795,-206.1645788897964,0.0,0.0
6.44,322,-0.8523843288421631,0.5229158401489258,-1.0205280780792236,1.4758104085922241,7.832760334014893,2.0,0.4716346263885498,0.8817940354347229,0.4911436140537262,1.324018955230713,0.3588781952857971,1.511671781539917,-1.5516717474056538,-207.71625063720205,0.0,0.0
6.46,323,-0.8348858952522278,0.5504230260848999,-0.9879254698753357,1.6301318407058716,7.716074466705322,2.0,0.475961834192276,0.8794659376144409,0.4960573613643646,1.3108477592468262,0.329042911529541,1.483982801437378,-1.5239828350878553,-209.2402334722899,0.0,0.0
6.48,324,-0.8147455453872681,0.5798186659812927,-0.9522902369499207,1.781762719154358,7.58154296875,2.0,0.4785594642162323,0.8780551552772522,0.49901336431503296,1.2933050394058228,0.2982364892959595,1.4513036012649536,-1.4913035937650339,-210.73153706605493,0.0,0.0
6.5,325,-0.7917593717575073,0.6108331084251404,-0.9136838912963867,1.9303162097930908,7.427674293518066,2.0,0.4794255495071411,0.8775825500488281,0.5,1.2711849212646484,0.26674944162368774,1.4136838912963867,-1.4536839049346075,-212.18522097098955,0.0,0.0
6.5200000000000005,326,-0.7657305002212524,0.6431615352630615,-0.8721764087677002,2.07537579536438,7.2529826164245605,2.0,0.4785594642162323,0.8780551552772522,0.49901336431503296,1.2442899942398071,0.23489360511302948,1.3711897134780884,-1.4111897514843263,-213.59641072247388,0.0,0.0
6.54,327,-0.7364763021469116,0.6764633655548096,-0.8278464674949646,2.216496706008911,7.05603551864624,2.0,0.475961834192276,0.8794659376144409,0.4960573613643646,1.2124381065368652,0.20300258696079254,1.3239037990570068,-1.3639038059867175,-214.9603145284606,0.0,0.0
6.5600000000000005,328,-0.7038353681564331,0.7103631496429443,-0.7807823419570923,2.3532066345214844,6.835505485534668,2.0,0.4716346263885498,0.8817940354347229,0.4911436140537262,1.175469994544983,0.17143093049526215,1.271925926208496,-1.3119259464924706,-216.27224047495307,0.0,0.0
6.58,329,-0.6676756143569946,0.7444523572921753,-0.7310820817947388,2.485011100769043,6.59022331237793,2.0,0.4655815362930298,0.885004997253418,0.48429158329963684,1.1332571506500244,0.14055265486240387,1.2153736352920532,-1.255373678107801,-217.52761415306085,0.0,0.0
6.6000000000000005,330,-0.6279016733169556,0.778292715549469,-0.6788541674613953,2.611395835876465,6.319235324859619,2.0,0.45780816674232483,0.8890510201454163,0.4755282700061798,1.085709810256958,0.11075831204652786,1.1543824672698975,-1.1943824379956531,-218.7219965910565,0.0,0.0
6.62,331,-0.5844625234603882,0.8114206790924072,-0.6242175102233887,2.731832981109619,6.021859169006348,2.0,0.44832292199134827,0.8938716650009155,0.46488824486732483,1.032785415649414,0.0824509784579277,1.0891057252883911,-1.1291057614704316,-219.85110235252694,0.0,0.0
6.640000000000001,332,-0.5373584628105164,0.8433539867401123,-0.5673017501831055,2.845787763595581,5.697739124298096,2.0,0.43713751435279846,0.899394690990448,0.45241352915763855,0.9744959473609924,0.05604071542620659,1.0197153091430664,-1.0597152877069584,-220.9108176402339,0.0,0.0
6.66,333,-0.4866468012332916,0.8735988140106201,-0.5082472562789917,2.952725887298584,5.346897602081299,2.0,0.42426797747612,0.9055367112159729,0.43815332651138306,0.9109147787094116,0.0319378636777401,0.9464005827903748,-0.9864005853798925,-221.89721822561378,0.0,0.0
6.68,334,-0.4324469268321991,0.901659369468689,-0.4472048282623291,3.05212140083313,4.969776630401611,2.0,0.40973538160324097,0.9122044444084167,0.4221639633178711,0.8421823382377625,0.0105450339615345,0.8693687915802002,-0.9093687813747333,-222.8065870069885,0.0,0.0
6.7,335,-0.37494316697120667,0.9270477890968323,-0.3843354880809784,3.1434667110443115,4.5672736167907715,2.0,0.39356696605682373,0.9192959666252136,0.404508501291275,0.7685101628303528,-0.007751846220344305,0.7888439893722534,-0.8288439795961016,-223.63543098658462,0.0,0.0
6.72,336,-0.3143860399723053,0.9492952227592468,-0.31980985403060913,3.2262821197509766,4.140764236450195,2.0,0.37579697370529175,0.9267020225524902,0.3852566182613373,0.6901829838752747,-0.022593192756175995,0.705066442489624,-0.7450664618048135,-224.38049744838943,0.0,0.0
6.74,337,-0.2510911524295807,0.967963457107544,-0.2538073658943176,3.300124406814575,3.6921098232269287,2.0,0.3564675450325012,0.9343076944351196,0.3644843101501465,0.6075586676597595,-0.03365573659539223,0.6182916760444641,-0.6582916682260336,-225.03878911661548,0.0,0.0
6.76,338,-0.18543587625026703,0.9826563596725464,-0.18651540577411652,3.3645973205566406,3.2236485481262207,2.0,0.3356296420097351,0.9419940114021301,0.3422735631465912,0.5210655331611633,-0.040662337094545364,0.5287889838218689,-0.5687889621873181,-225.6075780788028,0.0,0.0
6.78,339,-0.11785365641117096,0.9930309653282166,-0.11812819540500641,3.419360637664795,2.7381720542907715,2.0,0.31334367394447327,0.9496397972106934,0.3187119960784912,0.4311973452568054,-0.04339117929339409,0.4368401765823364,-0.47684018999144884,-226.08441826879422,0.0,0.0
6.8,340,-0.048826009035110474,0.9988073110580444,-0.048845428973436356,3.4641382694244385,2.238882303237915,2.0,0.2896801233291626,0.9571235179901123,0.29389262199401855,0.33850613236427307,-0.04168378561735153,0.3427380621433258,-0.3827380542625427,-226.46715632305677,0.0,0.0
6.82,341,0.021127499639987946,0.9997767806053162,0.021129071712493896,3.498724937438965,1.7293322086334229,2.0,0.2647198438644409,0.9643253684043884,0.2679134011268616,0.24359235167503357,-0.03545143082737923,0.24678432941436768,-0.2867843257409341,-226.7539406487977,0.0,0.0
6.84,342,0.09146091341972351,0.9958086609840393,0.09158891439437866,3.5229921340942383,1.2133522033691406,2.0,0.2385542392730713,0.9711291790008545,0.24087683856487274,0.14709332585334778,-0.02467949129641056,0.14928792417049408,-0.18928792454378593,-226.9432285733415,0.0,0.0
6.86,343,0.161464661359787,0.986878514289856,0.16217459738254547,3.5292844772338867,0.31462353467941284,1.4928792715072632,0.21128518879413605,0.9774244427680969,0.2128896415233612,0.04982053488492966,-0.009454038925468922,0.050715044140815735,-0.07300192751671625,-227.0162305008582,0.0,0.0
6.88,344,0.23029839992523193,0.9731200337409973,0.2323843091726303,3.5104851722717285,-0.9399615526199341,0.507150411605835,0.18302473425865173,0.9831082820892334,0.18406227231025696,-0.0472736656665802,0.009988250210881233,-0.048322033137083054,-0.050894047489330546,-227.06712454834752,0.0,0.0
6.9,345,0.29716163873672485,0.9548271894454956,0.3017186224460602,3.4667158126831055,-2.188478946685791,-0.48322030901908875,0.15389446914196014,0.9880872964859009,0.15450850129127502,-0.14326715469360352,0.033260099589824677,-0.14721012115478516,-0.14954514381923076,-227.21666969216676,0.0,0.0
6.92,346,0.36132150888442993,0.9324412941932678,0.36968475580215454,3.3983068466186523,-3.4204444885253906,-1.4721012115478516,0.12402476370334625,0.9922791123390198,0.12434494495391846,-0.23729674518108368,0.05983782932162285,-0.24533981084823608,-0.267010635788334,-227.48368032795508,0.0,0.0
6.94,347,0.42225953936576843,0.9064749479293823,0.4359365403652191,3.312589645385742,-4.28585958480835,-2.0,0.09355364739894867,0.995614230632782,0.0936906561255455,-0.32870590686798096,0.08913926780223846,-0.3422459065914154,-0.38224589357853517,-227.8659262215336,0.0,0.0
6.96,348,0.4796852469444275,0.8774406313896179,0.5002959370613098,3.2179696559906006,-4.730996608734131,-2.0,0.06262560933828354,0.9980370998382568,0.06266661733388901,-0.41705963015556335,0.12059645354747772,-0.4376293420791626,-0.477629327818765,-228.34355554935237,0.0,0.0
6.98,349,0.533383309841156,0.8458736538887024,0.5625953674316406,3.1149704456329346,-5.14995813369751,-2.0,0.031390100717544556,0.9995071887969971,0.031395260244607925,-0.5019932389259338,0.15363356471061707,-0.531200110912323,-0.5712000953785084,-228.9147556447309,0.0,0.0
7.0,350,0.5832128524780273,0.8123193383216858,0.622678279876709,3.0041470527648926,-5.541179180145264,-2.0,4.2862638516991895e-16,1.0,4.2862638516991895e-16,-0.5832128524780273,0.18768064677715302,-0.622678279876709,-0.6626782939744758,-229.57743393870535,0.0,0.0
7.0200000000000005,351,0.6291038393974304,0.7773212790489197,0.6803997755050659,2.8860740661621094,-5.90364408493042,-2.0,-0.031390100717544556,0.9995071887969971,-0.031395260244607925,-0.6604939103126526,0.2221859246492386,-0.7117950320243835,-0.7517950348612413,-230.3292289735666,0.0,0.0
7.04,352,0.6710518002510071,0.741410493850708,0.7356265187263489,2.7613368034362793,-6.236859321594238,-2.0,-0.06262560933828354,0.9980370998382568,-0.06266661733388901,-0.7336773872375488,0.25662660598754883,-0.7982931137084961,-0.8382931293242823,-231.16752210289087,0.0,0.0
7.0600000000000005,353,0.709111213684082,0.7050966024398804,0.7882369160652161,2.6305205821990967,-6.540813446044922,-2.0,-0.09355364739894867,0.995614230632782,-0.0936906561255455,-0.8026648759841919,0.2905175983905792,-0.8819276094436646,-0.9219275818086897,-232.08944968469956,0.0,0.0
7.08,354,0.7433876395225525,0.6688608527183533,0.8381209373474121,2.494201898574829,-6.815930366516113,-2.0,-0.12402476370334625,0.9922791123390198,-0.12434494495391846,-0.8674123883247375,0.3234182596206665,-0.9624658823013306,-1.0024659078936695,-233.09191559259324,0.0,0.0
7.1000000000000005,355,0.7740288376808167,0.6331503391265869,0.8851798176765442,2.3529417514801025,-7.06300687789917,-2.0,-0.15389446914196014,0.9880872964859009,-0.15450850129127502,-0.927923321723938,0.35493695735931396,-1.0396883487701416,-1.0796882984996363,-234.17160389109287,0.0,0.0
7.12,356,0.8012164235115051,0.5983746647834778,0.9293254017829895,2.2072787284851074,-7.2831525802612305,-2.0,-0.18302473425865173,0.9831082820892334,-0.18406227231025696,-0.9842411875724792,0.3847336769104004,-1.1133877038955688,-1.1533876536488972,-235.32499154474178,0.0,0.0
7.140000000000001,357,0.8251568675041199,0.5649036169052124,0.9704798460006714,2.0577242374420166,-7.477723121643066,-2.0,-0.21128518879413605,0.9774244427680969,-0.2128896415233612,-1.0364420413970947,0.4125208258628845,-1.183369517326355,-1.2233695099005375,-236.54836105464233,0.0,0.0
7.16,358,0.8460730910301208,0.5330668687820435,1.0085750818252563,1.904759168624878,-7.648256301879883,-2.0,-0.2385542392730713,0.9711291790008545,-0.24087683856487274,-1.084627389907837,0.43806231021881104,-1.2494518756866455,-1.2894518854017085,-237.83781294004405,0.0,0.0
7.18,359,0.8641967177391052,0.5031540989875793,1.0435516834259033,1.748831033706665,-7.796411514282227,-2.0,-0.2647198438644409,0.9643253684043884,-0.2679134011268616,-1.1289165019989014,0.4611712694168091,-1.3114650249481201,-1.3514650655242897,-239.18927800556833,0.0,0.0
7.2,360,0.8797607421875,0.4754166901111603,1.0753587484359741,1.5903527736663818,-7.923908233642578,-2.0,-0.2896801233291626,0.9571235179901123,-0.29389262199401855,-1.1694408655166626,0.481706827878952,-1.3692513704299927,-1.4092513504813726,-240.5985293560497,0.0,0.0
7.22,361,0.8929933905601501,0.4500698447227478,1.1039527654647827,1.4297032356262207,-8.032478332519531,-2.0,-0.31334367394447327,0.9496397972106934,-0.3187119960784912,-1.2063370943069458,0.49956995248794556,-1.422664761543274,-1.462664784328677,-242.06119414037838,0.0,0.0
7.24,362,0.9041121602058411,0.4272952079772949,1.1292973756790161,1.267227053642273,-8.123812675476074,-2.0,-0.3356296420097351,0.9419940114021301,-0.3422735631465912,-1.2397418022155762,0.5146988034248352,-1.4715708494186401,-1.5115708825216883,-243.57276502290006,0.0,0.0
7.26,363,0.91331946849823,0.4072438180446625,1.1513620615005493,1.103236436843872,-8.199525833129883,-2.0,-0.3564675450325012,0.9343076944351196,-0.3644843101501465,-1.2697869539260864,0.5270639061927795,-1.5158463716506958,-1.5558463728647067,-245.12861139576475,0.0,0.0
7.28,364,0.9207983016967773,0.39003902673721313,1.1701223850250244,0.9380140900611877,-8.261119842529297,-2.0,-0.37579697370529175,0.9267020225524902,-0.3852566182613373,-1.2965953350067139,0.5366629958152771,-1.5553789138793945,-1.595378962369174,-246.72399035813393,0.0,0.0
7.3,365,0.9267091155052185,0.3757794201374054,1.1855586767196655,0.7718151211738586,-8.309948921203613,-2.0,-0.39356696605682373,0.9192959666252136,-0.404508501291275,-1.320276141166687,0.5435165166854858,-1.5900671482086182,-1.6300671403218836,-248.3540574984558,0.0,0.0
7.32,366,0.9311872124671936,0.3645414113998413,1.1976560354232788,0.6048709750175476,-8.34720516204834,-2.0,-0.40973538160324097,0.9122044444084167,-0.4221639633178711,-1.3409225940704346,0.5476630330085754,-1.61981999874115,-1.659820025806365,-250.01387752426217,0.0,0.0
7.34,367,0.9343404769897461,0.3563816547393799,1.2064039707183838,0.4373931586742401,-8.373892784118652,-2.0,-0.42426797747612,0.9055367112159729,-0.43815332651138306,-1.3586084842681885,0.549155056476593,-1.644557237625122,-1.6845572660546448,-251.6984347903168,0.0,0.0
7.36,368,0.9362483024597168,0.3513389825820923,1.211795449256897,0.26957690715789795,-8.390811920166016,-2.0,-0.43713751435279846,0.899394690990448,-0.45241352915763855,-1.3733857870101929,0.5480557084083557,-1.664209008216858,-1.7042089903401574,-253.40264378065697,0.0,0.0
7.38,369,0.9369603395462036,0.3494356870651245,1.2138276100158691,0.10160578042268753,-8.398555755615234,-2.0,-0.44832292199134827,0.8938716650009155,-0.46488824486732483,-1.3852832317352295,0.544435977935791,-1.6787158250808716,-1.718715822646354,-255.12135960330332,0.0,0.0
7.4,370,0.936495840549469,0.35067862272262573,1.2125006914138794,-0.06634414196014404,-8.397496223449707,-2.0,-0.45780816674232483,0.8890510201454163,-0.4755282700061798,-1.3943040370941162,0.5383723974227905,-1.6880289316177368,-1.728028955034606,-256.8493885583379,0.0,0.0
7.42,371,0.9348437190055847,0.355059415102005,1.2078187465667725,-0.23409974575042725,-8.38778018951416,-2.0,-0.4655815362930298,0.885004997253418,-0.48429158329963684,-1.4004253149032593,0.5299455523490906,-1.692110300064087,-1.732110282453665,-258.5814988407916,0.0,0.0
7.44,372,0.9319626092910767,0.3625544309616089,1.1997889280319214,-0.40148642659187317,-8.36933422088623,-2.0,-0.4716346263885498,0.8817940354347229,-0.4911436140537262,-1.4035972356796265,0.519239604473114,-1.6909326314926147,-1.7309325986379414,-260.31243143942953,0.0,0.0
7.46,373,0.9277815222740173,0.3731239140033722,1.188422441482544,-0.5683236122131348,-8.341858863830566,-2.0,-0.475961834192276,0.8794659376144409,-0.4960573613643646,-1.4037433862686157,0.5063420534133911,-1.684479832649231,-1.7244798516855016,-262.036911291115,0.0,0.0
7.48,374,0.9222010374069214,0.3867107927799225,1.1737340688705444,-0.7344204187393188,-8.304840087890625,-2.0,-0.4785594642162323,0.8780551552772522,-0.49901336431503296,-1.400760531425476,0.4913443624973297,-1.6727474927902222,-1.7127474568399432,-263.749658747955,0.0,0.0
7.5,375,0.9150946736335754,0.40323904156684875,1.1557426452636719,-0.8995714783668518,-8.257553100585938,-2.0,-0.4794255495071411,0.8775825500488281,-0.5,-1.3945201635360718,0.47434350848197937,-1.6557426452636719,-1.6957426628758014,-265.44540141083075,0.0,0.0
7.5200000000000005,376,0.9063109755516052,0.42261138558387756,1.1344716548919678,-1.063552975654602,-8.199074745178223,-2.0,-0.4785594642162323,0.8780551552772522,-0.49901336431503296,-1.3848704099655151,0.45544376969337463,-1.633484959602356,-1.6734849672618668,-267.1188863780926,0.0,0.0
7.54,377,0.8956760764122009,0.4447070062160492,1.1099492311477661,-1.226119041442871,-8.128299713134766,-2.0,-0.475961834192276,0.8794659376144409,-0.4960573613643646,-1.3716379404067993,0.4347589313983917,-1.6060066223144531,-1.6460065739153489,-268.764892952008,0.0,0.0
7.5600000000000005,378,0.8829969167709351,0.4693787395954132,1.0822092294692993,-1.386998176574707,-8.043957710266113,-2.0,-0.4716346263885498,0.8817940354347229,-0.4911436140537262,-1.3546315431594849,0.4124153256416321,-1.5733529329299927,-1.6133528858375341,-270.3782458378455,0.0,0.0
7.58,379,0.8680650591850281,0.49645039439201355,1.0512914657592773,-1.5458909273147583,-7.944637775421143,-2.0,-0.4655815362930298,0.885004997253418,-0.48429158329963684,-1.3336466550827026,0.3885546028614044,-1.5355830192565918,-1.5755830232278414,-271.95382886107336,0.0,0.0
7.6000000000000005,380,0.8506613969802856,0.5257139801979065,1.0172420740127563,-1.7024672031402588,-7.828817844390869,-2.0,-0.45780816674232483,0.8890510201454163,-0.4755282700061798,-1.308469533920288,0.3633370101451874,-1.4927703142166138,-1.5327703558151082,-273.48659921688846,0.0,0.0
7.62,381,0.8305612802505493,0.5569272041320801,0.9801148176193237,-1.8563652038574219,-7.69489860534668,-2.0,-0.44832292199134827,0.8938716650009155,-0.46488824486732483,-1.2788841724395752,0.33694446086883545,-1.4450030326843262,-1.4850030361506208,-274.97160225303907,0.0,0.0
7.640000000000001,382,0.807541012763977,0.5898114442825317,0.9399709701538086,-2.007189989089966,-7.54124116897583,-2.0,-0.43713751435279846,0.899394690990448,-0.45241352915763855,-1.2446784973144531,0.30958321690559387,-1.3923845291137695,-1.432384518529065,-276.40398677156816,0.0,0.0
7.66,383,0.7813841104507446,0.6240503787994385,0.8968806862831116,-2.1545143127441406,-7.366213321685791,-2.0,-0.42426797747612,0.9055367112159729,-0.43815332651138306,-1.205652117729187,0.2814863324165344,-1.3350340127944946,-1.3750340461197479,-277.7790208176879,0.0,0.0
7.68,384,0.7518893480300903,0.6592893600463867,0.8509231209754944,-2.2978789806365967,-7.168239593505859,-2.0,-0.40973538160324097,0.9122044444084167,-0.4221639633178711,-1.1616246700286865,0.25291508436203003,-1.2730871438980103,-1.3130870869068176,-279.09210790459474,0.0,0.0
7.7,385,0.7188782095909119,0.6951360702514648,0.8021872043609619,-2.436796188354492,-6.945855140686035,-2.0,-0.39356696605682373,0.9192959666252136,-0.404508501291275,-1.1124452352523804,0.22415991127490997,-1.2066956758499146,-1.246695697285621,-280.3388036018804,0.0,0.0
7.72,386,0.6822035312652588,0.7311623096466064,0.7507721781730652,-2.570751428604126,-6.6977667808532715,-2.0,-0.37579697370529175,0.9267020225524902,-0.3852566182613373,-1.0580005645751953,0.1955397129058838,-1.13602876663208,-1.1760287907970133,-281.5148323926774,0.0,0.0
7.74,387,0.6417576670646667,0.7669074535369873,0.69678795337677,-2.699209690093994,-6.422909259796143,-2.0,-0.3564675450325012,0.9343076944351196,-0.3644843101501465,-0.998225212097168,0.16740022599697113,-1.0612722635269165,-1.1012722886723,-282.6161046813497,0.0,0.0
7.76,388,0.5974805951118469,0.801883339881897,0.6403555870056152,-2.821619987487793,-6.120511531829834,-2.0,-0.3356296420097351,0.9419940114021301,-0.3422735631465912,-0.933110237121582,0.14011067152023315,-0.982629120349884,-1.0226291287838463,-283.63873381013354,0.0,0.0
7.78,389,0.5493675470352173,0.8355808258056641,0.5816071033477783,-2.93742299079895,-5.7901530265808105,-2.0,-0.31334367394447327,0.9496397972106934,-0.3187119960784912,-0.8627111911773682,0.1140589639544487,-0.9003190994262695,-0.9403191104174706,-284.579052920551,0.0,0.0
7.8,390,0.4974752962589264,0.8674781322479248,0.5206859111785889,-3.0460593700408936,-5.431818008422852,-2.0,-0.2896801233291626,0.9571235179901123,-0.29389262199401855,-0.7871553897857666,0.08964536339044571,-0.8145785331726074,-0.8545785541450217,-285.433631474696,0.0,0.0
7.82,391,0.44192761182785034,0.8970507383346558,0.45774635672569275,-3.1469783782958984,-5.045947074890137,-2.0,-0.2647198438644409,0.9643253684043884,-0.2679134011268616,-0.7066474556922913,0.06727463752031326,-0.7256597876548767,-0.7656597590785571,-286.1992912337746,0.0,0.0
7.84,392,0.3829183876514435,0.9237821698188782,0.39295339584350586,-3.239647626876831,-4.63347053527832,-2.0,-0.2385542392730713,0.9711291790008545,-0.24087683856487274,-0.6214725971221924,0.04734699800610542,-0.6338302493095398,-0.6738302439694631,-286.87312147774406,0.0,0.0
7.86,393,0.32071295380592346,0.947176456451416,0.3264821171760559,-3.3235645294189453,-4.195835113525391,-2.0,-0.21128518879413605,0.9774244427680969,-0.2128896415233612,-0.5319981575012207,0.030248025432229042,-0.5393717885017395,-0.5793717639371285,-287.45249324168117,0.0,0.0
7.88,394,0.2556469440460205,0.9667702317237854,0.2585168182849884,-3.3982646465301514,-3.7350120544433594,-2.0,-0.18302473425865173,0.9831082820892334,-0.18406227231025696,-0.43867167830467224,0.016338098794221878,-0.44257909059524536,-0.482579100943558,-287.9350723426247,0.0,0.0
7.9,395,0.1881224662065506,0.9821455478668213,0.1892501413822174,-3.463334321975708,-3.2534873485565186,-2.0,-0.15389446914196014,0.9880872964859009,-0.15450850129127502,-0.34201693534851074,0.00594171229749918,-0.34375864267349243,-0.3837586332498414,-288.31883097587456,0.0,0.0
7.92,396,0.11860192567110062,0.9929418563842773,0.11888175457715988,-3.5184192657470703,-2.7542359828948975,-2.0,-0.12402476370334625,0.9922791123390198,-0.12434494495391846,-0.24262668192386627,-0.0006627595284953713,-0.24322669208049774,-0.2832266966861184,-288.6020576725607,0.0,0.0
7.94,397,0.04759910702705383,0.9988664984703064,0.047617100179195404,-3.563232660293579,-2.240673065185547,-2.0,-0.09355364739894867,0.995614230632782,-0.0936906561255455,-0.1411527544260025,-0.0032522801775485277,-0.1413077563047409,-0.1813077582524749,-288.7833654308132,0.0,0.0
7.96,398,-0.024155760183930397,0.9997082352638245,-0.024158110842108727,-3.5887606143951416,-1.2763973474502563,-1.4130775928497314,-0.06262560933828354,0.9980370998382568,-0.06266661733388901,-0.03846984729170799,-0.0016711169155314565,-0.03850850835442543,-0.05847638917779675,-288.841841819991,0.0,0.0
7.98,399,-0.09577688574790955,0.9954028129577637,-0.09592392295598984,-3.5882906913757324,0.023490728810429573,-0.3850850760936737,-0.031390100717544556,0.9995071887969971,-0.031395260244607925,0.06438678503036499,0.004104382358491421,0.06452866643667221,-0.06601157028042097,-288.9078533902714,0.0,0.0
8.0,400,-0.1663830578327179,0.9860612154006958,-0.16716045141220093,-3.561826705932617,1.3232042789459229,0.6452866792678833,-4.898587410340671e-16,1.0,-4.898587410340671e-16,0.1663830578327179,0.01393880695104599,0.16716045141220093,-0.1713244066741419,-289.07917779694554,0.0,0.0
8.02,401,-0.23513010144233704,0.9719638824462891,-0.2373524159193039,-3.5095980167388916,2.6114354133605957,1.6716046333312988,0.031390100717544556,0.9995071887969971,0.031395260244607925,0.2665202021598816,0.02754330262541771,0.2687476873397827,-0.29669029549588194,-289.3758680924414,0.0,0.0
8.040000000000001,402,-0.3014373183250427,0.9534859657287598,-0.30619972944259644,-3.442366361618042,3.361579656600952,2.0,0.06262560933828354,0.9980370998382568,0.06266661733388901,0.36406293511390686,0.044551100581884384,0.36886635422706604,-0.40886636088811384,-289.7847344533295,0.0,0.0
8.06,403,-0.36488407850265503,0.9310529828071594,-0.3735083043575287,-3.3654279708862305,3.8469138145446777,2.0,0.09355364739894867,0.995614230632782,0.0936906561255455,0.4584377408027649,0.06456128507852554,0.4671989679336548,-0.5071989629456897,-290.2919334162752,0.0,0.0
8.08,404,-0.42511826753616333,0.905137836933136,-0.4390925467014313,-3.2792112827301025,4.310838222503662,2.0,0.12402476370334625,0.9922791123390198,0.12434494495391846,0.5491430163383484,0.08714130520820618,0.5634374618530273,-0.6034374754866386,-290.89537089176184,0.0,0.0
8.1,405,-0.4818602502346039,0.8762480616569519,-0.5027764439582825,-3.1841957569122314,4.7507781982421875,2.0,0.15389446914196014,0.9880872964859009,0.15450850129127502,0.6357547044754028,0.11183920502662659,0.6572849154472351,-0.6972849441444104,-291.59265583590627,0.0,0.0
8.120000000000001,406,-0.5349043011665344,0.8449126482009888,-0.564394474029541,-3.080901861190796,5.164694309234619,2.0,0.18302473425865173,0.9831082820892334,0.18406227231025696,0.7179290652275085,0.13819566369056702,0.7484567761421204,-0.7884567607027766,-292.38111259660906,0.0,0.0
8.14,407,-0.5841172933578491,0.8116692900657654,-0.6237921118736267,-2.9698801040649414,5.551092147827148,2.0,0.21128518879413605,0.9774244427680969,0.2128896415233612,0.795402467250824,0.16575518250465393,0.8366817235946655,-0.8766817306450355,-293.2577943272541,0.0,0.0
8.16,408,-0.629435122013092,0.7770529985427856,-0.6808260679244995,-2.8516998291015625,5.909013271331787,2.0,0.2385542392730713,0.9711291790008545,0.24087683856487274,0.8679893612861633,0.19407615065574646,0.9217029213905334,-0.9617029170844141,-294.2194972443385,0.0,0.0
8.18,409,-0.6708577871322632,0.7415860295295715,-0.7353648543357849,-2.7269396781921387,6.23800802230835,2.0,0.2647198438644409,0.9643253684043884,0.2679134011268616,0.9355776309967041,0.2227393388748169,1.0032782554626465,-1.0432782695610068,-295.26277551389956,0.0,0.0
8.2,410,-0.7084421515464783,0.705768883228302,-0.7872884273529053,-2.596177577972412,6.5380964279174805,2.0,0.2896801233291626,0.9571235179901123,0.29389262199401855,0.9981222748756409,0.2513546049594879,1.0811810493469238,-1.1211810517024223,-296.383956565602,0.0,0.0
8.22,411,-0.7422944903373718,0.6700738072395325,-0.8364880681037903,-2.4599833488464355,6.809719562530518,2.0,0.31334367394447327,0.9496397972106934,0.3187119960784912,1.0556381940841675,0.2795659601688385,1.1552001237869263,-1.1952000860488414,-297.5791566516508,0.0,0.0
8.24,412,-0.7725619673728943,0.6349393725395203,-0.8828662633895874,-2.3189096450805664,7.053680896759033,2.0,0.3356296420097351,0.9419940114021301,0.3422735631465912,1.1081916093826294,0.30705466866493225,1.225139856338501,-1.2651398373998657,-298.8442964890507,0.0,0.0
8.26,413,-0.7994241118431091,0.6007670760154724,-0.9263360500335693,-2.173487901687622,7.271083831787109,2.0,0.3564675450325012,0.9343076944351196,0.3644843101501465,1.1558916568756104,0.3335406482219696,1.2908203601837158,-1.330820357894098,-300.1751168469448,0.0,0.0
8.28,414,-0.8230841755867004,0.5679193735122681,-0.966820478439331,-2.0242226123809814,7.463268756866455,2.0,0.37579697370529175,0.9267020225524902,0.3852566182613373,1.1988811492919922,0.3587826192378998,1.3520771265029907,-1.3920771177912536,-301.567193964736,0.0,0.0
8.3,415,-0.8437608480453491,0.5367192625999451,-1.0042521953582764,-1.8715876340866089,7.631750106811523,2.0,0.39356696605682373,0.9192959666252136,0.404508501291275,1.2373278141021729,0.38257667422294617,1.4087607860565186,-1.4487607457446336,-303.0159547104806,0.0,0.0
8.32,416,-0.8616808652877808,0.5074506402015686,-1.0385727882385254,-1.7160245180130005,7.778155326843262,2.0,0.40973538160324097,0.9122044444084167,0.4221639633178711,1.271416187286377,0.40475380420684814,1.4607367515563965,-1.5007367014073894,-304.516691411888,0.0,0.0
8.34,417,-0.8770715594291687,0.48035967350006104,-1.069731593132019,-1.557941198348999,7.904167652130127,2.0,0.42426797747612,0.9055367112159729,0.43815332651138306,1.3013395071029663,0.4251770079135895,1.5078848600387573,-1.5478849016963894,-306.0645763135844,0.0,0.0
8.36,418,-0.8901552557945251,0.45565733313560486,-1.0976858139038086,-1.3977116346359253,8.01147747039795,2.0,0.43713751435279846,0.899394690990448,0.45241352915763855,1.327292799949646,0.44373732805252075,1.5500993728637695,-1.5900993201220675,-307.65467563370646,0.0,0.0
8.38,419,-0.9011431932449341,0.4335215389728546,-1.1223993301391602,-1.2356770038604736,8.101731300354004,2.0,0.44832292199134827,0.8938716650009155,0.46488824486732483,1.34946608543396,0.4603501260280609,1.5872875452041626,-1.6272875764445298,-309.281963210151,0.0,0.0
8.4,420,-0.9102312922477722,0.41410019993782043,-1.1438422203063965,-1.072147011756897,8.176499366760254,2.0,0.45780816674232483,0.8890510201454163,0.4755282700061798,1.3680394887924194,0.47495079040527344,1.6193705797195435,-1.6593705316734524,-310.94133374182445,0.0,0.0
8.42,421,-0.9175961017608643,0.3975140154361725,-1.1619902849197388,-0.9074023365974426,8.237232208251953,2.0,0.4655815362930298,0.885004997253418,0.48429158329963684,1.383177638053894,0.4874909818172455,1.6462819576263428,-1.6862819012024675,-312.6276156430269,0.0,0.0
8.44,422,-0.9233916401863098,0.38385918736457825,-1.1768242120742798,-0.7416975498199463,8.28524112701416,2.0,0.4716346263885498,0.8817940354347229,0.4911436140537262,1.3950263261795044,0.49793487787246704,1.6679679155349731,-1.7079678967393237,-314.3355835397662,0.0,0.0
8.46,423,-0.9277468323707581,0.3732101321220398,-1.1883295774459839,-0.5752641558647156,8.321667671203613,2.0,0.475961834192276,0.8794659376144409,0.4960573613643646,1.4037086963653564,0.5062558054924011,1.6843868494033813,-1.7243869057149632,-316.05997044548116,0.0,0.0
8.48,424,-0.9307636022567749,0.36562153697013855,-1.1964958906173706,-0.4083147943019867,8.347469329833984,2.0,0.4785594642162323,0.8780551552772522,0.49901336431503296,1.4093230962753296,0.512433648109436,1.6955091953277588,-1.7355092150566438,-317.7954796605378,0.0,0.0
8.5,425,-0.9325154423713684,0.36113014817237854,-1.2013168334960938,-0.24104668200016022,8.363405227661133,2.0,0.4794255495071411,0.8775825500488281,0.5,1.4119409322738647,0.516452431678772,1.7013168334960938,-1.7413167845992539,-319.53679644513704,0.0,0.0
8.52,426,-0.9330463409423828,0.3597562313079834,-1.2027896642684937,-0.07364625483751297,8.37002182006836,2.0,0.4785594642162323,0.8780551552772522,0.49901336431503296,1.4116058349609375,0.5182989239692688,1.7018030881881714,-1.7418030739743413,-321.27859951911137,0.0,0.0
8.540000000000001,427,-0.9323704838752747,0.3615042567253113,-1.2009155750274658,0.09370674192905426,8.367650032043457,2.0,0.475961834192276,0.8794659376144409,0.4960573613643646,1.4083322286605835,0.5179616808891296,1.6969729661941528,-1.7369729255328792,-323.01557244464425,0.0,0.0
8.56,428,-0.9304718971252441,0.36636319756507874,-1.195698857307434,0.26083478331565857,8.356401443481445,2.0,0.4716346263885498,0.8817940354347229,0.4911436140537262,1.402106523513794,0.5154308676719666,1.6868425607681274,-1.7268425046900855,-324.7424149493343,0.0,0.0
8.58,429,-0.9273051023483276,0.374306321144104,-1.1871477365493774,0.4275580942630768,8.336165428161621,2.0,0.4655815362930298,0.885004997253418,0.48429158329963684,1.3928866386413574,0.510698676109314,1.671439290046692,-1.7114392979860638,-326.4538542473204,0.0,0.0
8.6,430,-0.9227954149246216,0.38529032468795776,-1.1752738952636719,0.5936903953552246,8.30661392211914,2.0,0.45780816674232483,0.8890510201454163,0.4755282700061798,1.380603551864624,0.5037606954574585,1.6508021354675293,-1.6908021680882306,-328.14465641540863,0.0,0.0
8.620000000000001,431,-0.9168403148651123,0.39925405383110046,-1.1600931882858276,0.7590344548225403,8.267204284667969,2.0,0.44832292199134827,0.8938716650009155,0.46488824486732483,1.3651632070541382,0.49461761116981506,1.6249815225601196,-1.6649814638731473,-329.8096378792818,0.0,0.0
8.64,432,-0.9093111753463745,0.4161168336868286,-1.1416256427764893,0.9233782291412354,8.217188835144043,2.0,0.43713751435279846,0.899394690990448,0.45241352915763855,1.3464486598968506,0.4832778573036194,1.5940392017364502,-1.63403918257129,-331.4436770618531,0.0,0.0
8.66,433,-0.9000550508499146,0.4357762038707733,-1.1198958158493042,1.0864908695220947,8.155630111694336,2.0,0.42426797747612,0.9055367112159729,0.43815332651138306,1.324323058128357,0.4697604775428772,1.558049201965332,-1.598049179698091,-333.0417262415512,0.0,0.0
8.68,434,-0.8888977766036987,0.4581056237220764,-1.0949335098266602,1.2481191158294678,8.081411361694336,2.0,0.40973538160324097,0.9122044444084167,0.4221639633178711,1.298633098602295,0.45409879088401794,1.5170974731445312,-1.5570974210963549,-334.59882366264753,0.0,0.0
8.700000000000001,435,-0.8756469488143921,0.4829517602920532,-1.066773772239685,1.4079842567443848,7.993260860443115,2.0,0.39356696605682373,0.9192959666252136,0.404508501291275,1.2692139148712158,0.436344176530838,1.4712822437286377,-1.5112822698576722,-336.1101059325052,0.0,0.0
8.72,436,-0.8600961565971375,0.5101318955421448,-1.0354582071304321,1.565779685974121,7.889772891998291,2.0,0.37579697370529175,0.9267020225524902,0.3852566182613373,1.2358931303024292,0.41657012701034546,1.4207148551940918,-1.4607147991678584,-337.57082073167305,0.0,0.0
8.74,437,-0.8420296311378479,0.5394312739372253,-1.0010348558425903,1.7211685180664062,7.769440650939941,2.0,0.3564675450325012,0.9343076944351196,0.3644843101501465,1.1984971761703491,0.3948764503002167,1.3655191659927368,-1.4055191202451902,-338.9763398519182,0.0,0.0
8.76,438,-0.8212276101112366,0.5706007480621338,-0.9635591506958008,1.8737823963165283,7.6306891441345215,2.0,0.3356296420097351,0.9419940114021301,0.3422735631465912,1.1568572521209717,0.3713932931423187,1.3058327436447144,-1.3458327125438145,-340.32217256446205,0.0,0.0
8.78,439,-0.7974726557731628,0.6033550500869751,-0.9230947494506836,2.0232205390930176,7.471915245056152,2.0,0.31334367394447327,0.9496397972106934,0.3187119960784912,1.1108163595199585,0.3462847173213959,1.2418067455291748,-1.2818067413349785,-341.60397930579705,0.0,0.0
8.8,440,-0.7705564498901367,0.6373717784881592,-0.8797137141227722,2.1690514087677,7.291534423828125,2.0,0.2896801233291626,0.9571235179901123,0.29389262199401855,1.0602365732192993,0.3197517395019531,1.1736063957214355,-1.2136063457391464,-342.8175856515362,0.0,0.0
8.82,441,-0.7402872443199158,0.6722907423973083,-0.8334974646568298,2.310811996459961,7.088029384613037,2.0,0.2647198438644409,0.9643253684043884,0.2679134011268616,1.005007028579712,0.2920346260070801,1.1014108657836914,-1.1414108783718264,-343.958996529908,0.0,0.0
8.84,442,-0.7064977288246155,0.7077152729034424,-0.7845372557640076,2.448012113571167,6.8600077629089355,2.0,0.2385542392730713,0.9711291790008545,0.24087683856487274,0.9450519680976868,0.2634138762950897,1.0254141092300415,-1.065414076118926,-345.02441060602695,0.0,0.0
8.86,443,-0.6690534949302673,0.7432142496109009,-0.7329344749450684,2.580137252807617,6.60625696182251,2.0,0.21128518879413605,0.9774244427680969,0.2128896415233612,0.8803386688232422,0.23421017825603485,0.945824146270752,-0.9858241403283344,-346.0102347463553,0.0,0.0
8.88,444,-0.6278606057167053,0.7783257961273193,-0.678801417350769,2.706653356552124,6.3258056640625,2.0,0.18302473425865173,0.9831082820892334,0.18406227231025696,0.8108853101730347,0.20478250086307526,0.8628637194633484,-0.9028637040597104,-346.913098450415,0.0,0.0
8.9,445,-0.5828740000724792,0.8125625848770142,-0.6222611665725708,2.8270130157470703,6.017984867095947,2.0,0.15389446914196014,0.9880872964859009,0.15450850129127502,0.7367684841156006,0.1755247265100479,0.7767696380615234,-0.8167696641440486,-347.72986811455905,0.0,0.0
8.92,446,-0.5341042876243591,0.8454185724258423,-0.563447892665863,2.9406626224517822,5.6824822425842285,2.0,0.12402476370334625,0.9922791123390198,0.12434494495391846,0.6581290364265442,0.1468605250120163,0.6877928376197815,-0.7277928568251402,-348.4576609713842,0.0,0.0
8.94,447,-0.481624037027359,0.8763779401779175,-0.5025069117546082,3.047050714492798,5.319397449493408,2.0,0.09355364739894867,0.995614230632782,0.0936906561255455,0.5751776695251465,0.1192363053560257,0.5961975455284119,-0.6361975578163594,-349.0938585292006,0.0,0.0
8.96,448,-0.4255722463130951,0.9049244523048401,-0.43959417939186096,3.1456363201141357,4.929284572601318,2.0,0.06262560933828354,0.9980370998382568,0.06266661733388901,0.48819786310195923,0.09311264753341675,0.5022608041763306,-0.5422607907903708,-349.63611931999094,0.0,0.0
8.98,449,-0.36615729331970215,0.9305529594421387,-0.3748761713504791,3.2359001636505127,4.513186454772949,2.0,0.031390100717544556,0.9995071887969971,0.031395260244607925,0.3975473940372467,0.068954236805439,0.40627142786979675,-0.44627143264642405,-350.08239075263737,0.0,0.0
9.0,450,-0.30365753173828125,0.9527812600135803,-0.3085291087627411,3.3173532485961914,4.072656154632568,2.0,5.510910704284357e-16,1.0,5.510910704284357e-16,0.30365753173828125,0.04721875116229057,0.3085291087627411,-0.348529109309901,-350.43091986194725,0.0,0.0
9.02,451,-0.2384195476770401,0.9711622595787048,-0.2407381385564804,3.3895483016967773,3.609759569168091,2.0,-0.031390100717544556,0.9995071887969971,-0.031395260244607925,0.20702944695949554,0.028344957157969475,0.20934288203716278,-0.24934288216507025,-350.6802627441123,0.0,0.0
9.040000000000001,452,-0.17085400223731995,0.985296368598938,-0.17169634997844696,3.452089548110962,3.127063751220703,2.0,-0.06262560933828354,0.9980370998382568,-0.06266661733388901,0.10822839289903641,0.012740733101963997,0.10902973264455795,-0.14902973226643432,-350.8292924763788,0.0,0.0
9.06,453,-0.10170029103755951,0.9948151111602783,-0.10187642276287079,3.4909961223602295,1.9453279972076416,1.0902973413467407,-0.09355364739894867,0.995614230632782,-0.0936906561255455,0.00814664177596569,0.0007991561433300376,0.008185767568647861,-0.020073250216685948,-350.84936572659547,0.0,0.0
9.08,454,-0.03177965432405472,0.9994949102401733,-0.03178500384092331,3.504570960998535,0.6787407994270325,0.08185767382383347,-0.12402476370334625,0.9922791123390198,-0.12434494495391846,-0.09224510937929153,-0.007215776015073061,-0.09255994111299515,-0.0926269457558405,-350.9419926723513,0.0,0.0
9.1,455,0.0380605012178421,0.9992754459381104,0.038069695234298706,3.492734909057617,-0.591802179813385,-0.9255993962287903,-0.15389446914196014,0.9880872964859009,-0.15450850129127502,-0.19195497035980225,-0.011188146658241749,-0.19257819652557373,-0.2011455343772747,-351.14313820672857,0.0,0.0
9.120000000000001,456,0.10697715729475021,0.9942615032196045,0.10718225687742233,3.4556281566619873,-1.8553441762924194,-1.9257819652557373,-0.18302473425865173,0.9831082820892334,-0.18406227231025696,-0.29000189900398254,-0.011153168976306915,-0.2912445366382599,-0.3283308931512894,-351.47146909987987,0.0,0.0
9.14,457,0.17443126440048218,0.9846693277359009,0.17532815039157867,3.407294750213623,-2.416670560836792,-2.0,-0.21128518879413605,0.9774244427680969,-0.2128896415233612,-0.3857164680957794,-0.007244895212352276,-0.3882178068161011,-0.4282177961941473,-351.899686896074,0.0,0.0
9.16,458,0.23994538187980652,0.9707863926887512,0.2423095852136612,3.349071741104126,-2.911151647567749,-2.0,-0.2385542392730713,0.9711291790008545,-0.24087683856487274,-0.4784996211528778,0.0003427843621466309,-0.48318642377853394,-0.5231864204906052,-352.4228733165646,0.0,0.0
9.18,459,0.30309104919433594,0.9529616236686707,0.30793461203575134,3.281251907348633,-3.390988349914551,-2.0,-0.2647198438644409,0.9643253684043884,-0.2679134011268616,-0.5678108930587769,0.011363760568201542,-0.5758480429649353,-0.6158480186393975,-353.038721335204,0.0,0.0
9.200000000000001,460,0.3634965419769287,0.9315955638885498,0.3720184564590454,3.204191207885742,-3.853039503097534,-2.0,-0.2896801233291626,0.9571235179901123,-0.29389262199401855,-0.6531766653060913,0.025527967140078545,-0.665911078453064,-0.7059110692455743,-353.7446324044496,0.0,0.0
9.22,461,0.42085209488868713,0.9071292877197266,0.43438443541526794,3.1182994842529297,-4.294582843780518,-2.0,-0.31334367394447327,0.9496397972106934,-0.3187119960784912,-0.7341957688331604,0.042510516941547394,-0.7530964016914368,-0.7930964267283898,-354.53772883117796,0.0,0.0
9.24,462,0.4749129116535187,0.8800327777862549,0.4948650896549225,3.0240323543548584,-4.713355541229248,-2.0,-0.3356296420097351,0.9419940114021301,-0.3422735631465912,-0.8105425238609314,0.061961233615875244,-0.8371386528015137,-0.8771386314064142,-355.41486746258437,0.0,0.0
9.26,463,0.5254999995231628,0.8507936000823975,0.5533027052879333,2.9218809604644775,-5.10757303237915,-2.0,-0.3564675450325012,0.9343076944351196,-0.3644843101501465,-0.8819675445556641,0.08351410925388336,-0.9177870154380798,-0.9577870095317131,-356.3726544721161,0.0,0.0
9.28,464,0.5724985003471375,0.8199057579040527,0.6095499396324158,2.8123621940612793,-5.4759368896484375,-2.0,-0.37579697370529175,0.9267020225524902,-0.3852566182613373,-0.9482954740524292,0.1067962646484375,-0.9948065876960754,-1.034806559868018,-357.4074610319841,0.0,0.0
9.3,465,0.6158545613288879,0.7878598570823669,0.6634701490402222,2.696009635925293,-5.817621231079102,-2.0,-0.39356696605682373,0.9192959666252136,-0.404508501291275,-1.009421467781067,0.1314360648393631,-1.0679786205291748,-1.1079786297796055,-358.5154396617637,0.0,0.0
9.32,466,0.6555701494216919,0.7551342844963074,0.7149374485015869,2.573364734649658,-6.1322503089904785,-2.0,-0.40973538160324097,0.9122044444084167,-0.4221639633178711,-1.0653055906295776,0.15707015991210938,-1.137101411819458,-1.1771013894197007,-359.6925410511834,0.0,0.0
9.34,467,0.6916974186897278,0.7221874594688416,0.7638368010520935,2.44496750831604,-6.419858455657959,-2.0,-0.42426797747612,0.9055367112159729,-0.43815332651138306,-1.1159653663635254,0.18334923684597015,-1.2019901275634766,-1.2419901172959873,-360.9345311684794,0.0,0.0
9.36,468,0.7243311405181885,0.6894522309303284,0.8100637793540955,2.3113505840301514,-6.680850028991699,-2.0,-0.43713751435279846,0.899394690990448,-0.45241352915763855,-1.1614686250686646,0.20994244515895844,-1.2624772787094116,-1.3024773141457748,-362.2370084826252,0.0,0.0
9.38,469,0.7536017894744873,0.6573312282562256,0.8535244464874268,2.173031806945801,-6.915942192077637,-2.0,-0.44832292199134827,0.8938716650009155,-0.46488824486732483,-1.2019246816635132,0.23654045164585114,-1.3184126615524292,-1.3584126646497428,-363.5954211472749,0.0,0.0
9.4,470,0.7796674966812134,0.6261937618255615,0.8941345810890198,2.0305094718933105,-7.1261138916015625,-2.0,-0.45780816674232483,0.8890510201454163,-0.4755282700061798,-1.2374756336212158,0.26285722851753235,-1.369662880897522,-1.4096628680932517,-365.0050840153682,0.0,0.0
9.42,471,0.8027065396308899,0.5963742136955261,0.9318197965621948,1.884258508682251,-7.31254768371582,-2.0,-0.4655815362930298,0.885004997253418,-0.48429158329963684,-1.268288016319275,0.28863078355789185,-1.4161113500595093,-1.4561113597407553,-366.46119537510896,0.0,0.0
9.44,472,0.8229102492332458,0.5681713819503784,0.9665143489837646,1.7347270250320435,-7.4765729904174805,-2.0,-0.4716346263885498,0.8817940354347229,-0.4911436140537262,-1.2945449352264404,0.31362268328666687,-1.4576579332351685,-1.497657944550952,-367.9588533196599,0.0,0.0
9.46,473,0.8404759764671326,0.5418488383293152,0.9981610178947449,1.5823347568511963,-7.619614601135254,-2.0,-0.475961834192276,0.8794659376144409,-0.4960573613643646,-1.3164377212524414,0.33761709928512573,-1.494218349456787,-1.5342183640760898,-369.493071683736,0.0,0.0
9.48,474,0.8556008338928223,0.5176361799240112,1.0267105102539062,1.4274718761444092,-7.743139266967773,-2.0,-0.4785594642162323,0.8780551552772522,-0.49901336431503296,-1.334160327911377,0.36041897535324097,-1.5257238149642944,-1.5657238161125082,-371.0587954998485,0.0,0.0
9.5,475,0.8684763312339783,0.49573060870170593,1.0521204471588135,1.2704997062683105,-7.848613262176514,-2.0,-0.4794255495071411,0.8775825500488281,-0.5,-1.3479019403457642,0.3818519413471222,-1.5521204471588135,-1.5921204450492155,-372.6509159448977,0.0,0.0
9.52,476,0.8792833089828491,0.47629907727241516,1.0743554830551147,1.1117504835128784,-7.937458515167236,-2.0,-0.4785594642162323,0.8780551552772522,-0.49901336431503296,-1.3578428030014038,0.40175607800483704,-1.573368787765503,-1.6133688190307656,-374.26428476392846,0.0,0.0
9.540000000000001,477,0.888187825679779,0.45948055386543274,1.0933860540390015,0.9515301585197449,-8.011017799377441,-2.0,-0.475961834192276,0.8794659376144409,-0.4960573613643646,-1.3641496896743774,0.4199853837490082,-1.5894434452056885,-1.6294434081236924,-375.89372817205214,0.0,0.0
9.56,478,0.8953375220298767,0.4453882873058319,1.109188437461853,0.7901196479797363,-8.070524215698242,-2.0,-0.4716346263885498,0.8817940354347229,-0.4911436140537262,-1.3669722080230713,0.4364057779312134,-1.6003320217132568,-1.6403320757427902,-377.5340602477949,0.0,0.0
9.58,479,0.9008588790893555,0.43411198258399963,1.1217440366744995,0.6277781128883362,-8.117074966430664,-2.0,-0.4655815362930298,0.885004997253418,-0.48429158329963684,-1.3664404153823853,0.45089301466941833,-1.606035590171814,-1.64603559372142,-379.18009584151633,0.0,0.0
9.6,480,0.904854953289032,0.4257199466228485,1.1310389041900635,0.4647459089756012,-8.151611328125,-2.0,-0.45780816674232483,0.8890510201454163,-0.4755282700061798,-1.3626631498336792,0.46333104372024536,-1.606567144393921,-1.6465671896425234,-380.82666303115883,0.0,0.0
9.620000000000001,481,0.9074034690856934,0.42026054859161377,1.1370638608932495,0.3012479543685913,-8.174898147583008,-2.0,-0.44832292199134827,0.8938716650009155,-0.46488824486732483,-1.3557263612747192,0.47361111640930176,-1.601952075958252,-1.641952133407008,-382.46861516456585,0.0,0.0
9.64,482,0.9085557460784912,0.4177636504173279,1.1398138999938965,0.13749758899211884,-8.187518119812012,-2.0,-0.43713751435279846,0.899394690990448,-0.45241352915763855,-1.3456932306289673,0.4816310405731201,-1.5922273397445679,-1.6322273685084694,-384.10084253307434,0.0,0.0
9.66,483,0.9083358645439148,0.4182414710521698,1.1392878293991089,-0.026299510151147842,-8.189854621887207,-2.0,-0.42426797747612,0.9055367112159729,-0.43815332651138306,-1.3326038122177124,0.4872952103614807,-1.5774412155151367,-1.6174411920976124,-385.71828372517194,0.0,0.0
9.68,484,0.9067404866218567,0.42168906331062317,1.1354889869689941,-0.18994140625,-8.18209457397461,-2.0,-0.40973538160324097,0.9122044444084167,-0.4221639633178711,-1.3164758682250977,0.4905153512954712,-1.5576529502868652,-1.5976529866345084,-387.31593671180644,0.0,0.0
9.700000000000001,485,0.9037388563156128,0.4280841648578644,1.1284245252609253,-0.35322582721710205,-8.164220809936523,-2.0,-0.39356696605682373,0.9192959666252136,-0.404508501291275,-1.2973058223724365,0.49121177196502686,-1.532932996749878,-1.572933004711861,-388.8888697165183,0.0,0.0
9.72,486,0.8992734551429749,0.4373868405818939,1.1181055307388306,-0.515946090221405,-8.13601303100586,-2.0,-0.37579697370529175,0.9267020225524902,-0.3852566182613373,-1.2750704288482666,0.4893152117729187,-1.5033621788024902,-1.5433622074522506,-390.43223192397056,0.0,0.0
9.74,487,0.8932610154151917,0.44953837990760803,1.1045478582382202,-0.6778872013092041,-8.09705638885498,-2.0,-0.3564675450325012,0.9343076944351196,-0.3644843101501465,-1.2497285604476929,0.484769344329834,-1.4690321683883667,-1.5090321556997195,-391.9412640796703,0.0,0.0
9.76,488,0.8855940103530884,0.464460164308548,1.0877714157104492,-0.8388221263885498,-8.046747207641602,-2.0,-0.3356296420097351,0.9419940114021301,-0.3422735631465912,-1.2212235927581787,0.47753387689590454,-1.4300450086593628,-1.4700449520039398,-393.41130903167425,0.0,0.0
9.78,489,0.876142680644989,0.482051819562912,1.0678012371063232,-0.9985082149505615,-7.984302043914795,-2.0,-0.31334367394447327,0.9496397972106934,-0.3187119960784912,-1.1894863843917847,0.46758797764778137,-1.3865132331848145,-1.4265132301012238,-394.8378222617755,0.0,0.0
9.8,490,0.8647576570510864,0.5021894574165344,1.0446676015853882,-1.1566836833953857,-7.908775806427002,-2.0,-0.2896801233291626,0.9571235179901123,-0.29389262199401855,-1.154437780380249,0.45493409037590027,-1.3385602235794067,-1.3785601872040842,-396.2163824489796,0.0,0.0
9.82,491,0.8512728214263916,0.5247233510017395,1.0184062719345093,-1.3130652904510498,-7.8190789222717285,-2.0,-0.2647198438644409,0.9643253684043884,-0.2679134011268616,-1.1159926652908325,0.4396020174026489,-1.286319613456726,-1.3263196529040795,-397.54270210188366,0.0,0.0
9.84,492,0.8355094790458679,0.5494760274887085,0.989059329032898,-1.4673452377319336,-7.7139997482299805,-2.0,-0.2385542392730713,0.9711291790008545,-0.24087683856487274,-1.074063777923584,0.421653151512146,-1.2299362421035767,-1.2699361868672348,-398.8126382887509,0.0,0.0
9.86,493,0.8172804117202759,0.5762401819229126,0.9566755294799805,-1.619189977645874,-7.592235565185547,-2.0,-0.21128518879413605,0.9774244427680969,-0.2128896415233612,-1.0285656452178955,0.4011842906475067,-1.169565200805664,-1.2095651957696962,-400.0222034845206,0.0,0.0
9.88,494,0.7963950634002686,0.6047767996788025,0.9213107824325562,-1.7682384252548218,-7.452421188354492,-2.0,-0.18302473425865173,0.9831082820892334,-0.18406227231025696,-0.9794197678565979,0.3783315420150757,-1.1053730249404907,-1.1453730581139667,-401.1675765426346,0.0,0.0
9.9,495,0.7726650834083557,0.6348138451576233,0.8830287456512451,-1.9141017198562622,-7.293167591094971,-2.0,-0.15389446914196014,0.9880872964859009,-0.15450850129127502,-0.926559567451477,0.3532734513282776,-1.0375372171401978,-1.0775372437336466,-402.2451137863683,0.0,0.0
9.92,496,0.7459109425544739,0.6660457253456116,0.8419014811515808,-2.056363821029663,-7.113104820251465,-2.0,-0.12402476370334625,0.9922791123390198,-0.12434494495391846,-0.8699356913566589,0.3262334167957306,-0.9662464261054993,-1.0062464130103461,-403.2513601993786,0.0,0.0
9.94,497,0.7159680724143982,0.6981329917907715,0.7980098128318787,-2.194582462310791,-6.91092586517334,-2.0,-0.09355364739894867,0.995614230632782,-0.0936906561255455,-0.8095217347145081,0.2974812388420105,-0.8917005062103271,-0.9317004791839445,-404.1830606785625,0.0,0.0
9.96,498,0.6826946139335632,0.7307038307189941,0.7514439821243286,-2.328291177749634,-6.685438632965088,-2.0,-0.06262560933828354,0.9980370998382568,-0.06266661733388901,-0.745320200920105,0.2673332691192627,-0.8141106367111206,-0.8541106157516365,-405.03717129431413,0.0,0.0
9.98,499,0.6459780931472778,0.7633559107780457,0.702303946018219,-2.457003355026245,-6.435614585876465,-2.0,-0.031390100717544556,0.9995071887969971,-0.031395260244607925,-0.6773682236671448,0.23615127801895142,-0.7336992025375366,-0.7736991899514065,-405.81087048426554,0.0,0.0
