t,step,x,y,theta,theta_dot,theta_ddot,tau,x_target,y_target,theta_target,ex,ey,etheta,reward,reward_cum,force_left,force_right
0.0,0,0.0,1.0,0.0,0.0,0.0,0.0,0.0,1.0,0.0,0.0,0.0,0.0,0.0,0.0,0.0,0.0
0.02,1,-1.131779377858068e-15,1.0,-1.131779377858068e-15,-5.658897016345282e-14,-2.829448481067587e-12,-3.772598119317072e-12,0.04391147568821907,0.9990354180335999,0.04392559826374054,0.04391147568821907,-0.0009645739919506013,0.04392559826374054,-2.297231683988209e-15,-2.297231683988209e-15,0.0,0.0
0.04,2,0.0005999999702908099,0.9999998211860657,0.0006000000284984708,0.029999999329447746,1.5,2.0,0.08739987760782242,0.9961733222007751,0.08751153200864792,0.08679987490177155,-0.0038265108596533537,0.08691152930259705,-0.0833255982637428,-0.08332559826374511,0.0,0.0
0.06,3,0.001797783188521862,0.9999983906745911,0.0017977842362597585,0.059889208525419235,1.4944604635238647,2.0,0.13005132973194122,0.9915072321891785,0.1304207593202591,0.12825354933738708,-0.008491122163832188,0.12862296402454376,-0.12571374780854536,-0.20903934607229047,0.0,0.0
0.08,4,0.0035893714521080256,0.9999935626983643,0.003589379135519266,0.0895797461271286,1.4845269918441772,2.0,0.17146988213062286,0.9851893782615662,0.17232146859169006,0.16788052022457123,-0.014804196543991566,0.16873207688331604,-0.16683138013425264,-0.3758707262065431,0.0,0.0
0.1,5,0.00596903171390295,0.9999821782112122,0.005969067104160786,0.11898438632488251,1.4702320098876953,2.0,0.21128518879413605,0.9774244427680969,0.2128896415233612,0.20531615614891052,-0.022557727992534637,0.2069205790758133,-0.20635240163628077,-0.5822231278428238,0.0,0.0
0.12,6,0.008929284289479256,0.9999601244926453,0.008929403498768806,0.1480168104171753,1.4516209363937378,2.0,0.2491588294506073,0.9684626460075378,0.25181159377098083,0.2402295470237732,-0.031497497111558914,0.24288219213485718,-0.24396023842410827,-0.8261833662669321,0.0,0.0
0.14,7,0.012460917234420776,0.9999223351478577,0.012461240403354168,0.17659184336662292,1.4287521839141846,2.0,0.2847890555858612,0.9585902094841003,0.2887863516807556,0.27232813835144043,-0.041332144290208817,0.2763251066207886,-0.27935035366408884,-1.105533719931021,0.0,0.0
0.16,8,0.01655299961566925,0.9998629689216614,0.016553755849599838,0.20462578535079956,1.4016965627670288,2.0,0.3179134726524353,0.9481196999549866,0.323527991771698,0.30136048793792725,-0.05174326151609421,0.30697423219680786,-0.3122325959244986,-1.4177663158555194,0.0,0.0
0.18,9,0.021192898973822594,0.9997754096984863,0.02119448594748974,0.2320365458726883,1.3705378770828247,2.0,0.3483102321624756,0.9373793005943298,0.3557678461074829,0.32711732387542725,-0.0623960867524147,0.334573358297348,-0.34233350523104117,-1.7600998210865606,0.0,0.0
0.2,10,0.026366310194134712,0.9996523261070251,0.0263693667948246,0.2587439715862274,1.3353718519210815,2.0,0.37579697370529175,0.9267020225524902,0.3852566182613373,0.349430650472641,-0.0729503259062767,0.358887255191803,-0.36939848003460724,-2.129498301121168,0.0,0.0
0.22,11,0.032057274132966995,0.9994860291481018,0.03206276893615723,0.2846701145172119,1.2963069677352905,2.0,0.4002286195755005,0.9164153337478638,0.41176629066467285,0.3681713342666626,-0.08307070285081863,0.3797035217285156,-0.3931938498668636,-2.5226921509880316,0.0,0.0
0.24,12,0.038248226046562195,0.9992682933807373,0.03825755789875984,0.3097393810749054,1.2534635066986084,2.0,0.4214937090873718,0.9068313241004944,0.43509188294410706,0.3832454979419708,-0.09243694692850113,0.3968343138694763,-0.4135087345610883,-2.9362008855491197,0.0,0.0
0.26,13,0.04492001235485077,0.9989905953407288,0.044935133308172226,0.33387884497642517,1.2069734334945679,2.0,0.43950989842414856,0.8982377648353577,0.4550529718399048,0.394589900970459,-0.10075284540653229,0.41011786460876465,-0.43015674974611545,-3.3663576352952354,0.0,0.0
0.28,14,0.05205196887254715,0.9986443519592285,0.052075501531362534,0.35701847076416016,1.1569805145263672,2.0,0.45421892404556274,0.8908901214599609,0.47149527072906494,0.4021669328212738,-0.10775427520275116,0.4194197654724121,-0.4429774693280198,-3.8093351046232553,0.0,0.0
0.3,15,0.05962194874882698,0.9982210397720337,0.05965732783079147,0.3790912628173828,1.1036394834518433,2.0,0.4655815362930298,0.885004997253418,0.48429158329963684,0.4059595763683319,-0.11321602761745453,0.42463424801826477,-0.45183794312447617,-4.261173047747731,0.0,0.0
0.32,16,0.06760638952255249,0.9977120757102966,0.06765799969434738,0.400033563375473,1.0471155643463135,2.0,0.47357288002967834,0.8807546496391296,0.49334296584129333,0.40596646070480347,-0.11695742607116699,0.42568495869636536,-0.4566335843617599,-4.717806632109491,0.0,0.0
0.34,17,0.07598040997982025,0.9971092939376831,0.07605370134115219,0.4197852611541748,0.9875847101211548,2.0,0.4781784117221832,0.8782626986503601,0.4985794425010681,0.4021979868412018,-0.1188465878367424,0.4225257337093353,-0.4572892616857375,-5.175095893795229,0.0,0.0
0.36,18,0.08471783250570297,0.9964050054550171,0.0848195031285286,0.43828991055488586,0.9252322316169739,2.0,0.4793908894062042,0.8776015043258667,0.4999605119228363,0.39467304944992065,-0.1188034936785698,0.4151410162448883,-0.45375994024596883,-5.628855834041198,0.0,0.0
0.38,19,0.09379134327173233,0.9955918788909912,0.09392940253019333,0.4554949700832367,0.8602526783943176,2.0,0.47720855474472046,0.8787900805473328,0.4974755048751831,0.3834172189235687,-0.11680180579423904,0.4035460948944092,-0.4460311105061478,-6.0748869445473455,0.0,0.0
0.4,20,0.10317251831293106,0.9946634769439697,0.10335644334554672,0.4713519513607025,0.7928491234779358,2.0,0.4716346263885498,0.8817940354347229,0.4911436140537262,0.36846211552619934,-0.11286941170692444,0.38778719305992126,-0.43411906464471706,-6.5090060091920625,0.0,0.0
0.42,21,0.1128319799900055,0.9936140775680542,0.11307277530431747,0.4858165979385376,0.7232325077056885,2.0,0.4626781940460205,0.8865262866020203,0.48101383447647095,0.349846214056015,-0.10708778351545334,0.3679410517215729,-0.4180708420150717,-6.927076851207135,0.0,0.0
0.44,22,0.12273946404457092,0.9924389123916626,0.12304975092411041,0.4988490045070648,0.651620626449585,2.0,0.4503563940525055,0.8928488492965698,0.46716445684432983,0.32761693000793457,-0.09959005564451218,0.3441147208213806,-0.3979640823905545,-7.325040933597689,0.0,0.0
0.46,23,0.13286398351192474,0.9911342859268188,0.13325802981853485,0.5104137659072876,0.5782375335693359,2.0,0.4346977472305298,0.9005764126777649,0.4497026205062866,0.30183374881744385,-0.09055787324905396,0.31644460558891296,-0.373906429694869,-7.698947363292558,0.0,0.0
0.48,24,0.1431739181280136,0.9896975159645081,0.14366762340068817,0.5204800367355347,0.5033127069473267,2.0,0.41574639081954956,0.9094805717468262,0.42876332998275757,0.27257248759269714,-0.08021695911884308,0.2850956916809082,-0.34603499320584113,-8.0449823564984,0.0,0.0
0.5,25,0.15265034139156342,0.9882802367210388,0.15324948728084564,0.4790930449962616,-2.0693485736846924,-1.3285713195800781,0.39356696605682373,0.9192959666252136,0.404508501291275,0.2409166395664215,-0.06898431479930878,0.2512589991092682,-0.2931648581005344,-8.338147214598933,0.0,0.0
0.52,26,0.16107019782066345,0.9869429469108582,0.1617749184370041,0.4262712299823761,-2.6410908699035645,-2.0,0.36824968457221985,0.9297269582748413,0.37712568044662476,0.2071794718503952,-0.057216014713048935,0.21535077691078186,-0.2827335888310267,-8.62088080342996,0.0,0.0
0.54,27,0.1684134602546692,0.9857164621353149,0.16921991109848022,0.3722500503063202,-2.701059103012085,-2.0,0.33991512656211853,0.9404560923576355,0.3468266427516937,0.17150168120861053,-0.04526032879948616,0.1776067465543747,-0.24790576723344984,-8.86878657066341,0.0,0.0
0.56,28,0.17466318607330322,0.9846282601356506,0.17556369304656982,0.3171887993812561,-2.753061294555664,-2.0,0.308718740940094,0.9511533975601196,0.313845694065094,0.13405555486679077,-0.033474866300821304,0.13828198611736298,-0.2112629533372069,-9.080049524000616,0.0,0.0
0.58,29,0.1798054426908493,0.9837021827697754,0.18078868091106415,0.26124924421310425,-2.7969789505004883,-2.0,0.2748539447784424,0.9614859819412231,0.2784378230571747,0.09504850953817368,-0.022216204553842545,0.09764913469552994,-0.17305702004911383,-9.25310654404973,0.0,0.0
0.6,30,0.1838291436433792,0.982958197593689,0.1848805695772171,0.2045949250459671,-2.8327155113220215,-2.0,0.2385542392730713,0.9711291790008545,0.24087683856487274,0.054725099354982376,-0.011829037219285965,0.05599626526236534,-0.13355725061639243,-9.386663794666124,0.0,0.0
0.62,31,0.1867259293794632,0.9824120402336121,0.18782839179039001,0.14739102125167847,-2.8601951599121094,-2.0,0.2000933736562729,0.9797768592834473,0.20145322382450104,0.013367447070777416,-0.002635213313624263,0.013624825514853,-0.09304844578959998,-9.479712240455724,0.0,0.0
0.64,32,0.1884901076555252,0.9820750951766968,0.18962447345256805,0.08980375528335571,-2.8793630599975586,-2.0,0.1597839742898941,0.9871519804000854,0.1604718118906021,-0.0287061408162117,0.005076917819678783,-0.02915266342461109,-0.0518287559738596,-9.531540996429584,0.0,0.0
0.66,33,0.18911859393119812,0.9819542765617371,0.19026446342468262,0.03200008347630501,-2.890183687210083,-2.0,0.11797410994768143,0.9930166602134705,0.11824949830770493,-0.0711444839835167,0.01106241811066866,-0.07201497256755829,-0.06979265759270772,-9.60133365402229,0.0,0.0
0.68,34,0.18861085176467896,0.9820519089698792,0.1897474080324173,-0.025852719321846962,-2.8926401138305664,-2.0,0.07504218071699142,0.9971803426742554,0.07511279731988907,-0.11356866359710693,0.015128453262150288,-0.11463461816310883,-0.11149791677160042,-9.712831570793892,0.0,0.0
0.7000000000000001,35,0.1869688481092453,0.9823658466339111,0.18807566165924072,-0.0835874155163765,-2.886734962463379,-2.0,0.031390100717544556,0.9995071887969971,0.031395260244607925,-0.15557874739170074,0.01714136451482773,-0.1566804051399231,-0.15296286941615758,-9.865794440210049,0.0,0.0
0.72,36,0.1841970980167389,0.9828893542289734,0.18525491654872894,-0.1410371959209442,-2.8724887371063232,-2.0,-0.01256471686065197,0.9999210834503174,-0.012565047480165958,-0.196761816740036,0.017031734809279442,-0.19781997799873352,-0.1938596626543409,-10.059654102864389,0.0,0.0
0.74,37,0.1803027093410492,0.9836111664772034,0.18129420280456543,-0.19803601503372192,-2.8499412536621094,-2.0,-0.05639825016260147,0.9984083771705627,-0.05642819404602051,-0.23670096695423126,0.014797183685004711,-0.23772239685058594,-0.23385925003310307,-10.293513352897492,0.0,0.0
0.76,38,0.1752954125404358,0.984515905380249,0.1762058287858963,-0.2544190287590027,-2.819150924682617,-2.0,-0.09968913346529007,0.9950186610221863,-0.09985499083995819,-0.27498453855514526,0.010502751916646957,-0.2760608196258545,-0.2726340158995595,-10.56614736879705,0.0,0.0
0.78,39,0.16918763518333435,0.9855838418006897,0.17000536620616913,-0.3100229501724243,-2.7801952362060547,-2.0,-0.14202775061130524,0.9898626804351807,-0.14250962436199188,-0.3112153708934784,0.004278816748410463,-0.312514990568161,-0.30986035387178046,-10.876007722668831,0.0,0.0
0.8,40,0.16199462115764618,0.9867916703224182,0.16271163523197174,-0.36468636989593506,-2.7331721782684326,-2.0,-0.18302473425865173,0.9831082820892334,-0.18406227231025696,-0.3450193405151367,-0.003683332120999694,-0.3467739224433899,-0.3452212597070355,-11.221228982375866,0.0,0.0
0.8200000000000001,41,0.15373452007770538,0.988112211227417,0.15434662997722626,-0.4182503819465637,-2.6781997680664062,-2.0,-0.22231827676296234,0.9749741554260254,-0.2241916060447693,-0.3760527968406677,-0.013138041831552982,-0.37853822112083435,-0.3784089001035175,-11.599637882479383,0.0,0.0
0.84,42,0.1444285660982132,0.9895152449607849,0.1449354588985443,-0.4705587327480316,-2.61541748046875,-2.0,-0.2595800459384918,0.965721607208252,-0.262587308883667,-0.4040085971355438,-0.02379363402724266,-0.4075227677822113,-0.4091270593286234,-12.008764941808007,0.0,0.0
0.86,43,0.13410107791423798,0.9909676313400269,0.13450628519058228,-0.5214584469795227,-2.544987201690674,-2.0,-0.2945193350315094,0.9556455016136169,-0.29895249009132385,-0.4286203980445862,-0.03532213345170021,-0.43345877528190613,-0.43709359278676146,-12.445858534594768,0.0,0.0
0.88,44,0.12277968227863312,0.9924339652061462,0.12309027463197708,-0.5708003640174866,-2.4670939445495605,-2.0,-0.32688531279563904,0.9450640082359314,-0.3330059349536896,-0.44966498017311096,-0.04736993461847305,-0.45609620213508606,-0.46204276703966535,-12.907901301634434,0.0,0.0
0.9,45,0.11049540340900421,0.9938766360282898,0.11072149127721786,-0.618439257144928,-2.381946563720703,-2.0,-0.3564675450325012,0.9343076944351196,-0.3644843101501465,-0.46696293354034424,-0.059568922966718674,-0.47520580887794495,-0.4837274263412075,-13.391628727975641,0.0,0.0
0.92,46,0.09728269279003143,0.995256781578064,0.09743679314851761,-0.6642348766326904,-2.289778470993042,-2.0,-0.3830946385860443,0.9237090945243835,-0.3931442201137543,-0.48037734627723694,-0.07154769450426102,-0.4905810058116913,-0.5019211045950805,-13.893549832570722,0.0,0.0
0.9400000000000001,47,0.0831795409321785,0.9965345859527588,0.08327575773000717,-0.7080518007278442,-2.1908485889434814,-2.0,-0.40663158893585205,0.9135922193527222,-0.41876402497291565,-0.48981112241744995,-0.08294235169887543,-0.5020397901535034,-0.5164199781783684,-14.40996981074909,0.0,0.0
0.96,48,0.06822749972343445,0.9976698160171509,0.06828054785728455,-0.749760627746582,-2.0854415893554688,-2.0,-0.42697566747665405,0.9042630791664124,-0.4411455988883972,-0.4952031672000885,-0.09340668469667435,-0.5094261765480042,-0.5270445700465324,-14.937014380795622,0.0,0.0
0.98,49,0.05247167870402336,0.9986224174499512,0.05249578505754471,-0.7892379760742188,-1.9738677740097046,-2.0,-0.44405198097229004,0.8960010409355164,-0.460115909576416,-0.4965236485004425,-0.10262138396501541,-0.5126116871833801,-0.5336413838458843,-15.470655764641506,0.0,0.0
1.0,50,0.03596068546175957,0.9993532299995422,0.035968437790870667,-0.8263672590255737,-1.85646390914917,-2.0,-0.45780816674232483,0.8890510201454163,-0.4755282700061798,-0.4937688410282135,-0.11030220240354538,-0.5114967226982117,-0.5360843488427426,-16.00674011348425,0.0,0.0
1.02,51,0.01874655857682228,0.9998242855072021,0.018747657537460327,-0.8610391020774841,-1.733591914176941,-2.0,-0.46820956468582153,0.8836174607276917,-0.48726344108581543,-0.4869561195373535,-0.1162068173289299,-0.5060110688209534,-0.5342759267970094,-16.541016040281256,0.0,0.0
1.04,52,0.0008846186683513224,0.9999995827674866,0.0008846187847666442,-0.8931518793106079,-1.605638861656189,-2.0,-0.47523465752601624,0.8798590898513794,-0.49523070454597473,-0.4761192798614502,-0.12014051526784897,-0.4961153268814087,-0.5281480598660768,-17.069164100147333,0.0,0.0
1.06,53,-0.017566721886396408,0.9998456835746765,-0.017567625269293785,-0.922612190246582,-1.4730154275894165,-2.0,-0.47887122631073,0.8778851628303528,-0.49936848878860474,-0.46130451560020447,-0.12196053564548492,-0.4818008542060852,-0.517663079161445,-17.586827179308777,0.0,0.0
1.08,54,-0.036546193063259125,0.9993319511413574,-0.036554332822561264,-0.9493352770805359,-1.3361549377441406,-2.0,-0.47911372780799866,0.8777528405189514,-0.4996447265148163,-0.4425675570964813,-0.1215791329741478,-0.4630903899669647,-0.5028141572845887,-18.089641336593367,0.0,0.0
1.1,55,-0.05598994717001915,0.9984313249588013,-0.056019242852926254,-0.9732455611228943,-1.1955113410949707,-2.0,-0.475961834192276,0.8794659376144409,-0.4960573613643646,-0.41997188329696655,-0.11896538734436035,-0.44003811478614807,-0.4836254843618452,-18.57326682095521,0.0,0.0
1.12,56,-0.07583190500736237,0.9971206188201904,-0.07590477913618088,-0.9942767024040222,-1.0515573024749756,-2.0,-0.4694202244281769,0.8829748630523682,-0.48863404989242554,-0.3935883343219757,-0.11414573341608047,-0.41272929310798645,-0.4601525856601366,-19.033419406615348,0.0,0.0
1.1400000000000001,57,-0.09600412845611572,0.9953809380531311,-0.09615222364664078,-1.0123722553253174,-0.9047813415527344,-2.0,-0.45950010418891907,0.8881776928901672,-0.4774322807788849,-0.36349597573280334,-0.10720321536064148,-0.3812800645828247,-0.43248182809439445,-19.465901234709744,0.0,0.0
1.16,58,-0.11643721908330917,0.993198037147522,-0.11670194566249847,-1.027485966682434,-0.7556856274604797,-2.0,-0.44622138142585754,0.8949226140975952,-0.46253859996795654,-0.32978418469429016,-0.09827545285224915,-0.34583666920661926,-0.40073033863127366,-19.866631573341017,0.0,0.0
1.18,59,-0.13629671931266785,0.9906680583953857,-0.13672228157520294,-1.0010168552398682,1.323458194732666,0.5709875226020813,-0.42961665987968445,0.9030113816261292,-0.44406822323799133,-0.2933199405670166,-0.08765669912099838,-0.3073459565639496,-0.32907658846530446,-20.195708161806323,0.0,0.0
1.2,60,-0.1550978273153305,0.987899124622345,-0.15572647750377655,-0.9502100348472595,2.5403411388397217,2.0,-0.40973538160324097,0.9122044444084167,-0.4221639633178711,-0.25463756918907166,-0.07569468766450882,-0.26643747091293335,-0.32834174348069617,-20.52404990528702,0.0,0.0
1.22,61,-0.17278842628002167,0.9849589467048645,-0.17365998029708862,-0.8966747522354126,2.676765203475952,2.0,-0.3866489827632904,0.9222269654273987,-0.3969951868057251,-0.21386055648326874,-0.06273200362920761,-0.22333522140979767,-0.2885039890653539,-20.812553894352373,0.0,0.0
1.24,62,-0.18932189047336578,0.9819150567054749,-0.19047150015830994,-0.8405764102935791,2.8049161434173584,2.0,-0.36045587062835693,0.9327762722969055,-0.36875656247138977,-0.17113396525382996,-0.04913880676031113,-0.17828506231307983,-0.2465236845070161,-21.059077578859387,0.0,0.0
1.26,63,-0.20465697348117828,0.9788337349891663,-0.20611324906349182,-0.7820872664451599,2.924457311630249,2.0,-0.3312861919403076,0.9435303211212158,-0.337666392326355,-0.12662920355796814,-0.03530343621969223,-0.13155315816402435,-0.20264331509838557,-21.261720893957772,0.0,0.0
1.28,64,-0.2187575101852417,0.9757792353630066,-0.22054095566272736,-0.7213854193687439,3.0350918769836426,2.0,-0.29930591583251953,0.9541571736335754,-0.30396515130996704,-0.08054841309785843,-0.021622054278850555,-0.08342419564723969,-0.15712543665235562,-21.418846330610126,0.0,0.0
1.3,65,-0.23159217834472656,0.9728129506111145,-0.2337140440940857,-0.6586542129516602,3.1365604400634766,2.0,-0.2647198438644409,0.9643253684043884,-0.2679134011268616,-0.03312767297029495,-0.00848760362714529,-0.03419935703277588,-0.11025111146338115,-21.529097442073507,0.0,0.0
1.32,66,-0.24313415586948395,0.9699926972389221,-0.24559566378593445,-0.5940814018249512,3.2286388874053955,2.0,-0.22777298092842102,0.973714292049408,-0.22978992760181427,0.01536118146032095,0.0037215950433164835,0.015805738046765327,-0.062317732702556354,-21.591415174776063,0.0,0.0
1.34,67,-0.2533608078956604,0.9673718810081482,-0.25615283846855164,-0.5278586745262146,3.3111376762390137,2.0,-0.18875043094158173,0.9820250868797302,-0.1898895502090454,0.06461037695407867,0.014653235673904419,0.06626329571008682,-0.06636291434032263,-21.657778089116388,0.0,0.0
1.36,68,-0.2622532546520233,0.9649990797042847,-0.2653564512729645,-0.46018072962760925,3.383896827697754,2.0,-0.1479753702878952,0.9889910221099854,-0.1485207974910736,0.11427789181470871,0.023991966620087624,0.11683566868305206,-0.11546690652579664,-21.773244995642184,0.0,0.0
1.3800000000000001,69,-0.2697961926460266,0.9629174470901489,-0.27318134903907776,-0.391245037317276,3.4467852115631104,2.0,-0.10580514371395111,0.9943869113922119,-0.10600355267524719,0.1639910340309143,0.0314694307744503,0.16717779636383057,-0.16466055996582293,-21.93790555560801,0.0,0.0
1.4000000000000001,70,-0.27597734332084656,0.961164116859436,-0.2796063721179962,-0.3212510943412781,3.499697208404541,2.0,-0.06262560933828354,0.9980370998382568,-0.06266661733388901,0.21335172653198242,0.036872945725917816,0.2169397622346878,-0.21360282666616467,-22.151508382274173,0.0,0.0
1.42,71,-0.2807873785495758,0.9597700238227844,-0.2846143841743469,-0.2504000961780548,3.5425500869750977,2.0,-0.01884397678077221,0.9998224377632141,-0.01884509064257145,0.26194339990615845,0.04005243629217148,0.2657693028450012,-0.26194776382609924,-22.413456146100273,0.0,0.0
1.44,72,-0.28421950340270996,0.9587592482566833,-0.2881922721862793,-0.17889443039894104,3.5752830505371094,2.0,0.025119516998529434,0.9996844530105591,0.025122158229351044,0.3093390166759491,0.040925219655036926,0.31331443786621094,-0.3093471791141756,-22.72280332521445,0.0,0.0
1.46,73,-0.2862693965435028,0.9581491947174072,-0.29033100605010986,-0.10693735629320145,3.597853660583496,2.0,0.06884065270423889,0.9976276755332947,0.06889514625072479,0.3551100492477417,0.039478499442338943,0.35922616720199585,-0.35545317514146246,-23.078256500355913,0.0,0.0
1.48,74,-0.28693491220474243,0.9579500555992126,-0.29102566838264465,-0.03473261371254921,3.6102373600006104,2.0,0.11190052330493927,0.9937193989753723,0.1121353805065155,0.3988354504108429,0.03576933592557907,0.40316104888916016,-0.39992081540079805,-23.47817731575671,0.0,0.0
1.5,75,-0.2862160801887512,0.9581651091575623,-0.29027536511421204,0.03751591220498085,3.6124260425567627,2.0,0.15389446914196014,0.9880872964859009,0.15450850129127502,0.44011053442955017,0.029922187328338623,0.4447838366031647,-0.44241073144845694,-23.920588047205168,0.0,0.0
1.52,76,-0.2841149866580963,0.9587901830673218,-0.2880832552909851,0.10960447043180466,3.6044278144836426,2.0,0.1944403052330017,0.9809143543243408,0.19568683207035065,0.478555291891098,0.022124141454696655,0.48377010226249695,-0.48259176287674965,-24.40317981008192,0.0,0.0
1.54,77,-0.2806359827518463,0.9598142504692078,-0.28445667028427124,0.18132978677749634,3.586266040802002,2.0,0.23318526148796082,0.9724323153495789,0.23535196483135223,0.5138212442398071,0.012618054635822773,0.5198086500167847,-0.5201434979269528,-24.92332330800887,0.0,0.0
1.56,78,-0.27578556537628174,0.9612191915512085,-0.279406875371933,0.2524893879890442,3.5579793453216553,2.0,0.2698114216327667,0.9629132151603699,0.2731971740722656,0.5455970168113708,0.0016940035857260227,0.552604079246521,-0.5547588431788375,-25.47808215118771,0.0,0.0
1.58,79,-0.2695726752281189,0.9629800319671631,-0.2729492485523224,0.3228818476200104,3.5196239948272705,2.0,0.30403926968574524,0.9526594877243042,0.30892980098724365,0.5736119747161865,-0.010320554487407207,0.5818790197372437,-0.5861464152975726,-26.064228566485284,0.0,0.0
1.6,80,-0.26200875639915466,0.9650654792785645,-0.2651031017303467,0.392307311296463,3.4712727069854736,2.0,0.3356296420097351,0.9419940114021301,0.3422735631465912,0.5976383686065674,-0.023071466013789177,0.6073766350746155,-0.6140328959639116,-26.678261462449196,0.0,0.0
1.62,81,-0.2531082034111023,0.9674379825592041,-0.25589174032211304,0.4605676829814911,3.413017988204956,2.0,0.36438336968421936,0.9312490224838257,0.3729705810546875,0.617491602897644,-0.036188945174217224,0.6288623213768005,-0.6381653046949556,-27.31642676714415,0.0,0.0
1.6400000000000001,82,-0.24288848042488098,0.9700542092323303,-0.2453424036502838,0.5274671316146851,3.3449723720550537,2.0,0.3901398777961731,0.9207556247711182,0.4007834792137146,0.6330283284187317,-0.04929861053824425,0.6461259126663208,-0.6583129802166283,-27.97473974736078,0.0,0.0
1.6600000000000001,83,-0.2313704788684845,0.9728657007217407,-0.233486145734787,0.5928125381469727,3.2672719955444336,2.0,0.4127737283706665,0.9108335971832275,0.42549723386764526,0.6441442370414734,-0.06203211843967438,0.6589834094047546,-0.6742696271853411,-28.64900937454612,0.0,0.0
1.68,84,-0.21857884526252747,0.9758192896842957,-0.22035786509513855,0.6564140915870667,3.1800777912139893,2.0,0.43219074606895447,0.901782214641571,0.4469207227230072,0.6507695913314819,-0.07403707504272461,0.6672785878181458,-0.6858550995251349,-29.334864474071257,0.0,0.0
1.7,85,-0.2045423537492752,0.978857696056366,-0.20599615573883057,0.7180857062339783,3.08357834815979,2.0,0.44832292199134827,0.8938716650009155,0.46488824486732483,0.6528652310371399,-0.08498603850603104,0.670884370803833,-0.6929168747246595,-30.027781348795916,0.0,0.0
1.72,86,-0.18929414451122284,0.9819204211235046,-0.1904432475566864,0.7776455283164978,2.977992057800293,2.0,0.4611234664916992,0.8873359560966492,0.4792608916759491,0.6504176259040833,-0.09458444267511368,0.6697041392326355,-0.6953314863555593,-30.723112835151476,0.0,0.0
1.74,87,-0.17287206649780273,0.9849442839622498,-0.17374490201473236,0.8349169492721558,2.863569974899292,2.0,0.4705619513988495,0.882366955280304,0.4899275302886963,0.6434339880943298,-0.1025773212313652,0.6636724472045898,-0.6930057946754253,-31.4161186298269,0.0,0.0
1.76,88,-0.1553189605474472,0.9878643751144409,-0.15595032274723053,0.889728844165802,2.7405970096588135,2.0,0.47661980986595154,0.8791095614433289,0.49680566787719727,0.6319387555122375,-0.10875484347343445,0.6527559757232666,-0.6858778560410903,-32.10199648586799,0.0,0.0
1.78,89,-0.13668277859687805,0.9906148910522461,-0.13711199164390564,0.9419167637825012,2.6093945503234863,2.0,0.47928696870803833,0.8776582479476929,0.49984210729599,0.615969717502594,-0.11295661330223083,0.6369540691375732,-0.6739176586095739,-32.77591414447757,0.0,0.0
1.8,90,-0.11701681464910507,0.9931299090385437,-0.11728552728891373,0.9913231730461121,2.4703216552734375,2.0,0.4785594642162323,0.8780551552772522,0.49901336431503296,0.595576286315918,-0.11507478356361389,0.6162989139556885,-0.6571276343271572,-33.43304177880473,0.0,0.0
1.82,91,-0.09637971222400665,0.9953446388244629,-0.09652955085039139,1.0377987623214722,2.3237767219543457,2.0,0.474438339471817,0.8802887201309204,0.4943258762359619,0.5708180665969849,-0.11505589634180069,0.5908554196357727,-0.6355429169992998,-34.06858469580403,0.0,0.0
1.84,92,-0.07483547180891037,0.9971958994865417,-0.07490549981594086,1.0812026262283325,2.170196294784546,2.0,0.46692997217178345,0.8842942714691162,0.4858158528804779,0.5417654514312744,-0.11290160566568375,0.5607213377952576,-0.6092313760591787,-34.677816071863205,0.0,0.0
1.86,93,-0.05245334282517433,0.9986233711242676,-0.05247742310166359,1.1214038133621216,2.010056972503662,2.0,0.45604774355888367,0.8899553418159485,0.47354915738105774,0.5085010528564453,-0.10866805911064148,0.5260265469551086,-0.5782932770869621,-35.25610934895017,0.0,0.0
1.8800000000000001,94,-0.02930760197341442,0.9995704293251038,-0.029311800375580788,1.1582812070846558,1.8438727855682373,2.0,0.4418147802352905,0.8971062898635864,0.4576205909252167,0.4711223840713501,-0.10246414691209793,0.4869323968887329,-0.5428609568436812,-35.79897030579385,0.0,0.0
1.9000000000000001,95,-0.005477269180119038,0.9999849796295166,-0.005477296654134989,1.1917251348495483,1.6721951961517334,2.0,0.42426797747612,0.9055367112159729,0.43815332651138306,0.42974522709846497,-0.09444831311702728,0.4436306357383728,-0.5030978875890179,-36.30206819338287,0.0,0.0
1.92,96,0.018954314291477203,0.999820351600647,0.018955450505018234,1.2216373682022095,1.4956092834472656,2.0,0.40346255898475647,0.9149961471557617,0.4152979552745819,0.38450825214385986,-0.08482420444488525,0.3963424861431122,-0.4591978766499798,-36.76126607003285,0.0,0.0
1.94,97,0.042701102793216705,0.9990878701210022,0.042714089155197144,1.187932014465332,-1.6852678060531616,-2.0,0.3794771730899811,0.9252011179924011,0.3892311453819275,0.33677607774734497,-0.07388679683208466,0.34651705622673035,-0.41258386599614094,-37.173849936028994,0.0,0.0
1.96,98,0.06568191945552826,0.9978405833244324,0.06572923809289932,1.1507575511932373,-1.8587207794189453,-2.0,0.35241883993148804,0.9358423948287964,0.36015450954437256,0.2867369055747986,-0.06199822947382927,0.29442527890205383,-0.36350190500880747,-37.537351841037804,0.0,0.0
1.98,99,0.08782055228948593,0.9961363077163696,0.08793383091688156,1.1102293729782104,-2.0264081954956055,-2.0,0.32242754101753235,0.9465941190719604,0.3282928764820099,0.23460699617862701,-0.04954216629266739,0.24035905301570892,-0.31222068133602965,-37.84957252237383,0.0,0.0
2.0,100,0.10904602706432343,0.9940366744995117,0.10926330834627151,1.0664739608764648,-2.1877732276916504,-2.0,0.2896801233291626,0.9571235179901123,0.29389262199401855,0.18063411116600037,-0.0369131863117218,0.18462932109832764,-0.25902956975611857,-38.10860209212995,0.0,0.0
2.02,101,0.12929290533065796,0.9916064739227295,0.1296558678150177,1.0196279287338257,-2.342298984527588,-2.0,0.2543927729129791,0.967100977897644,0.25721976161003113,0.12509986758232117,-0.024505460634827614,0.12756389379501343,-0.20423675632676355,-38.312838848456714,0.0,0.0
2.04,102,0.14850132167339325,0.9889122247695923,0.14905261993408203,0.9698377847671509,-2.489508628845215,-2.0,0.2168220430612564,0.9762111306190491,0.21855787932872772,0.06832071393728256,-0.012701061554253101,0.06950525939464569,-0.14816714043844298,-38.46100598889516,0.0,0.0
2.06,103,0.16661708056926727,0.9860216975212097,0.16739779710769653,0.9172584414482117,-2.628967523574829,-2.0,0.17726421356201172,0.9841632843017578,0.1782059371471405,0.010647131130099297,-0.0018583782948553562,0.010808149352669716,-0.091160089618221,-38.55216607851338,0.0,0.0
2.08,104,0.18359152972698212,0.9830026030540466,0.1846388429403305,0.8620527982711792,-2.760282278060913,-2.0,0.1360526978969574,0.9907016158103943,0.13647596538066864,-0.04753882810473442,0.007698981091380119,-0.048162877559661865,-0.04643290815846598,-38.598598986671846,0.0,0.0
2.1,105,0.19938145577907562,0.9799219369888306,0.20072665810585022,0.8043907284736633,-2.88310170173645,-2.0,0.09355364739894867,0.995614230632782,0.0936906561255455,-0.10582780838012695,0.01569228619337082,-0.10703600198030472,-0.10425069485702798,-38.702849681528875,0.0,0.0
2.12,106,0.21394884586334229,0.976844847202301,0.2156156301498413,0.7444484829902649,-2.9971137046813965,-2.0,0.05015980079770088,0.9987412095069885,0.05018085613846779,-0.1637890487909317,0.02189633809030056,-0.16543477773666382,-0.16192497356482483,-38.8647746550937,0.0,0.0
2.14,107,0.22726063430309296,0.9738339781761169,0.2292637825012207,0.682407557964325,-3.1020455360412598,-2.0,0.006282978691160679,0.9999802708625793,0.006283020135015249,-0.22097764909267426,0.026146288961172104,-0.22298076748847961,-0.21908292483104114,-39.08385757992474,0.0,0.0
2.16,108,0.23928837478160858,0.9709485173225403,0.2416328638792038,0.6184543371200562,-3.197660446166992,-2.0,-0.03765450045466423,0.9992908239364624,-0.037663403898477554,-0.2769428789615631,0.028342274948954582,-0.27929627895355225,-0.2753498479658281,-39.35920742789057,0.0,0.0
2.18,109,0.2500079274177551,0.9682437777519226,0.252688467502594,0.5527792572975159,-3.2837562561035156,-2.0,-0.08122898638248444,0.9966954588890076,-0.08131857961416245,-0.33123692870140076,0.02845167927443981,-0.33400702476501465,-0.33035185662583255,-39.6895592845164,0.0,0.0
2.2,110,0.2593991160392761,0.9657701849937439,0.26239997148513794,0.48557597398757935,-3.3601627349853516,-2.0,-0.12402476370334625,0.9922791123390198,-0.12434494495391846,-0.3834238648414612,0.026508914306759834,-0.3867449164390564,-0.3837185519201753,-40.073277836436574,0.0,0.0
2.22,111,0.26744532585144043,0.9635730385780334,0.270740807056427,0.41704121232032776,-3.4267380237579346,-2.0,-0.16564279794692993,0.9861857891082764,-0.16640977561473846,-0.43308812379837036,0.02261277846992016,-0.4371505677700043,-0.43508574159323193,-40.50836357802981,0.0,0.0
2.24,112,0.27413320541381836,0.9616917371749878,0.27768826484680176,0.3473738431930542,-3.483367919921875,-2.0,-0.20570865273475647,0.9786132574081421,-0.20718778669834137,-0.47984185814857483,0.016921551898121834,-0.4848760664463043,-0.4840980493874094,-40.99246162741722,0.0,0.0
2.2600000000000002,113,0.2794524133205414,0.9601595401763916,0.2832237780094147,0.2767746150493622,-3.529961585998535,-2.0,-0.2438790500164032,0.9698056578636169,-0.24636366963386536,-0.5233314633369446,0.009646115824580193,-0.52958744764328,-0.5304115529446349,-41.522873180361856,0.0,0.0
2.2800000000000002,114,0.28339526057243347,0.959003210067749,0.287332683801651,0.20544561743736267,-3.566450357437134,-2.0,-0.27984675765037537,0.9600446820259094,-0.2836344838142395,-0.5632420182228088,0.001041493145748973,-0.5709671378135681,-0.5736963482469293,-42.09656952860878,0.0,0.0
2.3000000000000003,115,0.2859565019607544,0.9582425951957703,0.2900044918060303,0.13358992338180542,-3.592784881591797,-2.0,-0.31334367394447327,0.9496397972106934,-0.3187119960784912,-0.59930020570755,-0.008602801710367203,-0.6087164878845215,-0.6136389608403866,-42.710208489449165,0.0,0.0
2.32,116,0.28713324666023254,0.9578906297683716,0.291232705116272,0.06141122803092003,-3.6089346408843994,-2.0,-0.3441421687602997,0.9389175772666931,-0.35132497549057007,-0.6312754154205322,-0.018973099067807198,-0.642557680606842,-0.6499446976447227,-43.360153187093886,0.0,0.0
2.34,117,0.28692466020584106,0.957953155040741,0.29101496934890747,-0.010886487551033497,-3.6148858070373535,-2.0,-0.3720543384552002,0.928210973739624,-0.3812212646007538,-0.6589789986610413,-0.029742194339632988,-0.6722362041473389,-0.6823399473141323,-44.04249313440802,0.0,0.0
2.36,118,0.28533217310905457,0.958428680896759,0.28935298323631287,-0.08309929072856903,-3.610640048980713,-2.0,-0.3969299793243408,0.9178488850593567,-0.40816962718963623,-0.6822621822357178,-0.04057979956269264,-0.6975226402282715,-0.7105742506804933,-44.753067385088514,0.0,0.0
2.38,119,0.28235921263694763,0.9593087434768677,0.28625252842903137,-0.15502358973026276,-3.59621524810791,-2.0,-0.41865313053131104,0.9081462025642395,-0.43196171522140503,-0.701012372970581,-0.05116252228617668,-0.718214213848114,-0.7344221414439427,-45.48748952653246,0.0,0.0
2.4,120,0.2780115008354187,0.9605777263641357,0.28172338008880615,-0.22645647823810577,-3.5716445446014404,-2.0,-0.43713751435279846,0.899394690990448,-0.45241352915763855,-0.7151490449905396,-0.06118306517601013,-0.7341369390487671,-0.7536850998186823,-46.24117462635114,0.0,0.0
2.42,121,0.2722970247268677,0.9622132182121277,0.27577945590019226,-0.29719603061676025,-3.536977529525757,-2.0,-0.45232176780700684,0.8918548226356506,-0.4693669378757477,-0.7246187925338745,-0.07035842537879944,-0.7451463937759399,-0.7681929930844775,-47.009367619435615,0.0,0.0
2.44,122,0.2652263045310974,0.9641861915588379,0.2684386372566223,-0.3670416474342346,-3.4922804832458496,-2.0,-0.46416425704956055,0.8857491612434387,-0.48269081115722656,-0.729390561580658,-0.07843703776597977,-0.7511294484138489,-0.777805568913029,-47.787173188348646,0.0,0.0
2.46,123,0.25681260228157043,0.9664612412452698,0.2597227394580841,-0.4357944130897522,-3.437638521194458,-2.0,-0.4726382791996002,0.8812565207481384,-0.4922821819782257,-0.7294508814811707,-0.08520470559597015,-0.7520049214363098,-0.7824135538986786,-48.569586742247324,0.0,0.0
2.48,124,0.24707217514514923,0.968997061252594,0.24965758621692657,-0.5032575726509094,-3.3731565475463867,-2.0,-0.47772809863090515,0.8785077333450317,-0.49806681275367737,-0.7248002886772156,-0.09048933535814285,-0.7477244138717651,-0.7819397738483275,-49.35152651609565,0.0,0.0
2.5,125,0.2360246330499649,0.971747100353241,0.23827286064624786,-0.5692367553710938,-3.2989614009857178,-2.0,-0.4794255495071411,0.8775825500488281,-0.5,-0.7154501676559448,-0.09416451305150986,-0.7382728457450867,-0.7763396691861124,-50.12786618528177,0.0,0.0
2.52,126,0.22369319200515747,0.9746596217155457,0.22560204565525055,-0.6335408687591553,-3.215204954147339,-2.0,-0.47772809863090515,0.8785077333450317,-0.49806681275367737,-0.701421320438385,-0.09615186601877213,-0.7236688733100891,-0.7656020390526351,-50.893468224334406,0.0,0.0
2.54,127,0.2101050317287445,0.9776788353919983,0.21168239414691925,-0.6959821581840515,-3.1220648288726807,-2.0,-0.4726382791996002,0.8812565207481384,-0.4922821819782257,-0.6827433109283447,-0.09642230719327927,-0.7039645910263062,-0.7497492084937838,-51.64321743282819,0.0,0.0
2.56,128,0.1952916830778122,0.9807451963424683,0.19655485451221466,-0.7563771605491638,-3.0197484493255615,-2.0,-0.46416425704956055,0.8857491612434387,-0.48269081115722656,-0.6594559550285339,-0.09499605745077133,-0.67924565076828,-0.7288370350082272,-52.37205446783641,0.0,0.0
2.58,129,0.17928922176361084,0.9837964177131653,0.18026390671730042,-0.8145470023155212,-2.908494472503662,-2.0,-0.45232176780700684,0.8918548226356506,-0.4693669378757477,-0.6316109895706177,-0.09194159507751465,-0.6496308445930481,-0.702954723705002,-53.07500919154142,0.0,0.0
2.6,130,0.16213859617710114,0.9867680072784424,0.1628575474023819,-0.8703185319900513,-2.7885749340057373,-2.0,-0.43713751435279846,0.899394690990448,-0.45241352915763855,-0.5992761254310608,-0.08737331628799438,-0.6152710914611816,-0.6722244799843129,-53.747233671525734,0.0,0.0
2.62,131,0.14388588070869446,0.9895942807197571,0.14438705146312714,-0.9235244989395142,-2.6602978706359863,-2.0,-0.41865313053131104,0.9081462025642395,-0.43196171522140503,-0.5625390410423279,-0.08144806325435638,-0.5763487815856934,-0.6368005817172415,-54.38403425324297,0.0,0.0
2.64,132,0.12458241730928421,0.992209255695343,0.12490695714950562,-0.9740046262741089,-2.524008274078369,-2.0,-0.3969299793243408,0.9178488850593567,-0.40816962718963623,-0.5215123891830444,-0.07436037063598633,-0.5330765843391418,-0.5968686749323155,-54.98090292817529,0.0,0.0
2.66,133,0.1042848750948906,0.9945474863052368,0.10447482764720917,-1.0216064453125,-2.3800899982452393,-2.0,-0.3720543384552002,0.928210973739624,-0.3812212646007538,-0.4763392210006714,-0.06633651256561279,-0.48569607734680176,-0.5526444580638809,-55.53354738623917,0.0,0.0
2.68,134,0.08311212062835693,0.9965401887893677,0.0832081064581871,-1.0633362531661987,-2.0864906311035156,-1.8100332021713257,-0.3441421687602997,0.9389175772666931,-0.35132497549057007,-0.4272542893886566,-0.057622648775577545,-0.43453308939933777,-0.4971915737299045,-56.03073895996908,0.0,0.0
2.7,135,0.062272414565086365,0.9980592131614685,0.06231273338198662,-1.0447686910629272,0.9283776879310608,2.0,-0.31334367394447327,0.9496397972106934,-0.3187119960784912,-0.3756161034107208,-0.048419397324323654,-0.38102471828460693,-0.45363770721724883,-56.484376667186325,0.0,0.0
2.72,136,0.04183754697442055,0.9991244077682495,0.041849762201309204,-1.023148536682129,1.0810095071792603,2.0,-0.27984675765037537,0.9600446820259094,-0.2836344838142395,-0.3216843008995056,-0.03907974064350128,-0.3254842460155487,-0.40056175758076507,-56.88493842476709,0.0,0.0
2.74,137,0.021877264603972435,0.9997606873512268,0.021879009902477264,-0.998537540435791,1.2305482625961304,2.0,-0.2438790500164032,0.9698056578636169,-0.24636366963386536,-0.2657563090324402,-0.029955007135868073,-0.2682426869869232,-0.34551349442010676,-57.230451919187196,0.0,0.0
2.7600000000000002,138,0.0024588503874838352,0.9999969601631165,0.0024588529486209154,-0.9710078835487366,1.3764832019805908,2.0,-0.20570865273475647,0.9786132574081421,-0.20718778669834137,-0.20816750824451447,-0.021383697167038918,-0.20964664220809937,-0.28882252261530994,-57.51927444180251,0.0,0.0
2.7800000000000002,139,-0.016353247687220573,0.999866247177124,-0.016353975981473923,-0.940641462802887,1.5183217525482178,2.0,-0.16564279794692993,0.9861857891082764,-0.16640977561473846,-0.1492895483970642,-0.013680459931492805,-0.15005579590797424,-0.23083381077654908,-57.75010825257906,0.0,0.0
2.8000000000000003,140,-0.03449772298336029,0.999404788017273,-0.034504566341638565,-0.9075295925140381,1.6555930376052856,2.0,-0.12402476370334625,0.9922791123390198,-0.12434494495391846,-0.08952704071998596,-0.007125653326511383,-0.0898403748869896,-0.17190520801714929,-57.92201346059621,0.0,0.0
2.82,141,-0.05191667005419731,0.9986514449119568,-0.05194002017378807,-0.8717725872993469,1.7878493070602417,2.0,-0.08122898638248444,0.9966954588890076,-0.08131857961416245,-0.029312320053577423,-0.001955954823642969,-0.029378563165664673,-0.11240492541821931,-58.03441838601443,0.0,0.0
2.84,142,-0.0685557872056961,0.9976472854614258,-0.06860960274934769,-0.8334792256355286,1.914668321609497,2.0,-0.03765450045466423,0.9992908239364624,-0.037663403898477554,0.030901290476322174,0.0016435337020084262,0.03094620071351528,-0.052708975486229985,-58.08712736150066,0.0,0.0
2.86,143,-0.08436452597379684,0.9964349865913391,-0.08446492999792099,-0.7927661538124084,2.0356547832489014,2.0,0.006282978691160679,0.9999802708625793,0.006283020135015249,0.09064751118421555,0.0035453035961836576,0.09074794501066208,-0.08680152294508481,-58.17392888444575,0.0,0.0
2.88,144,-0.09929617494344711,0.9950579404830933,-0.09946007281541824,-0.7497573494911194,2.1504406929016113,2.0,0.05015980079770088,0.9987412095069885,0.05018085613846779,0.1494559794664383,0.0036832820624113083,0.14964093267917633,-0.14574309339242195,-58.31967197783817,0.0,0.0
2.9,145,-0.1133078783750534,0.9935598969459534,-0.11355174332857132,-0.7045835852622986,2.2586874961853027,2.0,0.09355364739894867,0.995614230632782,0.0936906561255455,0.20686152577400208,0.002054315060377121,0.20724239945411682,-0.20373260081346592,-58.523404578651636,0.0,0.0
2.92,146,-0.1263606697320938,0.9919843673706055,-0.12669938802719116,-0.6573818922042847,2.3600845336914062,2.0,0.1360526978969574,0.9907016158103943,0.13647596538066864,0.2624133825302124,-0.0012827636674046516,0.2631753385066986,-0.26039003837587127,-58.78379461702751,0.0,0.0
2.94,147,-0.13841940462589264,0.9903737306594849,-0.13886527717113495,-0.6082948446273804,2.454350471496582,2.0,0.17726421356201172,0.9841632843017578,0.1782059371471405,0.31568360328674316,-0.0062104021199047565,0.31707122921943665,-0.3153412450096904,-59.0991358620372,0.0,0.0
2.96,148,-0.14945265650749207,0.9887688755989075,-0.15001468360424042,-0.5574702024459839,2.541231870651245,2.0,0.2168220430612564,0.9762111306190491,0.21855787932872772,0.3662746846675873,-0.012557736597955227,0.36857256293296814,-0.36822062141765416,-59.46735648345486,0.0,0.0
2.98,149,-0.15943261981010437,0.9872088432312012,-0.16011588275432587,-0.5050601959228516,2.6205029487609863,2.0,0.2543927729129791,0.967100977897644,0.25721976161003113,0.4138253927230835,-0.020107828080654144,0.4173356592655182,-0.41867376703288867,-59.88603025048774,0.0,0.0
3.0,150,-0.1683349907398224,0.9857298731803894,-0.1691403090953827,-0.45122087001800537,2.691965103149414,2.0,0.2896801233291626,0.9571235179901123,0.29389262199401855,0.458015114068985,-0.028606334701180458,0.46303293108940125,-0.4663600666650652,-60.35239031715281,0.0,0.0
3.02,151,-0.17613880336284637,0.9843653440475464,-0.17706254124641418,-0.39611196517944336,2.7554454803466797,2.0,0.32242754101753235,0.9465941190719604,0.3282928764820099,0.4985663592815399,-0.03777119144797325,0.5053554177284241,-0.5109551662277935,-60.863345483380606,0.0,0.0
3.04,152,-0.18282632529735565,0.9831452369689941,-0.18386046588420868,-0.3398960530757904,2.810795545578003,2.0,0.35241883993148804,0.9358423948287964,0.36015450954437256,0.5352451801300049,-0.04730284586548805,0.5440149903297424,-0.552153341703602,-61.41549882508421,0.0,0.0
3.06,153,-0.1883828192949295,0.9820956587791443,-0.18951523303985596,-0.28273823857307434,2.8578908443450928,2.0,0.3794771730899811,0.9252011179924011,0.3892311453819275,0.5678600072860718,-0.05689457803964615,0.5787463784217834,-0.5896697394406348,-62.005168564524844,0.0,0.0
3.08,154,-0.1927965134382248,0.9812387824058533,-0.19401134550571442,-0.22480565309524536,2.8966293334960938,2.0,0.40346255898475647,0.9149961471557617,0.4152979552745819,0.5962591171264648,-0.06624260544776917,0.6093093156814575,-0.6232424882209376,-62.62841105274578,0.0,0.0
3.1,155,-0.19605840742588043,0.9805921912193298,-0.19733668863773346,-0.1662670373916626,2.9269306659698486,2.0,0.42426797747612,0.9055367112159729,0.43815332651138306,0.6203263998031616,-0.07505553215742111,0.6354900002479553,-0.6526346388114518,-63.28104569155723,0.0,0.0
3.12,156,-0.19816215336322784,0.9801692366600037,-0.1994825303554535,-0.10729233920574188,2.948734760284424,2.0,0.4418147802352905,0.8971062898635864,0.4576205909252167,0.6399769186973572,-0.08306295424699783,0.6571031212806702,-0.6776358568640227,-63.958681548421254,0.0,0.0
3.14,157,-0.19910404086112976,0.9799783825874329,-0.2004435807466507,-0.048052310943603516,2.9620015621185303,2.0,0.45604774355888367,0.8899553418159485,0.47354915738105774,0.6551517844200134,-0.09002304077148438,0.6739927530288696,-0.6980641675025006,-64.65674571592375,0.0,0.0
3.16,158,-0.19888292253017426,0.9800232648849487,-0.20021793246269226,0.011281888000667095,2.966710090637207,2.0,0.46692997217178345,0.8842942714691162,0.4858158528804779,0.6658129096031189,-0.09572896361351013,0.6860337853431702,-0.7137670961914874,-65.37051281211524,0.0,0.0
3.18,159,-0.19750012457370758,0.9803028702735901,-0.19880716502666473,0.07053904980421066,2.962857961654663,2.0,0.474438339471817,0.8802887201309204,0.4943258762359619,0.6719384789466858,-0.10001412034034729,0.6931330561637878,-0.7246230107169956,-66.09513582283223,0.0,0.0
3.2,160,-0.19495953619480133,0.9808112978935242,-0.19621619582176208,0.12954828143119812,2.9504618644714355,2.0,0.4785594642162323,0.8780551552772522,0.49901336431503296,0.67351895570755,-0.10275613516569138,0.6952295303344727,-0.7305420683164388,-66.82567789114867,0.0,0.0
3.22,161,-0.19126757979393005,0.981537938117981,-0.19245339930057526,0.1881394237279892,2.9295566082000732,2.0,0.47928696870803833,0.8776582479476929,0.49984210729599,0.670554518699646,-0.10387967526912689,0.692295491695404,-0.7314667679558942,-67.55714465910457,0.0,0.0
3.24,162,-0.18643330037593842,0.9824675917625427,-0.1875305324792862,0.24614334106445312,2.900196075439453,2.0,0.47661980986595154,0.8791095614433289,0.49680566787719727,0.6630530953407288,-0.10335808992385864,0.6843361854553223,-0.72737264410964,-68.2845173032142,0.0,0.0
3.2600000000000002,163,-0.18046844005584717,0.9835807681083679,-0.18146269023418427,0.3033923804759979,2.862452507019043,2.0,0.4705619513988495,0.882366955280304,0.4899275302886963,0.6510303616523743,-0.10121381282806396,0.6713902354240417,-0.7182683568169189,-69.00278566003112,0.0,0.0
3.2800000000000002,164,-0.1733875423669815,0.9848536849021912,-0.17426827549934387,0.35972076654434204,2.8164193630218506,2.0,0.4611234664916992,0.8873359560966492,0.4792608916759491,0.6345109939575195,-0.09751769155263901,0.653529167175293,-0.7041958036253382,-69.70698146365646,0.0,0.0
3.3000000000000003,165,-0.16520807147026062,0.9862587451934814,-0.16596896946430206,0.4149649739265442,2.762209415435791,2.0,0.44832292199134827,0.8938716650009155,0.46488824486732483,0.6135309934616089,-0.09238706529140472,0.6308572292327881,-0.685229865689868,-70.39221132934632,0.0,0.0
3.3200000000000003,166,-0.15595053136348724,0.9877648949623108,-0.15658968687057495,0.4689640998840332,2.6999571323394775,2.0,0.43219074606895447,0.901782214641571,0.4469207227230072,0.5881412625312805,-0.08598265051841736,0.6035103797912598,-0.6614779366904044,-71.05368926603673,0.0,0.0
3.34,167,-0.14563865959644318,0.9893378615379333,-0.14615848660469055,0.5215604901313782,2.629819869995117,2.0,0.4127737283706665,0.9108335971832275,0.42549723386764526,0.5584123730659485,-0.07850424945354462,0.5716557502746582,-0.6330792043852851,-71.68676847042201,0.0,0.0
3.36,168,-0.13429945707321167,0.9909408092498779,-0.13470648229122162,0.5726000666618347,2.5519778728485107,2.0,0.3901398777961731,0.9207556247711182,0.4007834792137146,0.5244393348693848,-0.07018519192934036,0.5354899764060974,-0.6002037142093659,-72.28697218463138,0.0,0.0
3.38,169,-0.12196341156959534,0.9925345778465271,-0.12226782739162445,0.6219328045845032,2.4666357040405273,2.0,0.36438336968421936,0.9312490224838257,0.3729705810546875,0.4863467812538147,-0.06128556653857231,0.49523839354515076,-0.5630513039362903,-72.85002348856767,0.0,0.0
3.4,170,-0.10866456478834152,0.9940784573554993,-0.10887955874204636,0.6694132685661316,2.3740234375,2.0,0.3356296420097351,0.9419940114021301,0.3422735631465912,0.44429418444633484,-0.05208444595336914,0.45115309953689575,-0.5218501408239417,-73.37187362939162,0.0,0.0
3.42,171,-0.09444058686494827,0.9955304861068726,-0.09458153694868088,0.7149011492729187,2.2743964195251465,2.0,0.30403926968574524,0.9526594877243042,0.30892980098724365,0.3984798789024353,-0.04287100210785866,0.4035113453865051,-0.476855099350083,-73.8487287287417,0.0,0.0
3.44,172,-0.08052900433540344,0.9967522621154785,-0.080616295337677,0.6982619166374207,-0.8319622278213501,-2.0,0.2698114216327667,0.9629132151603699,0.2731971740722656,0.35034042596817017,-0.03383908048272133,0.3538134694099426,-0.4295460985055748,-74.27827482724727,0.0,0.0
3.46,173,-0.06697436422109604,0.997754693031311,-0.06702453643083572,0.6795880794525146,-0.9336926937103271,-2.0,0.23318526148796082,0.9724323153495789,0.23535196483135223,0.30015963315963745,-0.02532236836850643,0.30237650871276855,-0.3802217099722303,-74.6584965372195,0.0,0.0
3.48,174,-0.053819846361875534,0.9985506534576416,-0.05384586378931999,0.6589336395263672,-1.032720685005188,-2.0,0.1944403052330017,0.9809143543243408,0.19568683207035065,0.24826015532016754,-0.017636308446526527,0.24953269958496094,-0.32919782737822606,-74.98769436459773,0.0,0.0
3.5,175,-0.041107095777988434,0.9991547465324402,-0.04111868143081665,0.6363590359687805,-1.1287305355072021,-2.0,0.15389446914196014,0.9880872964859009,0.15450850129127502,0.19500157237052917,-0.011067456565797329,0.19562718272209167,-0.2768055134611631,-75.2644998780589,0.0,0.0
3.52,176,-0.028876053169369698,0.9995830059051514,-0.02888006716966629,0.6119306683540344,-1.221418023109436,-2.0,0.11190052330493927,0.9937193989753723,0.1121353805065155,0.14077657461166382,-0.005863586440682411,0.1410154551267624,-0.22338856872984778,-75.48788844678874,0.0,0.0
3.54,177,-0.01716480776667595,0.9998526573181152,-0.0171656496822834,0.5857208371162415,-1.3104918003082275,-2.0,0.06884065270423889,0.9976276755332947,0.06889514625072479,0.08600546419620514,-0.002225005766376853,0.0860607922077179,-0.16930103072934544,-75.65718947751809,0.0,0.0
3.56,178,-0.006009466480463743,0.9999819397926331,-0.006009502802044153,0.5578073859214783,-1.395674467086792,-2.0,0.025119516998529434,0.9996844530105591,0.025122158229351044,0.031128983944654465,-0.00029748782981187105,0.03113166242837906,-0.11490464904304151,-75.77209412656113,0.0,0.0
3.58,179,0.004555947612971067,0.9999896287918091,0.004555963445454836,0.5282732844352722,-1.47670316696167,-2.0,-0.01884397678077221,0.9998224377632141,-0.01884509064257145,-0.023399922996759415,-0.00016718509141355753,-0.023401055485010147,-0.06056619484146164,-75.83266032140259,0.0,0.0
3.6,180,0.014499588869512081,0.9998948574066162,0.014500097371637821,0.4972066879272461,-1.553330659866333,-2.0,-0.06262560933828354,0.9980370998382568,-0.06266661733388901,-0.0771251991391182,-0.0018577853916212916,-0.07716671377420425,-0.07334518795716644,-75.90600550935976,0.0,0.0
3.62,181,0.023791855201125145,0.9997169375419617,0.023794101551175117,0.4647001624107361,-1.6253260374069214,-2.0,-0.10580514371395111,0.9943869113922119,-0.10600355267524719,-0.1295969933271408,-0.0053300512954592705,-0.12979765236377716,-0.12646071818371263,-76.03246622754347,0.0,0.0
3.64,182,0.032405439764261246,0.999474823474884,0.0324111133813858,0.43085068464279175,-1.6924748420715332,-2.0,-0.1479753702878952,0.9889910221099854,-0.1485207974910736,-0.18038080632686615,-0.010483759455382824,-0.1809319108724594,-0.17841466712630807,-76.21088089466977,0.0,0.0
3.66,183,0.04031536728143692,0.9991869926452637,0.04032629728317261,0.39575907588005066,-1.7545799016952515,-2.0,-0.18875043094158173,0.9820250868797302,-0.1898895502090454,-0.22906579077243805,-0.017161916941404343,-0.23021584749221802,-0.2288470935726347,-76.43972798824241,0.0,0.0
3.68,184,0.04749901592731476,0.9988712668418884,0.04751689359545708,0.35952985286712646,-1.811461329460144,-2.0,-0.22777298092842102,0.973714292049408,-0.22978992760181427,-0.2752719819545746,-0.02515701949596405,-0.27730682492256165,-0.27740644340941567,-76.71713443165183,0.0,0.0
3.7,185,0.053936123847961426,0.9985443949699402,0.053962308913469315,0.3222707211971283,-1.8629564046859741,-2.0,-0.2647198438644409,0.9643253684043884,-0.2679134011268616,-0.31865596771240234,-0.03421902656555176,-0.3218756914138794,-0.3237522353744367,-77.04088666702627,0.0,0.0
3.72,186,0.05960879847407341,0.9982218146324158,0.05964415520429611,0.28409233689308167,-1.908920168876648,-2.0,-0.29930591583251953,0.9541571736335754,-0.30396515130996704,-0.35891473293304443,-0.04406461492180824,-0.36360931396484375,-0.3675575554022827,-77.40844422242856,0.0,0.0
3.74,187,0.06450150161981583,0.9979175925254822,0.06454630941152573,0.24510781466960907,-1.9492251873016357,-2.0,-0.3312861919403076,0.9435303211212158,-0.337666392326355,-0.39578768610954285,-0.05438728630542755,-0.4022127091884613,-0.40851146201286753,-77.81695568444142,0.0,0.0
3.7600000000000002,188,0.06860104203224182,0.9976441860198975,0.06865496188402176,0.20543259382247925,-1.9837613105773926,-2.0,-0.36045587062835693,0.9327762722969055,-0.36875656247138977,-0.42905691266059875,-0.06486789882183075,-0.43741151690483093,-0.4463213549221196,-78.26327703936354,0.0,0.0
3.7800000000000002,189,0.07189655303955078,0.9974120855331421,0.07195863872766495,0.1651838719844818,-2.0124359130859375,-2.0,-0.3866489827632904,0.9222269654273987,-0.3969951868057251,-0.4585455358028412,-0.0751851350069046,-0.46895384788513184,-0.48071520260724043,-78.74399224197079,0.0,0.0
3.8000000000000003,190,0.07437949627637863,0.9972299933433533,0.07444825023412704,0.12448041141033173,-2.0351734161376953,-2.0,-0.40973538160324097,0.9122044444084167,-0.4221639633178711,-0.4841148853302002,-0.08502558618783951,-0.49661222100257874,-0.5114434351610966,-79.25543567713189,0.0,0.0
3.8200000000000003,191,0.07604361325502396,0.9971044659614563,0.07611709088087082,0.08344210684299469,-2.051915168762207,-2.0,-0.42961665987968445,0.9030113816261292,-0.44406822323799133,-0.5056602954864502,-0.09409312903881073,-0.5201852917671204,-0.5382810538318579,-79.79371673096374,0.0,0.0
3.84,192,0.0768849328160286,0.9970399737358093,0.07696088403463364,0.04218970984220505,-2.062619924545288,-2.0,-0.44622138142585754,0.8949226140975952,-0.46253859996795654,-0.5231063365936279,-0.10211736708879471,-0.5394994616508484,-0.5610291079333953,-80.35474583889713,0.0,0.0
3.86,193,0.07690177112817764,0.9970386624336243,0.07697777450084686,0.0008444486884400249,-2.067263126373291,-2.0,-0.45950010418891907,0.8881776928901672,-0.4774322807788849,-0.5364018678665161,-0.10886095464229584,-0.5544100403785706,-0.5795163736376245,-80.93426221253476,0.0,0.0
3.88,194,0.07609470188617706,0.9971005916595459,0.07616832852363586,-0.040472280234098434,-2.0658364295959473,-2.0,-0.4694202244281769,0.8829748630523682,-0.48863404989242554,-0.5455149412155151,-0.11412571370601654,-0.5648024082183838,-0.5936006088374758,-81.52786282137224,0.0,0.0
3.9,195,0.07446654886007309,0.9972234964370728,0.0745355412364006,-0.08163926005363464,-2.058349132537842,-2.0,-0.475961834192276,0.8794659376144409,-0.4960573613643646,-0.5504283905029297,-0.11775756627321243,-0.5705928802490234,-0.6031695927233884,-82.13103241409563,0.0,0.0
3.92,196,0.07202241569757462,0.9974030256271362,0.07208482921123505,-0.12253578752279282,-2.0448262691497803,-2.0,-0.47911372780799866,0.8777528405189514,-0.4996447265148163,-0.5511361360549927,-0.11965018510818481,-0.5717295408248901,-0.6081421885067038,-82.73917460260233,0.0,0.0
3.94,197,0.0687696635723114,0.9976325631141663,0.06882398575544357,-0.16304197907447815,-2.0253098011016846,-2.0,-0.47887122631073,0.8778851628303528,-0.49936848878860474,-0.5476409196853638,-0.11974740773439407,-0.5681924819946289,-0.6084687140372799,-83.34764331663962,0.0,0.0
3.96,198,0.06471794098615646,0.99790358543396,0.06476320326328278,-0.20303915441036224,-1.9998587369918823,-2.0,-0.47523465752601624,0.8798590898513794,-0.49523070454597473,-0.5399525761604309,-0.11804450303316116,-0.5599939227104187,-0.6041316931914594,-83.95177500983108,0.0,0.0
3.98,199,0.05987916141748428,0.9982056617736816,0.059915002435445786,-0.24241012334823608,-1.96854829788208,-2.0,-0.46820956468582153,0.8836174607276917,-0.48726344108581543,-0.5280887484550476,-0.1145881786942482,-0.5471784472465515,-0.595145706514804,-84.54692071634588,0.0,0.0
4.0,200,0.05426754057407379,0.9985264539718628,0.05429420992732048,-0.2810395359992981,-1.931470513343811,-2.0,-0.45780816674232483,0.8890510201454163,-0.4755282700061798,-0.5120757222175598,-0.10947542637586594,-0.5298224687576294,-0.5815576524010853,-85.12847836874697,0.0,0.0
4.0200000000000005,201,0.04789959266781807,0.9988521337509155,0.0479179285466671,-0.318814218044281,-1.8887344598770142,-2.0,-0.44405198097229004,0.8960010409355164,-0.460115909576416,-0.4919515550136566,-0.10285113006830215,-0.5080338716506958,-0.5634461968908213,-85.69192456563779,0.0,0.0
4.04,202,0.04079413414001465,0.9991675615310669,0.040805455297231674,-0.3556235432624817,-1.8404656648635864,-2.0,-0.42697566747665405,0.9042630791664124,-0.4411455988883972,-0.4677698016166687,-0.09490446746349335,-0.4819510579109192,-0.5409213657463313,-86.23284593138412,0.0,0.0
4.0600000000000005,203,0.03297228366136551,0.9994562864303589,0.03297826275229454,-0.39135968685150146,-1.7868069410324097,-2.0,-0.40663158893585205,0.9135922193527222,-0.41876402497291565,-0.43960386514663696,-0.08586403727531433,-0.4517422914505005,-0.5141238615631482,-86.74696979294727,0.0,0.0
4.08,204,0.02445746399462223,0.9997008442878723,0.024459902197122574,-0.42591801285743713,-1.7279175519943237,-2.0,-0.3830946385860443,0.9237090945243835,-0.3931442201137543,-0.4075521230697632,-0.07599177956581116,-0.41760411858558655,-0.48322392711190326,-87.23019372005918,0.0,0.0
4.1,205,0.015275358222424984,0.9998833537101746,0.015275952406227589,-0.4591974914073944,-1.6639738082885742,-2.0,-0.3564675450325012,0.9343076944351196,-0.3644843101501465,-0.3717429041862488,-0.06557561457157135,-0.3797602653503418,-0.44842017217316577,-87.67861389223235,0.0,0.0
4.12,206,0.006024503614753485,0.9999818801879883,0.006024539936333895,-0.4625706076622009,-0.16865472495555878,-0.09798157960176468,-0.32688531279563904,0.9450640082359314,-0.3330059349536896,-0.33290979266166687,-0.0549178346991539,-0.3390304744243622,-0.37060485414567707,-88.04921874637803,0.0,0.0
4.14,207,-0.002637660363689065,0.999996542930603,-0.0026376633904874325,-0.43311017751693726,1.473021149635315,2.0,-0.2945193350315094,0.9556455016136169,-0.29895249009132385,-0.29188165068626404,-0.0443509966135025,-0.2963148355484009,-0.37036827151699525,-88.41958701789503,0.0,0.0
4.16,208,-0.010685404762625694,0.9999428987503052,-0.01068560779094696,-0.4023972153663635,1.535648226737976,2.0,-0.2595800459384918,0.965721607208252,-0.262587308883667,-0.24889464676380157,-0.03422131389379501,-0.2519017159938812,-0.3282668824160885,-88.74785390031111,0.0,0.0
4.18,209,-0.01809508167207241,0.999836266040802,-0.018096068874001503,-0.370523065328598,1.593707799911499,2.0,-0.22231827676296234,0.9749741554260254,-0.2241916060447693,-0.20422318577766418,-0.024862125515937805,-0.20609554648399353,-0.2844912400729989,-89.03234514038411,0.0,0.0
4.2,210,-0.02484516240656376,0.9996913075447083,-0.024847717955708504,-0.33758246898651123,1.647029161453247,2.0,-0.18302473425865173,0.9831082820892334,-0.18406227231025696,-0.15817956626415253,-0.016583001241087914,-0.1592145562171936,-0.2393438877684343,-89.27168902815254,0.0,0.0
4.22,211,-0.030916256830096245,0.9995219707489014,-0.03092118538916111,-0.30367332696914673,1.6954575777053833,2.0,-0.14202775061130524,0.9898626804351807,-0.14250962436199188,-0.11111149191856384,-0.009659301489591599,-0.11158844828605652,-0.19314108761561155,-89.46483011576815,0.0,0.0
4.24,212,-0.03629113733768463,0.9993412494659424,-0.03629910945892334,-0.2688962519168854,1.738854169845581,2.0,-0.09968913346529007,0.9950186610221863,-0.09985499083995819,-0.06339798867702484,-0.004322628024965525,-0.06355588138103485,-0.14621051489478437,-89.61104063066294,0.0,0.0
4.26,213,-0.04095473885536194,0.9991610050201416,-0.04096619412302971,-0.2333543300628662,1.7770956754684448,2.0,-0.05639825016260147,0.9984083771705627,-0.05642819404602051,-0.015443513169884682,-0.0007526507833972573,-0.0154619961977005,-0.09888879486453411,-89.70992942552748,0.0,0.0
4.28,214,-0.04489415884017944,0.9989917278289795,-0.04490925371646881,-0.19715282320976257,1.810075283050537,2.0,-0.01256471686065197,0.9999210834503174,-0.012565047480165958,0.032329440116882324,0.0009293118491768837,0.03234420344233513,-0.05151894167264417,-89.76144836720012,0.0,0.0
4.3,215,-0.04809866100549698,0.9988425970077515,-0.04811722785234451,-0.16039878129959106,1.8377020359039307,2.0,0.031390100717544556,0.9995071887969971,0.031395260244607925,0.07948876172304153,0.0006646197871305048,0.07951248437166214,-0.07555218049159823,-89.83700054769172,0.0,0.0
4.32,216,-0.05055967718362808,0.9987210631370544,-0.05058124288916588,-0.12320075929164886,1.8599008321762085,2.0,0.07504218071699142,0.9971803426742554,0.07511279731988907,0.1256018579006195,-0.001540681580081582,0.12569403648376465,-0.12197650346860453,-89.95897705116032,0.0,0.0
4.34,217,-0.05227078124880791,0.9986329674720764,-0.05229461193084717,-0.08566850423812866,1.876612901687622,2.0,0.11797410994768143,0.9930166602134705,0.11824949830770493,0.17024488747119904,-0.005616277456283569,0.1705441176891327,-0.16740741065345285,-90.12638446181377,0.0,0.0
4.36,218,-0.05322770029306412,0.9985824227333069,-0.05325286462903023,-0.047912608832120895,1.887794852256775,2.0,0.1597839742898941,0.9871519804000854,0.1604718118906021,0.21301166713237762,-0.01143039483577013,0.21372467279434204,-0.21150236381374768,-90.33788682562752,0.0,0.0
4.38,219,-0.053428299725055695,0.9985716938972473,-0.053453750908374786,-0.01004421804100275,1.8934195041656494,2.0,0.2000933736562729,0.9797768592834473,0.20145322382450104,0.2535216808319092,-0.01879485510289669,0.2549069821834564,-0.2539255617606761,-90.5918123873882,0.0,0.0
4.4,220,-0.05287257954478264,0.9986012578010559,-0.052897244691848755,0.027825288474559784,1.8934754133224487,2.0,0.2385542392730713,0.9711291790008545,0.24087683856487274,0.29142680764198303,-0.02747209183871746,0.2937740683555603,-0.29435046791458436,-90.88616285530279,0.0,0.0
4.42,221,-0.05156267434358597,0.9986697435379028,-0.05158555135130882,0.06558462232351303,1.887966513633728,2.0,0.2748539447784424,0.9614859819412231,0.2784378230571747,0.32641664147377014,-0.03718377277255058,0.3300233483314514,-0.3324623902550425,-91.21862524555783,0.0,0.0
4.44,222,-0.04950285330414772,0.998773992061615,-0.049523092806339264,0.10312288254499435,1.8769129514694214,2.0,0.308718740940094,0.9511533975601196,0.313845694065094,0.3582215905189514,-0.047620609402656555,0.36336877942085266,-0.3679609171614175,-91.58658616271924,0.0,0.0
4.46,223,-0.04669950529932976,0.9989089965820312,-0.04671649634838104,0.14032988250255585,1.8603501319885254,2.0,0.33991512656211853,0.9404560923576355,0.3468266427516937,0.3866146504878998,-0.05845286697149277,0.39354315400123596,-0.40056219052810854,-91.98714835324735,0.0,0.0
4.48,224,-0.04316115379333496,0.9990681409835815,-0.04317456856369972,0.17709647119045258,1.8383291959762573,2.0,0.36824968457221985,0.9297269582748413,0.37712568044662476,0.4114108383655548,-0.06934118270874023,0.4203002452850342,-0.43000120987635193,-92.4171495631237,0.0,0.0
4.5,225,-0.03889845311641693,0.9992431402206421,-0.03890826925635338,0.21331480145454407,1.8109171390533447,2.0,0.39356696605682373,0.9192959666252136,0.404508501291275,0.43246543407440186,-0.07994721829891205,0.4434167742729187,-0.45603395140028075,-92.87318351452399,0.0,0.0
4.5200000000000005,226,-0.03392418473958969,0.999424397945404,-0.0339306965470314,0.24887873232364655,1.778196096420288,2.0,0.41574639081954956,0.9094805717468262,0.42876332998275757,0.44967058300971985,-0.08994381874799728,0.4626940190792084,-0.4784391976436021,-93.35162271216758,0.0,0.0
4.54,227,-0.028253255411982536,0.9996007680892944,-0.028257016092538834,0.28368401527404785,1.7402642965316772,2.0,0.4346977472305298,0.9005764126777649,0.4497026205062866,0.46295100450515747,-0.09902438521385193,0.47795963287353516,-0.4970203460352018,-93.84864305820278,0.0,0.0
4.5600000000000005,228,-0.021902689710259438,0.999760091304779,-0.021904442459344864,0.3176287114620209,1.6972352266311646,2.0,0.4503563940525055,0.8928488492965698,0.46716445684432983,0.4722591042518616,-0.10691123455762863,0.4890689253807068,-0.5116070621870829,-94.36025012038986,0.0,0.0
4.58,229,-0.01489162165671587,0.9998891353607178,-0.014892172068357468,0.35061347484588623,1.6492379903793335,2.0,0.4626781940460205,0.8865262866020203,0.48101383447647095,0.4775698184967041,-0.11336281150579453,0.4959059953689575,-0.5220566289673486,-94.88230674935721,0.0,0.0
4.6000000000000005,230,-0.007241272367537022,0.9999737739562988,-0.0072413356974720955,0.38254180550575256,1.5964170694351196,2.0,0.4716346263885498,0.8817940354347229,0.4911436140537262,0.47887590527534485,-0.11817971616983414,0.498384952545166,-0.5282551702012975,-95.4105619195585,0.0,0.0
4.62,231,0.0010250734630972147,0.999999463558197,0.0010250735795125365,0.4133204519748688,1.5389323234558105,2.0,0.47720855474472046,0.8787900805473328,0.4974755048751831,0.4761835038661957,-0.12120940536260605,0.49645042419433594,-0.5301185404428701,-95.94068046000137,0.0,0.0
4.64,232,0.009882105514407158,0.999951183795929,0.009882266633212566,0.4428596496582031,1.4769585132598877,2.0,0.4793908894062042,0.8776015043258667,0.4999605119228363,0.4695087969303131,-0.12234967947006226,0.49007827043533325,-0.5275932385267545,-96.46827369852812,0.0,0.0
4.66,233,0.01930253393948078,0.9998136758804321,0.019303733482956886,0.47107332944869995,1.4106851816177368,2.0,0.4781784117221832,0.8782626986503601,0.4985794425010681,0.4588758647441864,-0.12155096232891083,0.4792757034301758,-0.5206567787678755,-96.988930477296,0.0,0.0
4.68,234,0.02925715036690235,0.9995719194412231,0.029261326417326927,0.49787965416908264,1.3403162956237793,2.0,0.47357288002967834,0.8807546496391296,0.49334296584129333,0.44431570172309875,-0.1188172772526741,0.46408164501190186,-0.5093181159981417,-97.49824859329414,0.0,0.0
4.7,235,0.03971489891409874,0.9992110729217529,0.039725348353385925,0.523201048374176,1.266070008277893,2.0,0.4655815362930298,0.885004997253418,0.48429158329963684,0.42586663365364075,-0.11420605331659317,0.4445662200450897,-0.49361761798070924,-97.99186621127484,0.0,0.0
4.72,236,0.050642967224121094,0.9987168312072754,0.050664640963077545,0.5469646453857422,1.1881775856018066,2.0,0.45421892404556274,0.8908901214599609,0.47149527072906494,0.40357595682144165,-0.10782671719789505,0.420830637216568,-0.4736269430488043,-98.46549315432364,0.0,0.0
4.74,237,0.062006883323192596,0.9980757236480713,0.062046684324741364,0.5691022872924805,1.10688316822052,2.0,0.43950989842414856,0.8982377648353577,0.4550529718399048,0.37750303745269775,-0.09983798116445541,0.393006294965744,-0.44944858481153077,-98.91494173913517,0.0,0.0
4.76,238,0.07377063482999802,0.9972752332687378,0.07383771240711212,0.5895511507987976,1.0224430561065674,2.0,0.4214937090873718,0.9068313241004944,0.43509188294410706,0.3477230966091156,-0.090443916618824,0.36125415563583374,-0.42121526304496576,-99.33615700218014,0.0,0.0
4.78,239,0.085896797478199,0.9963040351867676,0.08600278198719025,0.6082536578178406,0.935124397277832,2.0,0.4002286195755005,0.9164153337478638,0.41176629066467285,0.3143317997455597,-0.0798887088894844,0.3257635235786438,-0.38908910151221865,-99.72524610369236,0.0,0.0
4.8,240,0.09736603498458862,0.9952486157417297,0.09752053767442703,0.5758877396583557,-1.6182957887649536,-1.2846673727035522,0.37579697370529175,0.9267020225524902,0.3852566182613373,0.2784309387207031,-0.06854661554098129,0.28773608803749084,-0.3307494588502402,-100.05599556254259,0.0,0.0
4.82,241,0.1079324409365654,0.9941582083702087,0.10814310610294342,0.5311284065246582,-2.237966299057007,-2.0,0.3483102321624756,0.9373793005943298,0.3557678461074829,0.2403777837753296,-0.056778911501169205,0.2476247400045395,-0.3171135147473469,-100.37310907728994,0.0,0.0
4.84,242,0.1175675243139267,0.9930648803710938,0.11784005910158157,0.4848477840423584,-2.314030170440674,-2.0,0.3179134726524353,0.9481196999549866,0.323527991771698,0.2003459632396698,-0.044945161789655685,0.20568792521953583,-0.2779277869248287,-100.65103686421477,0.0,0.0
4.86,243,0.12624596059322357,0.9919989705085754,0.1265837401151657,0.43718409538269043,-2.3831849098205566,-2.0,0.2847890555858612,0.9585902094841003,0.2887863516807556,0.15854308009147644,-0.0334087535738945,0.1622026115655899,-0.23694425085382037,-100.8879811150686,0.0,0.0
4.88,244,0.1339455246925354,0.9909886717796326,0.13434931635856628,0.38827911019325256,-2.445249080657959,-2.0,0.2491588294506073,0.9684626460075378,0.25181159377098083,0.1152133122086525,-0.022526061162352562,0.11746227741241455,-0.19443702865045964,-101.08241814371905,0.0,0.0
4.9,245,0.14064699411392212,0.9900597929954529,0.14111487567424774,0.33827781677246094,-2.5000646114349365,-2.0,0.21128518879413605,0.9774244427680969,0.2128896415233612,0.07063818722963333,-0.012635350227355957,0.07177476584911346,-0.1506967144975331,-101.23311485821658,0.0,0.0
4.92,246,0.14633408188819885,0.9892352223396301,0.14686143398284912,0.2873278856277466,-2.5474956035614014,-2.0,0.17146988213062286,0.9851893782615662,0.17232146859169006,0.025135807693004608,-0.004045866895467043,0.025460023432970047,-0.10602820429195103,-101.33914306250853,0.0,0.0
4.94,247,0.15099330246448517,0.9885348081588745,0.15157301723957062,0.23557934165000916,-2.587427854537964,-2.0,0.13005132973194122,0.9915072321891785,0.1304207593202591,-0.020941974595189095,0.002972477115690708,-0.021152270957827568,-0.06074844452249736,-101.39989150703103,0.0,0.0
4.96,248,0.15461395680904388,0.9879749417304993,0.15523670613765717,0.18318399786949158,-2.619767427444458,-2.0,0.08739987760782242,0.9961733222007751,0.08751153200864792,-0.06721408665180206,0.008198348805308342,-0.06772517412900925,-0.06481594459216941,-101.4647074516232,0.0,0.0
4.98,249,0.15718799829483032,0.9875686764717102,0.15784260630607605,0.13029515743255615,-2.644441604614258,-2.0,0.04391147568821907,0.9990354180335999,0.04392559826374054,-0.11327652633190155,0.011466728523373604,-0.11391700804233551,-0.11033107509944315,-101.57503852672264,0.0,0.0
5.0,250,0.15871000289916992,0.9873252511024475,0.15938395261764526,0.07706722617149353,-2.6613967418670654,-2.0,4.2862638516991895e-16,1.0,4.2862638516991895e-16,-0.15871000289916992,0.012674756348133087,-0.15938395261764526,-0.15545835332749264,-101.73049688005013,0.0,0.0
5.0200000000000005,251,0.15917709469795227,0.987250030040741,0.15985704958438873,0.023655246943235397,-2.6705987453460693,-2.0,-0.04391147568821907,0.9990354180335999,-0.04392559826374054,-0.20308856666088104,0.011785379610955715,-0.20378264784812927,-0.19985705654595048,-101.93035393659608,0.0,0.0
5.04,252,0.1585889458656311,0.9873446822166443,0.15926134586334229,-0.0297854021191597,-2.672032594680786,-2.0,-0.08739987760782242,0.9961733222007751,-0.08751153200864792,-0.24598881602287292,0.008828614838421345,-0.2467728853225708,-0.24318694676773822,-102.17354088336381,0.0,0.0
5.0600000000000005,253,0.1569477766752243,0.9876068830490112,0.15759935975074768,-0.08309942483901978,-2.665701150894165,-2.0,-0.13005132973194122,0.9915072321891785,-0.1304207593202591,-0.2869991064071655,0.003900357987731695,-0.2880201041698456,-0.28511089198274037,-102.45865177534655,0.0,0.0
5.08,254,0.15425829589366913,0.9880305528640747,0.1548767238855362,-0.13613197207450867,-2.6516270637512207,-2.0,-0.17146988213062286,0.9851893782615662,-0.17232146859169006,-0.325728178024292,-0.002841193927451968,-0.32719817757606506,-0.3252974799614394,-102.78394925530799,0.0,0.0
5.1000000000000005,255,0.15052780508995056,0.988605797290802,0.15110214054584503,-0.18872897326946259,-2.629850387573242,-2.0,-0.21128518879413605,0.9774244427680969,-0.2128896415233612,-0.3618130087852478,-0.011181318201124668,-0.36399179697036743,-0.36342360971229837,-103.14737286502029,0.0,0.0
5.12,256,0.14576618373394012,0.9893190860748291,0.14628739655017853,-0.24073760211467743,-2.600430965423584,-2.0,-0.2491588294506073,0.9684626460075378,-0.25181159377098083,-0.3949250280857086,-0.020856432616710663,-0.39809897541999817,-0.3991770307227595,-103.54654989574304,0.0,0.0
5.14,257,0.13998597860336304,0.9901534914970398,0.14044725894927979,-0.29200655221939087,-2.5634469985961914,-2.0,-0.2847890555858612,0.9585902094841003,-0.2887863516807556,-0.42477503418922424,-0.03156327083706856,-0.4292336106300354,-0.43225885221936616,-103.9788087479624,0.0,0.0
5.16,258,0.1332024484872818,0.9910888671875,0.13359953463077545,-0.34238648414611816,-2.5189967155456543,-2.0,-0.3179134726524353,0.9481196999549866,-0.323527991771698,-0.4511159360408783,-0.042969122529029846,-0.45712751150131226,-0.46238588072780323,-104.44119462869021,0.0,0.0
5.18,259,0.12543365359306335,0.9921020269393921,0.12576492130756378,-0.3917304277420044,-2.4671976566314697,-2.0,-0.3483102321624756,0.9373793005943298,-0.3557678461074829,-0.47374388575553894,-0.05472269281744957,-0.4815327525138855,-0.4892929124013361,-104.93048754109155,0.0,0.0
5.2,260,0.11670050770044327,0.9931671619415283,0.11696703732013702,-0.4398941993713379,-2.4081881046295166,-2.0,-0.37579697370529175,0.9267020225524902,-0.3852566182613373,-0.4924974739551544,-0.06646512448787689,-0.5022236704826355,-0.5127348830461296,-105.44322242413769,0.0,0.0
5.22,261,0.10702691227197647,0.9942561388015747,0.10723230242729187,-0.4867367446422577,-2.342128038406372,-2.0,-0.4002286195755005,0.9164153337478638,-0.41176629066467285,-0.5072555541992188,-0.07784079760313034,-0.5189986228942871,-0.5324889203226609,-105.97571134446035,0.0,0.0
5.24,262,0.09643976390361786,0.9953387975692749,0.09658988565206528,-0.5321207046508789,-2.269197940826416,-2.0,-0.4214937090873718,0.9068313241004944,-0.43509188294410706,-0.5179334878921509,-0.0885075032711029,-0.5316817760467529,-0.5483561786929686,-106.52406752315332,0.0,0.0
5.26,263,0.08496905863285065,0.9963836073875427,0.0850716307759285,-0.5759127140045166,-2.189600944519043,-2.0,-0.43950989842414856,0.8982377648353577,-0.4550529718399048,-0.5244789719581604,-0.09814585000276566,-0.5401245951652527,-0.5601635165152268,-107.08423103966855,0.0,0.0
5.28,264,0.07264789938926697,0.9973576664924622,0.07271195203065872,-0.6179839968681335,-2.103563070297241,-2.0,-0.45421892404556274,0.8908901214599609,-0.47149527072906494,-0.5268667936325073,-0.10646754503250122,-0.5442072153091431,-0.5677649257083655,-107.65199596537691,0.0,0.0
5.3,265,0.059512555599212646,0.9982275366783142,0.05954774096608162,-0.6582106351852417,-2.0113325119018555,-2.0,-0.4655815362930298,0.885004997253418,-0.48429158329963684,-0.5250940918922424,-0.11322256177663803,-0.5438393354415894,-0.5710430118875582,-108.22303897726447,0.0,0.0
5.32,266,0.04560243710875511,0.9989596605300903,0.04561825469136238,-0.6964742541313171,-1.9131807088851929,-2.0,-0.47357288002967834,0.8807546496391296,-0.49334296584129333,-0.5191752910614014,-0.11820502579212189,-0.5389612317085266,-0.569909839457322,-108.79294881672179,0.0,0.0
5.34,267,0.03096006251871586,0.9995205998420715,0.030965009704232216,-0.7326623201370239,-1.8094021081924438,-2.0,-0.4781784117221832,0.8782626986503601,-0.4985794425010681,-0.5091384649276733,-0.12125790119171143,-0.529544472694397,-0.5643079761437153,-109.3572567928655,0.0,0.0
5.36,268,0.015631001442670822,0.9998778104782104,0.01563163846731186,-0.7666685581207275,-1.7003138065338135,-2.0,-0.4793908894062042,0.8776015043258667,-0.4999605119228363,-0.49502190947532654,-0.12227634340524673,-0.5155921578407288,-0.5542110814196622,-109.91146787428517,0.0,0.0
5.38,269,-0.0003362344577908516,0.9999999403953552,-0.00033623448689468205,-0.7983936667442322,-1.5862550735473633,-2.0,-0.47720855474472046,0.8787900805473328,-0.4974755048751831,-0.4768723249435425,-0.12120987474918365,-0.4971392750740051,-0.5396242774462753,-110.45109215173144,0.0,0.0
5.4,270,-0.01689033955335617,0.9998573660850525,-0.01689114235341549,-0.8277453780174255,-1.4675863981246948,-2.0,-0.4716346263885498,0.8817940354347229,-0.4911436140537262,-0.4547443091869354,-0.11806328594684601,-0.47425249218940735,-0.520584362446559,-110.971676514178,0.0,0.0
5.42,271,-0.033977385610342026,0.9994226098060608,-0.033983927220106125,-0.8546391725540161,-1.344688892364502,-2.0,-0.4626781940460205,0.8865262866020203,-0.48101383447647095,-0.42870083451271057,-0.11289630085229874,-0.4470299184322357,-0.4971596881223752,-111.46883620230038,0.0,0.0
5.44,272,-0.0515410490334034,0.9986708760261536,-0.051563896238803864,-0.8789983987808228,-1.217962384223938,-2.0,-0.4503563940525055,0.8928488492965698,-0.46716445684432983,-0.3988153636455536,-0.10582200437784195,-0.41560056805610657,-0.46944994007386565,-111.93828614237425,0.0,0.0
5.46,273,-0.06952286511659622,0.997580349445343,-0.06957899034023285,-0.9007549285888672,-1.0878243446350098,-2.0,-0.4346977472305298,0.9005764126777649,-0.4497026205062866,-0.36517488956451416,-0.09700395166873932,-0.38012364506721497,-0.4375854642494901,-112.37587160662375,0.0,0.0
5.48,274,-0.087862528860569,0.9961326122283936,-0.08797597140073776,-0.9198490381240845,-0.9547072052955627,-2.0,-0.41574639081954956,0.9094805717468262,-0.42876332998275757,-0.32788386940956116,-0.08665202558040619,-0.3407873511314392,-0.40172664683394305,-112.7775982534577,0.0,0.0
5.5,275,-0.10530497878789902,0.994439959526062,-0.10550057888031006,-0.8762301802635193,2.180943012237549,2.0,-0.39356696605682373,0.9192959666252136,-0.404508501291275,-0.2882620096206665,-0.07514403015375137,-0.29900792241096497,-0.3632627524001582,-113.14086100585786,0.0,0.0
5.5200000000000005,276,-0.12179894745349884,0.992554783821106,-0.12210212647914886,-0.8300774097442627,2.3076400756835938,2.0,-0.36824968457221985,0.9297269582748413,-0.37712568044662476,-0.24645072221755981,-0.06282785534858704,-0.2550235688686371,-0.3224063757967797,-113.46326738165463,0.0,0.0
5.54,277,-0.13729770481586456,0.9905298352241516,-0.13773277401924133,-0.7815321087837219,2.4272637367248535,2.0,-0.33991512656211853,0.9404560923576355,-0.3468266427516937,-0.20261742174625397,-0.050073713064193726,-0.2090938836336136,-0.27939291250982995,-113.74266029416447,0.0,0.0
5.5600000000000005,278,-0.15175898373126984,0.9884175062179565,-0.1523476243019104,-0.7307426333427429,2.539475440979004,2.0,-0.308718740940094,0.9511533975601196,-0.313845694065094,-0.15695977210998535,-0.037264157086610794,-0.1614980548620224,-0.234479022510435,-113.97713931667491,0.0,0.0
5.58,279,-0.16514486074447632,0.9862692952156067,-0.16590487957000732,-0.6778632402420044,2.6439695358276367,2.0,-0.2748539447784424,0.9614859819412231,-0.2784378230571747,-0.10970909893512726,-0.024783335626125336,-0.11253292113542557,-0.1879408093294922,-114.1650801260044,0.0,0.0
5.6000000000000005,280,-0.1774216890335083,0.9841349124908447,-0.17836596071720123,-0.623053789138794,2.7404732704162598,2.0,-0.2385542392730713,0.9711291790008545,-0.24087683856487274,-0.06113254651427269,-0.013005745597183704,-0.06251087784767151,-0.14007186309426936,-114.30515198909866,0.0,0.0
5.62,281,-0.1885599046945572,0.9820616841316223,-0.1896955370903015,-0.5664788484573364,2.828744649887085,2.0,-0.2000933736562729,0.9797768592834473,-0.20145322382450104,-0.011533468030393124,-0.0022848567459732294,-0.011757680214941502,-0.09118130122989546,-114.39633329032856,0.0,0.0
5.64,282,-0.1985337734222412,0.9800940752029419,-0.19986169040203094,-0.5083073973655701,2.9085724353790283,2.0,-0.1597839742898941,0.9871519804000854,-0.1604718118906021,0.038749802857637405,0.007057959213852882,0.03938988223671913,-0.04159153809383636,-114.4379248284224,0.0,0.0
5.66,283,-0.20732125639915466,0.9782729148864746,-0.2088359296321869,-0.44871193170547485,2.979773759841919,2.0,-0.11797410994768143,0.9930166602134705,-0.11824949830770493,0.08934714645147324,0.01474375557154417,0.09058642387390137,-0.08836411273433267,-114.52628894115674,0.0,0.0
5.68,284,-0.21490375697612762,0.976635217666626,-0.21659328043460846,-0.38786807656288147,3.0421929359436035,2.0,-0.07504218071699142,0.9971803426742554,-0.07511279731988907,0.1398615688085556,0.020545128732919693,0.1414804905653,-0.1383437880725064,-114.66463272922924,0.0,0.0
5.7,285,-0.22126591205596924,0.9752135276794434,-0.22311237454414368,-0.3259541094303131,3.0956995487213135,2.0,-0.031390100717544556,0.9995071887969971,-0.031395260244607925,0.18987581133842468,0.024293696507811546,0.19171710312366486,-0.1879995710285225,-114.85263230025777,0.0,0.0
5.72,286,-0.226395383477211,0.9740355014801025,-0.2283753752708435,-0.2631503641605377,3.1401872634887695,2.0,0.01256471686065197,0.9999210834503174,0.012565047480165958,0.23896010220050812,0.025885572656989098,0.2409404218196869,-0.2369801151769994,-115.08961241543477,0.0,0.0
5.74,287,-0.23028267920017242,0.9731237888336182,-0.23236815631389618,-0.19963890314102173,3.175572156906128,2.0,0.05639825016260147,0.9984083771705627,0.05642819404602051,0.2866809368133545,0.025284571573138237,0.2887963354587555,-0.28493320111334547,-115.37454561654812,0.0,0.0
5.76,288,-0.23292098939418793,0.9724956750869751,-0.23508021235466003,-0.13560308516025543,3.201791286468506,2.0,0.09968913346529007,0.9950186610221863,0.09985499083995819,0.3326101303100586,0.022522971034049988,0.3349352180957794,-0.3315084093983413,-115.70605402594646,0.0,0.0
5.78,289,-0.23430611193180084,0.9721628427505493,-0.23650476336479187,-0.0712270587682724,3.218801259994507,2.0,0.14202775061130524,0.9898626804351807,0.14250962436199188,0.3763338625431061,0.01769980788230896,0.37901440262794495,-0.3763597473758343,-116.08241377332229,0.0,0.0
5.8,290,-0.2344363033771515,0.9721314907073975,-0.23663866519927979,-0.0066954935900866985,3.2265782356262207,2.0,0.18302473425865173,0.9831082820892334,0.18406227231025696,0.4174610376358032,0.010976825840771198,0.42070093750953674,-0.4191482907683213,-116.5015620640906,0.0,0.0
5.82,291,-0.2333122193813324,0.9724018573760986,-0.23548252880573273,0.0578068308532238,3.22511625289917,2.0,0.22231827676296234,0.9749741554260254,0.2241916060447693,0.45563051104545593,0.0025722715072333813,0.4596741497516632,-0.45954480212738064,-116.96110686621799,0.0,0.0
5.84,292,-0.23093701899051666,0.9729686975479126,-0.23304061591625214,0.12209536880254745,3.2144269943237305,2.0,0.2595800459384918,0.965721607208252,0.262587308883667,0.4905170500278473,-0.007247105706483126,0.4956279397010803,-0.4972322284953223,-117.45833909471331,0.0,0.0
5.86,293,-0.2273162603378296,0.9738209843635559,-0.22932089865207672,0.18598617613315582,3.194540500640869,2.0,0.2945193350315094,0.9556455016136169,0.29895249009132385,0.5218355655670166,-0.018175465986132622,0.5282734036445618,-0.5319082077571312,-117.99024730247044,0.0,0.0
5.88,294,-0.22245804965496063,0.9749422669410706,-0.2243349701166153,0.24929627776145935,3.1655049324035645,2.0,0.32688531279563904,0.9450640082359314,0.3330059349536896,0.5493433475494385,-0.029878243803977966,0.5573409199714661,-0.5632874634475936,-118.55353476591803,0.0,0.0
5.9,295,-0.21637316048145294,0.9763107299804688,-0.21809808909893036,0.31184399127960205,3.1273865699768066,2.0,0.3564675450325012,0.9343076944351196,0.3644843101501465,0.572840690612793,-0.042003024369478226,0.582582414150238,-0.5911040281993121,-119.14463879411734,0.0,0.0
5.92,296,-0.20907513797283173,0.9778995513916016,-0.21062910556793213,0.373449444770813,3.0802714824676514,2.0,0.3830946385860443,0.9237090945243835,0.3931442201137543,0.5921697616577148,-0.05419048294425011,0.603773295879364,-0.6151134147248651,-119.7597522088422,0.0,0.0
5.94,297,-0.20058047771453857,0.9796772003173828,-0.20195041596889496,0.43393474817276,3.024266004562378,2.0,0.40663158893585205,0.9135922193527222,0.41876402497291565,0.6072120666503906,-0.06608500331640244,0.6207144260406494,-0.6350946296153515,-120.39484683845755,0.0,0.0
5.96,298,-0.19090881943702698,0.9816077947616577,-0.19208791851997375,0.49312472343444824,2.959498405456543,2.0,0.42697566747665405,0.9042630791664124,0.4411455988883972,0.6178845167160034,-0.07734466344118118,0.6332335472106934,-0.6508519400616095,-121.04569877851917,0.0,0.0
5.98,299,-0.18008314073085785,0.9836513996124268,-0.1810709685087204,0.5508471131324768,2.8861196041107178,2.0,0.44405198097229004,0.8960010409355164,0.460115909576416,0.6241351366043091,-0.087650366127491,0.6411868929862976,-0.6622165717680495,-121.70791535028722,0.0,0.0
6.0,300,-0.16812995076179504,0.9857648611068726,-0.16893230378627777,0.6069332361221313,2.804304838180542,2.0,0.45780816674232483,0.8890510201454163,0.4755282700061798,0.6259381175041199,-0.0967138335108757,0.6444605588912964,-0.669048218271294,-122.37696356855852,0.0,0.0
6.0200000000000005,301,-0.15507951378822327,0.9879019856452942,-0.1557079404592514,0.6612183451652527,2.7142560482025146,2.0,0.46820956468582153,0.8836174607276917,0.48726344108581543,0.6232891082763672,-0.10428453981876373,0.642971396446228,-0.6712362120640679,-123.0481997806226,0.0,0.0
6.04,302,-0.14096599817276,0.9900144338607788,-0.1414370983839035,0.7135423421859741,2.616201877593994,2.0,0.47523465752601624,0.8798590898513794,0.49523070454597473,0.6162006855010986,-0.11015534400939941,0.636667788028717,-0.6687005357676845,-123.71690031639028,0.0,0.0
6.0600000000000005,303,-0.12582767009735107,0.9920521378517151,-0.1261620819568634,0.7637503743171692,2.510399580001831,2.0,0.47887122631073,0.8778851628303528,0.49936848878860474,0.604698896408081,-0.11416696012020111,0.6255305409431458,-0.6613927920369919,-124.37829310842727,0.0,0.0
6.08,304,-0.10970696061849594,0.9939639568328857,-0.10992822796106339,0.8116930723190308,2.3971364498138428,2.0,0.47911372780799866,0.8777528405189514,0.4996447265148163,0.5888206958770752,-0.11621114611625671,0.6095729470252991,-0.649296714513001,-125.02758982294027,0.0,0.0
6.1000000000000005,305,-0.09265059977769852,0.9956986904144287,-0.09278367459774017,0.8572276830673218,2.276730537414551,2.0,0.475961834192276,0.8794659376144409,0.4960573613643646,0.5686123967170715,-0.1162327378988266,0.5888410210609436,-0.6324283982854142,-125.66001822122568,0.0,0.0
6.12,306,-0.07470963150262833,0.9972053170204163,-0.07477930188179016,0.9002183079719543,2.1495308876037598,2.0,0.4694202244281769,0.8829748630523682,0.48863404989242554,0.5441298484802246,-0.1142304465174675,0.5634133815765381,-0.6108366668722985,-126.27085488809799,0.0,0.0
6.140000000000001,307,-0.05593935772776604,0.9984341859817505,-0.055968571454286575,0.9405366778373718,2.015918016433716,2.0,0.45950010418891907,0.8881776928901672,0.4774322807788849,0.5154394507408142,-0.11025644838809967,0.53340083360672,-0.5846026219672703,-126.85545751006525,0.0,0.0
6.16,308,-0.036399275064468384,0.9993373155593872,-0.03640731796622276,0.9780627489089966,1.8763036727905273,2.0,0.44622138142585754,0.8949226140975952,0.46253859996795654,0.4826206564903259,-0.10441472381353378,0.4989459216594696,-0.5538395979443327,-127.40929710800958,0.0,0.0
6.18,309,-0.01615290716290474,0.9998695254325867,-0.016153609380126,1.0126852989196777,1.7311303615570068,2.0,0.42961665987968445,0.9030113816261292,0.44406822323799133,0.4457695782184601,-0.09685816615819931,0.4602218270301819,-0.5186922100995724,-127.92798931810916,0.0,0.0
6.2,310,0.004732427187263966,0.9999887943267822,0.004732444416731596,1.0443027019500732,1.5808693170547485,2.0,0.40973538160324097,0.9122044444084167,0.4221639633178711,0.4050029516220093,-0.08778437972068787,0.417431503534317,-0.47933577860891735,-128.40732509671807,0.0,0.0
6.22,311,0.025916744023561478,0.9996641278266907,0.02591964602470398,1.059360146522522,0.7528685927391052,1.102465033531189,0.3866489827632904,0.9222269654273987,0.3969951868057251,0.36073222756385803,-0.0774371474981308,0.3710755407810211,-0.4083986076911464,-128.8157237044092,0.0,0.0
6.24,312,0.04639802128076553,0.9989230036735535,0.046414684504270554,1.024751901626587,-1.7304084300994873,-2.0,0.36045587062835693,0.9327762722969055,0.36875656247138977,0.3140578269958496,-0.06614676117897034,0.3223418593406677,-0.390580501171925,-129.20630420558112,0.0,0.0
6.26,313,0.0661095529794693,0.9978123903274536,0.06615780293941498,0.9871559143066406,-1.879801630973816,-2.0,0.3312861919403076,0.9435303211212158,0.337666392326355,0.2651766240596771,-0.054282046854496,0.2715086042881012,-0.3425987586838434,-129.54890296426495,0.0,0.0
6.28,314,0.08498890697956085,0.9963818788528442,0.08509155362844467,0.9466875195503235,-2.0234193801879883,-2.0,0.29930591583251953,0.9541571736335754,0.30396515130996704,0.21431702375411987,-0.0422246977686882,0.21887359023094177,-0.2925748381405958,-129.84147780240556,0.0,0.0
6.3,315,0.10297810286283493,0.9946836233139038,0.10316098481416702,0.9034714102745056,-2.160806655883789,-2.0,0.2647198438644409,0.9643253684043884,0.2679134011268616,0.16174174845218658,-0.030358262360095978,0.16475240886211395,-0.24080416938942206,-130.082281971795,0.0,0.0
6.32,316,0.12002373486757278,0.9927710294723511,0.12031379342079163,0.8576405644416809,-2.291541576385498,-2.0,0.22777298092842102,0.973714292049408,0.22978992760181427,0.10774924606084824,-0.019056757912039757,0.10947613418102264,-0.1875996080989569,-130.26988157989396,0.0,0.0
6.34,317,0.13607701659202576,0.9906982779502869,0.1365005075931549,0.8093358278274536,-2.415236234664917,-2.0,0.18875043094158173,0.9820250868797302,0.1898895502090454,0.05267341434955597,-0.008673172444105148,0.053389038890600204,-0.13328941793527876,-130.40317099782925,0.0,0.0
6.36,318,0.1510937362909317,0.9885194301605225,0.15167461335659027,0.7587050795555115,-2.531536817550659,-2.0,0.1479753702878952,0.9889910221099854,0.1485207974910736,-0.0031183594837784767,0.0004716055700555444,-0.0031538207549601793,-0.07821493859932382,-130.48138593642858,0.0,0.0
6.38,319,0.16503417491912842,0.9862878322601318,0.16579265892505646,0.705902636051178,-2.6401236057281494,-2.0,0.10580514371395111,0.9943869113922119,0.10600355267524719,-0.059229034930467606,0.008099033497273922,-0.059789109975099564,-0.05727186663889979,-130.53865780306748,0.0,0.0
6.4,320,0.17786303162574768,0.9840552806854248,0.17881442606449127,0.6510884165763855,-2.7407102584838867,-2.0,0.06262560933828354,0.9980370998382568,0.06266661733388901,-0.11523742973804474,0.013981836847960949,-0.11614781618118286,-0.1128108798504554,-130.65146868291794,0.0,0.0
6.42,321,0.18954917788505554,0.9818712472915649,0.19070298969745636,0.5944275856018066,-2.833043098449707,-2.0,0.01884397678077221,0.9998224377632141,0.01884509064257145,-0.17070519924163818,0.017951209098100662,-0.17185789346694946,-0.16803636634983604,-130.81950504926778,0.0,0.0
6.44,322,0.2000655084848404,0.9797825217247009,0.20142477750778198,0.5360895991325378,-2.9168992042541504,-2.0,-0.025119516998529434,0.9996844530105591,-0.025122158229351044,-0.22518502175807953,0.019901931285858154,-0.22654692828655243,-0.22257968454551075,-131.04208473381328,0.0,0.0
6.46,323,0.20938867330551147,0.9778324961662292,0.21094973385334015,0.4762478768825531,-2.9920852184295654,-2.0,-0.06884065270423889,0.9976276755332947,-0.06889514625072479,-0.27822932600975037,0.01979517564177513,-0.27984488010406494,-0.27607189080219263,-131.31815662461548,0.0,0.0
6.48,324,0.21749892830848694,0.9760605692863464,0.21925131976604462,0.41507914662361145,-3.058436393737793,-2.0,-0.11190052330493927,0.9937193989753723,-0.1121353805065155,-0.329399436712265,0.01765885204076767,-0.3313866853713989,-0.3281464616241507,-131.64630308623964,0.0,0.0
6.5,325,0.22437980771064758,0.9745017886161804,0.22630657255649567,0.3527628779411316,-3.115813732147217,-2.0,-0.15389446914196014,0.9880872964859009,-0.15450850129127502,-0.3782742917537689,0.013585519045591354,-0.3808150589466095,-0.37844195316430257,-132.02474503940394,0.0,0.0
6.5200000000000005,326,0.2300180047750473,0.9731863737106323,0.23209619522094727,0.2894808053970337,-3.1641030311584473,-2.0,-0.1944403052330017,0.9809143543243408,-0.19568683207035065,-0.4244583249092102,0.007727980613708496,-0.4277830123901367,-0.4266046900076857,-132.45134972941162,0.0,0.0
6.54,327,0.2344031035900116,0.9721394777297974,0.23660452663898468,0.22541654109954834,-3.2032129764556885,-2.0,-0.23318526148796082,0.9724323153495789,-0.23535196483135223,-0.4675883650779724,0.0002928397443611175,-0.4719564914703369,-0.47229135163084085,-132.92364108104246,0.0,0.0
6.5600000000000005,328,0.23752741515636444,0.9713808298110962,0.23981961607933044,0.16075506806373596,-3.2330739498138428,-2.0,-0.2698114216327667,0.9629132151603699,-0.2731971740722656,-0.50733882188797,-0.008467650040984154,-0.5130168199539185,-0.515171585654479,-133.43881266669695,0.0,0.0
6.58,329,0.23938585817813873,0.9709244966506958,0.24173326790332794,0.09568233788013458,-3.253636360168457,-2.0,-0.30403926968574524,0.9526594877243042,-0.30892980098724365,-0.5434251427650452,-0.018265018239617348,-0.5506630539894104,-0.5549304416543965,-133.99374310835134,0.0,0.0
6.6000000000000005,330,0.23997583985328674,0.9707788825035095,0.24234096705913544,0.03038494661450386,-3.264869451522827,-2.0,-0.3356296420097351,0.9419940114021301,-0.3422735631465912,-0.5756054520606995,-0.02878483012318611,-0.5846145153045654,-0.5912707675157104,-134.58501387586705,0.0,0.0
6.62,331,0.23929721117019653,0.9709463715553284,0.24164195358753204,-0.03495028614997864,-3.2667617797851562,-2.0,-0.36438336968421936,0.9312490224838257,-0.3729705810546875,-0.6036806106567383,-0.03969733789563179,-0.6146125197410583,-0.6239155239420662,-135.2089293998091,0.0,0.0
6.640000000000001,332,0.2373521775007248,0.9714236855506897,0.23963922262191772,-0.1001366600394249,-3.2593185901641846,-2.0,-0.3901398777961731,0.9207556247711182,-0.4007834792137146,-0.6274920701980591,-0.05066806450486183,-0.6404227018356323,-0.6526098086996361,-135.86153920850873,0.0,0.0
6.66,333,0.23414543271064758,0.9722015857696533,0.23633946478366852,-0.16498792171478271,-3.242563486099243,-2.0,-0.4127737283706665,0.9108335971832275,-0.42549723386764526,-0.6469191908836365,-0.06136798486113548,-0.6618366837501526,-0.677122948294977,-136.5386621568037,0.0,0.0
6.68,334,0.22968409955501556,0.9732652306556702,0.23175309598445892,-0.22931869328022003,-3.2165379524230957,-2.0,-0.43219074606895447,0.901782214641571,-0.4469207227230072,-0.6618748307228088,-0.07148301601409912,-0.6786738038063049,-0.6972503292062047,-137.2359124860099,0.0,0.0
6.7,335,0.2239779382944107,0.974594235420227,0.22589419782161713,-0.29294469952583313,-3.1813013553619385,-2.0,-0.44832292199134827,0.8938716650009155,-0.46488824486732483,-0.6723008155822754,-0.08072254061698914,-0.6907824277877808,-0.7128149237859465,-137.94872740979585,0.0,0.0
6.72,336,0.21703939139842987,0.976162850856781,0.2187805324792862,-0.3556833565235138,-3.136932134628296,-2.0,-0.4611234664916992,0.8873359560966492,-0.4792608916759491,-0.6781628727912903,-0.08882686495780945,-0.6980414390563965,-0.7236687787633966,-138.67239618855925,0.0,0.0
6.74,337,0.20888380706310272,0.9779404401779175,0.2104334533214569,-0.41735392808914185,-3.083529233932495,-2.0,-0.4705619513988495,0.882366955280304,-0.4899275302886963,-0.679445743560791,-0.09557349979877472,-0.7003609538078308,-0.7296943467388485,-139.4020905352981,0.0,0.0
6.76,338,0.19952964782714844,0.9798917770385742,0.20087788999080658,-0.4777781665325165,-3.021211862564087,-2.0,-0.47661980986595154,0.8791095614433289,-0.49680566787719727,-0.6761494278907776,-0.10078226029872894,-0.697683572769165,-0.7308054217667679,-140.13289595706487,0.0,0.0
6.78,339,0.18899860978126526,0.9819773435592651,0.19014227390289307,-0.5367806553840637,-2.950122594833374,-2.0,-0.47928696870803833,0.8776582479476929,-0.49984210729599,-0.6682855486869812,-0.10431910306215286,-0.6899843811988831,-0.7269479466942907,-140.85984390375916,0.0,0.0
6.8,340,0.17731593549251556,0.9841539859771729,0.1782584935426712,-0.5941891670227051,-2.8704280853271484,-2.0,-0.4785594642162323,0.8780551552772522,-0.49901336431503296,-0.6558753848075867,-0.10609883069992065,-0.677271842956543,-0.7181006022480583,-141.5779445060072,0.0,0.0
6.82,341,0.1645105481147766,0.9863753318786621,0.16526179015636444,-0.6498355865478516,-2.7823197841644287,-2.0,-0.474438339471817,0.8802887201309204,-0.4943258762359619,-0.6389488577842712,-0.10608658194541931,-0.6595876812934875,-0.704275147446064,-142.28221965345327,0.0,0.0
6.84,342,0.15061531960964203,0.9885924458503723,0.15119066834449768,-0.7035559415817261,-2.6860175132751465,-2.0,-0.46692997217178345,0.8842942714691162,-0.4858158528804779,-0.6175453066825867,-0.10429815202951431,-0.6370065212249756,-0.6855165405222101,-142.96773619397547,0.0,0.0
6.86,343,0.13566717505455017,0.9907544851303101,0.1360868364572525,-0.7551913261413574,-2.5817689895629883,-2.0,-0.45604774355888367,0.8899553418159485,-0.47354915738105774,-0.5917149186134338,-0.10079915076494217,-0.6096360087394714,-0.6619026907723234,-143.6296388847478,0.0,0.0
6.88,344,0.11970731616020203,0.9928092360496521,0.11999507248401642,-0.8045883774757385,-2.469851493835449,-2.0,-0.4418147802352905,0.8971062898635864,-0.4576205909252167,-0.5615220665931702,-0.09570293128490448,-0.5776156783103943,-0.6335442282363232,-144.26318311298414,0.0,0.0
6.9,345,0.10278124362230301,0.994704008102417,0.10296307504177094,-0.8515998125076294,-2.350574493408203,-2.0,-0.42426797747612,0.9055367112159729,-0.43815332651138306,-0.5270492434501648,-0.08916729688644409,-0.5411164164543152,-0.600583664945284,-144.8637667779294,0.0,0.0
6.92,346,0.0849388986825943,0.9963861703872681,0.08504136651754379,-0.8960853815078735,-2.224277973175049,-2.0,-0.40346255898475647,0.9149961471557617,-0.4152979552745819,-0.48840147256851196,-0.08139001578092575,-0.5003393292427063,-0.56319469248965,-145.42696147041906,0.0,0.0
6.94,347,0.06623459607362747,0.9978041052818298,0.06628312170505524,-0.937912106513977,-2.091334819793701,-2.0,-0.3794771730899811,0.9252011179924011,-0.3892311453819275,-0.44571179151535034,-0.07260298728942871,-0.4555142819881439,-0.5215810793112534,-145.94854254973032,0.0,0.0
6.96,348,0.04695352911949158,0.9988970756530762,0.04697079956531525,-0.9656162261962891,-1.3852065801620483,-1.2440762519836426,-0.35241883993148804,0.9358423948287964,-0.36015450954437256,-0.3993723690509796,-0.06305469572544098,-0.407125324010849,-0.4516792035085514,-146.40022175323887,0.0,0.0
6.98,349,0.028131064027547836,0.9996042251586914,0.028134774416685104,-0.9418012499809265,1.190750002861023,2.0,-0.32242754101753235,0.9465941190719604,-0.3282928764820099,-0.3505586087703705,-0.05301009863615036,-0.3564276397228241,-0.42828928442757774,-146.82851103766643,0.0,0.0
7.0,350,0.0098299290984869,0.9999516606330872,0.009830087423324585,-0.915234386920929,1.3283432722091675,2.0,-0.2896801233291626,0.9571235179901123,-0.29389262199401855,-0.29951006174087524,-0.04282817244529724,-0.30372270941734314,-0.3781229640903622,-147.20663400175678,0.0,0.0
7.0200000000000005,351,-0.007889718748629093,0.9999688863754272,-0.00788980070501566,-0.8859944343566895,1.461997628211975,2.0,-0.2543927729129791,0.967100977897644,-0.25721976161003113,-0.2465030550956726,-0.03286788985133171,-0.24932996928691864,-0.3260028213610603,-147.53263682311785,0.0,0.0
7.04,352,-0.024970583617687225,0.9996882081031799,-0.024973180145025253,-0.8541689515113831,1.5912734270095825,2.0,-0.2168220430612564,0.9762111306190491,-0.21855787932872772,-0.1918514519929886,-0.023477040231227875,-0.19358471035957336,-0.2722465820943067,-147.80488340521217,0.0,0.0
7.0600000000000005,353,-0.04135845601558685,0.9991443753242493,-0.04137025773525238,-0.8198539018630981,1.715752363204956,2.0,-0.17726421356201172,0.9841632843017578,-0.1782059371471405,-0.13590575754642487,-0.014981073327362537,-0.13683567941188812,-0.2171876218925297,-148.0220710271047,0.0,0.0
7.08,354,-0.05700240656733513,0.9983740448951721,-0.057033319026231766,-0.7831531167030334,1.8350393772125244,2.0,-0.1360526978969574,0.9907016158103943,-0.13647596538066864,-0.07905029505491257,-0.007672440260648727,-0.07944265007972717,-0.1611726175396039,-148.18324364464428,0.0,0.0
7.1000000000000005,355,-0.07185489684343338,0.9974151253700256,-0.07191687822341919,-0.7441778182983398,1.9487634897232056,2.0,-0.09355364739894867,0.995614230632782,-0.0936906561255455,-0.02169874869287014,-0.0018008558545261621,-0.02177378162741661,-0.10455908897626803,-148.28780273362054,0.0,0.0
7.12,356,-0.08587191253900528,0.9963061809539795,-0.08597780019044876,-0.7030462622642517,2.056579113006592,2.0,-0.05015980079770088,0.9987412095069885,-0.05018085613846779,0.0357121117413044,0.002435019938275218,0.03579694405198097,-0.047712854561523736,-148.33551558818206,0.0,0.0
7.140000000000001,357,-0.09901296347379684,0.995086133480072,-0.09917546063661575,-0.6598829030990601,2.1581668853759766,2.0,-0.006282978691160679,0.9999802708625793,-0.006283020135015249,0.09272998571395874,0.004894118290394545,0.09289243817329407,-0.0889946038500394,-148.4245101920321,0.0,0.0
7.16,358,-0.11124110966920853,0.9937934279441833,-0.11147182434797287,-0.614818274974823,2.2532334327697754,2.0,0.03765450045466423,0.9992908239364624,0.037663403898477554,0.14889560639858246,0.005497370846569538,0.14913523197174072,-0.14518880488682456,-148.56969899691893,0.0,0.0
7.18,359,-0.12252294272184372,0.9924656748771667,-0.12283158302307129,-0.5679880380630493,2.3415122032165527,2.0,0.08122898638248444,0.9966954588890076,0.08131857961416245,0.20375193655490875,0.004229784943163395,0.20415017008781433,-0.20049498909061422,-148.77019398600953,0.0,0.0
7.2,360,-0.1328285187482834,0.9911390542984009,-0.13322223722934723,-0.5195327401161194,2.422762155532837,2.0,0.12402476370334625,0.9922791123390198,0.12434494495391846,0.25685328245162964,0.0011400888906791806,0.2575671970844269,-0.2545408201268442,-149.02473480613637,0.0,0.0
7.22,361,-0.1421312391757965,0.9898478388786316,-0.1426141858100891,-0.46959739923477173,2.4967682361602783,2.0,0.16564279794692993,0.9861857891082764,0.16640977561473846,0.30777403712272644,-0.0036620041355490685,0.3090239465236664,-0.30695913347597686,-149.33169393961234,0.0,0.0
7.24,362,-0.1504078507423401,0.9886240363121033,-0.15098080039024353,-0.418330579996109,2.563340663909912,2.0,0.20570865273475647,0.9786132574081421,0.20718778669834137,0.35611650347709656,-0.010010753758251667,0.3581686019897461,-0.3573905759276877,-149.68908451554003,0.0,0.0
7.26,363,-0.15763819217681885,0.9874969124794006,-0.15829849243164062,-0.36588433384895325,2.6223130226135254,2.0,0.2438790500164032,0.9698056578636169,0.24636366963386536,0.40151724219322205,-0.01769128069281578,0.404662162065506,-0.40548627354837125,-150.0945707890884,0.0,0.0
7.28,364,-0.16380523145198822,0.9864926934242249,-0.16454675793647766,-0.31241345405578613,2.673543691635132,2.0,0.27984675765037537,0.9600446820259094,0.2836344838142395,0.4436519742012024,-0.026448015123605728,0.44818124175071716,-0.450910425543493,-150.5454812146319,0.0,0.0
7.3,365,-0.16889481246471405,0.9856340885162354,-0.1697082668542862,-0.25807520747184753,2.7169125080108643,2.0,0.31334367394447327,0.9496397972106934,0.3187119960784912,0.4822385013103485,-0.035994287580251694,0.4884202480316162,-0.4933427438020101,-151.0388239584339,0.0,0.0
7.32,366,-0.1728956401348114,0.9849401712417603,-0.17376883327960968,-0.20302878320217133,2.752321481704712,2.0,0.3441421687602997,0.9389175772666931,0.35132497549057007,0.5170378088951111,-0.04602259397506714,0.5250937938690186,-0.5324808315982875,-151.5713047900322,0.0,0.0
7.34,367,-0.1757991760969162,0.9844260215759277,-0.17671753466129303,-0.14743490517139435,2.779693365097046,2.0,0.3720543384552002,0.928210973739624,0.3812212646007538,0.5478535294532776,-0.05621509626507759,0.557938814163208,-0.5680425092257162,-152.1393472992579,0.0,0.0
7.36,368,-0.17759950459003448,0.9841028451919556,-0.17854663729667664,-0.09145548194646835,2.798971176147461,2.0,0.3969299793243408,0.9178488850593567,0.40816962718963623,0.5745294690132141,-0.06625396013259888,0.5867162942886353,-0.5997679080378762,-152.73911520729578,0.0,0.0
7.38,369,-0.17829331755638123,0.9839773774147034,-0.17925170063972473,-0.0352531261742115,2.8101179599761963,2.0,0.41865313053131104,0.9081462025642395,0.43196171522140503,0.5969464182853699,-0.07583115994930267,0.6112133860588074,-0.6274213331409878,-153.36653654043678,0.0,0.0
7.4,370,-0.17787985503673553,0.9840522408485413,-0.17883151769638062,0.02100917510688305,2.813115119934082,2.0,0.43713751435279846,0.899394690990448,0.45241352915763855,0.6150173544883728,-0.08465753495693207,0.6312450766563416,-0.6507932376523092,-154.0173297780891,0.0,0.0
7.42,371,-0.17636089026927948,0.9843255877494812,-0.17728815972805023,0.07716844230890274,2.8079631328582764,2.0,0.45232176780700684,0.8918548226356506,0.4693669378757477,0.6286826729774475,-0.09247075766324997,0.6466550827026367,-0.6697016828007617,-154.68703146088987,0.0,0.0
7.44,372,-0.17374072968959808,0.9847914576530457,-0.1746269166469574,0.13306206464767456,2.7946813106536865,2.0,0.46416425704956055,0.8857491612434387,0.48269081115722656,0.6379050016403198,-0.09904228150844574,0.6573177576065063,-0.6839938501717697,-155.37102531106163,0.0,0.0
7.46,373,-0.1700262874364853,0.9854395389556885,-0.17085634171962738,0.18852822482585907,2.7733075618743896,2.0,0.4726382791996002,0.8812565207481384,0.4922821819782257,0.6426646113395691,-0.10418301075696945,0.6631385087966919,-0.693547159050753,-156.06457247011238,0.0,0.0
7.48,374,-0.16522705554962158,0.9862555265426636,-0.16598822176456451,0.24340619146823883,2.743898630142212,2.0,0.47772809863090515,0.8785077333450317,0.49806681275367737,0.6429551839828491,-0.10774780809879303,0.6640550494194031,-0.698270406020001,-156.7628428761324,0.0,0.0
7.5,375,-0.15935522317886353,0.9872213006019592,-0.16003748774528503,0.29753679037094116,2.7065303325653076,2.0,0.4794255495071411,0.8775825500488281,0.5,0.6387807726860046,-0.1096387505531311,0.6600375175476074,-0.6981043008197217,-157.46094717695212,0.0,0.0
7.5200000000000005,376,-0.15242573618888855,0.9883149266242981,-0.15302222967147827,0.3507627546787262,2.6612982749938965,2.0,0.47772809863090515,0.8785077333450317,0.49806681275367737,0.6301538348197937,-0.10980717837810516,0.6510890126228333,-0.693022232742361,-158.15396940969447,0.0,0.0
7.54,377,-0.14445646107196808,0.9895111322402954,-0.14496365189552307,0.4029291272163391,2.60831880569458,2.0,0.4726382791996002,0.8812565207481384,0.4922821819782257,0.6170947551727295,-0.10825464129447937,0.6372458338737488,-0.6830304626558019,-158.83699987235028,0.0,0.0
7.5600000000000005,378,-0.13546817004680634,0.9907817244529724,-0.13588596880435944,0.45388370752334595,2.5477285385131836,2.0,0.46416425704956055,0.8857491612434387,0.48269081115722656,0.5996324419975281,-0.1050325483083725,0.6185768246650696,-0.6681681576125843,-159.50516802996287,0.0,0.0
7.58,379,-0.12548474967479706,0.9920955300331116,-0.12581641972064972,0.5034774541854858,2.4796864986419678,2.0,0.45232176780700684,0.8918548226356506,0.4693669378757477,0.5778065323829651,-0.10024072974920273,0.5951833724975586,-0.6485072379478393,-160.1536752679107,0.0,0.0
7.6000000000000005,380,-0.11453323066234589,0.9934194087982178,-0.11478512734174728,0.5515649318695068,2.4043736457824707,2.0,0.43713751435279846,0.899394690990448,0.45241352915763855,0.5516707301139832,-0.09402474015951157,0.567198634147644,-0.6241520663694082,-160.77782733428012,0.0,0.0
7.62,381,-0.1026439368724823,0.9947181344032288,-0.10282503068447113,0.5980048179626465,2.3219945430755615,2.0,0.41865313053131104,0.9081462025642395,0.43196171522140503,0.521297037601471,-0.08657193928956985,0.5347867608070374,-0.5952385615218417,-161.37306589580197,0.0,0.0
7.640000000000001,382,-0.08985048532485962,0.9959552884101868,-0.08997182548046112,0.64266037940979,2.2327775955200195,2.0,0.3969299793243408,0.9178488850593567,0.40816962718963623,0.48678046464920044,-0.07810637354850769,0.49814143776893616,-0.5619335404319518,-161.93499943623394,0.0,0.0
7.66,383,-0.07618992030620575,0.9970933198928833,-0.07626383006572723,0.6853998899459839,2.1369752883911133,2.0,0.3720543384552002,0.928210973739624,0.3812212646007538,0.44824424386024475,-0.06888236850500107,0.4574850797653198,-0.5244334551645193,-162.45943289139845,0.0,0.0
7.68,384,-0.0617026649415493,0.9980945587158203,-0.06174188479781151,0.7260971665382385,2.034864902496338,2.0,0.3441421687602997,0.9389175772666931,0.35132497549057007,0.4058448374271393,-0.05917702242732048,0.4130668640136719,-0.4829631493968046,-162.94239604079524,0.0,0.0
7.7,385,-0.04738970473408699,0.9988764524459839,-0.04740745946764946,0.71672123670578,-0.4687957763671875,-1.1940592527389526,0.31334367394447327,0.9496397972106934,0.3187119960784912,0.36073338985443115,-0.04923668131232262,0.3661194443702698,-0.41299021164593425,-163.35538625244118,0.0,0.0
7.72,386,-0.033538028597831726,0.9994374513626099,-0.03354431688785553,0.6931570768356323,-1.178207278251648,-2.0,0.27984675765037537,0.9600446820259094,0.2836344838142395,0.3133847713470459,-0.039392758160829544,0.31717878580093384,-0.3922563140478458,-163.74764256648902,0.0,0.0
7.74,387,-0.0201914981007576,0.9997961521148682,-0.020192870870232582,0.6675723791122437,-1.2792373895645142,-2.0,0.2438790500164032,0.9698056578636169,0.24636366963386536,0.2640705406665802,-0.02999047562479973,0.2665565311908722,-0.34382735477139637,-164.09146992126043,0.0,0.0
7.76,388,-0.007391946855932474,0.9999727010726929,-0.0073920139111578465,0.6400428414344788,-1.3764749765396118,-2.0,0.20570865273475647,0.9786132574081421,0.20718778669834137,0.2131005972623825,-0.0213593989610672,0.21457980573177338,-0.2937556835833966,-164.3852256048438,0.0,0.0
7.78,389,0.00482097826898098,0.9999883770942688,0.004820996895432472,0.6106505393981934,-1.4696153402328491,-2.0,0.16564279794692993,0.9861857891082764,0.16640977561473846,0.1608218103647232,-0.013802561908960342,0.16158877313137054,-0.24236678978406825,-164.62759239462787,0.0,0.0
7.8,390,0.016409922391176224,0.9998653531074524,0.01641065999865532,0.579483151435852,-1.558369755744934,-2.0,0.12402476370334625,0.9922791123390198,0.12434494495391846,0.10761483758687973,-0.007586224935948849,0.10793428122997284,-0.18999911573376724,-164.81759151036164,0.0,0.0
7.82,391,0.027339929714798927,0.9996262192726135,0.02734333649277687,0.5466338396072388,-1.64246666431427,-2.0,0.08122898638248444,0.9966954588890076,0.08131857961416245,0.053889062255620956,-0.00293072871863842,0.05397524684667587,-0.13700160875774336,-164.95459311911938,0.0,0.0
7.84,392,0.03757850080728531,0.9992936849594116,0.037587352097034454,0.5122007727622986,-1.7216522693634033,-2.0,0.03765450045466423,0.9992908239364624,0.037663403898477554,7.599734817631543e-05,-2.8607789772649994e-06,7.605116843478754e-05,-0.08373122802130048,-165.03832434714067,0.0,0.0
7.86,393,0.04709566384553909,0.9988903999328613,0.0471130907535553,0.47628694772720337,-1.7956913709640503,-2.0,-0.006282978691160679,0.9999802708625793,-0.006283020135015249,-0.0533786416053772,0.0010898782638832927,-0.053396109491586685,-0.04944968654933473,-165.08777403369,0.0,0.0
7.88,394,0.05586398392915726,0.9984384179115295,0.05589308217167854,0.43899959325790405,-1.864367127418518,-2.0,-0.05015980079770088,0.9987412095069885,-0.05018085613846779,-0.10602378845214844,0.0003028166829608381,-0.10607393831014633,-0.1021761025964285,-165.18995013628643,0.0,0.0
7.9,395,0.06385859847068787,0.9979589581489563,0.06390208005905151,0.4004499614238739,-1.927481770515442,-2.0,-0.09355364739894867,0.995614230632782,-0.0936906561255455,-0.15741224586963654,-0.0023447168059647083,-0.1575927436351776,-0.15408293791161576,-165.34403307419805,0.0,0.0
7.92,396,0.07105720788240433,0.9974722266197205,0.07111714035272598,0.36075282096862793,-1.9848564863204956,-2.0,-0.1360526978969574,0.9907016158103943,-0.13647596538066864,-0.20710991322994232,-0.006770641077309847,-0.20759311318397522,-0.20480779460051138,-165.54884086879855,0.0,0.0
7.94,397,0.0774400532245636,0.9969969987869263,0.07751766592264175,0.3200261890888214,-2.0363316535949707,-2.0,-0.17726421356201172,0.9841632843017578,-0.1782059371471405,-0.2547042667865753,-0.012833710759878159,-0.25572359561920166,-0.2539936279074779,-165.80283449670603,0.0,0.0
7.96,398,0.08298992365598679,0.9965503811836243,0.08308547735214233,0.27839088439941406,-2.081766128540039,-2.0,-0.2168220430612564,0.9762111306190491,-0.21855787932872772,-0.2998119592666626,-0.0203392393887043,-0.30164337158203125,-0.3012914172595286,-166.10412591396556,0.0,0.0
7.98,399,0.08769210427999496,0.996147632598877,0.0878048837184906,0.2359701246023178,-2.1210379600524902,-2.0,-0.2543927729129791,0.967100977897644,-0.25721976161003113,-0.3420848846435547,-0.029046641662716866,-0.34502464532852173,-0.3463627618273894,-166.45048867579294,0.0,0.0
8.0,400,0.09153436124324799,0.9958019256591797,0.09166266769170761,0.1928892433643341,-2.154043436050415,-2.0,-0.2896801233291626,0.9571235179901123,-0.29389262199401855,-0.3812144994735718,-0.038678403943777084,-0.38555529713630676,-0.3888824290895293,-166.83937110488247,0.0,0.0
8.02,401,0.09450691938400269,0.9955242276191711,0.09464817494153976,0.1492753028869629,-2.180697441101074,-2.0,-0.32242754101753235,0.9465941190719604,-0.3282928764820099,-0.41693446040153503,-0.04893006011843681,-0.42294105887413025,-0.42854079548700846,-167.26791190036948,0.0,0.0
8.040000000000001,402,0.0966024249792099,0.9953230619430542,0.0967533066868782,0.10525664687156677,-2.200932502746582,-2.0,-0.35241883993148804,0.9358423948287964,-0.36015450954437256,-0.44902125000953674,-0.05948066711425781,-0.45690780878067017,-0.46504618298551237,-167.732958083355,0.0,0.0
8.06,403,0.09781590104103088,0.995204508304596,0.0979725569486618,0.06096266210079193,-2.2146995067596436,-2.0,-0.3794771730899811,0.9252011179924011,-0.3892311453819275,-0.47729307413101196,-0.0700034350156784,-0.4872037172317505,-0.4981270692789257,-168.2310851526339,0.0,0.0
8.08,404,0.0981447771191597,0.9951721429824829,0.09830302745103836,0.01652332954108715,-2.221966505050659,-2.0,-0.40346255898475647,0.9149961471557617,-0.4152979552745819,-0.501607358455658,-0.08017599582672119,-0.5136010050773621,-0.5275341717099743,-168.7586193243439,0.0,0.0
8.1,405,0.09758883714675903,0.9952268004417419,0.0977444052696228,-0.02793106622993946,-2.22271990776062,-2.0,-0.42426797747612,0.9055367112159729,-0.43815332651138306,-0.5218567848205566,-0.08969013392925262,-0.5358977317810059,-0.5530423602649966,-169.3116616846089,0.0,0.0
8.120000000000001,406,0.0961502268910408,0.9953668117523193,0.09629900008440018,-0.07227031886577606,-2.2169625759124756,-2.0,-0.4418147802352905,0.8971062898635864,-0.4576205909252167,-0.5379649996757507,-0.0982605367898941,-0.5539196133613586,-0.5744523251794681,-169.88611400978837,0.0,0.0
8.14,407,0.09383346140384674,0.9955878853797913,0.09397170692682266,-0.11636462062597275,-2.2047152519226074,-2.0,-0.45604774355888367,0.8899553418159485,-0.47354915738105774,-0.5498812198638916,-0.10563259571790695,-0.5675208568572998,-0.5915922972000486,-170.4777063069884,0.0,0.0
8.16,408,0.09064541012048721,0.9958832263946533,0.09077000617980957,-0.16008493304252625,-2.186016082763672,-2.0,-0.46692997217178345,0.8842942714691162,-0.4858158528804779,-0.5575754046440125,-0.11158894002437592,-0.5765858888626099,-0.604319164854366,-171.08202547184277,0.0,0.0
8.18,409,0.08659534901380539,0.9962435960769653,0.08670394122600555,-0.20330335199832916,-2.1609203815460205,-2.0,-0.474438339471817,0.8802887201309204,-0.4943258762359619,-0.5610336661338806,-0.11595482379198074,-0.5810298323631287,-0.6125197933743605,-171.69454526521713,0.0,0.0
8.2,410,0.08169492334127426,0.9966573715209961,0.08178607374429703,-0.24589337408542633,-2.1295013427734375,-2.0,-0.4785594642162323,0.8780551552772522,-0.49901336431503296,-0.5602543950080872,-0.11860223114490509,-0.5807994604110718,-0.6161119491931126,-172.31065721441024,0.0,0.0
8.22,411,0.07595822960138321,0.9971110224723816,0.07603146880865097,-0.2877303659915924,-2.0918493270874023,-2.0,-0.47928696870803833,0.8776582479476929,-0.49984210729599,-0.5552452206611633,-0.11945274472236633,-0.5758735537528992,-0.6150448299685105,-172.92570204437874,0.0,0.0
8.24,412,0.06940179318189621,0.9975888133049011,0.06945762783288956,-0.3286918103694916,-2.0480728149414062,-2.0,-0.47661980986595154,0.8791095614433289,-0.49680566787719727,-0.546021580696106,-0.11847925931215286,-0.5662632584571838,-0.6092997365208274,-173.53500178089956,0.0,0.0
8.26,413,0.062044598162174225,0.998073399066925,0.06208447366952896,-0.36865776777267456,-1.9982978105545044,-2.0,-0.4705619513988495,0.882366955280304,-0.4899275302886963,-0.5326065421104431,-0.1157064139842987,-0.552012026309967,-0.5988901415693042,-174.13389192246888,0.0,0.0
8.28,414,0.053908105939626694,0.9985458850860596,0.0539342500269413,-0.4075111448764801,-1.9426684379577637,-2.0,-0.4611234664916992,0.8873359560966492,-0.4792608916759491,-0.5150315761566162,-0.1112099140882492,-0.5331951379776001,-0.583861781064383,-174.71775370353325,0.0,0.0
8.3,415,0.045016270130872726,0.9989862442016602,0.04503148794174194,-0.4451380968093872,-1.8813471794128418,-2.0,-0.44832292199134827,0.8938716650009155,-0.46488824486732483,-0.4933391809463501,-0.10511457920074463,-0.5099197030067444,-0.5642923806454907,-175.28204608417875,0.0,0.0
8.32,416,0.03539552539587021,0.9993733763694763,0.035402920097112656,-0.4814283847808838,-1.8145145177841187,-2.0,-0.43219074606895447,0.901782214641571,-0.4469207227230072,-0.4675862789154053,-0.09759116917848587,-0.48232364654541016,-0.5402911662162059,-175.82233725039495,0.0,0.0
8.34,417,0.025074778124690056,0.9996855854988098,0.02507740631699562,-0.5162757635116577,-1.7423690557479858,-2.0,-0.4127737283706665,0.9108335971832275,-0.42549723386764526,-0.4378485083580017,-0.08885198086500168,-0.4505746364593506,-0.5119981288429314,-176.33433537923787,0.0,0.0
8.36,418,0.014085373841226101,0.9999008178710938,0.014085839502513409,-0.5495783090591431,-1.6651272773742676,-2.0,-0.3901398777961731,0.9207556247711182,-0.4007834792137146,-0.40422523021698,-0.07914519309997559,-0.4148693382740021,-0.47958307382405263,-176.81391845306192,0.0,0.0
8.38,419,0.0024610618129372597,0.9999969601631165,0.002461064141243696,-0.5812388062477112,-1.5830239057540894,-2.0,-0.36438336968421936,0.9312490224838257,-0.3729705810546875,-0.36684444546699524,-0.06874794512987137,-0.375431627035141,-0.4432445434250641,-177.25716299648698,0.0,0.0
8.4,420,-0.008622217923402786,0.9999628067016602,-0.008622325025498867,-0.5541694760322571,1.3534668684005737,1.799703598022461,-0.3356296420097351,0.9419940114021301,-0.3422735631465912,-0.3270074129104614,-0.05796879902482033,-0.33365121483802795,-0.3967375866818757,-177.65390058316885,0.0,0.0
8.42,421,-0.01907086931169033,0.9998181462287903,-0.019072026014328003,-0.522485077381134,1.5842193365097046,2.0,-0.30403926968574524,0.9526594877243042,-0.30892980098724365,-0.28496840596199036,-0.04715863987803459,-0.28985777497291565,-0.36320153711002173,-178.01710212027888,0.0,0.0
8.44,422,-0.028853759169578552,0.9995836615562439,-0.0288577638566494,-0.4892869293689728,1.6599071025848389,2.0,-0.2698114216327667,0.9629132151603699,-0.2731971740722656,-0.24095764756202698,-0.03667045757174492,-0.24433940649032593,-0.32007203653717115,-178.33717415681605,0.0,0.0
8.46,423,-0.03794213756918907,0.9992799162864685,-0.03795124590396881,-0.4546741247177124,1.7306398153305054,2.0,-0.23318526148796082,0.9724323153495789,-0.23535196483135223,-0.19524312019348145,-0.026847610250115395,-0.19740071892738342,-0.27524592712612217,-178.61242008394217,0.0,0.0
8.48,424,-0.04630967602133751,0.998927116394043,-0.04632624611258507,-0.41874992847442627,1.7962095737457275,2.0,-0.1944403052330017,0.9809143543243408,-0.19568683207035065,-0.1481306254863739,-0.01801277883350849,-0.14936058223247528,-0.229025719211447,-178.84144580315362,0.0,0.0
8.5,425,-0.053932495415210724,0.9985445737838745,-0.053958673030138016,-0.381621390581131,1.8564265966415405,2.0,-0.15389446914196014,0.9880872964859009,-0.15450850129127502,-0.09996197372674942,-0.010457294061779976,-0.10054982453584671,-0.18172815840542236,-179.02317396155905,0.0,0.0
8.52,426,-0.06078915297985077,0.998150646686554,-0.060826655477285385,-0.3433990180492401,1.9111191034317017,2.0,-0.11190052330493927,0.9937193989753723,-0.1121353805065155,-0.0511113703250885,-0.004431216046214104,-0.05130872502923012,-0.1336818472312698,-179.1568558087903,0.0,0.0
8.540000000000001,427,-0.06686066836118698,0.9977623224258423,-0.06691057980060577,-0.3041963577270508,1.960133671760559,2.0,-0.06884065270423889,0.9976276755332947,-0.06889514625072479,-0.001979990629479289,-0.00013465405208989978,-0.0019845643546432257,-0.08522479951231965,-179.24208060830264,0.0,0.0
8.56,428,-0.0721304789185524,0.9973952174186707,-0.07219317555427551,-0.264129638671875,2.0033347606658936,2.0,-0.025119516998529434,0.9996844530105591,-0.025122158229351044,0.047010961920022964,0.0022892507258802652,0.04707101359963417,-0.04329802779408374,-179.28537863609674,0.0,0.0
8.58,429,-0.07658446580171585,0.9970631003379822,-0.07665952295064926,-0.22331754863262177,2.040604829788208,2.0,0.01884397678077221,0.9998224377632141,0.01884509064257145,0.09542843699455261,0.002759339287877083,0.09550461918115616,-0.0915373669176626,-179.3769160030144,0.0,0.0
8.6,430,-0.08021087944507599,0.9967778921127319,-0.08029713481664658,-0.1818806678056717,2.0718445777893066,2.0,0.06262560933828354,0.9980370998382568,0.06266661733388901,0.14283648133277893,0.0012591734994202852,0.14296375215053558,-0.13914222905310686,-179.5160582320675,0.0,0.0
8.620000000000001,431,-0.08300036936998367,0.9965494871139526,-0.0830959603190422,-0.13994121551513672,2.0969719886779785,2.0,0.10580514371395111,0.9943869113922119,0.10600355267524719,0.1888055056333542,-0.0021626343950629234,0.18909952044487,-0.18576258018253902,-179.70182081225005,0.0,0.0
8.64,432,-0.0849459245800972,0.9963855743408203,-0.08504841476678848,-0.09762275964021683,2.1159229278564453,2.0,0.1479753702878952,0.9889910221099854,0.1485207974910736,0.232921302318573,-0.007394516374915838,0.2335692048072815,-0.2310519707633106,-179.93287278301335,0.0,0.0
8.66,433,-0.08604288846254349,0.99629145860672,-0.08614940941333771,-0.055049750953912735,2.128650426864624,2.0,0.18875043094158173,0.9820250868797302,0.1898895502090454,0.2747933268547058,-0.014266344718635082,0.2760389745235443,-0.2746702106169444,-180.20754299363028,0.0,0.0
8.68,434,-0.08628891408443451,0.9962701797485352,-0.08639635890722275,-0.012347253039479256,2.135124921798706,2.0,0.22777298092842102,0.973714292049408,0.22978992760181427,0.3140619099140167,-0.022555891424417496,0.3161862790584564,-0.31628590840164816,-180.52382890203194,0.0,0.0
8.700000000000001,435,-0.08568397909402847,0.9963223934173584,-0.08578916639089584,0.0303594209253788,2.135333776473999,2.0,0.2647198438644409,0.9643253684043884,0.2679134011268616,0.3504038155078888,-0.03199700638651848,0.353702574968338,-0.35557909737118404,-180.87940799940313,0.0,0.0
8.72,436,-0.08423034846782684,0.9964463114738464,-0.08433026820421219,0.07294505089521408,2.1292812824249268,2.0,0.29930591583251953,0.9541571736335754,0.30396515130996704,0.38353627920150757,-0.04228910803794861,0.38829541206359863,-0.39224366992031745,-181.27165166932343,0.0,0.0
8.74,437,-0.08193262666463852,0.9966378808021545,-0.08202457427978516,0.11528483778238297,2.1169893741607666,2.0,0.3312861919403076,0.9435303211212158,0.337666392326355,0.41321879625320435,-0.053107548505067825,0.41969096660614014,-0.4259897233815622,-181.697641392705,0.0,0.0
8.76,438,-0.07879770547151566,0.9968906044960022,-0.0788794755935669,0.15725475549697876,2.098496198654175,2.0,0.36045587062835693,0.9327762722969055,0.36875656247138977,0.439253568649292,-0.06411435455083847,0.44763603806495667,-0.45654586923118046,-182.1541872619362,0.0,0.0
8.78,439,-0.07483481615781784,0.9971959590911865,-0.07490483671426773,0.1987318992614746,2.073857069015503,2.0,0.3866489827632904,0.9222269654273987,0.3969951868057251,0.46148380637168884,-0.07496898621320724,0.4719000458717346,-0.4836614013858875,-182.63784866332207,0.0,0.0
8.8,440,-0.0700555145740509,0.9975430965423584,-0.07011294364929199,0.23959478735923767,2.043144702911377,2.0,0.40973538160324097,0.9122044444084167,0.4221639633178711,0.47979089617729187,-0.08533866703510284,0.4922769069671631,-0.5071081298526597,-183.14495679317474,0.0,0.0
8.82,441,-0.0644737184047699,0.9979193806648254,-0.06451846659183502,0.27972376346588135,2.006448745727539,2.0,0.42961665987968445,0.9030113816261292,0.44406822323799133,0.49409037828445435,-0.09490804374217987,0.5085867047309875,-0.5266824310433819,-183.67163922421813,0.0,0.0
8.84,442,-0.058105695992708206,0.9983104467391968,-0.058138441294431686,0.31900128722190857,1.9638757705688477,2.0,0.44622138142585754,0.8949226140975952,0.46253859996795654,0.504327118396759,-0.10338783264160156,0.5206770300865173,-0.5422066653525959,-184.21384588957073,0.0,0.0
8.86,443,-0.05097009986639023,0.9987002015113831,-0.050992198288440704,0.35731229186058044,1.9155501127243042,2.0,0.45950010418891907,0.8881776928901672,0.4774322807788849,0.5104702115058899,-0.11052245646715164,0.5284244418144226,-0.5535307964288098,-184.76737668599955,0.0,0.0
8.88,444,-0.04308796301484108,0.9990713000297546,-0.04310130700469017,0.3945445418357849,1.8616132736206055,2.0,0.4694202244281769,0.8829748630523682,0.48863404989242554,0.51250821352005,-0.11609639972448349,0.531735360622406,-0.5605335862630411,-185.32791027226259,0.0,0.0
8.9,445,-0.0344826877117157,0.9994053244590759,-0.034489523619413376,0.4305890202522278,1.8022242784500122,2.0,0.475961834192276,0.8794659376144409,0.4960573613643646,0.5104445219039917,-0.11993934959173203,0.5305469036102295,-0.5631235746968952,-185.8910338469595,0.0,0.0
8.92,446,-0.025180058553814888,0.9996829032897949,-0.02518272027373314,0.4653402268886566,1.7375593185424805,2.0,0.47911372780799866,0.8777528405189514,0.4996447265148163,0.5042937994003296,-0.12193010002374649,0.5248274803161621,-0.561240081775328,-186.45227392873483,0.0,0.0
8.94,447,-0.015208205208182335,0.9998843669891357,-0.015208791010081768,0.4986964464187622,1.6678119897842407,2.0,0.47887122631073,0.8778851628303528,0.49936848878860474,0.49407944083213806,-0.12199919670820236,0.5145772695541382,-0.55485351772249,-187.0071274464573,0.0,0.0
8.96,448,-0.004597568418830633,0.9999894499778748,-0.004597584716975689,0.530560314655304,1.5931932926177979,2.0,0.47523465752601624,0.8798590898513794,0.49523070454597473,0.4798322319984436,-0.12013033777475357,0.4998283088207245,-0.5439660734928795,-187.55109351995017,0.0,0.0
8.98,449,0.006619145628064871,0.9999780654907227,0.006619194056838751,0.5608389377593994,1.5139305591583252,2.0,0.46820956468582153,0.8836174607276917,0.48726344108581543,0.46159040927886963,-0.11636064201593399,0.48064425587654114,-0.5286115105076115,-188.07970503045777,0.0,0.0
9.0,450,0.01840704120695591,0.9998306035995483,0.01840808056294918,0.5894442796707153,1.4302681684494019,2.0,0.45780816674232483,0.8890510201454163,0.4755282700061798,0.43940111994743347,-0.11077956855297089,0.4571201801300049,-0.5088553610346757,-188.58856039149245,0.0,0.0
9.02,451,0.03072911500930786,0.9995277523994446,0.030733952298760414,0.6162936091423035,1.3424659967422485,2.0,0.44405198097229004,0.8960010409355164,0.460115909576416,0.4133228659629822,-0.10352671891450882,0.42938196659088135,-0.4847943175268165,-189.07335470901927,0.0,0.0
9.040000000000001,452,0.043546371161937714,0.9990513920783997,0.04356014356017113,0.6413096189498901,1.250799536705017,2.0,0.42697566747665405,0.9042630791664124,0.4411455988883972,0.38342931866645813,-0.09478829801082611,0.3975854814052582,-0.45655576485648547,-189.52991047387576,0.0,0.0
9.06,453,0.05681794509291649,0.9983845353126526,0.05684855952858925,0.6644207835197449,1.155558466911316,2.0,0.40663158893585205,0.9135922193527222,0.41876402497291565,0.34981364011764526,-0.08479233086109161,0.3619154691696167,-0.42429703853967027,-189.95420751241542,0.0,0.0
9.08,454,0.07050126045942307,0.9975116848945618,0.0705597922205925,0.6855617165565491,1.0570461750030518,2.0,0.3830946385860443,0.9237090945243835,0.3931442201137543,0.31259337067604065,-0.07380259782075882,0.3225844204425812,-0.3882042305197106,-190.34241174293513,0.0,0.0
9.1,455,0.08335642516613007,0.9965198040008545,0.08345326036214828,0.6446732878684998,-2.044421672821045,-2.0,0.3564675450325012,0.9343076944351196,0.3644843101501465,0.27311110496520996,-0.06221208721399307,0.2810310423374176,-0.3496909601894354,-190.69210270312456,0.0,0.0
9.120000000000001,456,0.09534667432308197,0.995444118976593,0.09549173712730408,0.6019238829612732,-2.137470245361328,-2.0,0.32688531279563904,0.9450640082359314,0.3330059349536896,0.23153862357139587,-0.05038010701537132,0.2375141978263855,-0.3089925728155986,-191.00109527594017,0.0,0.0
9.14,457,0.10643856972455978,0.9943192601203918,0.10664057731628418,0.5574421882629395,-2.2240853309631348,-2.0,0.2945193350315094,0.9556455016136169,0.29895249009132385,0.18808074295520782,-0.038673754781484604,0.19231191277503967,-0.26636535433792446,-191.2674606302781,0.0,0.0
9.16,458,0.11660196632146835,0.9931787252426147,0.11686781048774719,0.5113616585731506,-2.304025888442993,-2.0,0.2595800459384918,0.965721607208252,0.262587308883667,0.14297808706760406,-0.027457131072878838,0.1457194983959198,-0.22208467654500327,-191.4895453068231,0.0,0.0
9.18,459,0.1258099377155304,0.9920543432235718,0.12614421546459198,0.4638201594352722,-2.377074956893921,-2.0,0.22231827676296234,0.9749741554260254,0.2241916060447693,0.09650833159685135,-0.017080217599868774,0.09804739058017731,-0.17644309240974526,-191.66598839923284,0.0,0.0
9.200000000000001,460,0.1340387612581253,0.990976095199585,0.13444340229034424,0.4149593412876129,-2.443039894104004,-2.0,0.18302473425865173,0.9831082820892334,0.18406227231025696,0.04898597300052643,-0.007867780514061451,0.04961887374520302,-0.12974820260015615,-191.795736601833,0.0,0.0
9.22,461,0.14126774668693542,0.989971399307251,0.14174188673496246,0.3649243116378784,-2.501751184463501,-2.0,0.14202775061130524,0.9898626804351807,0.14250962436199188,0.0007600001990795135,-0.00010874882718781009,0.0007677412941120565,-0.0823203823497394,-191.87805698418273,0.0,0.0
9.24,462,0.14747923612594604,0.9890651702880859,0.14801914989948273,0.313863068819046,-2.5530622005462646,-2.0,0.09968913346529007,0.9950186610221863,0.09985499083995819,-0.047790106385946274,0.005953479558229446,-0.048164162784814835,-0.045509527263132336,-191.92356651144587,0.0,0.0
9.26,463,0.15265843272209167,0.9882789850234985,0.15325766801834106,0.2619261145591736,-2.596848249435425,-2.0,0.05639825016260147,0.9984083771705627,0.05642819404602051,-0.0962601751089096,0.010129340924322605,-0.09682948142290115,-0.09340268311494282,-192.0169691945608,0.0,0.0
9.28,464,0.15679334104061127,0.9876314401626587,0.15744298696517944,0.20926597714424133,-2.6330065727233887,-2.0,0.01256471686065197,0.9999210834503174,0.012565047480165958,-0.14422862231731415,0.012289627455174923,-0.14487794041633606,-0.1410147995944437,-192.15798399415525,0.0,0.0
9.3,465,0.15987470746040344,0.9871373176574707,0.16056373715400696,0.15603689849376678,-2.661454439163208,-2.0,-0.031390100717544556,0.9995071887969971,-0.031395260244607925,-0.191264808177948,0.012369895353913307,-0.19195899367332458,-0.18799868405032702,-192.34598267820556,0.0,0.0
9.32,466,0.16189591586589813,0.9868078231811523,0.16261161863803864,0.10239430516958237,-2.6821296215057373,-2.0,-0.07504218071699142,0.9971803426742554,-0.07511279731988907,-0.23693810403347015,0.010372521355748177,-0.2377244085073471,-0.23400687783306875,-192.57998955603864,0.0,0.0
9.34,467,0.162852942943573,0.9866503477096558,0.1635815054178238,0.04849452152848244,-2.694988965988159,-2.0,-0.11797410994768143,0.9930166602134705,-0.11824949830770493,-0.28082704544067383,0.006366317626088858,-0.2818309962749481,-0.2786943053577364,-192.85868386139637,0.0,0.0
9.36,468,0.16274429857730865,0.9866682887077332,0.16347140073776245,-0.005505658686161041,-2.7000091075897217,-2.0,-0.1597839742898941,0.9871519804000854,-0.1604718118906021,-0.32252827286720276,0.00048372664605267346,-0.32394319772720337,-0.3217208931755537,-193.18040475457192,0.0,0.0
9.38,469,0.16157104074954987,0.9868611097335815,0.16228240728378296,-0.05944935232400894,-2.6971848011016846,-2.0,-0.2000933736562729,0.9797768592834473,-0.20145322382450104,-0.36166441440582275,-0.00708424998447299,-0.3637356162071228,-0.3627542197116188,-193.54315897428356,0.0,0.0
9.4,470,0.15933677554130554,0.987224280834198,0.16001880168914795,-0.11317994445562363,-2.6865296363830566,-2.0,-0.2385542392730713,0.9711291790008545,-0.24087683856487274,-0.39789101481437683,-0.016095111146569252,-0.4008956551551819,-0.40147203275366583,-193.94463100703723,0.0,0.0
9.42,471,0.15604762732982635,0.9877495169639587,0.15668797492980957,-0.1665414720773697,-2.6680760383605957,-2.0,-0.2748539447784424,0.9614859819412231,-0.2784378230571747,-0.43090158700942993,-0.02626354619860649,-0.43512579798698425,-0.4375648181717228,-194.38219582520895,0.0,0.0
9.44,472,0.1517122983932495,0.9884247183799744,0.1523004025220871,-0.21937896311283112,-2.6418750286102295,-2.0,-0.308718740940094,0.9511533975601196,-0.313845694065094,-0.4604310393333435,-0.037271320819854736,-0.4661460816860199,-0.47073822331251247,-194.85293404852146,0.0,0.0
9.46,473,0.1463421732187271,0.9892340302467346,0.14686962962150574,-0.2715389132499695,-2.6079964637756348,-2.0,-0.33991512656211853,0.9404560923576355,-0.3468266427516937,-0.48625731468200684,-0.04877791553735733,-0.49369627237319946,-0.5007153163418595,-195.35364936486332,0.0,0.0
9.48,474,0.13995130360126495,0.9901583790779114,0.14041222631931305,-0.32286950945854187,-2.5665297508239746,-2.0,-0.36824968457221985,0.9297269582748413,-0.37712568044662476,-0.5082009434700012,-0.060431450605392456,-0.5175379514694214,-0.5272388751023935,-195.8808882399657,0.0,0.0
9.5,475,0.1325565129518509,0.9911754727363586,0.13294780254364014,-0.37322118878364563,-2.5175840854644775,-2.0,-0.39356696605682373,0.9192959666252136,-0.404508501291275,-0.5261234641075134,-0.07187949866056442,-0.5374563336372375,-0.550073489232377,-196.4309617291981,0.0,0.0
9.52,476,0.12417750060558319,0.9922600388526917,0.1244988664984703,-0.42244696617126465,-2.4612886905670166,-2.0,-0.41574639081954956,0.9094805717468262,-0.42876332998275757,-0.539923906326294,-0.08277943730354309,-0.5532621741294861,-0.5690073710207765,-196.99996910021886,0.0,0.0
9.540000000000001,477,0.11483690142631531,0.9933843612670898,0.11509080976247787,-0.4704028367996216,-2.397794246673584,-2.0,-0.4346977472305298,0.9005764126777649,-0.4497026205062866,-0.5495346188545227,-0.09280794858932495,-0.5647934675216675,-0.5838541429852586,-197.5838232432041,0.0,0.0
9.56,478,0.10456038266420364,0.994518518447876,0.10475184768438339,-0.5169482827186584,-2.327272415161133,-2.0,-0.4503563940525055,0.8928488492965698,-0.46716445684432983,-0.5549167990684509,-0.10166966915130615,-0.5719163417816162,-0.5944544678244441,-198.17827771102856,0.0,0.0
9.58,479,0.09337668120861053,0.9956308603286743,0.09351291507482529,-0.5619466304779053,-2.249917507171631,-2.0,-0.4626781940460205,0.8865262866020203,-0.48101383447647095,-0.5560548901557922,-0.10910455137491226,-0.5745267271995544,-0.6006773715052209,-198.77895508253377,0.0,0.0
9.6,480,0.0813177153468132,0.9966882467269897,0.08140760660171509,-0.6052655577659607,-2.1659460067749023,-2.0,-0.4716346263885498,0.8817940354347229,-0.4911436140537262,-0.5529523491859436,-0.11489416658878326,-0.5725512504577637,-0.6024214380974473,-199.38137652063122,0.0,0.0
9.620000000000001,481,0.06841856241226196,0.9976567029953003,0.06847205013036728,-0.6467775106430054,-2.0755975246429443,-2.0,-0.47720855474472046,0.8787900805473328,-0.4974755048751831,-0.5456271171569824,-0.11886663734912872,-0.5659475326538086,-0.5996156675797985,-199.98099218821102,0.0,0.0
9.64,482,0.05471750721335411,0.9985018968582153,0.05474485084414482,-0.686360239982605,-1.9791353940963745,-2.0,-0.4793908894062042,0.8776015043258667,-0.4999605119228363,-0.5341084003448486,-0.12090038508176804,-0.5547053813934326,-0.5922203541416857,-200.5732125423527,0.0,0.0
9.66,483,0.04025602713227272,0.9991893768310547,0.04026690497994423,-0.7238970994949341,-1.8768455982208252,-2.0,-0.4781784117221832,0.8782626986503601,-0.4985794425010681,-0.5184344053268433,-0.12092667073011398,-0.5388463735580444,-0.580227418705963,-201.15343996105867,0.0,0.0
9.68,484,0.02507871948182583,0.9996854662895203,0.025081349536776543,-0.759277880191803,-1.7690376043319702,-2.0,-0.47357288002967834,0.8807546496391296,-0.49334296584129333,-0.4986515939235687,-0.11893083900213242,-0.5184243321418762,-0.5636607917730303,-201.7171007528317,0.0,0.0
9.700000000000001,485,0.009233242832124233,0.9999573826789856,0.009233374148607254,-0.7923987507820129,-1.6560437679290771,-2.0,-0.4655815362930298,0.885004997253418,-0.48429158329963684,-0.474814772605896,-0.11495237797498703,-0.493524968624115,-0.5425763400981957,-202.2596770929299,0.0,0.0
9.72,486,-0.0072298250161111355,0.9999738931655884,-0.007229888346046209,-0.8231631517410278,-1.53821861743927,-2.0,-0.45421892404556274,0.8908901214599609,-0.47149527072906494,-0.4469890892505646,-0.10908375680446625,-0.464265376329422,-0.5170616950884191,-202.77673878801832,0.0,0.0
9.74,487,-0.024257145822048187,0.9997057318687439,-0.024259526282548904,-0.8514818549156189,-1.415937900543213,-2.0,-0.43950989842414856,0.8982377648353577,-0.4550529718399048,-0.41525277495384216,-0.10146801173686981,-0.4307934641838074,-0.4872357448722168,-203.26397453289053,0.0,0.0
9.76,488,-0.04179282858967781,0.9991263151168823,-0.041805002838373184,-0.8772738575935364,-1.289597511291504,-2.0,-0.4214937090873718,0.9068313241004944,-0.43509188294410706,-0.3797008991241455,-0.09229497611522675,-0.39328688383102417,-0.4532479693474341,-203.71722250223797,0.0,0.0
9.78,489,-0.059778664261102676,0.998211681842804,-0.059814322739839554,-0.9004660844802856,-1.159611463546753,-2.0,-0.4002286195755005,0.9164153337478638,-0.41176629066467285,-0.3404499590396881,-0.0817963257431984,-0.3519519865512848,-0.41527755921260695,-204.13250006145057,0.0,0.0
9.8,490,-0.07695804536342621,0.9970343112945557,-0.07703421264886856,-0.860994279384613,1.9735889434814453,2.0,-0.37579697370529175,0.9267020225524902,-0.3852566182613373,-0.29883891344070435,-0.07033230364322662,-0.3082224130630493,-0.37473208129115093,-204.5072321427417,0.0,0.0
9.82,491,-0.09327889233827591,0.9956400394439697,-0.09341469407081604,-0.8190241456031799,2.098505973815918,2.0,-0.3483102321624756,0.9373793005943298,-0.3557678461074829,-0.2550313472747803,-0.05826070159673691,-0.26235315203666687,-0.33184192567670384,-204.83907406841843,0.0,0.0
9.84,492,-0.1086932048201561,0.994075357913971,-0.10890837013721466,-0.7746838927268982,2.217012882232666,2.0,-0.3179134726524353,0.9481196999549866,-0.323527991771698,-0.2092202752828598,-0.04595561325550079,-0.21461960673332214,-0.28685947545037077,-205.1259335438688,0.0,0.0
9.86,493,-0.1231570690870285,0.9923871755599976,-0.12347054481506348,-0.7281087040901184,2.328760862350464,2.0,-0.2847890555858612,0.9585902094841003,-0.2887863516807556,-0.1616319715976715,-0.03379697725176811,-0.16531580686569214,-0.2400574474000385,-205.36599099126883,0.0,0.0
9.88,494,-0.13663063943386078,0.9906220436096191,-0.13705934584140778,-0.6794400215148926,2.433432102203369,2.0,-0.2491588294506073,0.9684626460075378,-0.25181159377098083,-0.11252820491790771,-0.022159427404403687,-0.11475225538015366,-0.1917270064696271,-205.55771799773845,0.0,0.0
9.9,495,-0.14907805621623993,0.9888254404067993,-0.14963585138320923,-0.6288252472877502,2.5307388305664062,2.0,-0.21128518879413605,0.9774244427680969,-0.2128896415233612,-0.06220712512731552,-0.011400973424315453,-0.06325379759073257,-0.1421757432712362,-205.69989374100967,0.0,0.0
9.92,496,-0.16046741604804993,0.9870411157608032,-0.16116417944431305,-0.5764167904853821,2.620422840118408,2.0,-0.17146988213062286,0.9851893782615662,-0.17232146859169006,-0.011002473533153534,-0.0018517770804464817,-0.011157275177538395,-0.09172545485066702,-205.79161919586033,0.0,0.0
9.94,497,-0.17077051103115082,0.9853108525276184,-0.17161162197589874,-0.5223717093467712,2.7022545337677,2.0,-0.13005132973194122,0.9915072321891785,-0.1304207593202591,0.04071918502449989,0.006196432746946812,0.04119086638092995,-0.040709847601216896,-205.83232904346156,0.0,0.0
9.96,498,-0.17996281385421753,0.9836733937263489,-0.1809486448764801,-0.46685105562210083,2.7760329246520996,2.0,-0.08739987760782242,0.9961733222007751,-0.08751153200864792,0.09256293624639511,0.012499894015491009,0.09343711286783218,-0.09052788277846599,-205.92285692624003,0.0,0.0
9.98,499,-0.1880231648683548,0.9821646213531494,-0.18914903700351715,-0.4100193977355957,2.841583251953125,2.0,-0.04391147568821907,0.9990354180335999,-0.04392559826374054,0.14411169290542603,0.016870833933353424,0.1452234387397766,-0.14163749788774432,-206.0644944241278,0.0,0.0
10.0,500,-0.19493375718593597,0.9808164238929749,-0.19618991017341614,-0.3520442545413971,2.898756265640259,2.0,-8.572527703398379e-16,1.0,-8.572527703398379e-16,0.19493375718593597,0.01918359100818634,0.19618991017341614,-0.1922643169488346,-206.25675874107662,0.0,0.0
10.02,501,-0.20067983865737915,0.9796568751335144,-0.20205183327198029,-0.29309573769569397,2.9474267959594727,2.0,0.04391147568821907,0.9990354180335999,0.04392559826374054,0.24459131062030792,0.019378546625375748,0.24597743153572083,-0.24205182980597417,-206.4988105708826,0.0,0.0
10.040000000000001,502,-0.20524962246418,0.9787096381187439,-0.20671874284744263,-0.2333458662033081,2.9874930381774902,2.0,0.08739987760782242,0.9961733222007751,0.08751153200864792,0.2926494777202606,0.017463650554418564,0.29423028230667114,-0.29064434545511847,-206.78945491633772,0.0,0.0
10.06,503,-0.20863409340381622,0.9779937863349915,-0.21017812192440033,-0.17296837270259857,3.018874406814575,2.0,0.13005132973194122,0.9915072321891785,0.1304207593202591,0.33868542313575745,0.013513492420315742,0.3405988812446594,-0.33768964677538865,-207.12714456311312,0.0,0.0
10.08,504,-0.21082697808742523,0.9775233864784241,-0.21242088079452515,-0.11213814467191696,3.0415117740631104,2.0,0.17146988213062286,0.9851893782615662,0.17232146859169006,0.3822968602180481,0.007665968034416437,0.3847423493862152,-0.38284163698542323,-207.50998620009855,0.0,0.0
10.1,505,-0.21182455122470856,0.9773077368736267,-0.21344149112701416,-0.051030851900577545,3.0553646087646484,2.0,0.21128518879413605,0.9774244427680969,0.2128896415233612,0.4231097400188446,0.00011674632696667686,0.42633113265037537,-0.42576296328132907,-207.93574916337988,0.0,0.0
10.120000000000001,506,-0.2116256207227707,0.9773508310317993,-0.2132379412651062,0.010177403688430786,3.060412645339966,2.0,0.2491588294506073,0.9684626460075378,0.25181159377098083,0.4607844352722168,-0.00888817198574543,0.46504953503608704,-0.4661275881331364,-208.40187675151302,0.0,0.0
10.14,507,-0.2102314978837967,0.9776516556739807,-0.21181173622608185,0.07131048291921616,3.0566537380218506,2.0,0.2847890555858612,0.9585902094841003,0.2887863516807556,0.4950205385684967,-0.019061420112848282,0.5005980730056763,-0.5036233307816567,-208.90550008229468,0.0,0.0
10.16,508,-0.20764599740505219,0.9782040119171143,-0.20916788280010223,0.13219256699085236,3.0441040992736816,2.0,0.3179134726524353,0.9481196999549866,0.323527991771698,0.5255594849586487,-0.030084310099482536,0.5326958894729614,-0.5379542374698728,-209.44345431976456,0.0,0.0
10.18,509,-0.20387546718120575,0.9789968132972717,-0.20531491935253143,0.1926485300064087,3.0227982997894287,2.0,0.3483102321624756,0.9373793005943298,0.3557678461074829,0.5521857142448425,-0.041617508977651596,0.5610827803611755,-0.5688429070663097,-210.01229722683087,0.0,0.0
10.200000000000001,510,-0.19892887771129608,0.980013906955719,-0.2002648264169693,0.2525043189525604,2.9927895069122314,2.0,0.37579697370529175,0.9267020225524902,0.3852566182613373,0.5747258067131042,-0.05331190302968025,0.5855214595794678,-0.5960326751240597,-210.60832990195493,0.0,0.0
10.22,511,-0.19281785190105438,0.9812345504760742,-0.19403308629989624,0.3115873336791992,2.9541501998901367,2.0,0.4002286195755005,0.9164153337478638,0.41176629066467285,0.5930464863777161,-0.06481923907995224,0.6057993769645691,-0.6192897008887199,-211.22761960284365,0.0,0.0
10.24,512,-0.18555687367916107,0.9826335310935974,-0.18663854897022247,0.3697267770767212,2.906972885131836,2.0,0.4214937090873718,0.9068313241004944,0.43509188294410706,0.6070505976676941,-0.07580220699310303,0.6217304468154907,-0.6384048377727569,-211.8660244406164,0.0,0.0
10.26,513,-0.17716336250305176,0.9841814637184143,-0.1781034618616104,0.4267541766166687,2.851369857788086,2.0,0.43950989842414856,0.8982377648353577,0.4550529718399048,0.6166732907295227,-0.08594371378421783,0.6331564784049988,-0.6531953465566306,-212.51921978717303,0.0,0.0
10.28,514,-0.16765783727169037,0.9858452677726746,-0.1684533953666687,0.4825036823749542,2.787476062774658,2.0,0.45421892404556274,0.8908901214599609,0.47149527072906494,0.6218767166137695,-0.09495513886213303,0.6399486660957336,-0.6635063615092197,-213.18272614868224,0.0,0.0
10.3,515,-0.15706409513950348,0.9875884056091309,-0.15771713852882385,0.5368126630783081,2.7154486179351807,2.0,0.4655815362930298,0.885004997253418,0.48429158329963684,0.6226456165313721,-0.10258341580629349,0.6420087218284607,-0.6692124070117882,-213.85193855569403,0.0,0.0
10.32,516,-0.14540934562683105,0.9893715977668762,-0.14592669904232025,0.5895220637321472,2.6354684829711914,2.0,0.47357288002967834,0.8807546496391296,0.49334296584129333,0.618982195854187,-0.10861694067716599,0.6392696499824524,-0.6702182787745734,-214.5221568344686,0.0,0.0
10.34,517,-0.1327243596315384,0.9911530017852783,-0.13311715424060822,0.6404768824577332,2.5477421283721924,2.0,0.4781784117221832,0.8782626986503601,0.4985794425010681,0.6109027862548828,-0.11289026588201523,0.6316965818405151,-0.666460123656779,-215.18861695812538,0.0,0.0
10.36,518,-0.11904364079236984,0.9928890466690063,-0.1193266212940216,0.6895269155502319,2.4525015354156494,2.0,0.4793908894062042,0.8776015043258667,0.4999605119228363,0.5984345078468323,-0.11528753489255905,0.6192871332168579,-0.6579060620108771,-215.84652302013626,0.0,0.0
10.38,519,-0.1044054627418518,0.9945347905158997,-0.1045960783958435,0.7365270256996155,2.350006341934204,2.0,0.47720855474472046,0.8787900805473328,0.4974755048751831,0.5816140174865723,-0.11574474722146988,0.6020715832710266,-0.6445565905916082,-216.49107961072787,0.0,0.0
10.4,520,-0.08885199576616287,0.9960448145866394,-0.08896932005882263,0.7813379168510437,2.2405433654785156,2.0,0.4716346263885498,0.8817940354347229,0.4911436140537262,0.5604866147041321,-0.1142507791519165,0.5801129341125488,-0.6264448253293793,-217.11752443605724,0.0,0.0
10.42,521,-0.07242931425571442,0.9973735213279724,-0.07249279320240021,0.8238264918327332,2.1244282722473145,2.0,0.4626781940460205,0.8865262866020203,0.48101383447647095,0.5351074934005737,-0.11084724962711334,0.55350661277771,-0.603636404945048,-217.72116084100227,0.0,0.0
10.44,522,-0.0551874078810215,0.9984760284423828,-0.05521545931696892,0.8638665676116943,2.002005100250244,2.0,0.4503563940525055,0.8928488492965698,0.46716445684432983,0.5055438280105591,-0.10562714189291,0.5223799347877502,-0.5762292937324699,-218.29739013473474,0.0,0.0
10.46,523,-0.037180095911026,0.9993085861206055,-0.03718866780400276,0.9013395309448242,1.8736463785171509,2.0,0.4346977472305298,0.9005764126777649,0.4497026205062866,0.4718778431415558,-0.09873217344284058,0.4868912994861603,-0.5443531259243268,-218.84174326065906,0.0,0.0
10.48,524,-0.01846492849290371,0.9998295307159424,-0.018465977162122726,0.9361345767974854,1.7397522926330566,2.0,0.41574639081954956,0.9094805717468262,0.42876332998275757,0.4342113137245178,-0.09034892171621323,0.4472292959690094,-0.5081685984753754,-219.34991185913444,0.0,0.0
10.5,525,0.0008970132912509143,0.9999995827674866,0.0008970134076662362,0.9681495428085327,1.6007506847381592,2.0,0.39356696605682373,0.9192959666252136,0.404508501291275,0.3926699459552765,-0.08070365339517593,0.4036114811897278,-0.4678663165746149,-219.81777817570907,0.0,0.0
10.52,526,0.019880015403032303,0.9998023509979248,0.019881324842572212,0.9492155909538269,-0.9466975331306458,-1.2050561904907227,0.36824968457221985,0.9297269582748413,0.37712568044662476,0.34836965799331665,-0.07007543742656708,0.3572443723678589,-0.3991487802147862,-220.21692695592384,0.0,0.0
10.540000000000001,527,0.038183607161045074,0.9992707371711731,0.03819289430975914,0.9155783653259277,-1.6818628311157227,-2.0,0.33991512656211853,0.9404560923576355,0.3468266427516937,0.30173152685165405,-0.058814626187086105,0.3086337745189667,-0.37893278743881087,-220.59585974336264,0.0,0.0
10.56,528,0.05574943497776985,0.9984447956085205,0.05577835068106651,0.8792729377746582,-1.8152700662612915,-2.0,0.308718740940094,0.9511533975601196,0.313845694065094,0.25296929478645325,-0.04729141667485237,0.2580673396587372,-0.33104829053968154,-220.92690803390232,0.0,0.0
10.58,529,0.07252282649278641,0.997366726398468,0.0725865513086319,0.8404099941253662,-1.943149209022522,-2.0,0.2748539447784424,0.9614859819412231,0.2784378230571747,0.20233112573623657,-0.035880766808986664,0.2058512568473816,-0.2812591423262174,-221.20816717622853,0.0,0.0
10.6,530,0.08845295757055283,0.9960803389549255,0.08856870979070663,0.7991079092025757,-2.0651021003723145,-2.0,0.2385542392730713,0.9711291790008545,0.24087683856487274,0.15010127425193787,-0.024951180443167686,0.1523081213235855,-0.22986911262319817,-221.43803628885172,0.0,0.0
10.620000000000001,531,0.10349292308092117,0.9946302175521851,0.10367856174707413,0.7554927468299866,-2.1807591915130615,-2.0,0.2000933736562729,0.9797768592834473,0.20145322382450104,0.09660045057535172,-0.014853357337415218,0.09777465462684631,-0.17719827311865094,-221.61523456197037,0.0,0.0
10.64,532,0.11759974807500839,0.9930610656738281,0.11787250638008118,0.7096971273422241,-2.2897801399230957,-2.0,0.1597839742898941,0.9871519804000854,0.1604718118906021,0.04218422248959541,-0.00590906897559762,0.04259929805994034,-0.12358071542341026,-221.73881527739377,0.0,0.0
10.66,533,0.1307344138622284,0.991417407989502,0.13110971450805664,0.6618600487709045,-2.3918538093566895,-2.0,0.11797410994768143,0.9930166602134705,0.11824949830770493,-0.01276029646396637,0.001599244074895978,-0.012860211543738842,-0.06936210204412571,-221.8081773794379,0.0,0.0
10.68,534,0.1428617537021637,0.989742636680603,0.1433522254228592,0.6121261119842529,-2.4866981506347656,-2.0,0.07504218071699142,0.9971803426742554,0.07511279731988907,-0.06781957298517227,0.007437707856297493,-0.06823943555355072,-0.06510273371864761,-221.87328011315654,0.0,0.0
10.700000000000001,535,0.15395042300224304,0.9880785942077637,0.15456512570381165,0.5606449246406555,-2.5740602016448975,-2.0,0.031390100717544556,0.9995071887969971,0.031395260244607925,-0.12256032228469849,0.011428636498749256,-0.12316986918449402,-0.11945233284047385,-221.992732445997,0.0,0.0
10.72,536,0.16397272050380707,0.9864648580551147,0.16471654176712036,0.5075706243515015,-2.653714418411255,-2.0,-0.01256471686065197,0.9999210834503174,-0.012565047480165958,-0.1765374392271042,0.013456186279654503,-0.17728158831596375,-0.1733212822657039,-222.1660537282627,0.0,0.0
10.74,537,0.17290444672107697,0.9849386215209961,0.173777773976326,0.4530613422393799,-2.7254631519317627,-2.0,-0.05639825016260147,0.9984083771705627,-0.05642819404602051,-0.22930268943309784,0.013469748198986053,-0.2302059680223465,-0.22634281707584328,-222.39239654533856,0.0,0.0
10.76,538,0.18072479963302612,0.9835336804389954,0.18172334134578705,0.39727866649627686,-2.7891342639923096,-2.0,-0.09968913346529007,0.9950186610221863,-0.09985499083995819,-0.2804139256477356,0.011484929360449314,-0.28157833218574524,-0.27815153702472584,-222.67054808236327,0.0,0.0
10.78,539,0.187416210770607,0.9822806119918823,0.1885310858488083,0.3403870463371277,-2.84458065032959,-2.0,-0.14202775061130524,0.9898626804351807,-0.14250962436199188,-0.32944396138191223,0.007582082878798246,-0.33104071021080017,-0.3283860749150776,-222.99893415727834,0.0,0.0
10.8,540,0.1929641216993332,0.9812058210372925,0.1941821575164795,0.28255346417427063,-2.891679286956787,-2.0,-0.18302473425865173,0.9831082820892334,-0.18406227231025696,-0.37598884105682373,0.0019024967914447188,-0.37824442982673645,-0.3766917778214251,-223.37562593509978,0.0,0.0
10.82,541,0.1973569393157959,0.9803317189216614,0.19866108894348145,0.22394688427448273,-2.9303293228149414,-2.0,-0.22231827676296234,0.9749741554260254,-0.2241916060447693,-0.41967520117759705,-0.005357553716748953,-0.42285269498825073,-0.42272336343560285,-223.79834929853538,0.0,0.0
10.84,542,0.20058581233024597,0.9796761274337769,0.2019558548927307,0.16473785042762756,-2.960451602935791,-2.0,-0.2595800459384918,0.965721607208252,-0.262587308883667,-0.4601658582687378,-0.013954540714621544,-0.4645431637763977,-0.46614745417815495,-224.26449675271354,0.0,0.0
10.86,543,0.20264460146427155,0.9792523384094238,0.20405781269073486,0.10509809851646423,-2.981987714767456,-2.0,-0.2945193350315094,0.9556455016136169,-0.29895249009132385,-0.49716392159461975,-0.02360682375729084,-0.5030102729797363,-0.5066451189156491,-224.7711418716292,0.0,0.0
10.88,544,0.20352977514266968,0.9790687561035156,0.20496180653572083,0.04520011693239212,-2.994898796081543,-2.0,-0.32688531279563904,0.9450640082359314,-0.3330059349536896,-0.5304150581359863,-0.03400473669171333,-0.5379677414894104,-0.5439143024684046,-225.3150561740976,0.0,0.0
10.9,545,0.2032402902841568,0.979128897190094,0.2046661525964737,-0.014783188700675964,-2.9991652965545654,-2.0,-0.3564675450325012,0.9343076944351196,-0.3644843101501465,-0.5597078204154968,-0.044821180403232574,-0.569150447845459,-0.5776720835558653,-225.89272825765346,0.0,0.0
10.92,546,0.2017776519060135,0.9794313311576843,0.20317256450653076,-0.07467891275882721,-2.994786024093628,-2.0,-0.3830946385860443,0.9237090945243835,-0.3931442201137543,-0.584872305393219,-0.05572225898504257,-0.5963168144226074,-0.6076568805585822,-226.50038513821204,0.0,0.0
10.94,547,0.19914589822292328,0.97996985912323,0.20048628747463226,-0.13431447744369507,-2.981778621673584,-2.0,-0.40663158893585205,0.9135922193527222,-0.41876402497291565,-0.6057775020599365,-0.06637762486934662,-0.6192502975463867,-0.6336305008705478,-227.13401563908258,0.0,0.0
10.96,548,0.19535157084465027,0.9807332754135132,0.19661591947078705,-0.19351807236671448,-2.960179090499878,-2.0,-0.42697566747665405,0.9042630791664124,-0.4411455988883972,-0.6223272681236267,-0.07647016644477844,-0.6377615332603455,-0.6553799444268978,-227.78939558350947,0.0,0.0
10.98,549,0.19040387868881226,0.9817058444023132,0.19157354533672333,-0.25211891531944275,-2.930042266845703,-2.0,-0.44405198097229004,0.8960010409355164,-0.460115909576416,-0.6344558596611023,-0.08570481836795807,-0.6516894698143005,-0.6727191401244199,-228.4621147236339,0.0,0.0
11.0,550,0.18431471288204193,0.9828673005104065,0.18537458777427673,-0.30994775891304016,-2.891442060470581,-2.0,-0.45780816674232483,0.8890510201454163,-0.4755282700061798,-0.6421228647232056,-0.09381627291440964,-0.6609028577804565,-0.6854904957455104,-229.14760521937941,0.0,0.0
11.02,551,0.17709876596927643,0.9841930866241455,0.1780378371477127,-0.36683720350265503,-2.8444724082946777,-2.0,-0.46820956468582153,0.8836174607276917,-0.48726344108581543,-0.6453083157539368,-0.10057563334703445,-0.6653012633323669,-0.6935661121185812,-229.841171331498,0.0,0.0
11.040000000000001,552,0.16877371072769165,0.9856548309326172,0.16958539187908173,-0.4226221740245819,-2.789247751235962,-2.0,-0.47523465752601624,0.8798590898513794,-0.49523070454597473,-0.6440083980560303,-0.1057957336306572,-0.66481614112854,-0.6968488400095529,-230.53802017150755,0.0,0.0
11.06,553,0.15936025977134705,0.9872205257415771,0.16004259884357452,-0.47714024782180786,-2.7259042263031006,-2.0,-0.47887122631073,0.8778851628303528,-0.49936848878860474,-0.6382315158843994,-0.10933534055948257,-0.6594110727310181,-0.6952732985848131,-231.23329347009238,0.0,0.0
11.08,554,0.14888237416744232,0.9888548851013184,0.14943794906139374,-0.5302322506904602,-2.6546003818511963,-2.0,-0.47911372780799866,0.8777528405189514,-0.4996447265148163,-0.6279960870742798,-0.11110208183526993,-0.6490826606750488,-0.6888064378114254,-231.9220999079038,0.0,0.0
11.1,555,0.1373673677444458,0.990520179271698,0.1378030925989151,-0.5817426443099976,-2.5755183696746826,-2.0,-0.475961834192276,0.8794659376144409,-0.4960573613643646,-0.6133291721343994,-0.11105422675609589,-0.6338604688644409,-0.6774478231929772,-232.59954773109678,0.0,0.0
11.120000000000001,556,0.12484608590602875,0.9921761155128479,0.1251727044582367,-0.6315199136734009,-2.4888651371002197,-2.0,-0.4694202244281769,0.8829748630523682,-0.48863404989242554,-0.5942662954330444,-0.10920123755931854,-0.6138067841529846,-0.6612300596647468,-233.26077779076152,0.0,0.0
11.14,557,0.11135293543338776,0.9937809109687805,0.11158435046672821,-0.6794173717498779,-2.3948731422424316,-2.0,-0.45950010418891907,0.8881776928901672,-0.4774322807788849,-0.570853054523468,-0.10560320317745209,-0.5890166163444519,-0.6402184005933798,-233.9009961913549,0.0,0.0
11.16,558,0.09692607074975967,0.9952915906906128,0.09707847982645035,-0.7252933979034424,-2.2938010692596436,-2.0,-0.44622138142585754,0.8949226140975952,-0.46253859996795654,-0.5431474447250366,-0.10036898404359818,-0.5596171021461487,-0.6145107634462309,-234.5155069548011,0.0,0.0
11.18,559,0.081607386469841,0.9966645836830139,0.08169823884963989,-0.7690120935440063,-2.1859350204467773,-2.0,-0.42961665987968445,0.9030113816261292,-0.44406822323799133,-0.5112240314483643,-0.09365319460630417,-0.5257664918899536,-0.5842368405704245,-235.09974379537152,0.0,0.0
11.200000000000001,560,0.06544256210327148,0.9978563189506531,0.06548936665058136,-0.8104438781738281,-2.0715882778167725,-2.0,-0.40973538160324097,0.9122044444084167,-0.4221639633178711,-0.47517794370651245,-0.08565191179513931,-0.48765331506729126,-0.5495575864170478,-235.64930138178858,0.0,0.0
11.22,561,0.04848103225231171,0.9988241195678711,0.048500046133995056,-0.8494659066200256,-1.9511020183563232,-2.0,-0.3866489827632904,0.9222269654273987,-0.3969951868057251,-0.4351300299167633,-0.07659714668989182,-0.44549524784088135,-0.510664008275146,-236.15996539006372,0.0,0.0
11.24,562,0.030775928869843483,0.99952632188797,0.030780788511037827,-0.8859627842903137,-1.824844241142273,-2.0,-0.36045587062835693,0.9327762722969055,-0.36875656247138977,-0.3912317752838135,-0.06675003468990326,-0.3995373547077179,-0.46777597584941344,-236.62774136591312,0.0,0.0
11.26,563,0.013583831489086151,0.9999077320098877,0.013584248721599579,-0.8598269820213318,1.306789755821228,2.0,-0.3312861919403076,0.9435303211212158,-0.337666392326355,-0.344870001077652,-0.05637741461396217,-0.35125064849853516,-0.42234081148527725,-237.0500821773984,0.0,0.0
11.28,564,-0.0030393660999834538,0.9999954104423523,-0.003039370756596327,-0.831180989742279,1.4323004484176636,2.0,-0.29930591583251953,0.9541571736335754,-0.30396515130996704,-0.2962665557861328,-0.04583818092942238,-0.3009257912635803,-0.37462702150015387,-237.42470919889854,0.0,0.0
11.3,565,-0.01904042810201645,0.999818742275238,-0.019041577354073524,-0.8001103401184082,1.5535314083099365,2.0,-0.2647198438644409,0.9643253684043884,-0.2679134011268616,-0.24567942321300507,-0.03549335524439812,-0.2488718181848526,-0.32492357321312715,-237.74963277211168,0.0,0.0
11.32,566,-0.03436897695064545,0.9994091987609863,-0.03437574952840805,-0.766708493232727,1.6700941324234009,2.0,-0.22777298092842102,0.973714292049408,-0.22978992760181427,-0.19340400397777557,-0.025694947689771652,-0.19541418552398682,-0.27353765339276165,-238.02317042550445,0.0,0.0
11.34,567,-0.04897766560316086,0.9987998604774475,-0.048997268080711365,-0.7310760617256165,1.7816213369369507,2.0,-0.18875043094158173,0.9820250868797302,-0.1898895502090454,-0.13977275788784027,-0.01677478477358818,-0.14089228212833405,-0.22079265875957207,-238.243963084264,0.0,0.0
11.36,568,-0.06282228976488113,0.9980247020721436,-0.06286368519067764,-0.6933206915855408,1.8877685070037842,2.0,-0.1479753702878952,0.9889910221099854,-0.1485207974910736,-0.08515308052301407,-0.009033682756125927,-0.08565710484981537,-0.16702586767143443,-238.41098895193545,0.0,0.0
11.38,569,-0.075861856341362,0.997118353843689,-0.07593481242656708,-0.6535564064979553,1.9882144927978516,2.0,-0.10580514371395111,0.9943869113922119,-0.10600355267524719,-0.02994328737258911,-0.002731455024331808,-0.030068743973970413,-0.11258598705651995,-238.52357493899197,0.0,0.0
11.4,570,-0.08805866539478302,0.9961152672767639,-0.08817287534475327,-0.6119031310081482,2.0826618671417236,2.0,-0.06262560933828354,0.9980370998382568,-0.06266661733388901,0.02543305978178978,0.0019218000816181302,0.02550625614821911,-0.05783067913455952,-238.58140561812652,0.0,0.0
11.42,571,-0.09937829524278641,0.9950497150421143,-0.09954260289669037,-0.5684863924980164,2.1708381175994873,2.0,-0.01884397678077221,0.9998224377632141,-0.01884509064257145,0.08053431659936905,0.004772711545228958,0.08069750666618347,-0.07687598410392812,-238.65828160223046,0.0,0.0
11.44,572,-0.10978956520557404,0.9939548373222351,-0.11001133173704147,-0.5234364867210388,2.2524940967559814,2.0,0.025119516998529434,0.9996844530105591,0.025122158229351044,0.13490907847881317,0.005729601252824068,0.13513348996639252,-0.13116624108090408,-238.78944784331136,0.0,0.0
11.46,573,-0.11926453560590744,0.9928625226020813,-0.11954910308122635,-0.47688838839530945,2.3274056911468506,2.0,0.06884065270423889,0.9976276755332947,0.06889514625072479,0.18810519576072693,0.004765154793858528,0.18844424188137054,-0.18467125800372516,-238.9741191013151,0.0,0.0
11.48,574,-0.12777842581272125,0.9918027520179749,-0.12812872231006622,-0.4289809465408325,2.395372152328491,2.0,0.11190052330493927,0.9937193989753723,0.1121353805065155,0.23967894911766052,0.0019166740821674466,0.24026410281658173,-0.2370238652161063,-239.2111429665312,0.0,0.0
11.5,575,-0.13530951738357544,0.9908033609390259,-0.13572585582733154,-0.3798566162586212,2.45621657371521,2.0,0.15389446914196014,0.9880872964859009,0.15450850129127502,0.2892040014266968,-0.002716087969020009,0.29023435711860657,-0.28786123204147934,-239.4990041985727,0.0,0.0
11.52,576,-0.14183911681175232,0.9898897409439087,-0.14231906831264496,-0.32966095209121704,2.509784460067749,2.0,0.1944403052330017,0.9809143543243408,0.19568683207035065,0.33627942204475403,-0.008975370787084103,0.3380059003829956,-0.33682757162096644,-239.83583177019366,0.0,0.0
11.540000000000001,577,-0.14735141396522522,0.9890841841697693,-0.1478899121284485,-0.27854207158088684,2.555943489074707,2.0,0.23318526148796082,0.9724323153495789,0.23535196483135223,0.38053667545318604,-0.016651876270771027,0.3832418918609619,-0.38357674375673706,-240.2194085139504,0.0,0.0
11.56,578,-0.1518334001302719,0.9884061217308044,-0.1524229198694229,-0.2266504019498825,2.59458327293396,2.0,0.2698114216327667,0.9629132151603699,0.2731971740722656,0.42164480686187744,-0.025492914021015167,0.42562007904052734,-0.4277748845524944,-240.6471833985029,0.0,0.0
11.58,579,-0.15527485311031342,0.9878712892532349,-0.15590567886829376,-0.1741381287574768,2.6256136894226074,2.0,0.30403926968574524,0.9526594877243042,0.30892980098724365,0.45931413769721985,-0.03521180897951126,0.4648354947566986,-0.46910285636289134,-241.1162862548658,0.0,0.0
11.6,580,-0.15766818821430206,0.9874921441078186,-0.1583288609981537,-0.12115883082151413,2.6489648818969727,2.0,0.3356296420097351,0.9419940114021301,0.3422735631465912,0.493297815322876,-0.04549811780452728,0.5006024241447449,-0.5072586598612709,-241.62354491472706,0.0,0.0
11.620000000000001,581,-0.15900841355323792,0.9872772097587585,-0.15968620777130127,-0.06786708533763885,2.6645872592926025,2.0,0.36438336968421936,0.9312490224838257,0.3729705810546875,0.5233917832374573,-0.05602819845080376,0.5326567888259888,-0.5419597637419344,-242.165504678469,0.0,0.0
11.64,582,-0.15929310023784637,0.9872313141822815,-0.15997456014156342,-0.014418098144233227,2.6724493503570557,2.0,0.3901398777961731,0.9207556247711182,0.4007834792137146,0.5494329333305359,-0.06647573411464691,0.5607580542564392,-0.5729451436219553,-242.73844982209096,0.0,0.0
11.66,583,-0.1585223525762558,0.9873554110527039,-0.15919390320777893,0.039032693952322006,2.672539710998535,2.0,0.4127737283706665,0.9108335971832275,0.42549723386764526,0.5712960958480835,-0.07652179151773453,0.5846911668777466,-0.5999773879056827,-243.33842720999664,0.0,0.0
11.68,584,-0.15669883787631989,0.9876464605331421,-0.15734730660915375,0.09232998639345169,2.6648645401000977,2.0,0.43219074606895447,0.901782214641571,0.4469207227230072,0.5888895988464355,-0.08586421608924866,0.6042680144309998,-0.6228445428703965,-243.96127175286705,0.0,0.0
11.700000000000001,585,-0.1538277119398117,0.9880976676940918,-0.15444092452526093,0.14531897008419037,2.649449348449707,2.0,0.44832292199134827,0.8938716650009155,0.46488824486732483,0.6021506190299988,-0.09422601014375687,0.6193291544914246,-0.6413616522995518,-244.6026334051666,0.0,0.0
11.72,586,-0.14991669356822968,0.9886986613273621,-0.15048401057720184,0.1978457272052765,2.626338005065918,2.0,0.4611234664916992,0.8873359560966492,0.4792608916759491,0.6110401749610901,-0.10136264562606812,0.6297448873519897,-0.6553722598600356,-245.25800566502664,0.0,0.0
11.74,587,-0.14497613906860352,0.9894351363182068,-0.14548885822296143,0.2497575879096985,2.595592975616455,2.0,0.4705619513988495,0.882366955280304,0.4899275302886963,0.6155380606651306,-0.10706818848848343,0.6354163885116577,-0.6647497549374479,-245.9227554199641,0.0,0.0
11.76,588,-0.13901907205581665,0.9902896881103516,-0.13947078585624695,0.3009034991264343,2.55729603767395,2.0,0.47661980986595154,0.8791095614433289,0.49680566787719727,0.6156388521194458,-0.11118017137050629,0.6362764239311218,-0.6693983233865465,-246.59215374335065,0.0,0.0
11.78,589,-0.1320611983537674,0.9912415742874146,-0.13244810700416565,0.3511344790458679,2.5115489959716797,2.0,0.47928696870803833,0.8776582479476929,0.49984210729599,0.6113481521606445,-0.11358331143856049,0.6322901844978333,-0.6692537712528168,-247.26140751460346,0.0,0.0
11.8,590,-0.12412109225988388,0.9922670722007751,-0.12444202601909637,0.4003039300441742,2.458472728729248,2.0,0.4785594642162323,0.8780551552772522,0.49901336431503296,0.6026805639266968,-0.11421192437410355,0.6234554052352905,-0.6642841318616866,-247.92569164646514,0.0,0.0
11.82,591,-0.11522018909454346,0.9933399558067322,-0.11547666043043137,0.4482681453227997,2.398209571838379,2.0,0.474438339471817,0.8802887201309204,0.4943258762359619,0.5896584987640381,-0.11305123567581177,0.6098025441169739,-0.6544900262559172,-248.58018167272107,0.0,0.0
11.84,592,-0.10538288950920105,0.994431734085083,-0.10557892918586731,0.494886577129364,2.3309223651885986,2.0,0.46692997217178345,0.8842942714691162,0.4858158528804779,0.5723128914833069,-0.11013743281364441,0.5913947820663452,-0.6399048065582874,-249.22008647927936,0.0,0.0
11.86,593,-0.09463664889335632,0.9955118894577026,-0.09477847814559937,0.5400224924087524,2.256796360015869,2.0,0.45604774355888367,0.8899553418159485,0.47354915738105774,0.55068439245224,-0.10555656999349594,0.5683276057243347,-0.620594333028468,-249.84068081230782,0.0,0.0
11.88,594,-0.08301197737455368,0.9965485334396362,-0.0831076130270958,0.5835433006286621,2.1760382652282715,2.0,0.4418147802352905,0.8971062898635864,0.4576205909252167,0.5248267650604248,-0.0994422510266304,0.5407282114028931,-0.5966567720451849,-250.437337584353,0.0,0.0
11.9,595,-0.07054255902767181,0.9975087642669678,-0.0706011950969696,0.6253208518028259,2.0888776779174805,2.0,0.42426797747612,0.9055367112159729,0.43815332651138306,0.4948105216026306,-0.09197208285331726,0.508754551410675,-0.5682217890012663,-251.00555937335426,0.0,0.0
11.92,596,-0.05726521089673042,0.9983590245246887,-0.05729655548930168,0.6652321815490723,1.9955673217773438,2.0,0.40346255898475647,0.9149961471557617,0.4152979552745819,0.4607277810573578,-0.08336285501718521,0.4725944995880127,-0.5354498810565288,-251.5410092544108,0.0,0.0
11.94,597,-0.04321989044547081,0.9990655779838562,-0.04323335736989975,0.7031598091125488,1.8963825702667236,2.0,0.3794771730899811,0.9252011179924011,0.3892311453819275,0.4226970672607422,-0.07386448979377747,0.43246451020240784,-0.4985313132586567,-252.03954056766946,0.0,0.0
11.96,598,-0.02844967320561409,0.9995952248573303,-0.028453512117266655,0.7389922738075256,1.7916218042373657,2.0,0.35241883993148804,0.9358423948287964,0.36015450954437256,0.380868524312973,-0.06375284492969513,0.38860803842544556,-0.4576846580626575,-252.4972252257321,0.0,0.0
11.98,599,-0.014200547710061073,0.99989914894104,-0.014201024547219276,0.7126243710517883,-1.3183937072753906,-2.0,0.32242754101753235,0.9465941190719604,0.3282928764820099,0.33662810921669006,-0.05330502241849899,0.3424938917160034,-0.41435553441663214,-252.91158076014875,0.0,0.0
12.0,600,-0.0005174342077225447,0.9999998807907104,-0.0005174342077225447,0.6841795444488525,-1.4222428798675537,-2.0,0.2896801233291626,0.9571235179901123,0.29389262199401855,0.29019758105278015,-0.04287635162472725,0.2944100499153137,-0.36881031070018905,-253.28039107084894,0.0,0.0
12.02,601,0.012557086534798145,0.9999211430549622,0.01255741622298956,0.6537425518035889,-1.5218497514724731,-2.0,0.2543927729129791,0.967100977897644,0.25721976161003113,0.24183568358421326,-0.032820168882608414,0.244662344455719,-0.3213352054422717,-253.6017262762912,0.0,0.0
12.040000000000001,602,0.024982906877994537,0.9996878504753113,0.024985505267977715,0.6214044690132141,-1.6169041395187378,-2.0,0.2168220430612564,0.9762111306190491,0.21855787932872772,0.19183912873268127,-0.023476731032133102,0.19357237219810486,-0.2722342559320852,-253.8739605322233,0.0,0.0
12.06,603,0.036722488701343536,0.9993255138397217,0.036730747669935226,0.5872621536254883,-1.7071144580841064,-2.0,0.17726421356201172,0.9841632843017578,0.1782059371471405,0.14054171741008759,-0.015162202529609203,0.14147518575191498,-0.2218271302841365,-254.09578766250743,0.0,0.0
12.08,604,0.04774095490574837,0.9988597631454468,0.04775910824537277,0.5514180064201355,-1.7922080755233765,-2.0,0.1360526978969574,0.9907016158103943,0.13647596538066864,0.08831174671649933,-0.00815814919769764,0.08871685713529587,-0.17044682795767438,-254.2662344904651,0.0,0.0
12.1,605,0.05800611898303032,0.99831622838974,0.05803869664669037,0.5139793753623962,-1.8719322681427002,-2.0,0.09355364739894867,0.995614230632782,0.0936906561255455,0.03554753214120865,-0.0027019877452403307,0.03565195947885513,-0.11843726894810735,-254.3846717594132,0.0,0.0
12.120000000000001,606,0.06748852133750916,0.9977200627326965,0.06753986328840256,0.47505828738212585,-1.946054220199585,-2.0,0.05015980079770088,0.9987412095069885,0.05018085613846779,-0.017328724265098572,0.0010211545741185546,-0.01735900528728962,-0.06615079414595598,-254.45082255355916,0.0,0.0
12.14,607,0.0761614590883255,0.99709552526474,0.07623527944087982,0.4347710609436035,-2.014361619949341,-2.0,0.006282978691160679,0.9999802708625793,0.006283020135015249,-0.0698784813284874,0.002884763991460204,-0.06995226442813873,-0.06605442678487558,-254.51687698034405,0.0,0.0
12.16,608,0.08400093764066696,0.9964656829833984,0.08410003781318665,0.39323779940605164,-2.0766618251800537,-2.0,-0.03765450045466423,0.9992908239364624,-0.037663403898477554,-0.1216554343700409,0.0028251423500478268,-0.1217634454369545,-0.11781701898927241,-254.63469399933334,0.0,0.0
12.18,609,0.09098567813634872,0.9958521723747253,0.0911116823554039,0.35058215260505676,-2.1327834129333496,-2.0,-0.08122898638248444,0.9966954588890076,-0.08131857961416245,-0.17221467196941376,0.0008432643953710794,-0.17243026196956635,-0.16877508589950083,-254.80346908523285,0.0,0.0
12.200000000000001,610,0.09709707647562027,0.9952749013900757,0.09725029766559601,0.30693066120147705,-2.1825740337371826,-2.0,-0.12402476370334625,0.9922791123390198,-0.12434494495391846,-0.22112183272838593,-0.002995792543515563,-0.22159524261951447,-0.21856887491482635,-255.02203796014768,0.0,0.0
12.22,611,0.10231916606426239,0.9947516322135925,0.10249854624271393,0.2624126374721527,-2.2259016036987305,-2.0,-0.16564279794692993,0.9861857891082764,-0.16640977561473846,-0.26796194911003113,-0.008565803989768028,-0.2689083218574524,-0.2668434929023713,-255.28888145305007,0.0,0.0
12.24,612,0.1066385880112648,0.9942978620529175,0.10684173554182053,0.21715955436229706,-2.2626538276672363,-2.0,-0.20570865273475647,0.9786132574081421,-0.20718778669834137,-0.3123472332954407,-0.015684569254517555,-0.3140295147895813,-0.3132515147098966,-255.60213296775996,0.0,0.0
12.26,613,0.11004451662302017,0.9939266443252563,0.11026783287525177,0.1713048219680786,-2.292736768722534,-2.0,-0.2438790500164032,0.9698056578636169,-0.24636366963386536,-0.3539235591888428,-0.024121003225445747,-0.3566315174102783,-0.3574556221886204,-255.95958858994857,0.0,0.0
12.280000000000001,614,0.11252865195274353,0.9936484694480896,0.11276750266551971,0.1249832883477211,-2.3160765171051025,-2.0,-0.27984675765037537,0.9600446820259094,-0.2836344838142395,-0.3923754096031189,-0.03360379487276077,-0.396401971578598,-0.3991311709433992,-256.358719760892,0.0,0.0
12.3,615,0.11408518254756927,0.9934709668159485,0.1143341213464737,0.07833096385002136,-2.3326163291931152,-2.0,-0.31334367394447327,0.9496397972106934,-0.3187119960784912,-0.42742887139320374,-0.043831177055835724,-0.4330461025238037,-0.4379686043716245,-256.7966883652636,0.0,0.0
12.32,616,0.1147107407450676,0.9933989644050598,0.11496381461620331,0.03148457780480385,-2.3423192501068115,-2.0,-0.3441421687602997,0.9389175772666931,-0.35132497549057007,-0.4588528871536255,-0.0544813834130764,-0.46628880500793457,-0.4736758082291416,-257.27036417349274,0.0,0.0
12.34,617,0.11440439522266388,0.9934342503547668,0.11465543508529663,-0.015418719500303268,-2.3451650142669678,-2.0,-0.3720543384552002,0.928210973739624,-0.3812212646007538,-0.4864587187767029,-0.06522330641746521,-0.4958766996860504,-0.5059804132594491,-257.7763445867522,0.0,0.0
12.36,618,0.1131676435470581,0.993575930595398,0.1134105995297432,-0.06224176287651062,-2.3411521911621094,-2.0,-0.3969299793243408,0.9178488850593567,-0.40816962718963623,-0.5100976228713989,-0.07572701573371887,-0.5215802192687988,-0.5346318671333811,-258.3109764538856,0.0,0.0
12.38,619,0.11100441217422485,0.9938198924064636,0.111233651638031,-0.10884770005941391,-2.3302969932556152,-2.0,-0.41865313053131104,0.9081462025642395,-0.43196171522140503,-0.5296575427055359,-0.08567368984222412,-0.543195366859436,-0.5594032757332965,-258.8703797296189,0.0,0.0
12.4,620,0.1079210415482521,0.994159460067749,0.10813163965940475,-0.15510036051273346,-2.3126330375671387,-2.0,-0.43713751435279846,0.899394690990448,-0.45241352915763855,-0.54505854845047,-0.09476479142904282,-0.5605451464653015,-0.5800933565144796,-259.45047308613334,0.0,0.0
12.42,621,0.10392635315656662,0.9945849776268005,0.1041143462061882,-0.20086461305618286,-2.288212776184082,-2.0,-0.45232176780700684,0.8918548226356506,-0.4693669378757477,-0.556248128414154,-0.1027301773428917,-0.5734812617301941,-0.5965278780737129,-260.04700096420703,0.0,0.0
12.44,622,0.09903162717819214,0.995084285736084,0.09919421374797821,-0.24600672721862793,-2.257105827331543,-2.0,-0.46416425704956055,0.8857491612434387,-0.48269081115722656,-0.5631958842277527,-0.10933513939380646,-0.581885039806366,-0.6085611521230359,-260.6555621163301,0.0,0.0
12.46,623,0.09325063973665237,0.9956426620483398,0.09338632225990295,-0.29039472341537476,-2.219399929046631,-2.0,-0.4726382791996002,0.8812565207481384,-0.4922821819782257,-0.5658889412879944,-0.11438614875078201,-0.5856685042381287,-0.6160771307668775,-261.27163924709697,0.0,0.0
12.48,624,0.08659973740577698,0.9962431788444519,0.08670834451913834,-0.33389875292778015,-2.175201892852783,-2.0,-0.47772809863090515,0.8785077333450317,-0.49806681275367737,-0.5643278360366821,-0.11773543804883957,-0.5847751498222351,-0.6189905262327036,-261.8906297733297,0.0,0.0
12.5,625,0.07909779995679855,0.9968668818473816,0.0791805163025856,-0.3763915002346039,-2.12463641166687,-2.0,-0.4794255495071411,0.8775825500488281,-0.5,-0.5585233569145203,-0.11928430199623108,-0.5791805386543274,-0.6172473271153771,-262.50787710044506,0.0,0.0
12.52,626,0.07076634466648102,0.9974929094314575,0.07082554697990417,-0.41774845123291016,-2.067847490310669,-2.0,-0.47772809863090515,0.8785077333450317,-0.49806681275367737,-0.5484944581985474,-0.11898517608642578,-0.5688923597335815,-0.6108255455084529,-263.11870264595353,0.0,0.0
12.540000000000001,627,0.06162949651479721,0.9980990886688232,0.061668578535318375,-0.4578483998775482,-2.004997730255127,-2.0,-0.4726382791996002,0.8812565207481384,-0.4922821819782257,-0.534267783164978,-0.11684258282184601,-0.5539507269859314,-0.5997353902758381,-263.7184380362294,0.0,0.0
12.56,628,0.05171402543783188,0.9986619353294373,0.05173709988594055,-0.496573805809021,-1.936269760131836,-2.0,-0.46416425704956055,0.8857491612434387,-0.48269081115722656,-0.5158782601356506,-0.11291278898715973,-0.5344279408454895,-0.5840192836297781,-264.3024573198592,0.0,0.0
12.58,629,0.04104934260249138,0.9991571307182312,0.041060879826545715,-0.533811092376709,-1.861864447593689,-2.0,-0.45232176780700684,0.8918548226356506,-0.4693669378757477,-0.4933710992336273,-0.10730230063199997,-0.5104278326034546,-0.5637516911732704,-264.8662090110324,0.0,0.0
12.6,630,0.029667504131793976,0.9995598196983337,0.02967185713350773,-0.5694511532783508,-1.782002568244934,-2.0,-0.43713751435279846,0.899394690990448,-0.45241352915763855,-0.46680501103401184,-0.10016514360904694,-0.48208537697792053,-0.5390387952063265,-265.4052478062388,0.0,0.0
12.620000000000001,631,0.017603155225515366,0.999845027923584,0.01760406419634819,-0.6033896207809448,-1.6969242095947266,-2.0,-0.41865313053131104,0.9081462025642395,-0.43196171522140503,-0.4362562894821167,-0.09169883280992508,-0.4495657682418823,-0.5100175941067387,-265.9152654003455,0.0,0.0
12.64,632,0.004893497563898563,0.9999880194664001,0.00489351712167263,-0.6355273723602295,-1.6068880558013916,-2.0,-0.3969299793243408,0.9178488850593567,-0.40816962718963623,-0.401823490858078,-0.08213913440704346,-0.4130631387233734,-0.47685523254607554,-266.3921206328916,0.0,0.0
12.66,633,-0.008421799167990685,0.9999645352363586,-0.008421898819506168,-0.6657708287239075,-1.5121716260910034,-2.0,-0.3720543384552002,0.928210973739624,-0.3812212646007538,-0.36363252997398376,-0.07175358384847641,-0.3727993667125702,-0.4397477282365869,-266.83186836112816,0.0,0.0
12.68,634,-0.021100977435708046,0.9997773766517639,-0.02110254392027855,-0.6340321898460388,1.5869297981262207,2.0,-0.3441421687602997,0.9389175772666931,-0.35132497549057007,-0.323041170835495,-0.0608597956597805,-0.3302224278450012,-0.4001187212878118,-267.23198708241597,0.0,0.0
12.700000000000001,635,-0.033105526119470596,0.9994518756866455,-0.0331115759909153,-0.6004517078399658,1.6790266036987305,2.0,-0.31334367394447327,0.9496397972106934,-0.3187119960784912,-0.28023815155029297,-0.04981206730008125,-0.2856004238128662,-0.35821339847668837,-267.59020048089263,0.0,0.0
12.72,636,-0.044399574398994446,0.9990138411521912,-0.04441417381167412,-0.5651298761367798,1.7660908699035645,2.0,-0.27984675765037537,0.9600446820259094,-0.2836344838142395,-0.23544716835021973,-0.038969166576862335,-0.23922030627727509,-0.3142978217045717,-267.90449830259723,0.0,0.0
12.74,637,-0.054949935525655746,0.9984890818595886,-0.054977625608444214,-0.5281726121902466,1.8478622436523438,2.0,-0.2438790500164032,0.9698056578636169,-0.24636366963386536,-0.18892911076545715,-0.028683455660939217,-0.19138604402542114,-0.2686568569739197,-268.17315515957114,0.0,0.0
12.76,638,-0.06472615897655487,0.997903048992157,-0.06477143615484238,-0.4896906018257141,1.924100637435913,2.0,-0.20570865273475647,0.9786132574081421,-0.20718778669834137,-0.1409824937582016,-0.019289784133434296,-0.1424163579940796,-0.22159223057721458,-268.3947473901483,0.0,0.0
12.780000000000001,639,-0.07370053231716156,0.9972804188728333,-0.07376741617918015,-0.4497988820075989,1.9945861101150513,2.0,-0.16564279794692993,0.9861857891082764,-0.16640977561473846,-0.09194225817918777,-0.011094600893557072,-0.09264235198497772,-0.1734203698700522,-268.56816776001835,0.0,0.0
12.8,640,-0.08184808492660522,0.9966447949409485,-0.08193974941968918,-0.4086165130138397,2.05911922454834,2.0,-0.12402476370334625,0.9922791123390198,-0.12434494495391846,-0.04217667505145073,-0.004365693312138319,-0.04240519553422928,-0.12447002866531315,-268.69263778868367,0.0,0.0
12.82,641,-0.08914656937122345,0.9960185289382935,-0.08926507085561752,-0.3662661015987396,2.117520332336426,2.0,-0.08122898638248444,0.9966954588890076,-0.08131857961416245,0.007917579263448715,0.0006769470637664199,0.007946486584842205,-0.07507987604651972,-268.7677176647302,0.0,0.0
12.84,642,-0.09557642787694931,0.9954220652580261,-0.09572254121303558,-0.32287347316741943,2.169630765914917,2.0,-0.03765450045466423,0.9992908239364624,-0.037663403898477554,0.05792192369699478,0.0038687228225171566,0.05805913731455803,-0.054403958909055146,-268.82212162363925,0.0,0.0
12.86,643,-0.10112075507640839,0.9948741793632507,-0.1012938842177391,-0.27856725454330444,2.215311288833618,2.0,0.006282978691160679,0.9999802708625793,0.006283020135015249,0.10740373283624649,0.005106102209538221,0.10757690668106079,-0.10363047972154135,-268.92575210336076,0.0,0.0
12.88,644,-0.10576526820659637,0.994391143321991,-0.10596345365047455,-0.23347841203212738,2.2544422149658203,2.0,0.05015980079770088,0.9987412095069885,0.05018085613846779,0.15592506527900696,0.004350080620497465,0.15614430606365204,-0.15224647196895977,-269.07799857532973,0.0,0.0
12.9,645,-0.10949824750423431,0.993986964225769,-0.10971824824810028,-0.18773993849754333,2.286923408508301,2.0,0.09355364739894867,0.995614230632782,0.0936906561255455,0.20305189490318298,0.0016272515058517456,0.20340891182422638,-0.19989910683316056,-269.2778976821629,0.0,0.0
12.92,646,-0.11231052130460739,0.9936731457710266,-0.11254797875881195,-0.14148646593093872,2.312673568725586,2.0,0.1360526978969574,0.9907016158103943,0.13647596538066864,0.24836322665214539,-0.0029715579003095627,0.2490239441394806,-0.24623863623196282,-269.5241363183949,0.0,0.0
12.94,647,-0.11419539153575897,0.9934583306312561,-0.11444506049156189,-0.09485386312007904,2.3316304683685303,2.0,0.17726421356201172,0.9841632843017578,0.1782059371471405,0.2914595901966095,-0.009295010007917881,0.2926509976387024,-0.2909210227351826,-269.81505734113006,0.0,0.0
12.96,648,-0.1151486411690712,0.9933483004570007,-0.1154046356678009,-0.04797887057065964,2.343749523162842,2.0,0.2168220430612564,0.9762111306190491,0.21855787932872772,0.3319706916809082,-0.01713712513446808,0.3339625298976898,-0.3336105718983809,-270.1486679130284,0.0,0.0
12.98,649,-0.1151684820652008,0.9933459758758545,-0.11542461067438126,-0.0009987631347030401,2.3490052223205566,2.0,0.2543927729129791,0.967100977897644,0.25721976161003113,0.36956125497817993,-0.026244986802339554,0.3726443648338318,-0.37398248934306505,-270.5226504023715,0.0,0.0
13.0,650,-0.11425556987524033,0.9934514164924622,-0.11450562626123428,0.04594902694225311,2.3473894596099854,2.0,0.2896801233291626,0.9571235179901123,0.29389262199401855,0.4039357006549835,-0.03632787615060806,0.40839824080467224,-0.41172539105934075,-270.93437579343083,0.0,0.0
13.02,651,-0.11241297423839569,0.9936615824699402,-0.11265108734369278,0.09272727370262146,2.33891224861145,2.0,0.32242754101753235,0.9465941190719604,0.3282928764820099,0.43484053015708923,-0.04706742987036705,0.44094395637512207,-0.4465437059733776,-271.38091949940423,0.0,0.0
13.040000000000001,652,-0.10964620113372803,0.9939706921577454,-0.10986709594726562,0.13919930160045624,2.323601245880127,2.0,0.35241883993148804,0.9358423948287964,0.36015450954437256,0.46206504106521606,-0.058128297328948975,0.4700216054916382,-0.4781599745207942,-271.859079473925,0.0,0.0
13.06,653,-0.10596320778131485,0.9943700432777405,-0.10616251081228256,0.1852293312549591,2.301501989364624,2.0,0.3794771730899811,0.9252011179924011,0.3892311453819275,0.4854404032230377,-0.06916895508766174,0.49539366364479065,-0.5063170208620434,-272.3653964947871,0.0,0.0
13.08,654,-0.10137441009283066,0.994848370552063,-0.10154885053634644,0.23068289458751678,2.2726781368255615,2.0,0.40346255898475647,0.9149961471557617,0.4152979552745819,0.5048369765281677,-0.07985219359397888,0.516846776008606,-0.5307799987014781,-272.89617649348855,0.0,0.0
13.1,655,-0.09589273482561111,0.9953916668891907,-0.09604030847549438,0.2754271328449249,2.2372117042541504,2.0,0.42426797747612,0.9055367112159729,0.43815332651138306,0.5201607346534729,-0.08985498547554016,0.5341936349868774,-0.5513382659456202,-273.44751475943417,0.0,0.0
13.120000000000001,656,-0.08953363448381424,0.9959837794303894,-0.08965368568897247,0.31933116912841797,2.195202350616455,2.0,0.4418147802352905,0.8971062898635864,0.4576205909252167,0.5313484072685242,-0.09887750446796417,0.5472742915153503,-0.5678070136161486,-274.01532177305035,0.0,0.0
13.14,657,-0.0823151096701622,0.9966063499450684,-0.0824083536863327,0.36226654052734375,2.146768808364868,2.0,0.45604774355888367,0.8899553418159485,0.47354915738105774,0.5383628606796265,-0.10665103793144226,0.5559574961662292,-0.5800289469508169,-274.59535072000114,0.0,0.0
13.16,658,-0.07425779104232788,0.9972390532493591,-0.07432620227336884,0.4041075110435486,2.092048406600952,2.0,0.46692997217178345,0.8842942714691162,0.4858158528804779,0.5411877632141113,-0.11294478923082352,0.5601420998573303,-0.5878753629474055,-275.1832260829485,0.0,0.0
13.18,659,-0.0653848946094513,0.9978601336479187,-0.06543157249689102,0.4447314739227295,2.0311975479125977,2.0,0.474438339471817,0.8802887201309204,0.4943258762359619,0.5398232340812683,-0.1175713762640953,0.5597574710845947,-0.591247428924331,-275.7744735118728,0.0,0.0
13.200000000000001,660,-0.05572231486439705,0.9984462857246399,-0.05575118958950043,0.48401930928230286,1.9643919467926025,2.0,0.4785594642162323,0.8780551552772522,0.49901336431503296,0.5342817902565002,-0.12039115279912949,0.5547645688056946,-0.5900770659763178,-276.3645505778492,0.0,0.0
13.22,661,-0.04529856517910957,0.9989734888076782,-0.04531407356262207,0.5218558311462402,1.8918261528015137,2.0,0.47928696870803833,0.8776582479476929,0.49984210729599,0.5245855450630188,-0.12131524085998535,0.5451561808586121,-0.584327437273581,-276.9488780151228,0.0,0.0
13.24,662,-0.03414483368396759,0.9994168877601624,-0.03415147215127945,0.558130145072937,1.813714623451233,2.0,0.47661980986595154,0.8791095614433289,0.49680566787719727,0.5107645988464355,-0.12030736356973648,0.5309571027755737,-0.5739935776281444,-277.5228715927509,0.0,0.0
13.26,663,-0.0222949031740427,0.9997514486312866,-0.02229675091803074,0.5927359461784363,1.7302907705307007,2.0,0.4705619513988495,0.882366955280304,0.4899275302886963,0.49285683035850525,-0.11738447099924088,0.5122242569923401,-0.5591024192940217,-278.08197401204495,0.0,0.0
13.280000000000001,664,-0.009785153903067112,0.9999521374702454,-0.009785309433937073,0.6255720853805542,1.641807198524475,2.0,0.4611234664916992,0.8873359560966492,0.4792608916759491,0.47090861201286316,-0.11261613667011261,0.48904621601104736,-0.5397128399268782,-278.62168685197184,0.0,0.0
13.3,665,0.003345540026202798,0.9999943971633911,0.0033455463126301765,0.6565427780151367,1.5485353469848633,2.0,0.44832292199134827,0.8938716650009155,0.46488824486732483,0.44497737288475037,-0.10612273216247559,0.46154269576072693,-0.5159153454101367,-279.13760219738197,0.0,0.0
13.32,666,0.017055880278348923,0.999854564666748,0.01705670729279518,0.6855580806732178,1.450764775276184,2.0,0.43219074606895447,0.901782214641571,0.4469207227230072,0.41513484716415405,-0.09807232022285461,0.42986398935317993,-0.4878315367637394,-279.6254337341457,0.0,0.0
13.34,667,0.031302276998758316,0.9995099902153015,0.031307391822338104,0.7125341296195984,1.348802924156189,2.0,0.4127737283706665,0.9108335971832275,0.42549723386764526,0.3814714550971985,-0.08867636322975159,0.39418986439704895,-0.45561333161098844,-280.0810470657567,0.0,0.0
13.36,668,0.04603898525238037,0.9989396333694458,0.04605526477098465,0.7373936176300049,1.2429734468460083,2.0,0.3901398777961731,0.9207556247711182,0.4007834792137146,0.3441008925437927,-0.07818403840065002,0.35472822189331055,-0.41944197036073444,-280.5004890361174,0.0,0.0
13.38,669,0.06002048775553703,0.9981971383094788,0.06005658209323883,0.7000659108161926,-1.8663840293884277,-2.0,0.36438336968421936,0.9312490224838257,0.3729705810546875,0.3043628931045532,-0.06694811582565308,0.3129139840602875,-0.38072689694620165,-280.88121593306363,0.0,0.0
13.4,670,0.07320521771907806,0.9973168969154358,0.0732707604765892,0.6607088446617126,-1.9678531885147095,-2.0,0.3356296420097351,0.9419940114021301,0.3422735631465912,0.26242440938949585,-0.05532287061214447,0.2690027952194214,-0.33969982130839366,-281.220915754372,0.0,0.0
13.42,671,0.08555486798286438,0.9963334798812866,0.08565958589315414,0.6194412112236023,-2.0633840560913086,-2.0,0.30403926968574524,0.9526594877243042,0.30892980098724365,0.21848441660404205,-0.04367396607995033,0.2232702225446701,-0.2966139795084249,-281.51752973388045,0.0,0.0
13.44,672,0.09703440219163895,0.9952810406684875,0.09718732535839081,0.5763872265815735,-2.1526989936828613,-2.0,0.2698114216327667,0.9629132151603699,0.2731971740722656,0.17277701199054718,-0.03236784413456917,0.17600984871387482,-0.25174247304756864,-281.769272206928,0.0,0.0
13.46,673,0.10761206597089767,0.9941929578781128,0.10782085359096527,0.5316762924194336,-2.2355451583862305,-2.0,0.23318526148796082,0.9724323153495789,0.23535196483135223,0.12557320296764374,-0.02176063321530819,0.12753111124038696,-0.2053763198932944,-281.9746485268213,0.0,0.0
13.48,674,0.11725930869579315,0.9931013584136963,0.11752970516681671,0.4854424297809601,-2.3116936683654785,-2.0,0.1944403052330017,0.9809143543243408,0.19568683207035065,0.07718099653720856,-0.01218697801232338,0.07815712690353394,-0.15782226186983742,-282.13247078869114,0.0,0.0
13.5,675,0.12595076858997345,0.9920365214347839,0.12628617882728577,0.43782365322113037,-2.380939483642578,-2.0,0.15389446914196014,0.9880872964859009,0.15450850129127502,0.027943698689341545,-0.003949203062802553,0.02822232060134411,-0.10940065611893865,-282.2418714448101,0.0,0.0
13.52,676,0.13366416096687317,0.9910266995429993,0.1340654045343399,0.3889616131782532,-2.443101167678833,-2.0,0.11190052330493927,0.9937193989753723,0.1121353805065155,-0.021763641387224197,0.0026927280705422163,-0.0219300277531147,-0.06044309282285051,-282.3023145376329,0.0,0.0
13.540000000000001,677,0.14038021862506866,0.9900976419448853,0.1408454328775406,0.33900120854377747,-2.4980201721191406,-2.0,0.06884065270423889,0.9976276755332947,0.06889514625072479,-0.07153957337141037,0.007530000060796738,-0.0719502866268158,-0.0687100524187938,-282.3710245900517,0.0,0.0
13.56,678,0.14608260989189148,0.98927241563797,0.14660723507404327,0.2880900204181671,-2.545560121536255,-2.0,0.025119516998529434,0.9996844530105591,0.025122158229351044,-0.12096308916807175,0.010412060655653477,-0.12148507684469223,-0.11771208710835832,-282.4887366771601,0.0,0.0
13.58,679,0.1507578045129776,0.9885707497596741,0.15133479237556458,0.23637789487838745,-2.585606098175049,-2.0,-0.01884397678077221,0.9998224377632141,-0.01884509064257145,-0.16960178315639496,0.01125170849263668,-0.17017988860607147,-0.16621263309400935,-282.6549493102541,0.0,0.0
13.6,680,0.15439504384994507,0.9880092144012451,0.15501512587070465,0.18401660025119781,-2.6180646419525146,-2.0,-0.06262560933828354,0.9980370998382568,-0.06266661733388901,-0.217020645737648,0.01002789381891489,-0.21768173575401306,-0.21386021405041236,-282.8688095243045,0.0,0.0
13.620000000000001,681,0.15698623657226562,0.9876008033752441,0.1576383113861084,0.13115936517715454,-2.64286208152771,-2.0,-0.10580514371395111,0.9943869113922119,-0.10600355267524719,-0.26279139518737793,0.006786092184484005,-0.2636418640613556,-0.26030492797038096,-283.12911445227485,0.0,0.0
13.64,682,0.15852592885494232,0.9873548150062561,0.15919752418994904,0.07796046882867813,-2.659944772720337,-2.0,-0.1479753702878952,0.9889910221099854,-0.1485207974910736,-0.3065012991428375,0.0016362312017008662,-0.30771830677986145,-0.3052010726447583,-283.4343155249196,0.0,0.0
13.66,683,0.15901118516921997,0.9872767925262451,0.1596890240907669,0.02457490563392639,-2.6692779064178467,-2.0,-0.18875043094158173,0.9820250868797302,-0.1898895502090454,-0.3477616310119629,-0.005251691676676273,-0.3495785593986511,-0.3482098155886804,-283.7825253405083,0.0,0.0
13.68,684,0.1584416627883911,0.9873683452606201,0.15911217033863068,-0.0288420207798481,-2.670846462249756,-2.0,-0.22777298092842102,0.973714292049408,-0.22978992760181427,-0.38621464371681213,-0.013654075562953949,-0.38890209794044495,-0.3890017278816403,-284.17152706838993,0.0,0.0
13.700000000000001,685,0.15681949257850647,0.9876272678375244,0.1574694812297821,-0.08213508129119873,-2.6646530628204346,-2.0,-0.2647198438644409,0.9643253684043884,-0.2679134011268616,-0.4215393364429474,-0.023301919922232628,-0.4253828823566437,-0.4272594036698761,-284.5987864720598,0.0,0.0
13.72,686,0.1541493833065033,0.9880475401878357,0.1547664850950241,-0.13514946401119232,-2.650719404220581,-2.0,-0.29930591583251953,0.9541571736335754,-0.30396515130996704,-0.4534552991390228,-0.03389035165309906,-0.45873162150382996,-0.46267988783717945,-285.061466359897,0.0,0.0
13.74,687,0.1504385620355606,0.9886193871498108,0.1510118693113327,-0.18773119151592255,-2.6290860176086426,-2.0,-0.3312861919403076,0.9435303211212158,-0.337666392326355,-0.48172473907470703,-0.04508903995156288,-0.4886782765388489,-0.4949770142755071,-285.5564433741725,0.0,0.0
13.76,688,0.14569686353206635,0.9893292784690857,0.14621731638908386,-0.2397274225950241,-2.5998117923736572,-2.0,-0.36045587062835693,0.9327762722969055,-0.36875656247138977,-0.5061527490615845,-0.056553006172180176,-0.5149738788604736,-0.5238837068427471,-286.08032708101524,0.0,0.0
13.780000000000001,689,0.13993678987026215,0.9901604652404785,0.1403975784778595,-0.29098692536354065,-2.5629749298095703,-2.0,-0.3866489827632904,0.9222269654273987,-0.3969951868057251,-0.5265857577323914,-0.06793347746133804,-0.537392795085907,-0.5491541385843456,-286.6294812195996,0.0,0.0
13.8,690,0.13317355513572693,0.9910927414894104,0.1335703730583191,-0.3413603901863098,-2.5186729431152344,-2.0,-0.40973538160324097,0.9122044444084167,-0.4221639633178711,-0.5429089665412903,-0.07888831198215485,-0.5557343363761902,-0.5705655553465714,-287.20004677494614,0.0,0.0
13.82,691,0.12542514503002167,0.992103099822998,0.12575635313987732,-0.3907008469104767,-2.4670233726501465,-2.0,-0.42961665987968445,0.9030113816261292,-0.44406822323799133,-0.5550417900085449,-0.0890917181968689,-0.5698245763778687,-0.5879203149339514,-287.7879670898801,0.0,0.0
13.84,692,0.11671245843172073,0.9931657314300537,0.11697907000780106,-0.438864141702652,-2.4081642627716064,-2.0,-0.44622138142585754,0.8949226140975952,-0.46253859996795654,-0.5629338622093201,-0.09824314713478088,-0.579517662525177,-0.6010472922315483,-288.38901438211167,0.0,0.0
13.86,693,0.1070593073964119,0.994252622127533,0.10726488381624222,-0.48570922017097473,-2.342254400253296,-2.0,-0.45950010418891907,0.8881776928901672,-0.4774322807788849,-0.566559374332428,-0.10607491433620453,-0.5846971273422241,-0.609803484533498,-288.99881786664514,0.0,0.0
13.88,694,0.09649254381656647,0.995333731174469,0.09664291143417358,-0.5310987234115601,-2.269474744796753,-2.0,-0.4694202244281769,0.8829748630523682,-0.48863404989242554,-0.5659127831459045,-0.11235882341861725,-0.5852769613265991,-0.6140751910085083,-289.61289305765365,0.0,0.0
13.9,695,0.0850420817732811,0.9963773488998413,0.08514492213726044,-0.5748992562294006,-2.1900277137756348,-2.0,-0.475961834192276,0.8794659376144409,-0.4960573613643646,-0.5610039234161377,-0.11691141873598099,-0.5812022686004639,-0.6137789747156209,-290.22667203236927,0.0,0.0
13.92,696,0.07274097949266434,0.9973508715629578,0.07280528545379639,-0.6169820427894592,-2.1041383743286133,-2.0,-0.47911372780799866,0.8777528405189514,-0.4996447265148163,-0.5518547296524048,-0.11959803849458694,-0.5724500417709351,-0.6088626454184235,-290.8355346777877,0.0,0.0
13.94,697,0.05962543562054634,0.9982208013534546,0.05966082215309143,-0.6572231650352478,-2.012054920196533,-2.0,-0.47887122631073,0.8778851628303528,-0.49936848878860474,-0.5384966731071472,-0.1203356683254242,-0.5590292811393738,-0.5993055478192016,-291.4348402256069,0.0,0.0
13.96,698,0.04573478177189827,0.998953640460968,0.04575074091553688,-0.6955041289329529,-1.9140483140945435,-2.0,-0.47523465752601624,0.8798590898513794,-0.49523070454597473,-0.5209694504737854,-0.11909452825784683,-0.5409814715385437,-0.5851192280361165,-292.01995945364297,0.0,0.0
13.98,699,0.031111471354961395,0.999515950679779,0.031116493046283722,-0.7317123413085938,-1.8104122877120972,-2.0,-0.46820956468582153,0.8836174607276917,-0.48726344108581543,-0.4993210434913635,-0.11589846760034561,-0.5183799266815186,-0.5663471968390189,-292.586306650482,0.0,0.0
14.0,700,0.015801003202795982,0.9998751282691956,0.01580166071653366,-0.7657415866851807,-1.7014634609222412,-2.0,-0.45780816674232483,0.8890510201454163,-0.4755282700061798,-0.47360914945602417,-0.11082415282726288,-0.4913299083709717,-0.5430651010499123,-293.12937175153195,0.0,0.0
14.02,701,-0.0001481885847169906,1.0,-0.0001481885847169906,-0.7974924445152283,-1.5875405073165894,-2.0,-0.44405198097229004,0.8960010409355164,-0.460115909576416,-0.4439038038253784,-0.10399895906448364,-0.4599677324295044,-0.5153800814155726,-293.6447518329475,0.0,0.0
14.040000000000001,702,-0.016684863716363907,0.9998608231544495,-0.016685638576745987,-0.8268725275993347,-1.469003677368164,-2.0,-0.42697566747665405,0.9042630791664124,-0.4411455988883972,-0.41029080748558044,-0.09559769183397293,-0.42445996403694153,-0.4834302709365413,-294.12818210388406,0.0,0.0
14.06,703,-0.033755168318748474,0.9994301199913025,-0.033761583268642426,-0.853797197341919,-1.3462333679199219,-2.0,-0.40663158893585205,0.9135922193527222,-0.41876402497291565,-0.3728764057159424,-0.08583790808916092,-0.3850024342536926,-0.4473840168427438,-294.5755661207268,0.0,0.0
14.08,704,-0.050519201904535294,0.9987230896949768,-0.05054071545600891,-0.8389567136764526,0.7420237064361572,0.6155368685722351,-0.3830946385860443,0.9237090945243835,-0.3931442201137543,-0.3325754404067993,-0.07501399517059326,-0.34260350465774536,-0.37201216561878636,-294.9475782863456,0.0,0.0
14.1,705,-0.06650945544242859,0.9977858066558838,-0.0665585845708847,-0.8008936047554016,1.9031559228897095,2.0,-0.3564675450325012,0.9343076944351196,-0.3644843101501465,-0.28995808959007263,-0.06347808241844177,-0.297925740480423,-0.3665856325894654,-295.3141639189351,0.0,0.0
14.120000000000001,706,-0.0816776230931282,0.9966588020324707,-0.0817687064409256,-0.7605060338973999,2.019376754760742,2.0,-0.32688531279563904,0.9450640082359314,-0.3330059349536896,-0.24520768225193024,-0.05159478262066841,-0.2512372136116028,-0.32271560179886744,-295.63687952073394,0.0,0.0
14.14,707,-0.09597907215356827,0.9953833818435669,-0.09612704068422318,-0.7179167866706848,2.1294620037078857,2.0,-0.2945193350315094,0.9556455016136169,-0.29895249009132385,-0.19854025542736053,-0.03973782807588577,-0.20282544195652008,-0.2768788906003843,-295.9137584113343,0.0,0.0
14.16,708,-0.10937289893627167,0.9940007925033569,-0.10959214717149734,-0.6732550263404846,2.2330877780914307,2.0,-0.2595800459384918,0.965721607208252,-0.262587308883667,-0.15020714700222015,-0.028279192745685577,-0.15299516916275024,-0.22936034489259696,-296.1431187562269,0.0,0.0
14.18,709,-0.12182191759347916,0.9925519824028015,-0.12212526053190231,-0.6266558766365051,2.329958200454712,2.0,-0.22231827676296234,0.9749741554260254,-0.2241916060447693,-0.10049635916948318,-0.017577828839421272,-0.10206634551286697,-0.1804620461155945,-296.3235808023425,0.0,0.0
14.200000000000001,710,-0.1332925707101822,0.9910767078399658,-0.1336904615163803,-0.5782597661018372,2.419804334640503,2.0,-0.18302473425865173,0.9831082820892334,-0.18406227231025696,-0.049732159823179245,-0.007968423888087273,-0.050371818244457245,-0.1305011474401244,-296.4540819497826,0.0,0.0
14.22,711,-0.14375491440296173,0.9896132946014404,-0.14425469934940338,-0.5282120704650879,2.502384901046753,2.0,-0.14202775061130524,0.9898626804351807,-0.14250962436199188,0.001727161812596023,0.0002493553329259157,0.0017450692830607295,-0.07980757179843223,-296.53388952158105,0.0,0.0
14.24,712,-0.15318246185779572,0.988197922706604,-0.15378795564174652,-0.47666239738464355,2.577484607696533,2.0,-0.09968913346529007,0.9950186610221863,-0.09985499083995819,0.05349333584308624,0.00682070991024375,0.05393295735120773,-0.051278324171323546,-296.5851678457524,0.0,0.0
14.26,713,-0.16155211627483368,0.9868642091751099,-0.16226322948932648,-0.42376410961151123,2.6449148654937744,2.0,-0.05639825016260147,0.9984083771705627,-0.05642819404602051,0.10515386611223221,0.011544170789420605,0.10583503544330597,-0.10240823978327174,-296.6875760855356,0.0,0.0
14.280000000000001,714,-0.16884399950504303,0.9856427907943726,-0.16965670883655548,-0.36967387795448303,2.7045109272003174,2.0,-0.01256471686065197,0.9999210834503174,-0.012565047480165958,0.1562792807817459,0.014278273098170757,0.1570916622877121,-0.1532285143172914,-296.8408045998529,0.0,0.0
14.3,715,-0.1750413179397583,0.9845610857009888,-0.17594772577285767,-0.3145512342453003,2.7561323642730713,2.0,0.031390100717544556,0.9995071887969971,0.031395260244607925,0.20643141865730286,0.014946120791137218,0.2073429971933365,-0.20338268563440964,-297.04418728548734,0.0,0.0
14.32,716,-0.180130273103714,0.9836427569389343,-0.1811188906431198,-0.2585580050945282,2.7996621131896973,2.0,0.07504218071699142,0.9971803426742554,0.07511279731988907,0.255172461271286,0.013537597842514515,0.2562316954135895,-0.2525141532453294,-297.29670143873267,0.0,0.0
14.34,717,-0.18409991264343262,0.9829075336456299,-0.18515604734420776,-0.20185790956020355,2.8350043296813965,2.0,0.11797410994768143,0.9930166602134705,0.11824949830770493,0.30207404494285583,0.010109137743711472,0.3034055531024933,-0.3002688484317711,-297.5969702871644,0.0,0.0
14.36,718,-0.18694202601909637,0.9823709726333618,-0.1880483776330948,-0.14461620151996613,2.8620848655700684,2.0,0.1597839742898941,0.9871519804000854,0.1604718118906021,0.3467260003089905,0.004781059920787811,0.3485201895236969,-0.3462978735988328,-297.94326816076324,0.0,0.0
14.38,719,-0.18865105509757996,0.9820441603660583,-0.189788356423378,-0.08699923008680344,2.8808491230010986,2.0,0.2000933736562729,0.9797768592834473,0.20145322382450104,0.38874444365501404,-0.0022673499770462513,0.39124158024787903,-0.3902601717153193,-298.3335283324786,0.0,0.0
14.4,720,-0.1892240345478058,0.9819339513778687,-0.19037184119224548,-0.029173973947763443,2.8912625312805176,2.0,0.2385542392730713,0.9711291790008545,0.24087683856487274,0.4277782738208771,-0.010804766789078712,0.43124866485595703,-0.4318250631271819,-298.76535339560576,0.0,0.0
14.42,721,-0.18866051733493805,0.9820423722267151,-0.1897979974746704,0.028692223131656647,2.8933098316192627,2.0,0.2748539447784424,0.9614859819412231,0.2784378230571747,0.4635144770145416,-0.020556379109621048,0.4682357907295227,-0.47067483341655497,-299.23602822902234,0.0,0.0
14.44,722,-0.18696263432502747,0.9823670387268066,-0.18806935846805573,0.08643209934234619,2.886993885040283,2.0,0.308718740940094,0.9511533975601196,0.313845694065094,0.49568137526512146,-0.031213652342557907,0.5019150376319885,-0.5065071759272657,-299.7425354049496,0.0,0.0
14.46,723,-0.18413503468036652,0.9829009771347046,-0.1851917803287506,0.14387883245944977,2.8723363876342773,2.0,0.33991512656211853,0.9404560923576355,0.3468266427516937,0.5240501761436462,-0.04244484007358551,0.5320184230804443,-0.539037470384029,-300.2815728753336,0.0,0.0
14.48,724,-0.18018493056297302,0.9836327433586121,-0.18117444217205048,0.20086638629436493,2.8493781089782715,2.0,0.36824968457221985,0.9297269582748413,0.37712568044662476,0.5484346151351929,-0.05390581488609314,0.5583001375198364,-0.568001091296706,-300.8495739666303,0.0,0.0
14.5,725,-0.17512217164039612,0.9845467209815979,-0.17602984607219696,0.2572299540042877,2.818178176879883,2.0,0.39356696605682373,0.9192959666252136,0.404508501291275,0.5686891078948975,-0.06525076180696487,0.5805383324623108,-0.5931555299837332,-301.44272949661405,0.0,0.0
14.52,726,-0.1689593344926834,0.9856230020523071,-0.16977372765541077,0.31280624866485596,2.778815269470215,2.0,0.41574639081954956,0.9094805717468262,0.42876332998275757,0.5847057104110718,-0.07614243775606155,0.598537027835846,-0.6142822257373873,-302.05701172235143,0.0,0.0
14.540000000000001,727,-0.16171181201934814,0.9868380427360535,-0.16242504119873047,0.367434024810791,2.7313880920410156,2.0,0.4346977472305298,0.9005764126777649,0.4497026205062866,0.5964095592498779,-0.08626161515712738,0.6121276617050171,-0.6311883741205626,-302.688200096472,0.0,0.0
14.56,728,-0.15339790284633636,0.988164484500885,-0.1540059596300125,0.4209543466567993,2.676015853881836,2.0,0.4503563940525055,0.8928488492965698,0.46716445684432983,0.6037542819976807,-0.09531562775373459,0.6211704015731812,-0.6437085780023062,-303.3319086744743,0.0,0.0
14.58,729,-0.14403896033763885,0.9895719885826111,-0.14454174041748047,0.4732111096382141,2.6128392219543457,2.0,0.4626781940460205,0.8865262866020203,0.48101383447647095,0.6067171692848206,-0.10304571688175201,0.6255555748939514,-0.651706192000544,-303.9836148664748,0.0,0.0
14.6,730,-0.1336594969034195,0.991027295589447,-0.13406071066856384,0.5240515470504761,2.5420212745666504,2.0,0.4716346263885498,0.8817940354347229,0.4911436140537262,0.6052941679954529,-0.10923325270414352,0.62520432472229,-0.655074538803931,-304.63868940527874,0.0,0.0
14.620000000000001,731,-0.122287318110466,0.9924947619438171,-0.12259417772293091,0.5733265280723572,2.46374773979187,2.0,0.47720855474472046,0.8787900805473328,0.4974755048751831,0.5994958877563477,-0.11370467394590378,0.620069682598114,-0.6537377884098755,-305.29242719368864,0.0,0.0
14.64,732,-0.10995358228683472,0.9939367175102234,-0.11017635464668274,0.6208910942077637,2.3782291412353516,2.0,0.4793908894062042,0.8776015043258667,0.4999605119228363,0.5893445014953613,-0.11633523553609848,0.610136866569519,-0.6476518575738927,-305.94007905126256,0.0,0.0
14.66,733,-0.09669294208288193,0.9953142404556274,-0.09684424847364426,0.6666050553321838,2.2857000827789307,2.0,0.4781784117221832,0.8782626986503601,0.4985794425010681,0.5748713612556458,-0.11705153435468674,0.595423698425293,-0.636804762926841,-306.5768838141894,0.0,0.0
14.68,734,-0.08254355937242508,0.9965874552726746,-0.08263757824897766,0.710333526134491,2.1864206790924072,2.0,0.47357288002967834,0.8807546496391296,0.49334296584129333,0.5561164021492004,-0.11583281308412552,0.575980544090271,-0.6212170235602305,-307.1981008377496,0.0,0.0
14.700000000000001,735,-0.06754717230796814,0.9977160692214966,-0.06759864091873169,0.7519470453262329,2.080676794052124,2.0,0.4655815362930298,0.885004997253418,0.48429158329963684,0.5331286787986755,-0.11271108686923981,0.5518901944160461,-0.6009416062661581,-307.79904244401575,0.0,0.0
14.72,736,-0.05174906179308891,0.998660147190094,-0.051772188395261765,0.791322648525238,1.968780279159546,2.0,0.45421892404556274,0.8908901214599609,0.47149527072906494,0.5059679746627808,-0.10777001082897186,0.5232674479484558,-0.5760637709763414,-308.3751062149921,0.0,0.0
14.74,737,-0.03519803658127785,0.999380350112915,-0.035205308347940445,0.8283440470695496,1.8510690927505493,2.0,0.43950989842414856,0.8982377648353577,0.4550529718399048,0.4747079312801361,-0.10114261507987976,0.4902583062648773,-0.5467005780054552,-308.9218067929976,0.0,0.0
14.76,738,-0.01794630102813244,0.9998389482498169,-0.01794726401567459,0.8629021644592285,1.7279067039489746,2.0,0.4214937090873718,0.9068313241004944,0.43509188294410706,0.4394400119781494,-0.0930076315999031,0.45303913950920105,-0.5130002360580872,-309.43480702905566,0.0,0.0
14.780000000000001,739,-4.93487277708482e-05,1.0,-4.93487277708482e-05,0.8948957920074463,1.59968101978302,2.0,0.4002286195755005,0.9164153337478638,0.41176629066467285,0.4002779722213745,-0.08358466625213623,0.4118156433105469,-0.4751412316732624,-309.9099482607289,0.0,0.0
14.8,740,0.01840386912226677,0.9998306632041931,0.01840490847826004,0.9227128028869629,1.390852689743042,1.8987308740615845,0.37579697370529175,0.9267020225524902,0.3852566182613373,0.3573930859565735,-0.0731286108493805,0.36685171723365784,-0.4294131743903855,-310.3393614351193,0.0,0.0
14.82,741,0.03618326038122177,0.9993451833724976,0.03619116172194481,0.8893126845359802,-1.6700081825256348,-2.0,0.3483102321624756,0.9373793005943298,0.3557678461074829,0.3121269643306732,-0.06196585297584534,0.3195766806602478,-0.3890654571374282,-310.7284268922567,0.0,0.0
14.84,742,0.05323241278529167,0.998582124710083,0.05325758829712868,0.8533213138580322,-1.7995675802230835,-2.0,0.3179134726524353,0.9481196999549866,0.323527991771698,0.2646810710430145,-0.05046242102980614,0.2702704071998596,-0.3425102587235645,-311.0709371509803,0.0,0.0
14.86,743,0.06949847936630249,0.9975820779800415,0.06955455243587494,0.8148481845855713,-1.9236570596694946,-2.0,0.2847890555858612,0.9585902094841003,0.2887863516807556,0.21529056131839752,-0.03899184241890907,0.21923179924488068,-0.29397344094356886,-311.36491059192383,0.0,0.0
14.88,744,0.08493231236934662,0.996386706829071,0.08503475785255432,0.7740103602409363,-2.0418918132781982,-2.0,0.2491588294506073,0.9684626460075378,0.25181159377098083,0.16422651708126068,-0.02792408876121044,0.1667768359184265,-0.24375159416395478,-311.60866218608777,0.0,0.0
14.9,745,0.09948854148387909,0.9950386881828308,0.09965340048074722,0.7309320569038391,-2.1539149284362793,-2.0,0.21128518879413605,0.9774244427680969,0.2128896415233612,0.11179664731025696,-0.017614251002669334,0.11323624849319458,-0.19215819552292818,-311.8008203816107,0.0,0.0
14.92,746,0.11312559247016907,0.99358069896698,0.11336828023195267,0.6857441067695618,-2.25939679145813,-2.0,0.17146988213062286,0.9851893782615662,0.17232146859169006,0.058344293385744095,-0.008391334675252438,0.0589531809091568,-0.139521361299209,-311.94034174290994,0.0,0.0
14.94,747,0.12580570578575134,0.9920548796653748,0.12613995373249054,0.6385833621025085,-2.358036994934082,-2.0,0.13005132973194122,0.9915072321891785,0.1304207593202591,0.0042456286028027534,-0.0005476379883475602,0.004280805587768555,-0.08618152117736064,-312.0265232640873,0.0,0.0
14.96,748,0.13749484717845917,0.9905024766921997,0.13793179392814636,0.5895920991897583,-2.4495623111724854,-2.0,0.08739987760782242,0.9961733222007751,0.08751153200864792,-0.05009496957063675,0.00567082641646266,-0.050420261919498444,-0.04751103034315889,-312.0740342944305,0.0,0.0
14.98,749,0.1481626331806183,0.9889630079269409,0.14871014654636383,0.5389175415039062,-2.5337281227111816,-2.0,0.04391147568821907,0.9990354180335999,0.04392559826374054,-0.10425116121768951,0.010072416625916958,-0.1047845408320427,-0.10119860870011116,-312.17523290313056,0.0,0.0
15.0,750,0.15778225660324097,0.9874739050865173,0.1584443598985672,0.4867112338542938,-2.610316038131714,-2.0,-4.904777103602732e-16,1.0,-4.904777103602732e-16,-0.15778225660324097,0.012526070699095726,-0.1584443598985672,-0.15451876709829612,-312.32975167022886,0.0,0.0
15.02,751,0.16633029282093048,0.9860700964927673,0.16710694134235382,0.4331285357475281,-2.6791346073150635,-2.0,-0.04391147568821907,0.9990354180335999,-0.04392559826374054,-0.21024176478385925,0.012965328991413116,-0.21103253960609436,-0.20710693618653933,-312.5368586064154,0.0,0.0
15.040000000000001,752,0.17378661036491394,0.9847833514213562,0.17467349767684937,0.37832820415496826,-2.7400174140930176,-2.0,-0.08739987760782242,0.9961733222007751,-0.08751153200864792,-0.26118648052215576,0.011389976367354393,-0.2621850371360779,-0.2585990983167141,-312.79545770473214,0.0,0.0
15.06,753,0.18013425171375275,0.983642041683197,0.18112292885780334,0.3224717378616333,-2.7928223609924316,-2.0,-0.13005132973194122,0.9915072321891785,-0.1304207593202591,-0.31018558144569397,0.00786522775888443,-0.31154367327690125,-0.30863446699674785,-313.1040921717289,0.0,0.0
15.08,754,0.18535920977592468,0.9826708436012268,0.18643739819526672,0.2657231390476227,-2.837430477142334,-2.0,-0.17146988213062286,0.9851893782615662,-0.17232146859169006,-0.35682910680770874,0.002518530236557126,-0.3587588667869568,-0.3568581570612275,-313.46095032879015,0.0,0.0
15.1,755,0.18945038318634033,0.9818903207778931,0.1906023621559143,0.20824824273586273,-2.8737449645996094,-2.0,-0.21128518879413605,0.9774244427680969,-0.2128896415233612,-0.4007355570793152,-0.004465838428586721,-0.4034920036792755,-0.4029238310735419,-313.8638741598637,0.0,0.0
15.120000000000001,756,0.19239941239356995,0.9813166856765747,0.1936066448688507,0.15021443367004395,-2.9016904830932617,-2.0,-0.2491588294506073,0.9684626460075378,-0.25181159377098083,-0.44155824184417725,-0.012854066677391529,-0.44541823863983154,-0.446496292544824,-314.31037045240856,0.0,0.0
15.14,757,0.19420059025287628,0.9809618592262268,0.19544245302677155,0.09179019182920456,-2.9212117195129395,-2.0,-0.2847890555858612,0.9585902094841003,-0.2887863516807556,-0.4789896309375763,-0.022371625527739525,-0.48422881960868835,-0.4872540486651302,-314.7976245010737,0.0,0.0
15.16,758,0.19485081732273102,0.9808328747749329,0.19610534608364105,0.03314473479986191,-2.9322729110717773,-2.0,-0.3179134726524353,0.9481196999549866,-0.323527991771698,-0.5127642750740051,-0.032713163644075394,-0.5196333527565002,-0.524891701272077,-315.32251620234575,0.0,0.0
15.18,759,0.19434954226016998,0.980932354927063,0.19559429585933685,-0.025552421808242798,-2.9348578453063965,-2.0,-0.3483102321624756,0.9373793005943298,-0.3557678461074829,-0.5426597595214844,-0.04355302080512047,-0.551362156867981,-0.5591222929347066,-315.88163849528047,0.0,0.0
15.200000000000001,760,0.19269871711730957,0.981257975101471,0.19391167163848877,-0.08413179218769073,-2.9289684295654297,-2.0,-0.37579697370529175,0.9267020225524902,-0.3852566182613373,-0.5684956908226013,-0.054555945098400116,-0.5791682600975037,-0.5896795114367518,-316.47131800671724,0.0,0.0
15.22,761,0.18990282714366913,0.9818028807640076,0.19106318056583405,-0.1424243152141571,-2.914625883102417,-2.0,-0.4002286195755005,0.9164153337478638,-0.41176629066467285,-0.5901314616203308,-0.06538756191730499,-0.6028294563293457,-0.6163197974236629,-317.0876378041409,0.0,0.0
15.24,762,0.18596896529197693,0.982555627822876,0.18705794215202332,-0.2002616971731186,-2.891869306564331,-2.0,-0.4214937090873718,0.9068313241004944,-0.43509188294410706,-0.6074627041816711,-0.075724296271801,-0.6221498250961304,-0.638824235982801,-317.7264620401237,0.0,0.0
15.26,763,0.18090681731700897,0.9835002422332764,0.18190841376781464,-0.2574768364429474,-2.8607568740844727,-2.0,-0.43950989842414856,0.8982377648353577,-0.4550529718399048,-0.6204167008399963,-0.08526249974966049,-0.6369614005088806,-0.6570002916598969,-318.38346233178356,0.0,0.0
15.280000000000001,764,0.17472879588603973,0.9846165776252747,0.1756303310394287,-0.31390416622161865,-2.821366548538208,-2.0,-0.45421892404556274,0.8908901214599609,-0.47149527072906494,-0.6289477348327637,-0.0937264934182167,-0.6471256017684937,-0.670683297328222,-319.05414562911176,0.0,0.0
15.3,765,0.16745014488697052,0.9858805537223816,0.16824272274971008,-0.36938008666038513,-2.7737958431243896,-2.0,-0.4655815362930298,0.885004997253418,-0.48429158329963684,-0.6330316662788391,-0.10087554901838303,-0.6525343060493469,-0.6797379946903939,-319.73388362380217,0.0,0.0
15.32,766,0.15908902883529663,0.9872642159461975,0.15976785123348236,-0.423743337392807,-2.718162775039673,-2.0,-0.47357288002967834,0.8807546496391296,-0.49334296584129333,-0.6326618790626526,-0.10650959610939026,-0.6531108021736145,-0.6840594406606119,-320.4179430644628,0.0,0.0
15.34,767,0.1496666818857193,0.9887365102767944,0.15023115277290344,-0.4768354594707489,-2.654607057571411,-2.0,-0.4781784117221832,0.8782626986503601,-0.4985794425010681,-0.6278451085090637,-0.11047378182411194,-0.648810625076294,-0.6835741137519472,-321.10151717821475,0.0,0.0
15.36,768,0.13920754194259644,0.9902632236480713,0.13966111838817596,-0.5285012722015381,-2.5832912921905518,-2.0,-0.4793908894062042,0.8776015043258667,-0.4999605119228363,-0.618598461151123,-0.11266174167394638,-0.6396216154098511,-0.6782405644517524,-321.7797577426665,0.0,0.0
15.38,769,0.12773936986923218,0.991807758808136,0.12808933854103088,-0.5785893201828003,-2.5044007301330566,-2.0,-0.47720855474472046,0.8787900805473328,-0.4974755048751831,-0.6049479246139526,-0.11301770061254501,-0.6255648732185364,-0.6680498476305199,-322.44780759029703,0.0,0.0
15.4,770,0.11529332399368286,0.9933314919471741,0.11555029451847076,-0.6269522309303284,-2.418145179748535,-2.0,-0.4716346263885498,0.8817940354347229,-0.4911436140537262,-0.5869279503822327,-0.11153742671012878,-0.6066939234733582,-0.6530257962276327,-323.10083338652464,0.0,0.0
15.42,771,0.10190414637327194,0.9947942495346069,0.10208134353160858,-0.6734474301338196,-2.3247599601745605,-2.0,-0.4626781940460205,0.8865262866020203,-0.48101383447647095,-0.564582347869873,-0.10826792567968369,-0.5830951929092407,-0.6332249570712236,-323.73405834359585,0.0,0.0
15.44,772,0.08761012554168701,0.9961548447608948,0.08772259205579758,-0.7179375290870667,-2.2245054244995117,-2.0,-0.4503563940525055,0.8928488492965698,-0.46716445684432983,-0.5379665493965149,-0.10330596566200256,-0.554887056350708,-0.6087364269748143,-324.34279477057066,0.0,0.0
15.46,773,0.07245323061943054,0.9973717927932739,0.0725167766213417,-0.7602909207344055,-2.117668867111206,-2.0,-0.4346977472305298,0.9005764126777649,-0.4497026205062866,-0.5071510076522827,-0.09679540246725082,-0.5222194194793701,-0.5796812312801402,-324.9224760018508,0.0,0.0
15.48,774,0.05647905915975571,0.998403787612915,0.05650912970304489,-0.8003821969032288,-2.004563808441162,-2.0,-0.41574639081954956,0.9094805717468262,-0.42876332998275757,-0.47222545742988586,-0.08892319351434708,-0.48527246713638306,-0.5462117513753644,-325.46868775322616,0.0,0.0
15.5,775,0.03973681107163429,0.9992101788520813,0.03974727541208267,-0.8380928039550781,-1.8855303525924683,-2.0,-0.39356696605682373,0.9192959666252136,-0.404508501291275,-0.4333037734031677,-0.07991423457860947,-0.4442557692527771,-0.5085106051420196,-325.9771983583682,0.0,0.0
15.52,776,0.022279201075434685,0.9997518062591553,0.022281045094132423,-0.873311460018158,-1.7609350681304932,-2.0,-0.36824968457221985,0.9297269582748413,-0.37712568044662476,-0.3905288875102997,-0.07002484798431396,-0.3994067311286926,-0.46678954670001327,-326.4439879050682,0.0,0.0
15.540000000000001,777,0.005362322088330984,0.9999856352806091,0.005362347699701786,-0.8459348678588867,1.3688299655914307,2.0,-0.33991512656211853,0.9404560923576355,-0.3468266427516937,-0.34527745842933655,-0.05952950939536095,-0.35218900442123413,-0.4224880280859537,-326.86647593315416,0.0,0.0
15.56,778,-0.010959222912788391,0.9999399185180664,-0.010959442704916,-0.8160895109176636,1.4922692775726318,2.0,-0.308718740940094,0.9511533975601196,-0.313845694065094,-0.2977595329284668,-0.048786573112010956,-0.3028862476348877,-0.3758672003314694,-327.24234313348563,0.0,0.0
15.58,779,-0.02663358859717846,0.9996452927589417,-0.02663673833012581,-0.7838647961616516,1.6112358570098877,2.0,-0.2748539447784424,0.9614859819412231,-0.2784378230571747,-0.24822036921977997,-0.03815927729010582,-0.251801073551178,-0.327208955921247,-327.5695520894069,0.0,0.0
15.6,780,-0.04161187633872032,0.999133825302124,-0.04162389412522316,-0.7493577599525452,1.7253515720367432,2.0,-0.2385542392730713,0.9711291790008545,-0.24087683856487274,-0.19694235920906067,-0.02800467610359192,-0.19925294816493988,-0.27681392981213265,-327.84636601921903,0.0,0.0
15.620000000000001,781,-0.055848270654678345,0.9984392523765564,-0.05587734282016754,-0.7126725316047668,1.83426034450531,2.0,-0.2000933736562729,0.9797768592834473,-0.20145322382450104,-0.14424510300159454,-0.018662434071302414,-0.1455758810043335,-0.2249994943332356,-328.0713655135523,0.0,0.0
15.64,782,-0.06930015236139297,0.9975958466529846,-0.06935574114322662,-0.6739199757575989,1.9376288652420044,2.0,-0.1597839742898941,0.9871519804000854,-0.1604718118906021,-0.09048381447792053,-0.010443847626447678,-0.09111606329679489,-0.17209748015706428,-328.24346299370933,0.0,0.0
15.66,783,-0.08192815631628036,0.9966382384300232,-0.08202008157968521,-0.6332170367240906,2.0351479053497314,2.0,-0.11797410994768143,0.9930166602134705,-0.11824949830770493,-0.03604595735669136,-0.003621567040681839,-0.036229413002729416,-0.11845172794109918,-328.3619147216504,0.0,0.0
15.68,784,-0.09369617700576782,0.9956008195877075,-0.0938338115811348,-0.5906863808631897,2.1265320777893066,2.0,-0.07504218071699142,0.9971803426742554,-0.07511279731988907,0.01865399070084095,0.0015795229701325297,0.018721016123890877,-0.06441568688466093,-328.4263304085351,0.0,0.0
15.700000000000001,785,-0.1045714020729065,0.9945173859596252,-0.10476293414831161,-0.546455979347229,2.2115204334259033,2.0,-0.031390100717544556,0.9995071887969971,-0.031395260244607925,0.07318130135536194,0.004989827983081341,0.07336767017841339,-0.06965013344016294,-328.49598054197526,0.0,0.0
15.72,786,-0.11452426761388779,0.993420422077179,-0.11477609723806381,-0.5006584525108337,2.2898762226104736,2.0,0.01256471686065197,0.9999210834503174,0.012565047480165958,0.1270889788866043,0.006500609684735537,0.1273411512374878,-0.12338083937601005,-328.61936138135127,0.0,0.0
15.74,787,-0.1235283762216568,0.9923410415649414,-0.12384471297264099,-0.453430712223053,2.361387014389038,2.0,0.05639825016260147,0.9984083771705627,0.05642819404602051,0.17992663383483887,0.006067311856895685,0.1802729070186615,-0.17640976117560464,-328.79577114252686,0.0,0.0
15.76,788,-0.13156048953533173,0.9913081526756287,-0.1319429874420166,-0.40491342544555664,2.425863742828369,2.0,0.09968913346529007,0.9950186610221863,0.09985499083995819,0.2312496155500412,0.00371048622764647,0.2317979782819748,-0.22837117633908433,-329.0241423188659,0.0,0.0
15.780000000000001,789,-0.13860036432743073,0.9903483986854553,-0.1390479952096939,-0.35525062680244446,2.483140468597412,2.0,0.14202775061130524,0.9898626804351807,0.14250962436199188,0.28062811493873596,-0.00048571673687547445,0.2815576195716858,-0.2789029855250417,-329.303045304391,0.0,0.0
15.8,790,-0.14463074505329132,0.9894856810569763,-0.14513978362083435,-0.3045891523361206,2.533074140548706,2.0,0.18302473425865173,0.9831082820892334,0.18406227231025696,0.32765546441078186,-0.006377390120178461,0.3292020559310913,-0.32764940181837765,-329.6306947062094,0.0,0.0
15.82,791,-0.14963720738887787,0.9887409806251526,-0.15020135045051575,-0.25307828187942505,2.575542688369751,2.0,0.22231827676296234,0.9749741554260254,0.2241916060447693,0.3719554841518402,-0.013766823336482048,0.37439295649528503,-0.3742636154362333,-330.00495832164563,0.0,0.0
15.84,792,-0.15360814332962036,0.9881318211555481,-0.15421873331069946,-0.2008693516254425,2.6104462146759033,2.0,0.2595800459384918,0.965721607208252,0.262587308883667,0.4131881892681122,-0.02241024561226368,0.41680604219436646,-0.41841033635204233,-330.4233686579977,0.0,0.0
15.860000000000001,793,-0.1565346121788025,0.9876724481582642,-0.1571810394525528,-0.14811526238918304,2.637704610824585,2.0,0.2945193350315094,0.9556455016136169,0.29895249009132385,0.4510539472103119,-0.03202694654464722,0.45613351464271545,-0.45976834454996424,-330.88313700254764,0.0,0.0
15.88,794,-0.15841032564640045,0.9873733520507812,-0.15908043086528778,-0.09497011452913284,2.6572577953338623,2.0,0.32688531279563904,0.9450640082359314,0.3330059349536896,0.4852956235408783,-0.04230935126543045,0.49208638072013855,-0.49803292800454607,-331.3811699305522,0.0,0.0
15.9,795,-0.1592315435409546,0.987241268157959,-0.15991221368312836,-0.04158880561590195,2.669065237045288,2.0,0.3564675450325012,0.9343076944351196,0.3644843101501465,0.5156990885734558,-0.05293355509638786,0.524396538734436,-0.5329181489827336,-331.9140880795349,0.0,0.0
15.92,796,-0.15899710357189178,0.9872790575027466,-0.1596747487783432,0.011873306706547737,2.6731057167053223,2.0,0.3830946385860443,0.9237090945243835,0.3931442201137543,0.5420917272567749,-0.06356995552778244,0.5528189539909363,-0.5641590580368948,-332.4782471375718,0.0,0.0
15.94,797,-0.15770834684371948,0.9874857068061829,-0.1583695262670517,0.06526082754135132,2.6693758964538574,2.0,0.40663158893585205,0.9135922193527222,0.41876402497291565,0.5643399357795715,-0.07389350980520248,0.5771335363388062,-0.5915137514912401,-333.06976088906305,0.0,0.0
15.96,798,-0.15536917746067047,0.9878564476966858,-0.15600116550922394,0.11841866374015808,2.6578919887542725,2.0,0.42697566747665405,0.9042630791664124,0.4411455988883972,0.5823448300361633,-0.08359336853027344,0.59714674949646,-0.6147651830722587,-333.6845260721353,0.0,0.0
15.98,799,-0.1519860029220581,0.9883826375007629,-0.15257731080055237,0.17119242250919342,2.638688087463379,2.0,0.44405198097229004,0.8960010409355164,0.460115909576416,0.5960379838943481,-0.09238161891698837,0.6126932501792908,-0.6337229085001641,-334.3182489806355,0.0,0.0
16.0,800,-0.14756783843040466,0.9890519380569458,-0.14810873568058014,0.22342877089977264,2.6118173599243164,2.0,0.45780816674232483,0.8890510201454163,0.4755282700061798,0.6053760051727295,-0.10000093281269073,0.6236370205879211,-0.6482246437815197,-334.966473624417,0.0,0.0
16.02,801,-0.14212632179260254,0.9898485541343689,-0.14260922372341156,0.27497580647468567,2.5773518085479736,2.0,0.46820956468582153,0.8836174607276917,0.48726344108581543,0.6103358864784241,-0.10623107850551605,0.6298726797103882,-0.6581374880906828,-335.6246111125077,0.0,0.0
16.04,802,-0.1356758177280426,0.9907532930374146,-0.1360955536365509,0.32568347454071045,2.5353827476501465,2.0,0.47523465752601624,0.8798590898513794,0.49523070454597473,0.6109104752540588,-0.11089419573545456,0.6313262581825256,-0.6633589899088262,-336.2879701024165,0.0,0.0
16.06,803,-0.128233402967453,0.9917440414428711,-0.12858746945858002,0.37540391087532043,2.4860217571258545,2.0,0.47887122631073,0.8778851628303528,0.49936848878860474,0.6071046590805054,-0.11385886371135712,0.627955973148346,-0.663818175448232,-336.95178827786475,0.0,0.0
16.080000000000002,804,-0.11981906741857529,0.9927957653999329,-0.12010763585567474,0.4239918887615204,2.4293997287750244,2.0,0.47911372780799866,0.8777528405189514,0.4996447265148163,0.5989328026771545,-0.11504291743040085,0.6197523474693298,-0.6594761219213631,-337.61126439978614,0.0,0.0
16.1,805,-0.11045568436384201,0.9938810467720032,-0.11068152636289597,0.4713052809238434,2.365669012069702,2.0,0.475961834192276,0.8794659376144409,0.4960573613643646,0.5864174962043762,-0.11441510915756226,0.6067388653755188,-0.6503262542460507,-338.2615906540322,0.0,0.0
16.12,806,-0.10016914457082748,0.994970440864563,-0.1003374233841896,0.5172053575515747,2.295003652572632,2.0,0.4694202244281769,0.8829748630523682,0.48863404989242554,0.569589376449585,-0.11199554055929184,0.5889714956283569,-0.636394782195308,-338.8979854362275,0.0,0.0
16.14,807,-0.08898840844631195,0.9960326552391052,-0.08910627663135529,0.5615573525428772,2.217599391937256,2.0,0.45950010418891907,0.8881776928901672,0.4774322807788849,0.5484884977340698,-0.1078549399971962,0.5665385723114014,-0.6177403241063114,-339.5157257603338,0.0,0.0
16.16,808,-0.07694552838802338,0.9970353245735168,-0.07702165842056274,0.6042308211326599,2.133673906326294,2.0,0.44622138142585754,0.8949226140975952,0.46253859996795654,0.5231668949127197,-0.10211269557476044,0.5395602583885193,-0.5944539388604021,-340.1101796991942,0.0,0.0
16.18,809,-0.06407573074102402,0.9979450106620789,-0.06411965191364288,0.6451001763343811,2.0434679985046387,2.0,0.42961665987968445,0.9030113816261292,0.44406822323799133,0.49369239807128906,-0.09493367373943329,0.5081878900527954,-0.5666582546914487,-340.67683795388564,0.0,0.0
16.2,810,-0.05041736736893654,0.9987282156944275,-0.05043875426054001,0.6840450763702393,1.9472459554672241,2.0,0.40973538160324097,0.9122044444084167,0.4221639633178711,0.4601527452468872,-0.08652380853891373,0.4726027250289917,-0.5345069762397194,-341.21134493012534,0.0,0.0
16.22,811,-0.0360119454562664,0.9993513822555542,-0.03601973503828049,0.7209509611129761,1.8452941179275513,2.0,0.3866489827632904,0.9222269654273987,0.3969951868057251,0.4226609170436859,-0.07712440192699432,0.4330149292945862,-0.49818369695680403,-341.70952862708214,0.0,0.0
16.240000000000002,812,-0.020904023200273514,0.9997814893722534,-0.020905544981360435,0.7557094097137451,1.737922191619873,2.0,0.36045587062835693,0.9327762722969055,0.36875656247138977,0.38135987520217896,-0.0670052170753479,0.38966211676597595,-0.4579007321912207,-342.16742935927334,0.0,0.0
16.26,813,-0.006341129541397095,0.9999799132347107,-0.006341172382235527,0.728218674659729,-1.374537706375122,-2.0,0.3312861919403076,0.9435303211212158,0.337666392326355,0.3376273214817047,-0.05644957348704338,0.34400758147239685,-0.41509773470597183,-342.5825270939793,0.0,0.0
16.28,814,0.007630865555256605,0.9999709129333496,0.007630939595401287,0.6986055970191956,-1.4806532859802246,-2.0,0.29930591583251953,0.9541571736335754,0.30396515130996704,0.29167506098747253,-0.04581368342041969,0.2963342070579529,-0.3700354527450685,-342.9525625467244,0.0,0.0
16.3,815,0.02096857689321041,0.9997801184654236,0.020970115438103676,0.666958749294281,-1.5823417901992798,-2.0,0.2647198438644409,0.9643253684043884,0.2679134011268616,0.24375127255916595,-0.035454776138067245,0.24694328010082245,-0.32299503663390416,-343.2755575833583,0.0,0.0
16.32,816,0.033631231635808945,0.9994342923164368,0.033637575805187225,0.6333730220794678,-1.679287314414978,-2.0,0.22777298092842102,0.973714292049408,0.22978992760181427,0.19414174556732178,-0.02572004497051239,0.19615235924720764,-0.27427582626177993,-343.5498334096201,0.0,0.0
16.34,817,0.04558075964450836,0.9989606738090515,0.04559655860066414,0.5979491472244263,-1.771193265914917,-2.0,0.18875043094158173,0.9820250868797302,0.1898895502090454,0.14316967129707336,-0.016935568302869797,0.14429299533367157,-0.2241933698580841,-343.77402677947816,0.0,0.0
16.36,818,0.056781869381666183,0.9983866214752197,0.05681242793798447,0.5607934594154358,-1.857783555984497,-2.0,0.1479753702878952,0.9889910221099854,0.1485207974910736,0.09119349718093872,-0.00939556211233139,0.09170836210250854,-0.17307712300000136,-343.94710390247815,0.0,0.0
16.38,819,0.06720209121704102,0.9977393746376038,0.06725277751684189,0.5220174193382263,-1.9388023614883423,-2.0,0.10580514371395111,0.9943869113922119,0.10600355267524719,0.038603052496910095,-0.003352502128109336,0.0387507788836956,-0.12126802176325813,-344.06837192424143,0.0,0.0
16.4,820,0.076811783015728,0.997045636177063,0.07688751816749573,0.4817371368408203,-2.014014959335327,-2.0,0.06262560933828354,0.9980370998382568,0.06266661733388901,-0.014186176471412182,0.0009914793772622943,-0.014220901764929295,-0.06911603444246883,-344.1374879586839,0.0,0.0
16.42,821,0.08558415621519089,0.9963309168815613,0.08568897843360901,0.4400729537010193,-2.083207845687866,-2.0,0.01884397678077221,0.9998224377632141,0.01884509064257145,-0.06674017757177353,0.0034914910793304443,-0.06684388965368271,-0.06302236026444286,-344.2005103189483,0.0,0.0
16.44,822,0.093495212495327,0.9956197142601013,0.09363196045160294,0.3971492052078247,-2.146188259124756,-2.0,-0.025119516998529434,0.9996844530105591,-0.025122158229351044,-0.11861472576856613,0.004064725711941719,-0.11875411868095398,-0.11478687106520821,-344.31529719001355,0.0,0.0
16.46,823,0.10052375495433807,0.9949346780776978,0.10069382935762405,0.35309353470802307,-2.2027840614318848,-2.0,-0.06884065270423889,0.9976276755332947,-0.06889514625072479,-0.16936440765857697,0.002693010028451681,-0.16958898305892944,-0.16581599040359893,-344.48111318041714,0.0,0.0
16.48,824,0.10665133595466614,0.9942964911460876,0.10685456544160843,0.3080366253852844,-2.2528445720672607,-2.0,-0.11190052330493927,0.9937193989753723,-0.1121353805065155,-0.2185518592596054,-0.0005770673742517829,-0.21898993849754333,-0.21574971106742924,-344.69686289148456,0.0,0.0
16.5,825,0.1118621900677681,0.9937237501144409,0.11209680140018463,0.2621118724346161,-2.296238660812378,-2.0,-0.15389446914196014,0.9880872964859009,-0.15450850129127502,-0.26575666666030884,-0.005636440124362707,-0.26660528779029846,-0.2642321825271316,-344.96109507401167,0.0,0.0
16.52,826,0.11614318192005157,0.9932324886322021,0.1164058968424797,0.21545475721359253,-2.332855224609375,-2.0,-0.1944403052330017,0.9809143543243408,-0.19568683207035065,-0.3105835020542145,-0.012318127788603306,-0.31209272146224976,-0.3109143984211462,-345.2720094724328,0.0,0.0
16.54,827,0.11948380619287491,0.9928361773490906,0.11976995319128036,0.1682026982307434,-2.362602949142456,-2.0,-0.23318526148796082,0.9724323153495789,-0.23535196483135223,-0.3526690602302551,-0.020403821021318436,-0.355121910572052,-0.3554567830934875,-345.62746625552626,0.0,0.0
16.56,828,0.12187608331441879,0.9925453066825867,0.12217984348535538,0.12049449980258942,-2.3854098320007324,-2.0,-0.2698114216327667,0.9629132151603699,-0.2731971740722656,-0.3916874825954437,-0.029632138088345528,-0.3953770101070404,-0.39753180585594006,-346.0249980613822,0.0,0.0
16.580000000000002,829,0.12331455200910568,0.9923676252365112,0.12362924218177795,0.07247006148099899,-2.401221752166748,-2.0,-0.30403926968574524,0.9526594877243042,-0.30892980098724365,-0.4273538291454315,-0.03970813751220703,-0.4325590431690216,-0.43682641635926256,-346.46182447774146,0.0,0.0
16.6,830,0.12379623204469681,0.9923076629638672,0.12411464005708694,0.02426997385919094,-2.4100043773651123,-2.0,-0.3356296420097351,0.9419940114021301,-0.3422735631465912,-0.4594258666038513,-0.05031363293528557,-0.46638819575309753,-0.47304444275305857,-346.9348689204945,0.0,0.0
16.62,831,0.12332060933113098,0.9923669099807739,0.12363534420728683,-0.02396484464406967,-2.411741018295288,-2.0,-0.36438336968421936,0.9312490224838257,-0.3729705810546875,-0.48770397901535034,-0.061117853969335556,-0.49660590291023254,-0.505908908024183,-347.4407778285187,0.0,0.0
16.64,832,0.1218896210193634,0.992543637752533,0.12219347804784775,-0.07209350168704987,-2.406432628631592,-2.0,-0.3901398777961731,0.9207556247711182,-0.4007834792137146,-0.5120294690132141,-0.07178805768489838,-0.5229769945144653,-0.5351640559612374,-347.97594188447994,0.0,0.0
16.66,833,0.11950764805078506,0.9928332567214966,0.11979396641254425,-0.1199754849076271,-2.394099473953247,-2.0,-0.4127737283706665,0.9108335971832275,-0.42549723386764526,-0.5322813987731934,-0.08199968189001083,-0.5452911853790283,-0.5605774444047941,-348.5365193288847,0.0,0.0
16.68,834,0.11618156731128693,0.993228018283844,0.11644454300403595,-0.1674710512161255,-2.3747785091400146,-2.0,-0.43219074606895447,0.901782214641571,-0.4469207227230072,-0.5483723282814026,-0.09144577383995056,-0.5633652806282043,-0.5819417779568472,-349.11846110684155,0.0,0.0
16.7,835,0.11192072927951813,0.9937171339988708,0.11215571314096451,-0.21444156765937805,-2.3485257625579834,-2.0,-0.44832292199134827,0.8938716650009155,-0.46488824486732483,-0.5602436065673828,-0.09984546154737473,-0.5770439505577087,-0.5990764354134785,-349.717537542255,0.0,0.0
16.72,836,0.10673699527978897,0.9942873120307922,0.10694071650505066,-0.260749876499176,-2.315415143966675,-2.0,-0.4611234664916992,0.8873359560966492,-0.4792608916759491,-0.56786048412323,-0.10695130378007889,-0.5862016081809998,-0.6118289600804736,-350.32936650233546,0.0,0.0
16.740000000000002,837,0.10064481198787689,0.994922399520874,0.10081550478935242,-0.3062606751918793,-2.2755393981933594,-2.0,-0.4705619513988495,0.882366955280304,-0.4899275302886963,-0.5712067484855652,-0.11255545914173126,-0.5907430052757263,-0.6200763936774425,-350.9494428960129,0.0,0.0
16.76,838,0.09366120398044586,0.9956041574478149,0.0937986820936203,-0.35084083676338196,-2.2290093898773193,-2.0,-0.47661980986595154,0.8791095614433289,-0.49680566787719727,-0.5702809691429138,-0.11649459600448608,-0.5906043648719788,-0.6237262153089389,-351.5731691113218,0.0,0.0
16.78,839,0.08580584079027176,0.9963119029998779,0.08591148257255554,-0.3943599760532379,-2.1759557723999023,-2.0,-0.47928696870803833,0.8776582479476929,-0.49984210729599,-0.5650928020477295,-0.11865362524986267,-0.5857535600662231,-0.6227171536103985,-352.1958862649322,0.0,0.0
16.8,840,0.07710108160972595,0.9970232844352722,0.07717767357826233,-0.4366905093193054,-2.116528034210205,-2.0,-0.4785594642162323,0.8780551552772522,-0.49901336431503296,-0.5556605458259583,-0.11896812915802002,-0.5761910676956177,-0.6170197825474821,-352.81290604747966,0.0,0.0
16.82,841,0.0675719752907753,0.9977144002914429,0.06762350350618362,-0.4777084290981293,-2.0508952140808105,-2.0,-0.474438339471817,0.8802887201309204,-0.4943258762359619,-0.5420103073120117,-0.11742565780878067,-0.5619493722915649,-0.6066368709604164,-353.4195429184401,0.0,0.0
16.84,842,0.05724632740020752,0.9983600974082947,0.05727763846516609,-0.517293393611908,-1.979246735572815,-2.0,-0.46692997217178345,0.8842942714691162,-0.4858158528804779,-0.524176299571991,-0.11406579613685608,-0.5430935025215149,-0.5916035155682674,-354.01114643400837,0.0,0.0
16.86,843,0.046154651790857315,0.9989343285560608,0.04617105424404144,-0.5553292036056519,-1.9017913341522217,-2.0,-0.45604774355888367,0.8899553418159485,-0.47354915738105774,-0.5022023916244507,-0.1089789941906929,-0.519720196723938,-0.5719869083635263,-354.58313334237187,0.0,0.0
16.88,844,0.03433022275567055,0.9994105696678162,0.03433696925640106,-0.5917043685913086,-1.8187580108642578,-2.0,-0.4418147802352905,0.8971062898635864,-0.4576205909252167,-0.4761449992656708,-0.10230425000190735,-0.49195754528045654,-0.5478861258092093,-355.1310194681811,0.0,0.0
16.9,845,0.021808993071317673,0.9997621774673462,0.02181072346866131,-0.626312255859375,-1.7303956747055054,-2.0,-0.42426797747612,0.9055367112159729,-0.43815332651138306,-0.4460769593715668,-0.09422547370195389,-0.4599640667438507,-0.519431314022021,-355.6504507822031,0.0,0.0
16.92,846,0.00862958189100027,0.9999627470970154,0.008629688993096352,-0.6590517163276672,-1.6369729042053223,-2.0,-0.40346255898475647,0.9149961471557617,-0.4152979552745819,-0.4120921492576599,-0.08496661484241486,-0.4239276349544525,-0.48678301509184013,-356.1372337972949,0.0,0.0
16.94,847,-0.005166834220290184,0.9999866485595703,-0.005166857037693262,-0.6898272633552551,-1.5387777090072632,-2.0,-0.3794771730899811,0.9252011179924011,-0.3892311453819275,-0.37431034445762634,-0.07478556036949158,-0.38406428694725037,-0.4501310982563132,-356.5873648955512,0.0,0.0
16.96,848,-0.01857863925397396,0.9998273849487305,-0.01857970841228962,-0.670642614364624,0.9592344760894775,1.1938012838363647,-0.35241883993148804,0.9358423948287964,-0.36015450954437256,-0.33384019136428833,-0.06398501992225647,-0.3415748178958893,-0.384903051175577,-356.9722679467268,0.0,0.0
16.98,849,-0.031322699040174484,0.999509334564209,-0.03132782503962517,-0.6374057531356812,1.6618413925170898,2.0,-0.32242754101753235,0.9465941190719604,-0.3282928764820099,-0.29110485315322876,-0.05291517823934555,-0.2969650626182556,-0.3688266854678372,-357.3410946321946,0.0,0.0
17.0,850,-0.043360598385334015,0.9990594983100891,-0.0433741956949234,-0.6023185849189758,1.754359483718872,2.0,-0.2896801233291626,0.9571235179901123,-0.29389262199401855,-0.24631953239440918,-0.04193597286939621,-0.25051844120025635,-0.3249186809568051,-357.6660133131514,0.0,0.0
17.02,851,-0.05465667322278023,0.9985052347183228,-0.05468392372131348,-0.5654863119125366,1.8416125774383545,2.0,-0.2543927729129791,0.967100977897644,-0.25721976161003113,-0.1997361034154892,-0.031404219567775726,-0.20253583788871765,-0.27920870003474485,-357.94522201318614,0.0,0.0
17.04,852,-0.06517807394266129,0.9978736639022827,-0.0652243122458458,-0.5270195007324219,1.923342227935791,2.0,-0.2168220430612564,0.9762111306190491,-0.21855787932872772,-0.15164396166801453,-0.021662501618266106,-0.15333357453346252,-0.23199545009777842,-358.1772174632839,0.0,0.0
17.06,853,-0.07489478588104248,0.9971914291381836,-0.0749649778008461,-0.48703324794769287,1.9993109703063965,2.0,-0.17726421356201172,0.9841632843017578,-0.1782059371471405,-0.10236942768096924,-0.013028142973780632,-0.1032409593462944,-0.183592902630444,-358.36081036591435,0.0,0.0
17.080000000000002,854,-0.08377960324287415,0.9964842796325684,-0.08387792110443115,-0.4456472098827362,2.0693020820617676,2.0,-0.1360526978969574,0.9907016158103943,-0.13647596538066864,-0.05227310210466385,-0.0057827080599963665,-0.052598048001527786,-0.13432801610626535,-358.4951383820206,0.0,0.0
17.1,855,-0.09180815517902374,0.9957767128944397,-0.09193761646747589,-0.4029848277568817,2.13312029838562,2.0,-0.09355364739894867,0.995614230632782,-0.0936906561255455,-0.0017454944318160415,-0.0001624733704375103,-0.001753040007315576,-0.08453834807326946,-358.5796767300939,0.0,0.0
17.12,856,-0.09895884990692139,0.9950914978981018,-0.0991210788488388,-0.3591729998588562,2.1905903816223145,2.0,-0.05015980079770088,0.9987412095069885,-0.05018085613846779,0.048799045383930206,0.0036496780812740326,0.04894021898508072,-0.045430421277410336,-358.6251071513713,0.0,0.0
17.14,857,-0.10521283000707626,0.9944497346878052,-0.10540791600942612,-0.31434184312820435,2.241558790206909,2.0,-0.006282978691160679,0.9999802708625793,-0.006283020135015249,0.09892985224723816,0.005530534312129021,0.09912489354610443,-0.09522705787956606,-358.7203342092509,0.0,0.0
17.16,858,-0.11055394262075424,0.9938701391220093,-0.11078039556741714,-0.2686240077018738,2.28589129447937,2.0,0.03765450045466423,0.9992908239364624,0.037663403898477554,0.14820843935012817,0.005420692730695009,0.148443803191185,-0.14449737401914045,-358.86483158327,0.0,0.0
17.18,859,-0.1149686947464943,0.9933691024780273,-0.1152234822511673,-0.22215452790260315,2.3234739303588867,2.0,0.08122898638248444,0.9966954588890076,0.08131857961416245,0.19619768857955933,0.0033263503573834896,0.19654206931591034,-0.19288688856893457,-359.05771847183894,0.0,0.0
17.2,860,-0.11844617128372192,0.9929604530334473,-0.11872489005327225,-0.17507027089595795,2.354212999343872,2.0,0.12402476370334625,0.9922791123390198,0.12434494495391846,0.24247093498706818,-0.000681351579260081,0.2430698275566101,-0.2400434696164965,-359.29776194145546,0.0,0.0
17.22,861,-0.12097802013158798,0.9926551580429077,-0.12127508223056793,-0.12750960886478424,2.378032922744751,2.0,0.16564279794692993,0.9861857891082764,0.16640977561473846,0.2866208255290985,-0.006469368934631348,0.2876848578453064,-0.2856200271555432,-359.583381968611,0.0,0.0
17.240000000000002,862,-0.12255841493606567,0.9924613237380981,-0.12286732345819473,-0.07961206138134003,2.3948774337768555,2.0,0.20570865273475647,0.9786132574081421,0.20718778669834137,0.32826706767082214,-0.013848021626472473,0.3300551176071167,-0.32927709905201985,-359.912659067663,0.0,0.0
17.26,863,-0.12318399548530579,0.9923838376998901,-0.12349767982959747,-0.0315178819000721,2.4047091007232666,2.0,0.2438790500164032,0.9698056578636169,0.24636366963386536,0.367063045501709,-0.022578192874789238,0.369861364364624,-0.37068546777574546,-360.28334453543874,0.0,0.0
17.28,864,-0.12285387516021729,0.9924247860908508,-0.12316503375768661,0.016632281243801117,2.407508134841919,2.0,0.27984675765037537,0.9600446820259094,0.2836344838142395,0.40270063281059265,-0.032380085438489914,0.4067994952201843,-0.40952870508316236,-360.6928732405219,0.0,0.0
17.3,865,-0.12156961858272552,0.9925829172134399,-0.12187108397483826,0.0646977573633194,2.403273582458496,2.0,0.31334367394447327,0.9496397972106934,0.3187119960784912,0.43491330742836,-0.042943112552165985,0.44058308005332947,-0.44550556415974385,-361.1383788046817,0.0,0.0
17.32,866,-0.11933524906635284,0.9928539991378784,-0.11962031573057175,0.11253820359706879,2.3920223712921143,2.0,0.3441421687602997,0.9389175772666931,0.35132497549057007,0.46347740292549133,-0.053936462849378586,0.4709452986717224,-0.47833231239081614,-361.6167111170725,0.0,0.0
17.34,867,-0.11615722626447678,0.9932308197021484,-0.11642003804445267,0.16001397371292114,2.373788833618164,2.0,0.3720543384552002,0.928210973739624,0.3812212646007538,0.48821157217025757,-0.0650198832154274,0.49764129519462585,-0.5077450122154543,-362.124456129288,0.0,0.0
17.36,868,-0.11204453557729721,0.9937031865119934,-0.11228030920028687,0.20698650181293488,2.3486263751983643,2.0,0.3969299793243408,0.9178488850593567,0.40816962718963623,0.508974552154541,-0.07585429400205612,0.5204499363899231,-0.533501571222052,-362.65795770051005,0.0,0.0
17.38,869,-0.10700865089893341,0.9942581057548523,-0.10721393674612045,0.2533186078071594,2.316605806350708,2.0,0.41865313053131104,0.9081462025642395,0.43196171522140503,0.5256617665290833,-0.08611186593770981,0.5391756296157837,-0.5553835614292038,-363.21334126193926,0.0,0.0
17.400000000000002,870,-0.10106360167264938,0.994879961013794,-0.10123643279075623,0.29887494444847107,2.2778167724609375,2.0,0.43713751435279846,0.899394690990448,0.45241352915763855,0.538201093673706,-0.09548528492450714,0.5536499619483948,-0.5731981503977239,-363.786539412337,0.0,0.0
17.42,871,-0.09422599524259567,0.995550811290741,-0.09436599165201187,0.343522310256958,2.232367515563965,2.0,0.45232176780700684,0.8918548226356506,0.4693669378757477,0.5465477705001831,-0.10369601100683212,0.563732922077179,-0.5867795182255843,-364.37331893056256,0.0,0.0
17.44,872,-0.08651509881019592,0.9962505102157593,-0.08662338554859161,0.3871300220489502,2.1803855895996094,2.0,0.46416425704956055,0.8857491612434387,0.48269081115722656,0.5506793260574341,-0.11050139367580414,0.569314181804657,-0.5959903265592494,-364.96930925712184,0.0,0.0
17.46,873,-0.07795281708240509,0.9969570636749268,-0.0780319795012474,0.42957037687301636,2.1220173835754395,2.0,0.4726382791996002,0.8812565207481384,0.4922821819782257,0.5505911111831665,-0.11570053547620773,0.5703141689300537,-0.6007227924733217,-365.57003204959517,0.0,0.0
17.48,874,-0.06856376677751541,0.9976467490196228,-0.06861760467290878,0.47071895003318787,2.0574288368225098,2.0,0.47772809863090515,0.8785077333450317,0.49806681275367737,0.5462918877601624,-0.11913899332284927,0.5666844248771667,-0.6008997843446731,-366.17093183393985,0.0,0.0
17.5,875,-0.058375295251607895,0.9982947111129761,-0.058408502489328384,0.5104550719261169,1.9868059158325195,2.0,0.4794255495071411,0.8775825500488281,0.5,0.5378008484840393,-0.12071214616298676,0.5584084987640381,-0.5964753137831007,-366.76740714772296,0.0,0.0
17.52,876,-0.04741746932268143,0.9988751411437988,-0.04743525758385658,0.5486621260643005,1.9103541374206543,2.0,0.47772809863090515,0.8785077333450317,0.49806681275367737,0.5251455903053284,-0.12036741524934769,0.5455020666122437,-0.5874352580220448,-367.354842405745,0.0,0.0
17.54,877,-0.03572309389710426,0.9993617534637451,-0.035730693489313126,0.5852281451225281,1.8282991647720337,2.0,0.4726382791996002,0.8812565207481384,0.4922821819782257,0.5083613991737366,-0.1181052103638649,0.5280128717422485,-0.5737975080835,-367.9286399138285,0.0,0.0
17.56,878,-0.023327661678195,0.9997278451919556,-0.023329777643084526,0.6200458407402039,1.7408865690231323,2.0,0.46416425704956055,0.8857491612434387,0.48269081115722656,0.4874919056892395,-0.11397872120141983,0.5060206055641174,-0.5556119599750807,-368.48425187380354,0.0,0.0
17.580000000000002,879,-0.010269327089190483,0.9999472498893738,-0.010269507765769958,0.6530135273933411,1.6483815908432007,2.0,0.45232176780700684,0.8918548226356506,0.4693669378757477,0.4625910818576813,-0.10809244960546494,0.47963643074035645,-0.5329603192006181,-369.0172121930042,0.0,0.0
17.6,880,0.0034111826680600643,0.999994158744812,0.0034111894201487303,0.6840348839759827,1.5510685443878174,2.0,0.43713751435279846,0.899394690990448,0.45241352915763855,0.43372634053230286,-0.100599505007267,0.44900232553482056,-0.5059557485372029,-369.5231679415414,0.0,0.0
17.62,881,0.01767066679894924,0.9998438358306885,0.01767158694565296,0.7130199074745178,1.4492509365081787,2.0,0.41865313053131104,0.9081462025642395,0.43196171522140503,0.40098246932029724,-0.09169764071702957,0.4142901301383972,-0.4747419420709477,-369.9979098836123,0.0,0.0
17.64,882,0.03246358036994934,0.9994729161262512,0.032469283789396286,0.7398849129676819,1.343249797821045,2.0,0.3969299793243408,0.9178488850593567,0.40816962718963623,0.3644663989543915,-0.08162403106689453,0.37570035457611084,-0.43949243045885833,-370.43740231407116,0.0,0.0
17.66,883,0.04735039174556732,0.9988783597946167,0.04736810550093651,0.744940996170044,0.25280579924583435,0.6925363540649414,0.3720543384552002,0.928210973739624,0.3812212646007538,0.3247039318084717,-0.07066738605499268,0.333853155374527,-0.36559758871409864,-370.80299990278525,0.0,0.0
17.68,884,0.06147760525345802,0.998108446598053,0.06151639670133591,0.7074146866798401,-1.8763158321380615,-2.0,0.3441421687602997,0.9389175772666931,0.35132497549057007,0.28266456723213196,-0.059190910309553146,0.28980860114097595,-0.3597048661623435,-371.1627047689476,0.0,0.0
17.7,885,0.07480321824550629,0.9971983432769775,0.07487314939498901,0.6678376793861389,-1.9788495302200317,-2.0,0.31334367394447327,0.9496397972106934,0.3187119960784912,0.23854047060012817,-0.04755851998925209,0.2438388466835022,-0.31645182319201565,-371.47915659213965,0.0,0.0
17.72,886,0.0872885137796402,0.9961830973625183,0.08739974349737167,0.6263295412063599,-2.075408458709717,-2.0,0.27984675765037537,0.9600446820259094,0.2836344838142395,0.19255822896957397,-0.0361383892595768,0.19623473286628723,-0.2713122533485831,-371.75046884548823,0.0,0.0
17.740000000000002,887,0.09889812022447586,0.9950975775718689,0.0990600511431694,0.5830152630805969,-2.165712594985962,-2.0,0.2438790500164032,0.9698056578636169,0.24636366963386536,0.14498093724250793,-0.025291908532381058,0.14730362594127655,-0.2245744356952468,-371.9750432811835,0.0,0.0
17.76,888,0.10959993302822113,0.9939757585525513,0.10982055217027664,0.5380251407623291,-2.2495059967041016,-2.0,0.20570865273475647,0.9786132574081421,0.20718778669834137,0.09610871970653534,-0.015362502075731754,0.09736724197864532,-0.17654311851211868,-372.15158639969565,0.0,0.0
17.78,889,0.1193651482462883,0.9928504228591919,0.11965043097734451,0.49149399995803833,-2.3265573978424072,-2.0,0.16564279794692993,0.9861857891082764,0.16640977561473846,0.046277645975351334,-0.006664605811238289,0.04675934091210365,-0.12753735555910262,-372.2791237552548,0.0,0.0
17.8,890,0.12816812098026276,0.9917524456977844,0.1285216510295868,0.44356080889701843,-2.396660089492798,-2.0,0.12402476370334625,0.9922791123390198,0.12434494495391846,-0.004143361933529377,0.0005266682128421962,-0.004176703747361898,-0.07788812848974955,-372.3570118837445,0.0,0.0
17.82,891,0.13598637282848358,0.9907107353210449,0.13640901446342468,0.3943682014942169,-2.4596304893493652,-2.0,0.08122898638248444,0.9966954588890076,0.08131857961416245,-0.05475737899541855,0.005984757095575333,-0.05509042739868164,-0.052064065958495435,-372.40907594970304,0.0,0.0
17.84,892,0.14280040562152863,0.9897515177726746,0.14329025149345398,0.34406203031539917,-2.5153086185455322,-2.0,0.03765450045466423,0.9992908239364624,0.037663403898477554,-0.10514591634273529,0.009539312683045864,-0.10562685132026672,-0.10197167168259963,-372.5110476213856,0.0,0.0
17.86,893,0.1485937386751175,0.9888983368873596,0.14914606511592865,0.29279088973999023,-2.563556432723999,-2.0,-0.006282978691160679,0.9999802708625793,-0.006283020135015249,-0.154876708984375,0.011081934906542301,-0.15542909502983093,-0.1514826652371728,-372.66253028662277,0.0,0.0
17.88,894,0.15335266292095184,0.9881715178489685,0.153960183262825,0.2407057285308838,-2.6042580604553223,-2.0,-0.05015980079770088,0.9987412095069885,-0.05018085613846779,-0.20351245999336243,0.010569681413471699,-0.2041410356760025,-0.20024320388127387,-372.862773490504,0.0,0.0
17.900000000000002,895,0.15706630051136017,0.9875880479812622,0.15771937370300293,0.18795935809612274,-2.6373186111450195,-2.0,-0.09355364739894867,0.995614230632782,-0.0936906561255455,-0.25061994791030884,0.008026178926229477,-0.25141003727912903,-0.2479002270146088,-373.11067371751864,0.0,0.0
17.92,896,0.15972641110420227,0.9871613383293152,0.1604134887456894,0.13470607995986938,-2.662663698196411,-2.0,-0.1360526978969574,0.9907016158103943,-0.13647596538066864,-0.29577910900115967,0.0035402788780629635,-0.29688945412635803,-0.2941041486352029,-373.40477786615384,0.0,0.0
17.94,897,0.16132739186286926,0.9869009256362915,0.1620355248451233,0.08110131323337555,-2.6802384853363037,-2.0,-0.17726421356201172,0.9841632843017578,-0.1782059371471405,-0.338591605424881,-0.0027376438956707716,-0.3402414619922638,-0.3385114841254399,-373.74328935027927,0.0,0.0
17.96,898,0.16186624765396118,0.9868127107620239,0.16258154809474945,0.027301158756017685,-2.6900076866149902,-2.0,-0.2168220430612564,0.9762111306190491,-0.21855787932872772,-0.3786882758140564,-0.010601560585200787,-0.3811394274234772,-0.38078747908441507,-374.1240768293637,0.0,0.0
17.98,899,0.16134245693683624,0.9868984818458557,0.1620507836341858,-0.026537934318184853,-2.6919546127319336,-2.0,-0.2543927729129791,0.967100977897644,-0.25721976161003113,-0.41573524475097656,-0.019797494634985924,-0.4192705452442169,-0.4206086625922572,-374.54468549195593,0.0,0.0
18.0,900,0.1597580909729004,0.9871562123298645,0.16044558584690094,-0.08025957643985748,-2.686081886291504,-2.0,-0.2896801233291626,0.9571235179901123,-0.29389262199401855,-0.449438214302063,-0.030032681301236153,-0.4543382227420807,-0.45766535341091835,-375.00235084536683,0.0,0.0
18.02,901,0.15711770951747894,0.987579882144928,0.15777143836021423,-0.13370777666568756,-2.672410488128662,-2.0,-0.32242754101753235,0.9465941190719604,-0.3282928764820099,-0.4795452654361725,-0.04098573699593544,-0.4860643148422241,-0.4916640581635582,-375.4940149035304,0.0,0.0
18.04,902,0.15342846512794495,0.9881597757339478,0.15403689444065094,-0.186727374792099,-2.650979518890381,-2.0,-0.35241883993148804,0.9358423948287964,-0.36015450954437256,-0.5058472752571106,-0.05231737717986107,-0.5141913890838623,-0.5223297652052336,-376.01634466873566,0.0,0.0
18.06,903,0.1487000733613968,0.9888823628425598,0.14925360679626465,-0.2391643226146698,-2.621847629547119,-2.0,-0.3794771730899811,0.9252011179924011,-0.3892311453819275,-0.5281772613525391,-0.06368125230073929,-0.5384847521781921,-0.5494081117658706,-376.5657527805015,0.0,0.0
18.080000000000002,904,0.14294494688510895,0.9897306561470032,0.1434362828731537,-0.2908661663532257,-2.585092067718506,-2.0,-0.40346255898475647,0.9149961471557617,-0.4152979552745819,-0.5464075207710266,-0.07473449409008026,-0.5587342381477356,-0.5726674242476775,-377.1384202047492,0.0,0.0
18.1,905,0.1361781805753708,0.9906843304634094,0.13660262525081635,-0.3416823744773865,-2.5408098697662354,-2.0,-0.42426797747612,0.9055367112159729,-0.43815332651138306,-0.5604461431503296,-0.0851476714015007,-0.5747559666633606,-0.5919005868116602,-377.73032079156087,0.0,0.0
18.12,906,0.1284177303314209,0.9917201399803162,0.12877333164215088,-0.3914647102355957,-2.4891178607940674,-2.0,-0.4418147802352905,0.8971062898635864,-0.4576205909252167,-0.5702325105667114,-0.09461387246847153,-0.5863939523696899,-0.6069266635503319,-378.3372474551112,0.0,0.0
18.14,907,0.11968439072370529,0.9928119778633118,0.11997198313474655,-0.4400677978992462,-2.4301536083221436,-2.0,-0.45604774355888367,0.8899553418159485,-0.47354915738105774,-0.5757321119308472,-0.10285667330026627,-0.5935211181640625,-0.6175925720482618,-378.95484002715943,0.0,0.0
18.16,908,0.11000193655490875,0.9939313530921936,0.11022499203681946,-0.4873493015766144,-2.3640754222869873,-2.0,-0.46692997217178345,0.8842942714691162,-0.4858158528804779,-0.576931893825531,-0.10963708162307739,-0.5960408449172974,-0.6237741524457812,-379.5786141796052,0.0,0.0
18.18,909,0.09939718246459961,0.9950478672981262,0.09956158697605133,-0.5331705808639526,-2.2910635471343994,-2.0,-0.474438339471817,0.8802887201309204,-0.4943258762359619,-0.5738354921340942,-0.11475909501314163,-0.593887448310852,-0.6253774364368003,-380.203991616042,0.0,0.0
18.2,910,0.0879000574350357,0.9961292743682861,0.08801364153623581,-0.5773969888687134,-2.2113208770751953,-2.0,-0.4785594642162323,0.8780551552772522,-0.49901336431503296,-0.5664595365524292,-0.11807414889335632,-0.5870270133018494,-0.6223395199391883,-380.8263311359812,0.0,0.0
18.22,911,0.07554363459348679,0.997142493724823,0.07561567425727844,-0.6198984384536743,-2.1250722408294678,-2.0,-0.47928696870803833,0.8776582479476929,-0.49984210729599,-0.5548306107521057,-0.11948423832654953,-0.575457751750946,-0.6146290392546461,-381.44096017523583,0.0,0.0
18.240000000000002,912,0.062364183366298676,0.9980534315109253,0.062404680997133255,-0.6605497598648071,-2.0325660705566406,-2.0,-0.47661980986595154,0.8791095614433289,-0.49680566787719727,-0.5389840006828308,-0.11894392967224121,-0.5592103600502014,-0.6022467870242886,-382.0432069622601,0.0,0.0
18.26,913,0.048401135951280594,0.9988279938697815,0.04842005670070648,-0.6992312669754028,-1.934073805809021,-2.0,-0.4705619513988495,0.882366955280304,-0.4899275302886963,-0.518963098526001,-0.11646101623773575,-0.538347601890564,-0.5852257228488469,-382.628432685109,0.0,0.0
18.28,914,0.03369709476828575,0.9994320869445801,0.03370347246527672,-0.7358290553092957,-1.829890251159668,-2.0,-0.4611234664916992,0.8873359560966492,-0.4792608916759491,-0.49482056498527527,-0.11209610849618912,-0.5129643678665161,-0.5636310044259585,-383.19206368953496,0.0,0.0
18.3,915,0.018297739326953888,0.9998325705528259,0.018298760056495667,-0.7702357172966003,-1.7203327417373657,-2.0,-0.44832292199134827,0.8938716650009155,-0.46488824486732483,-0.46662065386772156,-0.1059609055519104,-0.4831869900226593,-0.5375596518675889,-383.72962334140254,0.0,0.0
18.32,916,0.002251747529953718,0.9999974370002747,0.002251749625429511,-0.8023505210876465,-1.6057417392730713,-2.0,-0.43219074606895447,0.901782214641571,-0.4469207227230072,-0.4344424903392792,-0.098215252161026,-0.4491724669933319,-0.5071399944029192,-384.23676333580545,0.0,0.0
18.34,917,-0.014389356598258018,0.9998964667320251,-0.014389852993190289,-0.8320801258087158,-1.4864790439605713,-2.0,-0.4127737283706665,0.9108335971832275,-0.42549723386764526,-0.3983843922615051,-0.08906286954879761,-0.4111073911190033,-0.47253086996726507,-384.7092942057727,0.0,0.0
18.36,918,-0.03157137706875801,0.9995015263557434,-0.031576626002788544,-0.859338641166687,-1.3629273176193237,-2.0,-0.3901398777961731,0.9207556247711182,-0.4007834792137146,-0.3585684895515442,-0.07874589413404465,-0.36920687556266785,-0.4339206078974293,-385.14321481367017,0.0,0.0
18.38,919,-0.04803909733891487,0.9988454580307007,-0.048057593405246735,-0.8240483999252319,1.7645115852355957,2.0,-0.36438336968421936,0.9312490224838257,-0.3729705810546875,-0.316344290971756,-0.0675964280962944,-0.324912965297699,-0.39272588467677555,-385.53594069834696,0.0,0.0
18.400000000000002,920,-0.06374157965183258,0.9979664087295532,-0.06378482282161713,-0.7863614559173584,1.8843494653701782,2.0,-0.3356296420097351,0.9419940114021301,-0.3422735631465912,-0.27188804745674133,-0.05597240850329399,-0.27848872542381287,-0.3491857577435837,-385.8851264560905,0.0,0.0
18.42,921,-0.07863140851259232,0.9969037771224976,-0.07871266454458237,-0.7463920712471008,1.998467206954956,2.0,-0.30403926968574524,0.9526594877243042,-0.30892980098724365,-0.22540786862373352,-0.04424425959587097,-0.23021714389324188,-0.3035608979547383,-386.18868735404527,0.0,0.0
18.44,922,-0.09266477078199387,0.9956973791122437,-0.0927978977560997,-0.7042616605758667,2.106520414352417,2.0,-0.2698114216327667,0.9629132151603699,-0.2731971740722656,-0.17714664340019226,-0.03278417885303497,-0.18039926886558533,-0.2561319020373648,-386.4448192560826,0.0,0.0
18.46,923,-0.10580146312713623,0.9943872690200806,-0.10599985718727112,-0.6600978970527649,2.20819091796875,2.0,-0.23318526148796082,0.9724323153495789,-0.23535196483135223,-0.12738379836082458,-0.021954944357275963,-0.12935210764408112,-0.20719731770447272,-386.6520165737871,0.0,0.0
18.48,924,-0.1180049329996109,0.9930130243301392,-0.11828053742647171,-0.614034116268158,2.303187847137451,2.0,-0.1944403052330017,0.9809143543243408,-0.19568683207035065,-0.07643537223339081,-0.01209865603595972,-0.07740629464387894,-0.15707142622813566,-386.8090880000152,0.0,0.0
18.5,925,-0.1292421966791153,0.9916130304336548,-0.12960472702980042,-0.5662091374397278,2.391247510910034,2.0,-0.15389446914196014,0.9880872964859009,-0.15450850129127502,-0.024652279913425446,-0.0035257681738585234,-0.02490377612411976,-0.10608211026720674,-386.9151701102824,0.0,0.0
18.52,926,-0.1394837498664856,0.9902243614196777,-0.1399400532245636,-0.5167664885520935,2.4721322059631348,2.0,-0.11190052330493927,0.9937193989753723,-0.1121353805065155,0.027583230286836624,0.003495053853839636,0.027804670855402946,-0.054568449189905964,-386.9697385594723,0.0,0.0
18.54,927,-0.14870356023311615,0.9888818264007568,-0.1492571234703064,-0.46585389971733093,2.54563045501709,2.0,-0.06884065270423889,0.9976276755332947,-0.06889514625072479,0.07986290752887726,0.008745850063860416,0.0803619846701622,-0.07712174971020139,-387.04686030918253,0.0,0.0
18.56,928,-0.15687885880470276,0.9876178503036499,-0.15752959251403809,-0.41362279653549194,2.611556053161621,2.0,-0.025119516998529434,0.9996844530105591,-0.025122158229351044,0.13175934553146362,0.01206660270690918,0.13240742683410645,-0.12863443968640104,-387.1754947488689,0.0,0.0
18.580000000000002,929,-0.1639900803565979,0.9864619970321655,-0.1647341400384903,-0.3602278530597687,2.6697471141815186,2.0,0.01884397678077221,0.9998224377632141,0.01884509064257145,0.18283405900001526,0.013360448181629181,0.1835792362689972,-0.1796119845932439,-387.35510673346215,0.0,0.0
18.6,930,-0.1700206995010376,0.9854404926300049,-0.17085067927837372,-0.3058265447616577,2.7200655937194824,2.0,0.06262560933828354,0.9980370998382568,0.06266661733388901,0.23264630138874054,0.012596598826348782,0.23351728916168213,-0.2296957641310948,-387.5848024975933,0.0,0.0
18.62,931,-0.17495715618133545,0.9845760464668274,-0.17586225271224976,-0.2505786120891571,2.7623958587646484,2.0,0.10580514371395111,0.9943869113922119,0.10600355267524719,0.28076228499412537,0.009810833260416985,0.28186580538749695,-0.2785288631744093,-387.8633313607677,0.0,0.0
18.64,932,-0.1787886917591095,0.9838874936103821,-0.17975516617298126,-0.1946457326412201,2.7966439723968506,2.0,0.1479753702878952,0.9889910221099854,0.1485207974910736,0.3267640471458435,0.0051035494543612,0.3282759487628937,-0.32575871329861456,-388.1890900740663,0.0,0.0
18.66,933,-0.18150728940963745,0.9833896160125732,-0.18251897394657135,-0.13819099962711334,2.822736978530884,2.0,0.18875043094158173,0.9820250868797302,0.1898895502090454,0.370257705450058,-0.0013645108556374907,0.37240853905677795,-0.3710397781130539,-388.5601298521794,0.0,0.0
18.68,934,-0.18310758471488953,0.9830929040908813,-0.18414655327796936,-0.08137855678796768,2.8406219482421875,2.0,0.22777298092842102,0.973714292049408,0.22978992760181427,0.41088056564331055,-0.009378616698086262,0.4139364957809448,-0.4140361020219195,-388.9741659542013,0.0,0.0
18.7,935,-0.18358677625656128,0.9830034971237183,-0.1846340149641037,-0.024373244494199753,2.8502657413482666,2.0,0.2647198438644409,0.9643253684043884,0.2679134011268616,0.4483066201210022,-0.018678145483136177,0.4525474011898041,-0.45442394431489974,-389.4285898985162,0.0,0.0
18.72,936,-0.182944655418396,0.983123242855072,-0.1839808225631714,0.032659828662872314,2.851653814315796,2.0,0.29930591583251953,0.9541571736335754,0.30396515130996704,0.4822505712509155,-0.028966013342142105,0.4879459738731384,-0.49189422123918203,-389.9204841197554,0.0,0.0
18.740000000000002,937,-0.18118347227573395,0.9834493398666382,-0.1821897029876709,0.08955564349889755,2.844790458679199,2.0,0.3312861919403076,0.9435303211212158,0.337666392326355,0.5124696493148804,-0.039918988943099976,0.5198560953140259,-0.5261548586160573,-390.4466389783714,0.0,0.0
18.76,938,-0.17830808460712433,0.9839746952056885,-0.17926672101020813,0.1461496204137802,2.8296990394592285,2.0,0.36045587062835693,0.9327762722969055,0.36875656247138977,0.5387639403343201,-0.051198434084653854,0.5480232834815979,-0.556933107202078,-391.0035720855735,0.0,0.0
18.78,939,-0.17432591319084167,0.9846879839897156,-0.17522116005420685,0.2022780478000641,2.8064210414886475,2.0,0.3866489827632904,0.9222269654273987,0.3969951868057251,0.5609748959541321,-0.06246105208992958,0.5722163319587708,-0.5839777164598111,-391.5875498020333,0.0,0.0
18.8,940,-0.16924698650836945,0.9855736494064331,-0.17006558179855347,0.2577784061431885,2.775017499923706,2.0,0.40973538160324097,0.9122044444084167,0.4221639633178711,0.5789823532104492,-0.07336924225091934,0.5922295451164246,-0.6070607729257469,-392.1946105749591,0.0,0.0
18.82,941,-0.16308408975601196,0.9866122007369995,-0.16381579637527466,0.31248974800109863,2.735568046569824,2.0,0.42961665987968445,0.9030113816261292,0.44406822323799133,0.5927007794380188,-0.08360081166028976,0.6078839898109436,-0.6259797543556378,-392.8205903293147,0.0,0.0
18.84,942,-0.1558527797460556,0.9877802729606628,-0.1564907282590866,0.36625319719314575,2.6881728172302246,2.0,0.44622138142585754,0.8949226140975952,0.46253859996795654,0.6020742058753967,-0.09285768866539001,0.6190293431282043,-0.6405589500610702,-393.4611492793758,0.0,0.0
18.86,943,-0.14757154881954193,0.9890514016151428,-0.1481124758720398,0.41891226172447205,2.6329524517059326,2.0,0.45950010418891907,0.8881776928901672,0.4774322807788849,0.6070716381072998,-0.100873664021492,0.6255447268486023,-0.6506510816356132,-394.1118003610114,0.0,0.0
18.88,944,-0.13826186954975128,0.990395724773407,-0.13870622217655182,0.4703132212162018,2.5700483322143555,2.0,0.4694202244281769,0.8829748630523682,0.48863404989242554,0.6076821088790894,-0.10742082446813583,0.6273402571678162,-0.6561384979214584,-394.76793885893284,0.0,0.0
18.900000000000002,945,-0.12794840335845947,0.9917808175086975,-0.12830010056495667,0.5203057527542114,2.4996249675750732,2.0,0.475961834192276,0.8794659376144409,0.4960573613643646,0.6039102077484131,-0.11231487989425659,0.6243574619293213,-0.6569341525139168,-395.4248730114468,0.0,0.0
18.92,946,-0.1166590005159378,0.9931720495223999,-0.11692523956298828,0.568743109703064,2.4218688011169434,2.0,0.47911372780799866,0.8777528405189514,0.4996447265148163,0.5957727432250977,-0.11541920155286789,0.616569995880127,-0.6529826019016096,-396.0778556133484,0.0,0.0
18.94,947,-0.1044248640537262,0.9945327639579773,-0.10461558401584625,0.6154829263687134,2.3369908332824707,2.0,0.47887122631073,0.8778851628303528,0.49936848878860474,0.5832961201667786,-0.1166476234793663,0.6039840579032898,-0.6442603086819007,-396.7221159220303,0.0,0.0
18.96,948,-0.09128059446811676,0.9958252310752869,-0.09140783548355103,0.660387396812439,2.245225191116333,2.0,0.47523465752601624,0.8798590898513794,0.49523070454597473,0.5665152668952942,-0.11596611887216568,0.5866385698318481,-0.6307763224650947,-397.35289224449537,0.0,0.0
18.98,949,-0.07726427167654037,0.9970106482505798,-0.07734135538339615,0.7033240795135498,2.1468324661254883,2.0,0.46820956468582153,0.8836174607276917,0.48726344108581543,0.5454738140106201,-0.11339319497346878,0.5646047592163086,-0.6125720567507903,-397.96546430124613,0.0,0.0
19.0,950,-0.06241743266582489,0.9980501532554626,-0.06245803087949753,0.7441660165786743,2.042097330093384,2.0,0.45780816674232483,0.8890510201454163,0.4755282700061798,0.5202255845069885,-0.10899912565946579,0.5379862785339355,-0.5897214729334566,-398.55518577417956,0.0,0.0
19.02,951,-0.04678509384393692,0.9989050030708313,-0.046802178025245667,0.7827926278114319,1.9313300848007202,2.0,0.44405198097229004,0.8960010409355164,0.460115909576416,0.49083706736564636,-0.10290394723415375,0.5069181323051453,-0.5623304494857823,-399.11751622366535,0.0,0.0
19.04,952,-0.030415689572691917,0.9995373487472534,-0.03042037971317768,0.819089949131012,1.8148666620254517,2.0,0.42697566747665405,0.9042630791664124,0.4411455988883972,0.4573913812637329,-0.09527422487735748,0.47156599164009094,-0.5305362900424001,-399.64805251370774,0.0,0.0
19.06,953,-0.013360956683754921,0.9999107122421265,-0.013361354358494282,0.8529512882232666,1.6930675506591797,2.0,0.40663158893585205,0.9135922193527222,0.41876402497291565,0.4199925363063812,-0.08631851524114609,0.43212535977363586,-0.4945069533177415,-400.1425594670255,0.0,0.0
19.080000000000002,954,0.004324185196310282,0.9999906420707703,0.004324198700487614,0.8842776417732239,1.5663175582885742,2.0,0.3830946385860443,0.9237090945243835,0.3931442201137543,0.37877047061920166,-0.07628155499696732,0.38882002234458923,-0.4544398263390641,-400.59699929336455,0.0,0.0
19.1,955,0.021382132545113564,0.9997713565826416,0.02138376235961914,0.8529781699180603,-1.564975619316101,-2.0,0.3564675450325012,0.9343076944351196,0.3644843101501465,0.335085391998291,-0.06546366214752197,0.34310054779052734,-0.4117604586584234,-401.00875975202297,0.0,0.0
19.12,956,0.03775862231850624,0.9992868900299072,0.037767600268125534,0.8191920518875122,-1.6893056631088257,-2.0,0.32688531279563904,0.9450640082359314,0.3330059349536896,0.2891266644001007,-0.054222870618104935,0.29523834586143494,-0.36671670815939106,-401.37547646018237,0.0,0.0
19.14,957,0.0534026175737381,0.9985730648040771,0.053428031504154205,0.7830214500427246,-1.8085287809371948,-2.0,0.2945193350315094,0.9556455016136169,0.29895249009132385,0.2411167025566101,-0.042927537113428116,0.24552446603775024,-0.3195779039385346,-401.6950543641209,0.0,0.0
19.16,958,0.06826641410589218,0.997667133808136,0.06831955164670944,0.7445759773254395,-1.92227303981781,-2.0,0.2595800459384918,0.965721607208252,0.262587308883667,0.19131362438201904,-0.03194553032517433,0.19426776468753815,-0.2706329392717541,-401.96568730339266,0.0,0.0
19.18,959,0.08230578154325485,0.9966071248054504,0.08239899575710297,0.7039721608161926,-2.030191659927368,-2.0,0.22231827676296234,0.9749741554260254,0.2241916060447693,0.1400124877691269,-0.021632976830005646,0.14179261028766632,-0.22018831496067476,-402.18587561835335,0.0,0.0
19.2,960,0.09547998011112213,0.9954313635826111,0.09562565386295319,0.661332905292511,-2.1319637298583984,-2.0,0.18302473425865173,0.9831082820892334,0.18406227231025696,0.087544746696949,-0.012323040515184402,0.08843662589788437,-0.16856595451990397,-402.35444157287327,0.0,0.0
19.22,961,0.10775178670883179,0.9941778182983398,0.10796139389276505,0.6167870163917542,-2.2272939682006836,-2.0,0.14202775061130524,0.9898626804351807,0.14250962436199188,0.03427596390247345,-0.004315150901675224,0.034548237919807434,-0.1161008807591064,-402.4705424536324,0.0,0.0
19.240000000000002,962,0.11908747255802155,0.9928837418556213,0.11937076598405838,0.5704687237739563,-2.315913200378418,-2.0,0.09968913346529007,0.9950186610221863,0.09985499083995819,-0.019398344680666924,0.0021348653826862574,-0.01951577514410019,-0.06313885809820627,-402.5336813117306,0.0,0.0
19.26,963,0.1294567584991455,0.9915850758552551,0.12982110679149628,0.5225171446800232,-2.397578716278076,-2.0,0.05639825016260147,0.9984083771705627,0.05642819404602051,-0.07305850833654404,0.0068232836201786995,-0.07339292019605637,-0.0699661186666686,-402.6036474303973,0.0,0.0
19.28,964,0.1388327181339264,0.990315854549408,0.13928262889385223,0.4730757176876068,-2.4720726013183594,-2.0,0.01256471686065197,0.9999210834503174,0.012565047480165958,-0.12626799941062927,0.009605214931070805,-0.12671758234500885,-0.12285442970265967,-402.7265018601,0.0,0.0
19.3,965,0.14719171822071075,0.9891079664230347,0.14772845804691315,0.42229166626930237,-2.5392019748687744,-2.0,-0.031390100717544556,0.9995071887969971,-0.031395260244607925,-0.1785818189382553,0.01039922796189785,-0.17912371456623077,-0.17516340967592547,-402.9016652697759,0.0,0.0
19.32,966,0.15451325476169586,0.9879907369613647,0.15513476729393005,0.37031570076942444,-2.598798990249634,-2.0,-0.07504218071699142,0.9971803426742554,-0.07511279731988907,-0.22955544292926788,0.009189643897116184,-0.23024757206439972,-0.22653003122170917,-403.1281953009976,0.0,0.0
19.34,967,0.1607799082994461,0.9869902729988098,0.16148079931735992,0.31730133295059204,-2.6507182121276855,-2.0,-0.11797410994768143,0.9930166602134705,-0.11824949830770493,-0.27875402569770813,0.006026388145983219,-0.27973029017448425,-0.2765935948785606,-403.40478889587615,0.0,0.0
19.36,968,0.16597720980644226,0.9861295819282532,0.16674889624118805,0.26340457797050476,-2.6948370933532715,-2.0,-0.1597839742898941,0.9871519804000854,-0.1604718118906021,-0.32576116919517517,0.0010224186116829515,-0.32722070813179016,-0.32499838763770145,-403.7297872835139,0.0,0.0
19.38,969,0.17009350657463074,0.9854279160499573,0.17092455923557281,0.20878349244594574,-2.7310550212860107,-2.0,-0.2000933736562729,0.9797768592834473,-0.20145322382450104,-0.37018686532974243,-0.005651093553751707,-0.37237778306007385,-0.37139637097800976,-404.1011836544919,0.0,0.0
19.400000000000002,970,0.17311988770961761,0.9849007725715637,0.17399650812149048,0.1535976380109787,-2.7592923641204834,-2.0,-0.2385542392730713,0.9711291790008545,-0.24087683856487274,-0.4116741418838501,-0.013771583326160908,-0.4148733615875244,-0.41544973572301513,-404.5166333902149,0.0,0.0
19.42,971,0.17505010962486267,0.9845595359802246,0.17595666646957397,0.09800785034894943,-2.779489517211914,-2.0,-0.2748539447784424,0.9614859819412231,-0.2784378230571747,-0.44990408420562744,-0.02307353913784027,-0.45439448952674866,-0.4568335074773467,-404.9734668976923,0.0,0.0
19.44,972,0.1758805364370346,0.9844115376472473,0.1768001765012741,0.04217572137713432,-2.7916064262390137,-2.0,-0.308718740940094,0.9511533975601196,-0.313845694065094,-0.4845992922782898,-0.033258143812417984,-0.4906458556652069,-0.4952380063772742,-405.46870490406957,0.0,0.0
19.46,973,0.17561008036136627,0.9844598174095154,0.17652544379234314,-0.013736733235418797,-2.7956225872039795,-2.0,-0.33991512656211853,0.9404560923576355,-0.3468266427516937,-0.515525221824646,-0.0440036840736866,-0.5233520865440369,-0.5303711427195125,-405.99907604678907,0.0,0.0
19.48,974,0.17424018681049347,0.9847031831741333,0.1751340925693512,-0.06956745684146881,-2.7915360927581787,-2.0,-0.36824968457221985,0.9297269582748413,-0.37712568044662476,-0.5424898862838745,-0.054976243525743484,-0.5522598028182983,-0.5619607423135988,-406.5610367891027,0.0,0.0
19.5,975,0.17177483439445496,0.9851362109184265,0.17263101041316986,-0.12515471875667572,-2.7793633937835693,-2.0,-0.39356696605682373,0.9192959666252136,-0.404508501291275,-0.5653418302536011,-0.06584028899669647,-0.5771394968032837,-0.5897566855562435,-407.15079347465894,0.0,0.0
19.52,976,0.16822059452533722,0.985749363899231,0.169024258852005,-0.18033751845359802,-2.7591400146484375,-2.0,-0.41574639081954956,0.9094805717468262,-0.42876332998275757,-0.5839669704437256,-0.07626879215240479,-0.5977875590324402,-0.6135327559180419,-407.76432623057696,0.0,0.0
19.54,977,0.1635866016149521,0.9865289926528931,0.16432513296604156,-0.23495593667030334,-2.7309203147888184,-2.0,-0.4346977472305298,0.9005764126777649,-0.4497026205062866,-0.5982843637466431,-0.08595256507396698,-0.614027738571167,-0.6330884659963846,-408.3974146965733,0.0,0.0
19.56,978,0.15788468718528748,0.9874575734138489,0.15854810178279877,-0.28885146975517273,-2.694777488708496,-2.0,-0.4503563940525055,0.8928488492965698,-0.46716445684432983,-0.608241081237793,-0.09460867941379547,-0.6257125735282898,-0.6482507268954307,-409.04566542346873,0.0,0.0
19.580000000000002,979,0.15112945437431335,0.9885140061378479,0.15171074867248535,-0.3418675661087036,-2.6508047580718994,-2.0,-0.4626781940460205,0.8865262866020203,-0.48101383447647095,-0.6138076782226562,-0.10198768228292465,-0.6327245831489563,-0.6588752117379165,-409.7045406352066,0.0,0.0
19.6,980,0.14333832263946533,0.9896737337112427,0.14383375644683838,-0.3938498795032501,-2.5991148948669434,-2.0,-0.4716346263885498,0.8817940354347229,-0.4911436140537262,-0.6149729490280151,-0.10787968337535858,-0.634977400302887,-0.6648475918934345,-410.36938822710005,0.0,0.0
19.62,981,0.1345316767692566,0.9909092783927917,0.13494081795215607,-0.4446467161178589,-2.539842367172241,-2.0,-0.47720855474472046,0.8787900805473328,-0.4974755048751831,-0.611740231513977,-0.11211922764778137,-0.632416307926178,-0.6660844370435031,-411.0354726641435,0.0,0.0
19.64,982,0.12473290413618088,0.9921903610229492,0.1250586360692978,-0.494109570980072,-2.473142623901367,-2.0,-0.4793908894062042,0.8776015043258667,-0.4999605119228363,-0.6041237711906433,-0.11458886414766312,-0.6250191330909729,-0.6625341364273283,-411.69800680057085,0.0,0.0
19.66,983,0.11396858841180801,0.993484377861023,0.11421675980091095,-0.5420934557914734,-2.399193286895752,-2.0,-0.4781784117221832,0.8782626986503601,-0.4985794425010681,-0.5921469926834106,-0.11522162705659866,-0.6127961874008179,-0.6541772747348612,-412.35218407530573,0.0,0.0
19.68,984,0.10226850211620331,0.994756817817688,0.10244761407375336,-0.5884573459625244,-2.318195343017578,-2.0,-0.47357288002967834,0.8807546496391296,-0.49334296584129333,-0.5758413672447205,-0.11400219053030014,-0.5957905650138855,-0.6410270584155131,-412.9932111337212,0.0,0.0
19.7,985,0.0896657332777977,0.9959719181060791,0.08978632092475891,-0.6330648064613342,-2.2303733825683594,-2.0,-0.4655815362930298,0.885004997253418,-0.48429158329963684,-0.5552472472190857,-0.11096692085266113,-0.5740779042243958,-0.6231292855134052,-413.61634041923463,0.0,0.0
19.72,986,0.07619670778512955,0.9970927834510803,0.07627063244581223,-0.6757843494415283,-2.1359755992889404,-2.0,-0.45421892404556274,0.8908901214599609,-0.47149527072906494,-0.5304155945777893,-0.10620269924402237,-0.5477659106254578,-0.6005622164533773,-414.21690263568803,0.0,0.0
19.740000000000002,987,0.061901237815618515,0.9980822801589966,0.061940837651491165,-0.716489851474762,-2.035275459289551,-2.0,-0.43950989842414856,0.8982377648353577,-0.4550529718399048,-0.5014111399650574,-0.0998445376753807,-0.5169938206672668,-0.573436107218805,-414.79033874290684,0.0,0.0
19.76,988,0.04682248458266258,0.998903214931488,0.04683961346745491,-0.7550612092018127,-1.928570032119751,-2.0,-0.4214937090873718,0.9068313241004944,-0.43509188294410706,-0.4683161973953247,-0.09207190573215485,-0.4819314777851105,-0.5418925836745422,-415.3322313265814,0.0,0.0
19.78,989,0.031006943434476852,0.9995191693305969,0.03101191483438015,-0.7913848757743835,-1.8161816596984863,-2.0,-0.4002286195755005,0.9164153337478638,-0.41176629066467285,-0.43123555183410645,-0.08310384303331375,-0.44277819991111755,-0.5061037974645844,-415.83833512404595,0.0,0.0
19.8,990,0.014504325576126575,0.9998947978019714,0.014504834078252316,-0.8253539800643921,-1.6984566450119019,-2.0,-0.37579697370529175,0.9267020225524902,-0.3852566182613373,-0.39030128717422485,-0.0731927827000618,-0.39976146817207336,-0.4662711252081791,-416.3046062492541,0.0,0.0
19.82,991,-0.0014325508382171392,0.9999989867210388,-0.0014325513038784266,-0.7968692779541016,1.424235224723816,2.0,-0.3483102321624756,0.9373793005943298,-0.3557678461074829,-0.34687766432762146,-0.0626196563243866,-0.3543352782726288,-0.42382406690662466,-416.7284303161607,0.0,0.0
19.84,992,-0.01675298437476158,0.999859631061554,-0.016753768548369408,-0.7660608291625977,1.5404225587844849,2.0,-0.3179134726524353,0.9481196999549866,-0.323527991771698,-0.3011604845523834,-0.05173993110656738,-0.30677419900894165,-0.37901407789117,-417.10744439405187,0.0,0.0
19.86,993,-0.03140902519226074,0.9995065927505493,-0.03141418844461441,-0.733021080493927,1.6519873142242432,2.0,-0.2847890555858612,0.9585902094841003,-0.2887863516807556,-0.25338003039360046,-0.04091639816761017,-0.2573721706867218,-0.33211380163970144,-417.4395581956916,0.0,0.0
19.88,994,-0.04535561427474022,0.9989709258079529,-0.04537117853760719,-0.6978495121002197,1.758580207824707,2.0,-0.2491588294506073,0.9684626460075378,-0.25181159377098083,-0.20380322635173798,-0.030508270487189293,-0.20644041895866394,-0.2834151717057639,-417.72297336739734,0.0,0.0
19.900000000000002,995,-0.05855071544647217,0.9982844591140747,-0.058584220707416534,-0.6606520414352417,1.8598732948303223,2.0,-0.21128518879413605,0.9774244427680969,-0.2128896415233612,-0.15273447334766388,-0.0208599790930748,-0.15430542826652527,-0.2332273732707596,-417.9562007406681,0.0,0.0
19.92,996,-0.07095535844564438,0.9974794983863831,-0.07101503759622574,-0.6215407848358154,1.9555612802505493,2.0,-0.17146988213062286,0.9851893782615662,-0.17232146859169006,-0.10051452368497849,-0.012290130369365215,-0.10130642354488373,-0.18187460503253047,-418.13807534570066,0.0,0.0
19.94,997,-0.08253371715545654,0.9965882897377014,-0.08262770622968674,-0.5806335806846619,2.0453617572784424,2.0,-0.13005132973194122,0.9915072321891785,-0.1304207593202591,-0.04751761630177498,-0.005081010516732931,-0.04779304563999176,-0.12969376085201834,-418.2677691065527,0.0,0.0
19.96,998,-0.09325308352708817,0.9956424236297607,-0.09338877350091934,-0.5380532741546631,2.1290156841278076,2.0,-0.08739987760782242,0.9961733222007751,-0.08751153200864792,0.0058532096445560455,0.0005308722029440105,0.005877243354916573,-0.07703198656906451,-418.34480109312176,0.0,0.0
19.98,999,-0.10308387875556946,0.9946726560592651,-0.10326731950044632,-0.4939275085926056,2.206286668777466,2.0,-0.04391147568821907,0.9990354180335999,-0.04392559826374054,0.05917240306735039,0.004362759180366993,0.05934172496199608,-0.05575579112866006,-418.4005568842504,0.0,0.0
20.0,1000,-0.11199960857629776,0.9937082529067993,-0.11223509162664413,-0.4483882784843445,2.2769618034362793,2.0,-1.7145055406796758e-15,1.0,-1.7145055406796758e-15,0.11199960857629776,0.006291748955845833,0.11223509162664413,-0.10830949049360442,-418.508866374744,0.0,0.0
20.02,1001,-0.11997680366039276,0.9927766919136047,-0.12026651203632355,-0.40157124400138855,2.3408515453338623,2.0,0.04391147568821907,0.9990354180335999,0.04392559826374054,0.16388827562332153,0.006258730310946703,0.1641921103000641,-0.16026651371600112,-418.66913288846,0.0,0.0
20.04,1002,-0.12699496746063232,0.9919033646583557,-0.12733882665634155,-0.35361549258232117,2.3977882862091064,2.0,0.08739987760782242,0.9961733222007751,0.08751153200864792,0.21439483761787415,0.0042699477635324,0.21485035121440887,-0.21126442164682452,-418.88039731010684,0.0,0.0
20.06,1003,-0.13303649425506592,0.991111159324646,-0.133432075381279,-0.3046629726886749,2.4476261138916016,2.0,0.13005132973194122,0.9915072321891785,0.1304207593202591,0.26308783888816833,0.0003961223701480776,0.2638528347015381,-0.26094361464344357,-419.1413409247503,0.0,0.0
20.080000000000002,1004,-0.13808660209178925,0.9904201626777649,-0.1385292410850525,-0.254858136177063,2.4902408123016357,2.0,0.17146988213062286,0.9851893782615662,0.17232146859169006,0.3095564842224121,-0.005230797454714775,0.31085070967674255,-0.3089500048581209,-419.4502909296084,0.0,0.0
20.1,1005,-0.14213323593139648,0.9898475408554077,-0.14261619746685028,-0.20434756577014923,2.525529384613037,2.0,0.21128518879413605,0.9774244427680969,0.2128896415233612,0.35341840982437134,-0.012423078529536724,0.3555058538913727,-0.3549376652976701,-419.80522859490605,0.0,0.0
20.12,1006,-0.1451670229434967,0.9894071817398071,-0.14568178355693817,-0.1532793939113617,2.55340838432312,2.0,0.2491588294506073,0.9684626460075378,0.25181159377098083,0.394325852394104,-0.02094452828168869,0.3974933922290802,-0.3985714260765203,-420.20380002098256,0.0,0.0
20.14,1007,-0.1471812129020691,0.9891095161437988,-0.14771784842014313,-0.10180310159921646,2.5738143920898438,2.0,0.2847890555858612,0.9585902094841003,0.2887863516807556,0.4319702684879303,-0.030519329011440277,0.43650418519973755,-0.4395294404231571,-420.6433294614057,0.0,0.0
20.16,1008,-0.14817161858081818,0.9889616370201111,-0.14871922135353088,-0.050069037824869156,2.5867035388946533,2.0,0.3179134726524353,0.9481196999549866,0.323527991771698,0.4660851061344147,-0.04084193333983421,0.4722472131252289,-0.47750557906064445,-421.1208350404663,0.0,0.0
20.18,1009,-0.14813657104969025,0.9889669418334961,-0.14868378639221191,0.0017719691386446357,2.592050313949585,2.0,0.3483102321624756,0.9373793005943298,0.3557678461074829,0.49644678831100464,-0.05158759281039238,0.5044516324996948,-0.512211779768071,-421.63304682023437,0.0,0.0
20.2,1010,-0.14707693457603455,0.9891250729560852,-0.14761240780353546,0.05356893688440323,2.589848279953003,2.0,0.37579697370529175,0.9267020225524902,0.3852566182613373,0.5228738784790039,-0.06242303177714348,0.5328690409660339,-0.5433802553712969,-422.17642707560566,0.0,0.0
20.22,1011,-0.1449960619211197,0.9894322156906128,-0.14550898969173431,0.10517112910747528,2.5801095962524414,2.0,0.4002286195755005,0.9164153337478638,0.41176629066467285,0.545224666595459,-0.07301690429449081,0.5572752952575684,-0.5707656049272193,-422.74719268053286,0.0,0.0
20.240000000000002,1012,-0.14189983904361725,0.9898810386657715,-0.14238041639328003,0.15642842650413513,2.5628645420074463,2.0,0.4214937090873718,0.9068313241004944,0.43509188294410706,0.5633935928344727,-0.0830496996641159,0.5774722695350647,-0.5941467089059275,-423.3413393894388,0.0,0.0
20.26,1013,-0.13779672980308533,0.9904605150222778,-0.13823658227920532,0.20719166100025177,2.5381619930267334,2.0,0.43950989842414856,0.8982377648353577,0.4550529718399048,0.5773066282272339,-0.09222278743982315,0.5932895541191101,-0.6133284679423772,-423.9546678573812,0.0,0.0
20.28,1014,-0.13269776105880737,0.9911565184593201,-0.1330903172492981,0.257313072681427,2.5060698986053467,2.0,0.45421892404556274,0.8908901214599609,0.47149527072906494,0.5869166851043701,-0.10026644170284271,0.604585587978363,-0.6281432956735946,-424.58281115305476,0.0,0.0
20.3,1015,-0.12661661207675934,0.9919517040252686,-0.12695738673210144,0.30664655566215515,2.466674566268921,2.0,0.4655815362930298,0.885004997253418,0.48429158329963684,0.5921981334686279,-0.10694672912359238,0.6112489700317383,-0.6384526635684569,-425.2212638166232,0.0,0.0
20.32,1016,-0.11956966668367386,0.9928258061408997,-0.11985643208026886,0.35504820942878723,2.4200825691223145,2.0,0.47357288002967834,0.8807546496391296,0.49334296584129333,0.5931425094604492,-0.11207117140293121,0.6131994128227234,-0.6441480121482227,-425.8654118287714,0.0,0.0
20.34,1017,-0.11157608777284622,0.9937558770179749,-0.1118088960647583,0.40237659215927124,2.366419553756714,2.0,0.4781784117221832,0.8782626986503601,0.4985794425010681,0.5897544622421265,-0.11549317091703415,0.6103883385658264,-0.6451518628909768,-426.5105636916624,0.0,0.0
20.36,1018,-0.10265786200761795,0.9947167038917542,-0.10283903032541275,0.44849324226379395,2.3058319091796875,2.0,0.4793908894062042,0.8776015043258667,0.4999605119228363,0.582048773765564,-0.11711523681879044,0.6027995347976685,-0.6414184749839956,-427.1519821666464,0.0,0.0
20.38,1019,-0.09283988177776337,0.9956810474395752,-0.09297377616167068,0.49326297640800476,2.2384867668151855,2.0,0.47720855474472046,0.8787900805473328,0.4974755048751831,0.570048451423645,-0.11689098179340363,0.5904492735862732,-0.6329342851564409,-427.78491645180287,0.0,0.0
20.400000000000002,1020,-0.08215000480413437,0.9966199994087219,-0.0822426825761795,0.5365543961524963,2.16457200050354,2.0,0.4716346263885498,0.8817940354347229,0.4911436140537262,0.5537846684455872,-0.11482591181993484,0.5733863115310669,-0.6197181900223477,-428.4046346418252,0.0,0.0
20.42,1021,-0.07061904668807983,0.9975033402442932,-0.07067787647247314,0.5782403349876404,2.0842978954315186,2.0,0.4626781940460205,0.8865262866020203,0.48101383447647095,0.5332972407341003,-0.11097706109285355,0.5516917109489441,-0.6018214919701983,-429.00645613379544,0.0,0.0
20.44,1022,-0.05828087031841278,0.9983002543449402,-0.05831391364336014,0.6181982755661011,1.99789559841156,2.0,0.4503563940525055,0.8928488492965698,0.46716445684432983,0.5086372494697571,-0.10545135289430618,0.5254783630371094,-0.579327746906439,-429.58578388070185,0.0,0.0
20.46,1023,-0.045172322541475296,0.9989792108535767,-0.04518770053982735,0.6563106775283813,1.9056190252304077,2.0,0.4346977472305298,0.9005764126777649,0.4497026205062866,0.479870080947876,-0.09840279817581177,0.49489033222198486,-0.5523521561658585,-430.1381360368677,0.0,0.0
20.48,1024,-0.031333260238170624,0.9995089769363403,-0.031338389962911606,0.6924655437469482,1.8077436685562134,2.0,0.41574639081954956,0.9094805717468262,0.42876332998275757,0.4470796585083008,-0.09002840518951416,0.4601017236709595,-0.5210410092339364,-430.65917704610166,0.0,0.0
20.5,1025,-0.016806460916996002,0.9998587369918823,-0.016807250678539276,0.7265568971633911,1.7045669555664062,2.0,0.39356696605682373,0.9192959666252136,0.404508501291275,0.41037341952323914,-0.08056281507015228,0.4213157594203949,-0.48557058131695424,-431.1447476274186,0.0,0.0
20.52,1026,-0.0016375501872971654,0.9999986886978149,-0.0016375508857890964,0.7584850192070007,1.5964076519012451,2.0,0.36824968457221985,0.9297269582748413,0.37712568044662476,0.36988723278045654,-0.07027172297239304,0.37876322865486145,-0.4461460521731377,-431.5908936795918,0.0,0.0
20.54,1027,0.012925231829285622,0.9999164938926697,0.012925591319799423,0.728157103061676,-1.516394853591919,-2.0,0.33991512656211853,0.9404560923576355,0.3468266427516937,0.32698988914489746,-0.05946034938097,0.333901047706604,-0.40420008884140124,-431.99509376843315,0.0,0.0
20.56,1028,0.02683654986321926,0.9996398091316223,0.02683977223932743,0.6957090497016907,-1.6224032640457153,-2.0,0.308718740940094,0.9511533975601196,0.313845694065094,0.2818821966648102,-0.048486463725566864,0.2870059013366699,-0.35998686997312235,-432.35508063840626,0.0,0.0
20.580000000000002,1029,0.040053822100162506,0.9991975426673889,0.04006453976035118,0.6612382531166077,-1.7235389947891235,-2.0,0.2748539447784424,0.9614859819412231,0.2784378230571747,0.23480014503002167,-0.03771153837442398,0.238373264670372,-0.31378115571703363,-432.6688617941233,0.0,0.0
20.6,1030,0.052537307143211365,0.9986189603805542,0.05256150662899017,0.6248484253883362,-1.8194924592971802,-2.0,0.2385542392730713,0.9711291790008545,0.24087683856487274,0.18601693212985992,-0.027489786967635155,0.18831533193588257,-0.2658763161084981,-432.9347381102318,0.0,0.0
20.62,1031,0.06425020098686218,0.9979338049888611,0.0642944872379303,0.5866489410400391,-1.9099750518798828,-2.0,0.2000933736562729,0.9797768592834473,0.20145322382450104,0.1358431726694107,-0.01815698854625225,0.13715873658657074,-0.21658235304018217,-433.151320463272,0.0,0.0
20.64,1032,0.07515863329172134,0.9971715807914734,0.07522957772016525,0.5467545390129089,-1.994720220565796,-2.0,0.1597839742898941,0.9871519804000854,0.1604718118906021,0.08462533354759216,-0.010019583627581596,0.08524222671985626,-0.16622364779081633,-433.31754411106283,0.0,0.0
20.66,1033,0.08523174375295639,0.9963611364364624,0.08533527702093124,0.50528484582901,-2.0734829902648926,-2.0,0.11797410994768143,0.9930166602134705,0.11824949830770493,0.032742369920015335,-0.0033444834407418966,0.03291422501206398,-0.11513653853140537,-433.43268064959426,0.0,0.0
20.68,1034,0.09444160014390945,0.9955304265022278,0.09458255767822266,0.4623640477657318,-2.146040678024292,-2.0,0.07504218071699142,0.9971803426742554,0.07511279731988907,-0.019399411976337433,0.0016499563353136182,-0.019469760358333588,-0.06366694390957026,-433.49634759350386,0.0,0.0
20.7,1035,0.10276322811841965,0.994705855846405,0.10294495522975922,0.41812020540237427,-2.2121927738189697,-2.0,0.031390100717544556,0.9995071887969971,0.031395260244607925,-0.0713731199502945,0.004801363684237003,-0.07154969871044159,-0.06783216103617787,-433.56417975454,0.0,0.0
20.72,1036,0.11017454415559769,0.9939122796058655,0.11039865761995316,0.3726849853992462,-2.2717599868774414,-2.0,-0.01256471686065197,0.9999210834503174,-0.012565047480165958,-0.12273925542831421,0.0060088057070970535,-0.12296370416879654,-0.11900339809428895,-433.6831831526343,0.0,0.0
20.740000000000002,1037,0.11665630340576172,0.9931723475456238,0.116922527551651,0.32619330286979675,-2.3245849609375,-2.0,-0.05639825016260147,0.9984083771705627,-0.05642819404602051,-0.1730545461177826,0.005236006807535887,-0.1733507215976715,-0.16948757185277155,-433.85267072448704,0.0,0.0
20.76,1038,0.12219204753637314,0.9925065040588379,0.12249817699193954,0.2787826955318451,-2.3705310821533203,-2.0,-0.09968913346529007,0.9950186610221863,-0.09985499083995819,-0.2218811810016632,0.0025121557991951704,-0.22235317528247833,-0.21892637205942536,-434.07159709654644,0.0,0.0
20.78,1039,0.12676802277565002,0.9919323921203613,0.12711003422737122,0.23059304058551788,-2.40948224067688,-2.0,-0.14202775061130524,0.9898626804351807,-0.14250962436199188,-0.26879578828811646,-0.0020697135478258133,-0.2696196734905243,-0.26696502956885354,-434.3385621261153,0.0,0.0
20.8,1040,0.13037317991256714,0.9914649724960327,0.13074536621570587,0.18176618218421936,-2.441343069076538,-2.0,-0.18302473425865173,0.9831082820892334,-0.18406227231025696,-0.31339791417121887,-0.008356684818863869,-0.314807653427124,-0.3132549865991574,-434.6518171127144,0.0,0.0
20.82,1041,0.1329990178346634,0.9911161661148071,0.1333942711353302,0.13244543969631195,-2.466036796569824,-2.0,-0.22231827676296234,0.9749741554260254,-0.2241916060447693,-0.35531729459762573,-0.016142023727297783,-0.3575858771800995,-0.3574565432962857,-435.0092736560107,0.0,0.0
20.84,1042,0.13463963568210602,0.990894615650177,0.13504977524280548,0.0827752947807312,-2.483506917953491,-2.0,-0.2595800459384918,0.965721607208252,-0.262587308883667,-0.39421966671943665,-0.025173034518957138,-0.39763709902763367,-0.3992413829847055,-435.4085150389954,0.0,0.0
20.86,1043,0.13529163599014282,0.9908058047294617,0.1357077956199646,0.03290099278092384,-2.493715286254883,-2.0,-0.2945193350315094,0.9556455016136169,-0.29895249009132385,-0.42981094121932983,-0.03516029566526413,-0.43466028571128845,-0.4382951057026033,-435.846810144698,0.0,0.0
20.88,1044,0.13495412468910217,0.9908518195152283,0.13536715507507324,-0.017031846567988396,-2.4966418743133545,-2.0,-0.32688531279563904,0.9450640082359314,-0.3330059349536896,-0.4618394076824188,-0.04578782990574837,-0.4683730900287628,-0.4743196499953548,-436.3211297946934,0.0,0.0
20.900000000000002,1045,0.13362868130207062,0.9910314679145813,0.13402961194515228,-0.0668775737285614,-2.492286205291748,-2.0,-0.3564675450325012,0.9343076944351196,-0.3644843101501465,-0.49009621143341064,-0.056723758578300476,-0.49851393699645996,-0.5070355434419127,-436.8281653381353,0.0,0.0
20.92,1046,0.13131940364837646,0.9913401007652283,0.13169978559017181,-0.11649087071418762,-2.4806652069091797,-2.0,-0.3830946385860443,0.9237090945243835,-0.3931442201137543,-0.5144140720367432,-0.06763101369142532,-0.5248439908027649,-0.5361841011645548,-437.3643494392999,0.0,0.0
20.94,1047,0.128032848238945,0.9917699098587036,0.1283852458000183,-0.1657271534204483,-2.4618141651153564,-2.0,-0.40663158893585205,0.9135922193527222,-0.41876402497291565,-0.5346644520759583,-0.07817769795656204,-0.5471492409706116,-0.5615294680158075,-437.9258789073157,0.0,0.0
20.96,1048,0.12377811968326569,0.9923099279403687,0.12409639358520508,-0.2144428938627243,-2.4357869625091553,-2.0,-0.42697566747665405,0.9042630791664124,-0.4411455988883972,-0.5507538318634033,-0.08804681152105331,-0.5652419924736023,-0.5828604149992793,-438.50873932231497,0.0,0.0
20.98,1049,0.11856689304113388,0.9929460883140564,0.11884646862745285,-0.2624960243701935,-2.402655839920044,-2.0,-0.44405198097229004,0.8960010409355164,-0.460115909576416,-0.5626188516616821,-0.09694503992795944,-0.5789623856544495,-0.5999920686667829,-439.10873139098175,0.0,0.0
21.0,1050,0.1124134287238121,0.9936615228652954,0.11265154182910919,-0.30974626541137695,-2.3625123500823975,-2.0,-0.45780816674232483,0.8890510201454163,-0.4755282700061798,-0.5702216029167175,-0.10461051762104034,-0.5881798267364502,-0.6127674541805259,-439.7214988451623,0.0,0.0
21.02,1051,0.10533466935157776,0.9944368004798889,0.10553043335676193,-0.3560555875301361,-2.3154664039611816,-2.0,-0.46820956468582153,0.8836174607276917,-0.48726344108581543,-0.5735442638397217,-0.11081937700510025,-0.592793881893158,-0.6210587029031419,-440.34255754806543,0.0,0.0
21.04,1052,0.09735023975372314,0.9952501654624939,0.09750466048717499,-0.40128853917121887,-2.2616477012634277,-2.0,-0.47523465752601624,0.8798590898513794,-0.49523070454597473,-0.572584867477417,-0.11539109796285629,-0.5927353501319885,-0.6247681031884581,-440.9673256512539,0.0,0.0
21.06,1053,0.08848254382610321,0.9960777163505554,0.08859840780496597,-0.44531264901161194,-2.2012059688568115,-2.0,-0.47887122631073,0.8778851628303528,-0.49936848878860474,-0.5673537850379944,-0.11819257587194443,-0.5879668593406677,-0.6238291134354762,-441.59115476468935,0.0,0.0
21.080000000000002,1054,0.07875678688287735,0.9968938827514648,0.07883843034505844,-0.4879988729953766,-2.1343111991882324,-2.0,-0.47911372780799866,0.8777528405189514,-0.4996447265148163,-0.5578705072402954,-0.11914103478193283,-0.5784831643104553,-0.6182069200311888,-442.20936168472053,0.0,0.0
21.1,1055,0.06820101290941238,0.9976716041564941,0.06825399398803711,-0.5292219519615173,-2.0611531734466553,-2.0,-0.475961834192276,0.8794659376144409,-0.4960573613643646,-0.5441628098487854,-0.11820565909147263,-0.5643113255500793,-0.6078987188707601,-442.8172604035913,0.0,0.0
21.12,1056,0.05684611573815346,0.9983829259872437,0.0568767748773098,-0.5688608288764954,-1.981943130493164,-2.0,-0.4694202244281769,0.8829748630523682,-0.48863404989242554,-0.52626633644104,-0.11540807038545609,-0.5455108284950256,-0.5929341375905831,-443.4101945411819,0.0,0.0
21.14,1057,0.044725868850946426,0.998999297618866,0.04474079608917236,-0.6067990660667419,-1.8969130516052246,-2.0,-0.45950010418891907,0.8881776928901672,-0.4774322807788849,-0.5042259693145752,-0.11082157492637634,-0.5221730470657349,-0.5733748447833038,-443.9835693859652,0.0,0.0
21.16,1058,0.03187688812613487,0.999491810798645,0.031882286071777344,-0.6429253816604614,-1.8063156604766846,-2.0,-0.44622138142585754,0.8949226140975952,-0.46253859996795654,-0.4780982732772827,-0.1045691967010498,-0.4944208860397339,-0.549314568085541,-444.53288395405076,0.0,0.0
21.18,1059,0.018338581547141075,0.9998318552970886,0.01833960972726345,-0.6771338582038879,-1.710424542427063,-2.0,-0.42961665987968445,0.9030113816261292,-0.44406822323799133,-0.44795525074005127,-0.09682047367095947,-0.46240782737731934,-0.5208782098947115,-445.05376216394546,0.0,0.0
21.2,1060,0.004153107292950153,0.9999913573265076,0.004153118934482336,-0.7093245387077332,-1.6095335483551025,-2.0,-0.40973538160324097,0.9122044444084167,-0.4221639633178711,-0.41388848423957825,-0.0877869501709938,-0.42631709575653076,-0.48822134234639925,-445.54198350629184,0.0,0.0
21.22,1061,-0.010634753853082657,0.9999434351921082,-0.0106349540874362,-0.7394036650657654,-1.5039567947387695,-2.0,-0.3866489827632904,0.9222269654273987,-0.3969951868057251,-0.37601423263549805,-0.07771649211645126,-0.3863602578639984,-0.4515290088816465,-445.9935125151735,0.0,0.0
21.240000000000002,1062,-0.025085825473070145,0.9996852874755859,-0.025088457390666008,-0.7226751446723938,0.8364278078079224,0.9739399552345276,-0.36045587062835693,0.9327762722969055,-0.36875656247138977,-0.3353700339794159,-0.06690903007984161,-0.3436681032180786,-0.3813923206208929,-446.3749048357944,0.0,0.0
21.26,1063,-0.03884751349687576,0.9992451667785645,-0.038857292383909225,-0.6884417533874512,1.7116693258285522,2.0,-0.3312861919403076,0.9435303211212158,-0.337666392326355,-0.29243865609169006,-0.05571482703089714,-0.29880911111831665,-0.3698992709104505,-446.7448041067048,0.0,0.0
21.28,1064,-0.051878172904253006,0.9986534118652344,-0.05190147086977959,-0.6522089838981628,1.8116371631622314,2.0,-0.29930591583251953,0.9541571736335754,-0.30396515130996704,-0.24742774665355682,-0.04449621960520744,-0.25206369161605835,-0.3257649209175281,-447.07056902762235,0.0,0.0
21.3,1065,-0.06413913518190384,0.9979409575462341,-0.06418319046497345,-0.6140859723091125,1.906151533126831,2.0,-0.2647198438644409,0.9643253684043884,-0.2679134011268616,-0.20058071613311768,-0.0336156040430069,-0.20373021066188812,-0.2797819606508033,-447.35035098827314,0.0,0.0
21.32,1066,-0.07559475302696228,0.9971386194229126,-0.07566693425178528,-0.5741873383522034,1.994931936264038,2.0,-0.22777298092842102,0.973714292049408,-0.22978992760181427,-0.15217822790145874,-0.023424359038472176,-0.154122993350029,-0.2322464639746846,-447.5825974522478,0.0,0.0
21.34,1067,-0.08621244132518768,0.9962767958641052,-0.08631959557533264,-0.5326328873634338,2.0777204036712646,2.0,-0.18875043094158173,0.9820250868797302,-0.1898895502090454,-0.10253798961639404,-0.014251687563955784,-0.10356995463371277,-0.18347033212407077,-447.76606778437184,0.0,0.0
21.36,1068,-0.09596264362335205,0.995384931564331,-0.09611053764820099,-0.4895472824573517,2.1542818546295166,2.0,-0.1479753702878952,0.9889910221099854,-0.1485207974910736,-0.05201272666454315,-0.006393889896571636,-0.052410248667001724,-0.1337790091098458,-447.8998467934817,0.0,0.0
21.38,1069,-0.10481882840394974,0.9944913387298584,-0.1050117239356041,-0.445059210062027,2.224403142929077,2.0,-0.10580514371395111,0.9943869113922119,-0.10600355267524719,-0.000986314145848155,-0.00010445154475746676,-0.0009918295545503497,-0.08350907203934815,-447.98335586552105,0.0,0.0
21.400000000000002,1070,-0.11275743693113327,0.9936225414276123,-0.11299775540828705,-0.39930132031440735,2.2878942489624023,2.0,-0.06262560933828354,0.9980370998382568,-0.06266661733388901,0.05013182759284973,0.004414545837789774,0.05033113434910774,-0.04699419942494378,-448.030350064946,0.0,0.0
21.42,1071,-0.11975782364606857,0.992803156375885,-0.12004594504833221,-0.35240960121154785,2.3445866107940674,2.0,-0.01884397678077221,0.9998224377632141,-0.01884509064257145,0.10091384500265121,0.007019301876425743,0.10120085626840591,-0.09737932675741756,-448.1277293917034,0.0,0.0
21.44,1072,-0.1258021891117096,0.992055356502533,-0.1261364072561264,-0.30452293157577515,2.394333600997925,2.0,0.025119516998529434,0.9996844530105591,0.025122158229351044,0.15092170238494873,0.00762910908088088,0.15125855803489685,-0.1472913120290865,-448.2750207037325,0.0,0.0
21.46,1073,-0.13087552785873413,0.991398811340332,-0.13125205039978027,-0.25578275322914124,2.43700909614563,2.0,0.06884065270423889,0.9976276755332947,0.06889514625072479,0.19971619546413422,0.006228860933333635,0.20014719665050507,-0.19637421579602438,-448.4713949195285,0.0,0.0
21.48,1074,-0.13496556878089905,0.9908502697944641,-0.13537870347499847,-0.20633257925510406,2.472508668899536,2.0,0.11190052330493927,0.9937193989753723,0.1121353805065155,0.24686609208583832,0.0028691240586340427,0.24751408398151398,-0.2442738552768674,-448.71566877480535,0.0,0.0
21.5,1075,-0.13806264102458954,0.9904235005378723,-0.13850505650043488,-0.15631763637065887,2.500746726989746,2.0,0.15389446914196014,0.9880872964859009,0.15450850129127502,0.2919571101665497,-0.0023362082429230213,0.2930135726928711,-0.29064044234684133,-449.0063092171522,0.0,0.0
21.52,1076,-0.1401597410440445,0.9901288747787476,-0.14062274992465973,-0.10588448494672775,2.521657943725586,2.0,0.1944403052330017,0.9809143543243408,0.19568683207035065,0.3346000611782074,-0.009214550256729126,0.3363095819950104,-0.33513125280932105,-449.3414404699615,0.0,0.0
21.54,1077,-0.14125238358974457,0.9899736046791077,-0.14172635972499847,-0.055180564522743225,2.53519606590271,2.0,0.23318526148796082,0.9724323153495789,0.23535196483135223,0.3744376301765442,-0.017541291192173958,0.3770783245563507,-0.37741319486620273,-449.71885366482775,0.0,0.0
21.56,1078,-0.14133858680725098,0.9899613261222839,-0.14181344211101532,-0.004353891126811504,2.5413336753845215,2.0,0.2698114216327667,0.9629132151603699,0.2731971740722656,0.4111499786376953,-0.027048129588365555,0.41501060128211975,-0.41716540544836667,-450.1360190702761,0.0,0.0
21.580000000000002,1079,-0.1404189020395279,0.9900921583175659,-0.14088448882102966,0.04644734784960747,2.5400619506835938,2.0,0.30403926968574524,0.9526594877243042,0.30892980098724365,0.4444581866264343,-0.03743268921971321,0.4498142898082733,-0.4540816677549009,-450.590100738031,0.0,0.0
21.6,1080,-0.13849636912345886,0.9903629422187805,-0.13894298672676086,0.09707514941692352,2.5313901901245117,2.0,0.3356296420097351,0.9419940114021301,0.3422735631465912,0.47412601113319397,-0.0483689121901989,0.48121654987335205,-0.4878727916237692,-451.0779735296548,0.0,0.0
21.62,1081,-0.135576531291008,0.9907668828964233,-0.13599534332752228,0.14738208055496216,2.5153467655181885,2.0,0.36438336968421936,0.9312490224838257,0.3729705810546875,0.49995991587638855,-0.05951784551143646,0.5089659094810486,-0.5182689120494249,-451.59624244170425,0.0,0.0
21.64,1082,-0.13166747987270355,0.9912939667701721,-0.13205091655254364,0.19722163677215576,2.4919774532318115,2.0,0.3901398777961731,0.9207556247711182,0.4007834792137146,0.5218073725700378,-0.07053833454847336,0.5328344106674194,-0.545021497207543,-452.1412639389118,0.0,0.0
21.66,1083,-0.12677983939647675,0.9919309020042419,-0.1271219402551651,0.2464485913515091,2.4613475799560547,2.0,0.4127737283706665,0.9108335971832275,0.42549723386764526,0.5395535826683044,-0.08109728246927261,0.5526191592216492,-0.5679054235508656,-452.70916936246266,0.0,0.0
21.68,1084,-0.1209268718957901,0.9926614165306091,-0.1212235540151596,0.2949194014072418,2.4235408306121826,2.0,0.43219074606895447,0.901782214641571,0.4469207227230072,0.5531176328659058,-0.09087920188903809,0.5681442618370056,-0.5867207900507658,-453.29589015251344,0.0,0.0
21.7,1085,-0.11412450671195984,0.9934664368629456,-0.11437370628118515,0.34249261021614075,2.378659963607788,2.0,0.44832292199134827,0.8938716650009155,0.46488824486732483,0.5624474287033081,-0.09959477931261063,0.5792619585990906,-0.6012944267514977,-453.89718457926494,0.0,0.0
21.72,1086,-0.10639138519763947,0.9943243265151978,-0.10659311711788177,0.3890291452407837,2.3268275260925293,2.0,0.4611234664916992,0.8873359560966492,0.4792608916759491,0.5675148367881775,-0.1069883480668068,0.5858539938926697,-0.6114813657068526,-454.5086659449718,0.0,0.0
21.740000000000002,1087,-0.09774892777204514,0.995211124420166,-0.09790526330471039,0.43439286947250366,2.268186092376709,2.0,0.4705619513988495,0.882366955280304,0.4899275302886963,0.5683108568191528,-0.11284413933753967,0.5878328084945679,-0.6171661549267297,-455.12583209989856,0.0,0.0
21.76,1088,-0.08822140842676163,0.996100902557373,-0.08833624422550201,0.47845083475112915,2.2028980255126953,2.0,0.47661980986595154,0.8791095614433289,0.49680566787719727,0.5648412108421326,-0.11699135601520538,0.5851418972015381,-0.6182637767507304,-455.7440958766493,0.0,0.0
21.78,1089,-0.07783596217632294,0.9969661831855774,-0.0779147744178772,0.5210737586021423,2.1311471462249756,2.0,0.47928696870803833,0.8776582479476929,0.49984210729599,0.5571229457855225,-0.11930792778730392,0.5777568817138672,-0.6147204387161485,-456.35881631536546,0.0,0.0
21.8,1090,-0.06662265956401825,0.9977782368659973,-0.06667204201221466,0.5621365308761597,2.05313777923584,2.0,0.4785594642162323,0.8780551552772522,0.49901336431503296,0.5451821088790894,-0.11972308903932571,0.5656853914260864,-0.6065141473831512,-456.9653304627486,0.0,0.0
21.82,1091,-0.054614484310150146,0.9985074996948242,-0.05464167147874832,0.601518452167511,1.969096064567566,2.0,0.474438339471817,0.8802887201309204,0.4943258762359619,0.5290527939796448,-0.11821877211332321,0.5489675402641296,-0.5936550352206639,-457.5589854979693,0.0,0.0
21.84,1092,-0.04184737056493759,0.9991239905357361,-0.041859593242406845,0.6391038298606873,1.8792691230773926,2.0,0.46692997217178345,0.8842942714691162,0.4858158528804779,0.508777379989624,-0.11482972651720047,0.527675449848175,-0.5761854703098089,-458.13517096827906,0.0,0.0
21.86,1093,-0.028360143303871155,0.9995977878570557,-0.028363946825265884,0.6747823357582092,1.7839256525039673,2.0,0.45604774355888367,0.8899553418159485,0.47354915738105774,0.48440787196159363,-0.10964245349168777,0.5019130706787109,-0.5541797998685795,-458.6893507681476,0.0,0.0
21.88,1094,-0.014194481074810028,0.9998992681503296,-0.014194957911968231,0.7084494829177856,1.683355450630188,2.0,0.4418147802352905,0.8971062898635864,0.4576205909252167,0.45600923895835876,-0.10279295593500137,0.4718155562877655,-0.5277441151150986,-459.21709488326275,0.0,0.0
21.900000000000002,1095,0.0006051791133359075,0.9999998211860657,0.0006051791133359075,0.7400068640708923,1.5778690576553345,2.0,0.42426797747612,0.9055367112159729,0.43815332651138306,0.42366278171539307,-0.09446313232183456,0.4375481605529785,-0.4970154117894592,-459.7141102950522,0.0,0.0
21.92,1096,0.015991752967238426,0.9998721480369568,0.015992434695363045,0.7693628072738647,1.4677971601486206,2.0,0.40346255898475647,0.9149961471557617,0.4152979552745819,0.3874708116054535,-0.08487597107887268,0.399305522441864,-0.4621608916505674,-460.17627118670276,0.0,0.0
21.94,1097,0.03191566467285156,0.9994905591011047,0.031921084970235825,0.7964325547218323,1.3534895181655884,2.0,0.3794771730899811,0.9252011179924011,0.3892311453819275,0.3475615084171295,-0.074289470911026,0.35731005668640137,-0.42337686886008336,-460.59964805556285,0.0,0.0
21.96,1098,0.0471264012157917,0.9988889098167419,0.04714386537671089,0.7611388564109802,-1.7646857500076294,-2.0,0.35241883993148804,0.9358423948287964,0.36015450954437256,0.30529242753982544,-0.06304655224084854,0.31301066279411316,-0.3820872817064533,-460.9817353372693,0.0,0.0
21.98,1099,0.06157755106687546,0.9981023073196411,0.06161653250455856,0.723633348941803,-1.8752752542495728,-2.0,0.32242754101753235,0.9465941190719604,0.3282928764820099,0.2608500123023987,-0.05150815472006798,0.2666763365268707,-0.33853797869312685,-461.3202733159624,0.0,0.0
22.0,1100,0.07522598654031754,0.9971665143966675,0.07529711723327637,0.6840295195579529,-1.980193018913269,-2.0,0.2896801233291626,0.9571235179901123,0.29389262199401855,0.21445414423942566,-0.040042996406555176,0.2185955047607422,-0.29299575568325015,-461.6132690716457,0.0,0.0
22.02,1101,0.08803196251392365,0.9961176514625549,0.08814606070518494,0.6424469947814941,-2.0791263580322266,-2.0,0.2543927729129791,0.967100977897644,0.25721976161003113,0.16636081039905548,-0.029016664251685143,0.1690737009048462,-0.24574656177730128,-461.859015633423,0.0,0.0
22.04,1102,0.09995906800031662,0.9949915409088135,0.10012628138065338,0.599011242389679,-2.1717867851257324,-2.0,0.2168220430612564,0.9762111306190491,0.21855787932872772,0.11686296761035919,-0.018780402839183807,0.11843159794807434,-0.19709347673643787,-462.0561091101594,0.0,0.0
22.06,1103,0.11097428947687149,0.9938232898712158,0.11120334267616272,0.5538529753684998,-2.2579116821289062,-2.0,0.17726421356201172,0.9841632843017578,0.1782059371471405,0.06628991663455963,-0.00965997762978077,0.06700259447097778,-0.1473545345092481,-462.20346364466866,0.0,0.0
22.080000000000002,1104,0.12104792147874832,0.9926466941833496,0.12134549766778946,0.5071077346801758,-2.3372628688812256,-2.0,0.1360526978969574,0.9907016158103943,0.13647596538066864,0.015004780143499374,-0.0019450634717941284,0.015130467712879181,-0.09686043752099813,-462.30032408218966,0.0,0.0
22.1,1105,0.13015350699424744,0.9914938807487488,0.13052380084991455,0.45891520380973816,-2.4096267223358154,-2.0,0.09355364739894867,0.995614230632782,0.0936906561255455,-0.03659985959529877,0.0041203852742910385,-0.03683314472436905,-0.04595216159892248,-462.34627624378857,0.0,0.0
22.12,1106,0.13826778531074524,0.9903948903083801,0.13871218264102936,0.4094189405441284,-2.47481369972229,-2.0,0.05015980079770088,0.9987412095069885,0.05018085613846779,-0.08810798078775406,0.008346323855221272,-0.08853132277727127,-0.08502152630763715,-462.4312977700962,0.0,0.0
22.14,1107,0.14537055790424347,0.9893772602081299,0.14588749408721924,0.35876575112342834,-2.532658338546753,-2.0,0.006282978691160679,0.9999802708625793,0.006283020135015249,-0.13908757269382477,0.010602982714772224,-0.13960447907447815,-0.13570664158053858,-462.56700441167675,0.0,0.0
22.16,1108,0.15144464373588562,0.9884657263755798,0.1520296037197113,0.3071054220199585,-2.583017587661743,-2.0,-0.03765450045466423,0.9992908239364624,-0.037663403898477554,-0.18909913301467896,0.010825077071785927,-0.18969300389289856,-0.18574658583432088,-462.75275099751104,0.0,0.0
22.18,1109,0.1564757227897644,0.9876818060874939,0.15712140500545502,0.2545900046825409,-2.625770330429077,-2.0,-0.08122898638248444,0.9966954588890076,-0.08131857961416245,-0.23770470917224884,0.009013661183416843,-0.23843999207019806,-0.2347848099644148,-462.98753580747547,0.0,0.0
22.2,1110,0.16045230627059937,0.9870436191558838,0.16114887595176697,0.20137366652488708,-2.6608171463012695,-2.0,-0.12402476370334625,0.9922791123390198,-0.12434494495391846,-0.2844770550727844,0.005235529039055109,-0.2854938209056854,-0.2824674588709244,-463.2700032663464,0.0,0.0
22.22,1111,0.16336558759212494,0.9865655899047852,0.16410112380981445,0.147612065076828,-2.688079357147217,-2.0,-0.16564279794692993,0.9861857891082764,-0.16640977561473846,-0.32900840044021606,-0.00037978304317221045,-0.3305108845233917,-0.3284460656595584,-463.59844933200594,0.0,0.0
22.240000000000002,1112,0.16520944237709045,0.9862585067749023,0.16597037017345428,0.09346211701631546,-2.7074978351593018,-2.0,-0.20570865273475647,0.9786132574081421,-0.20718778669834137,-0.3709180951118469,-0.007645227015018463,-0.37315815687179565,-0.3723801386458575,-463.9708294706518,0.0,0.0
22.26,1113,0.1659802794456482,0.9861290454864502,0.16675199568271637,0.039081450551748276,-2.7190332412719727,-2.0,-0.2438790500164032,0.9698056578636169,-0.24636366963386536,-0.4098593294620514,-0.01632341742515564,-0.41311565041542053,-0.4139397787488826,-464.3847692494007,0.0,0.0
22.28,1114,0.16567710041999817,0.9861800670623779,0.1664445549249649,-0.015371857210993767,-2.722665309906006,-2.0,-0.27984675765037537,0.9600446820259094,-0.2836344838142395,-0.44552382826805115,-0.026135370135307312,-0.4500790238380432,-0.4528082245323295,-464.837577473933,0.0,0.0
22.3,1115,0.16430141031742096,0.9864102005958557,0.16504976153373718,-0.06973971426486969,-2.718392848968506,-2.0,-0.31334367394447327,0.9496397972106934,-0.3187119960784912,-0.4776450991630554,-0.03677038848400116,-0.4837617576122284,-0.48868424444912334,-465.3262617183821,0.0,0.0
22.32,1116,0.16185729205608368,0.9868142008781433,0.1625724732875824,-0.12386436015367508,-2.7062323093414307,-2.0,-0.3441421687602997,0.9389175772666931,-0.35132497549057007,-0.5059994459152222,-0.0478966198861599,-0.5138974785804749,-0.521284469479409,-465.8475461878615,0.0,0.0
22.34,1117,0.158351331949234,0.9873828291893005,0.15902069211006165,-0.17758876085281372,-2.686220169067383,-2.0,-0.3720543384552002,0.928210973739624,-0.3812212646007538,-0.5304056406021118,-0.059171877801418304,-0.5402419567108154,-0.5503456736108636,-466.3978918614724,0.0,0.0
22.36,1118,0.15379275381565094,0.9881031513214111,0.15440556406974792,-0.2307569682598114,-2.6584103107452393,-2.0,-0.3969299793243408,0.9178488850593567,-0.40816962718963623,-0.5507227182388306,-0.07025423645973206,-0.5625751614570618,-0.575626823287567,-466.97351868475994,0.0,0.0
22.38,1119,0.14819341897964478,0.9889584183692932,0.14874127507209778,-0.2832145094871521,-2.6228768825531006,-2.0,-0.41865313053131104,0.9081462025642395,-0.43196171522140503,-0.5668465495109558,-0.08081217855215073,-0.5807029604911804,-0.5969108957131691,-467.5704295804731,0.0,0.0
22.400000000000002,1120,0.1415679007768631,0.9899285435676575,0.14204509556293488,-0.3348087668418884,-2.5797126293182373,-2.0,-0.43713751435279846,0.899394690990448,-0.45241352915763855,-0.5787054300308228,-0.09053386747837067,-0.5944586396217346,-0.6140068085726424,-468.18443638904574,0.0,0.0
22.42,1121,0.13393361866474152,0.9909902811050415,0.13433730602264404,-0.3853893578052521,-2.5290305614471436,-2.0,-0.45232176780700684,0.8918548226356506,-0.4693669378757477,-0.5862553715705872,-0.09913548827171326,-0.6037042140960693,-0.6267508351218676,-468.8111872241676,0.0,0.0
22.44,1122,0.12531083822250366,0.9921175241470337,0.1256411373615265,-0.4348086714744568,-2.4709644317626953,-2.0,-0.46416425704956055,0.8857491612434387,-0.48269081115722656,-0.5894750952720642,-0.10636837780475616,-0.6083319783210754,-0.6350080706583845,-469.446195294826,0.0,0.0
22.46,1123,0.11572283506393433,0.9932815432548523,0.11598268896341324,-0.4829220473766327,-2.4056692123413086,-2.0,-0.4726382791996002,0.8812565207481384,-0.4922821819782257,-0.5883611440658569,-0.11202502995729446,-0.6082648634910583,-0.6386735030914257,-470.0848687979174,0.0,0.0
22.48,1124,0.10519593209028244,0.9944515228271484,0.10539092123508453,-0.5295884609222412,-2.3333210945129395,-2.0,-0.47772809863090515,0.8785077333450317,-0.49806681275367737,-0.5829240083694458,-0.11594376713037491,-0.6034577488899231,-0.6376731045945321,-470.7225419025119,0.0,0.0
22.5,1125,0.09375958889722824,0.99559485912323,0.0938975065946579,-0.5746708512306213,-2.254119396209717,-2.0,-0.4794255495071411,0.8775825500488281,-0.5,-0.57318514585495,-0.11801230162382126,-0.5938975214958191,-0.6319643182557793,-471.3545062207677,0.0,0.0
22.52,1126,0.08144646137952805,0.9966776967048645,0.08153677731752396,-0.6180365681648254,-2.168286085128784,-2.0,-0.47772809863090515,0.8785077333450317,-0.49806681275367737,-0.5591745376586914,-0.11816997081041336,-0.5796035528182983,-0.6215367739833203,-471.976042994751,0.0,0.0
22.54,1127,0.06829241663217545,0.9976653456687927,0.06834561377763748,-0.6595578789710999,-2.076066017150879,-2.0,-0.4726382791996002,0.8812565207481384,-0.4922821819782257,-0.5409306883811951,-0.1164088323712349,-0.5606277585029602,-0.6064124288411709,-472.5824554235922,0.0,0.0
22.56,1128,0.05433659255504608,0.9985226988792419,0.05436336621642113,-0.6991124749183655,-1.977728009223938,-2.0,-0.46416425704956055,0.8857491612434387,-0.48269081115722656,-0.5185008645057678,-0.11277353018522263,-0.537054181098938,-0.5866455489461149,-473.16910097253833,0.0,0.0
22.580000000000002,1129,0.039621319621801376,0.999214768409729,0.039631690829992294,-0.7365837693214417,-1.8735647201538086,-2.0,-0.45232176780700684,0.8918548226356506,-0.4693669378757477,-0.4919430911540985,-0.10735994577407837,-0.5089986324310303,-0.5623225030974968,-473.73142347563584,0.0,0.0
22.6,1130,0.024192100390791893,0.9997073411941528,0.02419446036219597,-0.7718616127967834,-1.7638919353485107,-2.0,-0.43713751435279846,0.899394690990448,-0.45241352915763855,-0.4613296091556549,-0.10031265020370483,-0.4766079783439636,-0.533561398005707,-474.26498487364154,0.0,0.0
22.62,1131,0.008097520098090172,0.9999672174453735,0.00809760857373476,-0.8048425912857056,-1.6490485668182373,-2.0,-0.41865313053131104,0.9081462025642395,-0.43196171522140503,-0.42675065994262695,-0.09182099252939224,-0.4400593042373657,-0.5005111380516114,-474.76549601169313,0.0,0.0
22.64,1132,-0.008610893972218037,0.9999629259109497,-0.008611001074314117,-0.8354305028915405,-1.5293959379196167,-2.0,-0.3969299793243408,0.9178488850593567,-0.40816962718963623,-0.38831910490989685,-0.08211403340101242,-0.3995586335659027,-0.4633507145152835,-475.2288467262084,0.0,0.0
22.66,1133,-0.02525513805449009,0.9996810555458069,-0.02525782398879528,-0.8323411345481873,0.15446704626083374,0.0797116756439209,-0.3720543384552002,0.928210973739624,-0.3812212646007538,-0.34679919481277466,-0.07147008180618286,-0.35596343874931335,-0.3829753432138954,-475.6118220694223,0.0,0.0
22.68,1134,-0.04120616614818573,0.9991506934165955,-0.04121783375740051,-0.7980005741119385,1.7170274257659912,2.0,-0.3441421687602997,0.9389175772666931,-0.35132497549057007,-0.30293598771095276,-0.060233112424612045,-0.31010714173316956,-0.3800034293250825,-475.9918254987474,0.0,0.0
22.7,1135,-0.0564146414399147,0.9984074234962463,-0.05644460767507553,-0.7613385915756226,1.833099365234375,2.0,-0.31334367394447327,0.9496397972106934,-0.3187119960784912,-0.25692903995513916,-0.048767633736133575,-0.2622673809528351,-0.33488036817775646,-476.3267058669252,0.0,0.0
22.72,1136,-0.07083456218242645,0.9974880814552307,-0.07089392840862274,-0.7224661707878113,1.9436209201812744,2.0,-0.27984675765037537,0.9600446820259094,-0.2836344838142395,-0.20901218056678772,-0.03744339197874069,-0.21274054050445557,-0.28781806509325925,-476.6145239320184,0.0,0.0
22.740000000000002,1137,-0.08442334085702896,0.996429979801178,-0.08452395349740982,-0.681501030921936,2.048257827758789,2.0,-0.2438790500164032,0.9698056578636169,-0.24636366963386536,-0.15945570170879364,-0.026624320074915886,-0.16183972358703613,-0.23911053226242865,-476.85363446428084,0.0,0.0
22.76,1138,-0.09714186191558838,0.9952705502510071,-0.09729529172182083,-0.6385670304298401,2.1467010974884033,2.0,-0.20570865273475647,0.9786132574081421,-0.20718778669834137,-0.10856679081916809,-0.0166572667658329,-0.10989250242710114,-0.18906837793065082,-477.0427028422115,0.0,0.0
22.78,1139,-0.10895443707704544,0.9940467476844788,-0.10917116701602936,-0.5937936305999756,2.2386674880981445,2.0,-0.16564279794692993,0.9861857891082764,-0.16640977561473846,-0.056688353419303894,-0.00786092784255743,-0.057238608598709106,-0.13801662183912047,-477.18071946405064,0.0,0.0
22.8,1140,-0.11982884258031845,0.9927945733070374,-0.12011747807264328,-0.5473156571388245,2.323899507522583,2.0,-0.12402476370334625,0.9922791123390198,-0.12434494495391846,-0.004195921588689089,-0.0005154421087354422,-0.004227465484291315,-0.08629229741388789,-477.2670117614645,0.0,0.0
22.82,1141,-0.12973619997501373,0.9915485382080078,-0.13010293245315552,-0.4992723762989044,2.402164936065674,2.0,-0.08122898638248444,0.9966954588890076,-0.08131857961416245,0.048507209867239,0.005146919749677181,0.04878434166312218,-0.04575798057792146,-477.31276974204246,0.0,0.0
22.84,1142,-0.13865093886852264,0.990341305732727,-0.13909907639026642,-0.44980722665786743,2.473256826400757,2.0,-0.03765450045466423,0.9992908239364624,-0.037663403898477554,0.10099644213914871,0.008949505165219307,0.10143566876649857,-0.09778049052960539,-477.41055023257206,0.0,0.0
22.86,1143,-0.14655070006847382,0.989203155040741,-0.1470804214477539,-0.39906740188598633,2.536992073059082,2.0,0.006282978691160679,0.9999802708625793,0.006283020135015249,0.15283368527889252,0.01077710185199976,0.153363436460495,-0.14941701402357493,-477.55996724659565,0.0,0.0
22.88,1144,-0.1534162014722824,0.9881616830825806,-0.15402448177337646,-0.34720316529273987,2.5932118892669678,2.0,0.05015980079770088,0.9987412095069885,0.05018085613846779,0.203575998544693,0.010579543188214302,0.20420533418655396,-0.20030750111043216,-477.7602747477061,0.0,0.0
22.900000000000002,1145,-0.15923117101192474,0.9872413277626038,-0.15991182625293732,-0.29436755180358887,2.641779899597168,2.0,0.09355364739894867,0.995614230632782,0.0936906561255455,0.2527848184108734,0.008372914046049118,0.2536024749279022,-0.25009268823764286,-478.01036743594375,0.0,0.0
22.92,1146,-0.16398219764232635,0.9864633083343506,-0.1647261530160904,-0.24071592092514038,2.682582139968872,2.0,0.1360526978969574,0.9907016158103943,0.13647596538066864,0.30003491044044495,0.004238302353769541,0.30120211839675903,-0.2984168065187838,-478.30878424246254,0.0,0.0
22.94,1147,-0.16765868663787842,0.9858450889587402,-0.16845425963401794,-0.18640539050102234,2.7155258655548096,2.0,0.17726421356201172,0.9841632843017578,0.1782059371471405,0.34492290019989014,-0.0016818023286759853,0.34666019678115845,-0.34493022373067067,-478.6537144661932,0.0,0.0
22.96,1148,-0.1702527403831482,0.9854004383087158,-0.1710861474275589,-0.13159461319446564,2.740539073944092,2.0,0.2168220430612564,0.9762111306190491,0.21855787932872772,0.3870747685432434,-0.009189280681312084,0.3896440267562866,-0.38929208785375813,-479.04300655404694,0.0,0.0
22.98,1149,-0.17175908386707306,0.985139012336731,-0.17261502146720886,-0.07644323259592056,2.7575693130493164,2.0,0.2543927729129791,0.967100977897644,0.25721976161003113,0.4261518716812134,-0.01803799718618393,0.42983478307724,-0.43117289465106473,-479.474179448698,0.0,0.0
23.0,1150,-0.17217503488063812,0.9850663542747498,-0.17303724586963654,-0.02111154794692993,2.7665841579437256,2.0,0.2896801233291626,0.9571235179901123,0.29389262199401855,0.4618551731109619,-0.02794286049902439,0.4669298827648163,-0.47025700790677133,-479.94443645660476,0.0,0.0
23.02,1151,-0.17150041460990906,0.9851840734481812,-0.17235244810581207,0.034239839762449265,2.7675695419311523,2.0,0.32242754101753235,0.9465941190719604,0.3282928764820099,0.4939279556274414,-0.038589902222156525,0.5006453394889832,-0.5062450714850968,-480.45068152808983,0.0,0.0
23.04,1152,-0.16973763704299927,0.9854893088340759,-0.1705634444952011,0.08945044875144958,2.7605302333831787,2.0,0.35241883993148804,0.9358423948287964,0.36015450954437256,0.5221564769744873,-0.049646902829408646,0.5307179689407349,-0.538856317037261,-480.9895378451271,0.0,0.0
23.06,1153,-0.16689163446426392,0.9859752655029297,-0.16767624020576477,0.1443602591753006,2.745490312576294,2.0,0.3794771730899811,0.9252011179924011,0.3892311453819275,0.5463688373565674,-0.06077415123581886,0.5569074153900146,-0.5678307450441797,-481.5573685901713,0.0,0.0
23.080000000000002,1154,-0.16296988725662231,0.9866310358047485,-0.16370002925395966,0.19881008565425873,2.72249174118042,2.0,0.40346255898475647,0.9149961471557617,0.4152979552745819,0.5664324760437012,-0.07163489609956741,0.5789979696273804,-0.5929311791704887,-482.15029976934176,0.0,0.0
23.1,1155,-0.15798252820968628,0.987441897392273,-0.15864719450473785,0.2526420056819916,2.6915955543518066,2.0,0.42426797747612,0.9055367112159729,0.43815332651138306,0.5822504758834839,-0.08190522342920303,0.5968005061149597,-0.6139451491403564,-482.7642449184821,0.0,0.0
23.12,1156,-0.1519424021244049,0.9883893728256226,-0.15253320336341858,0.3056996464729309,2.6528823375701904,2.0,0.4418147802352905,0.8971062898635864,0.4576205909252167,0.593757152557373,-0.09128305315971375,0.6101537942886353,-0.6306865274864156,-483.39493144596855,0.0,0.0
23.14,1157,-0.14486509561538696,0.9894514083862305,-0.14537662267684937,0.35782870650291443,2.606452465057373,2.0,0.45604774355888367,0.8899553418159485,0.47354915738105774,0.6009128093719482,-0.09949610382318497,0.6189257502555847,-0.642997218002807,-484.03792866397134,0.0,0.0
23.16,1158,-0.13676905632019043,0.990602970123291,-0.13719908893108368,0.4088772237300873,2.552426338195801,2.0,0.46692997217178345,0.8842942714691162,0.4858158528804779,0.6036990284919739,-0.10630866885185242,0.6230149269104004,-0.6507482400194827,-484.6886769039908,0.0,0.0
23.18,1159,-0.12767571210861206,0.991815984249115,-0.12802515923976898,0.4586961269378662,2.490945339202881,2.0,0.474438339471817,0.8802887201309204,0.4943258762359619,0.6021140217781067,-0.1115272268652916,0.6223510503768921,-0.6538410129011734,-485.342517916892,0.0,0.0
23.2,1160,-0.11760953813791275,0.9930599331855774,-0.1178823709487915,0.5071395635604858,2.422173023223877,2.0,0.4785594642162323,0.8780551552772522,0.49901336431503296,0.5961689949035645,-0.115004763007164,0.6168957352638245,-0.6522082444515377,-485.9947261613435,0.0,0.0
23.22,1161,-0.1065981388092041,0.9943022131919861,-0.10680105537176132,0.554065465927124,2.346294403076172,2.0,0.47928696870803833,0.8776582479476929,0.49984210729599,0.5858851075172424,-0.11664392799139023,0.6066431403160095,-0.6458144229510084,-486.6405405842945,0.0,0.0
23.240000000000002,1162,-0.09467234462499619,0.9955084919929504,-0.09481434524059296,0.5993358492851257,2.2635183334350586,2.0,0.47661980986595154,0.8791095614433289,0.49680566787719727,0.5712921619415283,-0.11639895290136337,0.5916199684143066,-0.6346564490165002,-487.27519703331103,0.0,0.0
23.26,1163,-0.08186627179384232,0.9966433048248291,-0.08195799589157104,0.6428173780441284,2.174076795578003,2.0,0.4705619513988495,0.882366955280304,0.4899275302886963,0.5524281859397888,-0.11427635699510574,0.5718855261802673,-0.6187636620060204,-487.89396069531705,0.0,0.0
23.28,1164,-0.06821733713150024,0.9976704716682434,-0.06827035546302795,0.684381902217865,2.0782253742218018,2.0,0.4611234664916992,0.8873359560966492,0.4792608916759491,0.5293408036231995,-0.11033450067043304,0.547531247138977,-0.5981978866497236,-488.49215858196675,0.0,0.0
23.3,1165,-0.05376628041267395,0.9985535740852356,-0.05379221960902214,0.7239067554473877,1.9762446880340576,2.0,0.44832292199134827,0.8938716650009155,0.46488824486732483,0.5020892024040222,-0.10468187183141708,0.5186804533004761,-0.5730531123781504,-489.0652116943449,0.0,0.0
23.32,1166,-0.03855714946985245,0.9992563724517822,-0.0385667085647583,0.761275589466095,1.868438959121704,2.0,0.43219074606895447,0.901782214641571,0.4469207227230072,0.4707478880882263,-0.09747418016195297,0.4854874312877655,-0.5434549543438315,-489.6086666486887,0.0,0.0
23.34,1167,-0.02263721078634262,0.9997437596321106,-0.022639144212007523,0.7963783144950867,1.7551363706588745,2.0,0.4127737283706665,0.9108335971832275,0.42549723386764526,0.4354109466075897,-0.08891014754772186,0.4481363892555237,-0.5095598664160906,-490.1182265151048,0.0,0.0
23.36,1168,-0.006056865211576223,0.9999816417694092,-0.006056902464479208,0.8291120529174805,1.6366890668869019,2.0,0.3901398777961731,0.9207556247711182,0.4007834792137146,0.39619672298431396,-0.079226054251194,0.40684038400650024,-0.4715541361430069,-490.58978065124785,0.0,0.0
23.38,1169,0.0108826057985425,0.9999407529830933,0.010882820934057236,0.8469861745834351,0.893703818321228,1.173642873764038,0.36438336968421936,0.9312490224838257,0.3729705810546875,0.3535007834434509,-0.06869175285100937,0.36208775639533997,-0.4036750343431877,-490.993455685591,0.0,0.0
23.400000000000002,1170,0.027174465358257294,0.9996306896209717,0.027177810668945312,0.814749538898468,-1.611830711364746,-2.0,0.3356296420097351,0.9419940114021301,0.3422735631465912,0.3084551692008972,-0.05763667821884155,0.3150957524776459,-0.38579276972864657,-491.37924845531967,0.0,0.0
23.42,1171,0.04276755824685097,0.9990850687026978,0.04278060793876648,0.7801397442817688,-1.7304892539978027,-2.0,0.30403926968574524,0.9526594877243042,0.30892980098724365,0.26127171516418457,-0.046425554901361465,0.2661491930484772,-0.3394929568660467,-491.7187414121857,0.0,0.0
23.44,1172,0.05761391296982765,0.9983389377593994,0.05764583498239517,0.7432613968849182,-1.8439176082611084,-2.0,0.2698114216327667,0.9629132151603699,0.2731971740722656,0.21219749748706818,-0.03542575240135193,0.21555134654045105,-0.29128396677191254,-492.0100253789576,0.0,0.0
23.46,1173,0.07166886329650879,0.9974284768104553,0.0717303529381752,0.7042260766029358,-1.9517666101455688,-2.0,0.23318526148796082,0.9724323153495789,0.23535196483135223,0.16151639819145203,-0.02499615214765072,0.16362160444259644,-0.2414668185888508,-492.25149219754644,0.0,0.0
23.48,1174,0.08489109575748444,0.9963902235031128,0.0849933922290802,0.6631518006324768,-2.0537121295928955,-2.0,0.1944403052330017,0.9809143543243408,0.19568683207035065,0.10954920947551727,-0.015475882217288017,0.11069343984127045,-0.1903585729246384,-492.4418507704711,0.0,0.0
23.5,1175,0.09724273532629013,0.9952607154846191,0.09739664942026138,0.6201627254486084,-2.149454355239868,-2.0,0.15389446914196014,0.9880872964859009,0.15450850129127502,0.05665173754096031,-0.0071734050288796425,0.05711185187101364,-0.138290185520731,-492.58014095599185,0.0,0.0
23.52,1176,0.10868927091360092,0.9940757751464844,0.1089044138789177,0.5753883123397827,-2.2387194633483887,-2.0,0.11190052330493927,0.9937193989753723,0.1121353805065155,0.003211253322660923,-0.00035635949461720884,0.003230967093259096,-0.08560408790512336,-492.66574504389695,0.0,0.0
23.54,1177,0.11919958144426346,0.9928703308105469,0.11948367953300476,0.5289631485939026,-2.321258306503296,-2.0,0.06884065270423889,0.9976276755332947,0.06889514625072479,-0.05035892501473427,0.004757354501634836,-0.05058853328227997,-0.04734829636891468,-492.71309334026586,0.0,0.0
23.56,1178,0.12874585390090942,0.9916776418685913,0.12910419702529907,0.48102623224258423,-2.3968470096588135,-2.0,0.025119516998529434,0.9996844530105591,0.025122158229351044,-0.10362633317708969,0.008006833493709564,-0.10398203879594803,-0.10020905529860777,-492.81330239556445,0.0,0.0
23.580000000000002,1179,0.13730350136756897,0.9905290007591248,0.13773861527442932,0.4317205250263214,-2.4652860164642334,-2.0,-0.01884397678077221,0.9998224377632141,-0.01884509064257145,-0.15614748001098633,0.009293410927057266,-0.15658369660377502,-0.1526164535605394,-492.965918849125,0.0,0.0
23.6,1180,0.14485107362270355,0.9894534945487976,0.1453624665737152,0.38119250535964966,-2.526400089263916,-2.0,-0.06262560933828354,0.9980370998382568,-0.06266661733388901,-0.2074766904115677,0.008583622053265572,-0.20802907645702362,-0.20420755267375515,-493.17012640179877,0.0,0.0
23.62,1181,0.15137019753456116,0.9884771704673767,0.1519542932510376,0.3295917809009552,-2.5800366401672363,-2.0,-0.10580514371395111,0.9943869113922119,-0.10600355267524719,-0.25717535614967346,0.005909739062190056,-0.2579578459262848,-0.25462091499456657,-493.42474731679334,0.0,0.0
23.64,1182,0.15684540569782257,0.9876231551170349,0.15749570727348328,0.27707046270370483,-2.626065969467163,-2.0,-0.1479753702878952,0.9889910221099854,-0.1485207974910736,-0.3048207759857178,0.0013678795658051968,-0.3060165047645569,-0.30349925959340673,-493.72824657638677,0.0,0.0
23.66,1183,0.1612640768289566,0.9869112968444824,0.16197136044502258,0.22378285229206085,-2.6643803119659424,-2.0,-0.18875043094158173,0.9820250868797302,-0.1898895502090454,-0.35001450777053833,-0.004886202048510313,-0.351860910654068,-0.3504921615882664,-494.078738737975,0.0,0.0
23.68,1184,0.16461637616157532,0.9863576889038086,0.16536906361579895,0.16988500952720642,-2.694892406463623,-2.0,-0.22777298092842102,0.973714292049408,-0.22978992760181427,-0.39238935708999634,-0.012643403373658657,-0.3951590061187744,-0.39525861455436245,-494.47399735252935,0.0,0.0
23.7,1185,0.1668950915336609,0.9859746694564819,0.16767975687980652,0.11553429812192917,-2.7175357341766357,-2.0,-0.2647198438644409,0.9643253684043884,-0.2679134011268616,-0.4316149353981018,-0.021649299189448357,-0.4355931580066681,-0.4374696779383316,-494.9114670304677,0.0,0.0
23.72,1186,0.168095663189888,0.9857707023620605,0.16889752447605133,0.06088903546333313,-2.7322630882263184,-2.0,-0.29930591583251953,0.9541571736335754,-0.30396515130996704,-0.4674015939235687,-0.031613484025001526,-0.47286269068717957,-0.4768109321814051,-495.3882779626491,0.0,0.0
23.740000000000002,1187,0.16821609437465668,0.985750138759613,0.1690196990966797,0.006108091212809086,-2.7390472888946533,-2.0,-0.3312861919403076,0.9435303211212158,-0.337666392326355,-0.4995022714138031,-0.042219821363687515,-0.5066860914230347,-0.5129848441905616,-495.90126280683967,0.0,0.0
23.76,1188,0.1672568917274475,0.9859133362770081,0.16804669797420502,-0.048649486154317856,-2.7378790378570557,-2.0,-0.36045587062835693,0.9327762722969055,-0.36875656247138977,-0.5277127623558044,-0.05313707888126373,-0.5368032455444336,-0.5457130954523873,-496.4469759022921,0.0,0.0
23.78,1189,0.16522112488746643,0.9862565398216248,0.1659822016954422,-0.10322485119104385,-2.7287681102752686,-2.0,-0.3866489827632904,0.9222269654273987,-0.3969951868057251,-0.5518701076507568,-0.06402958929538727,-0.5629774332046509,-0.5747387685640846,-497.02171467085617,0.0,0.0
23.8,1190,0.16211439669132233,0.9867720007896423,0.16283300518989563,-0.15745972096920013,-2.7117433547973633,-2.0,-0.40973538160324097,0.9122044444084167,-0.4221639633178711,-0.5718497633934021,-0.07456754893064499,-0.5849969983100891,-0.5998281984883962,-497.6215428693446,0.0,0.0
23.82,1191,0.15794490277767181,0.9874479174613953,0.158609077334404,-0.21119676530361176,-2.686851978302002,-2.0,-0.42961665987968445,0.9030113816261292,-0.44406822323799133,-0.5875615477561951,-0.0844365656375885,-0.6026772856712341,-0.6207730398366728,-498.24231590918123,0.0,0.0
23.84,1192,0.15272346138954163,0.9882689714431763,0.1533234715461731,-0.26427996158599854,-2.6541597843170166,-2.0,-0.44622138142585754,0.8949226140975952,-0.46253859996795654,-0.5989448428153992,-0.09334635734558105,-0.6158620715141296,-0.6373917007173304,-498.87970760989856,0.0,0.0
23.86,1193,0.14646361768245697,0.9892160296440125,0.14699237048625946,-0.316554993391037,-2.6137523651123047,-2.0,-0.45950010418891907,0.8881776928901672,-0.4774322807788849,-0.6059637069702148,-0.10103833675384521,-0.6244246363639832,-0.6495309774657306,-499.5292385873643,0.0,0.0
23.88,1194,0.13918165862560272,0.9902668595314026,0.13963498175144196,-0.36786970496177673,-2.565735101699829,-2.0,-0.4694202244281769,0.8829748630523682,-0.48863404989242554,-0.6086018681526184,-0.10729198157787323,-0.6282690167427063,-0.6570672642131403,-500.18630585157746,0.0,0.0
23.900000000000002,1195,0.13089679181575775,0.9913960099220276,0.13127349317073822,-0.418074369430542,-2.5102338790893555,-2.0,-0.475961834192276,0.8794659376144409,-0.4960573613643646,-0.6068586111068726,-0.11193005740642548,-0.6273308396339417,-0.6599075456829949,-500.84621339726044,0.0,0.0
23.92,1196,0.12163113057613373,0.9925753474235535,0.12193305045366287,-0.4670222997665405,-2.4473953247070312,-2.0,-0.47911372780799866,0.8777528405189514,-0.4996447265148163,-0.6007448434829712,-0.11482254415750504,-0.621577799320221,-0.657990411382674,-501.5042038086431,0.0,0.0
23.94,1197,0.11140988022089005,0.9937745332717896,0.11164165288209915,-0.5145700573921204,-2.377387762069702,-2.0,-0.47887122631073,0.8778851628303528,-0.49936848878860474,-0.5902811288833618,-0.11588938534259796,-0.6110101342201233,-0.6512863756761254,-502.15549018431926,0.0,0.0
23.96,1198,0.10026134550571442,0.994961142539978,0.10043008625507355,-0.5605781078338623,-2.3004019260406494,-2.0,-0.47523465752601624,0.8798590898513794,-0.49523070454597473,-0.5754960179328918,-0.11510204523801804,-0.5956608057022095,-0.6397985763685646,-502.7952887606878,0.0,0.0
23.98,1199,0.08821704238653183,0.9961012601852417,0.08833186328411102,-0.6049110889434814,-2.216651201248169,-2.0,-0.46820956468582153,0.8836174607276917,-0.48726344108581543,-0.5564265847206116,-0.11248382925987244,-0.5755953192710876,-0.6235625700735112,-503.4188513307613,0.0,0.0
24.0,1200,0.07531172037124634,0.997160017490387,0.07538309693336487,-0.6474385857582092,-2.126372814178467,-2.0,-0.45780816674232483,0.8890510201454163,-0.4755282700061798,-0.5331198573112488,-0.10810903459787369,-0.5509113669395447,-0.6026465354733609,-504.02149786623465,0.0,0.0
24.02,1201,0.06158339977264404,0.9981019496917725,0.061622392386198044,-0.6880350708961487,-2.029827117919922,-2.0,-0.44405198097229004,0.8960010409355164,-0.460115909576416,-0.5056353807449341,-0.1021009162068367,-0.5217382907867432,-0.5771506624424704,-504.59864852867713,0.0,0.0
24.04,1202,0.0470733679831028,0.9988914132118225,0.04709077253937721,-0.7265810966491699,-1.9272985458374023,-2.0,-0.42697566747665405,0.9042630791664124,-0.4411455988883972,-0.47404906153678894,-0.09462832659482956,-0.4882363975048065,-0.5472066806421343,-505.1458552093193,0.0,0.0
24.060000000000002,1203,0.03182613477110863,0.999493420124054,0.03183151036500931,-0.7629629969596863,-1.819095492362976,-2.0,-0.40663158893585205,0.9135922193527222,-0.41876402497291565,-0.438457727432251,-0.08590119332075119,-0.45059552788734436,-0.5129771103754528,-505.65883231969474,0.0,0.0
24.080000000000002,1204,0.0158893633633852,0.9998737573623657,0.015890032052993774,-0.7970739603042603,-1.705549716949463,-2.0,-0.3830946385860443,0.9237090945243835,-0.3931442201137543,-0.39898401498794556,-0.07616466283798218,-0.40903425216674805,-0.47465405700704183,-506.1334863767018,0.0,0.0
24.1,1205,-3.478447979432531e-05,1.0,-3.478447979432531e-05,-0.7962408065795898,0.04165734723210335,0.17156408727169037,-0.3564675450325012,0.9343076944351196,-0.3644843101501465,-0.3564327359199524,-0.06569229066371918,-0.36444953083992004,-0.3934037779845766,-506.5268901546864,0.0,0.0
24.12,1206,-0.015346952714025974,0.9998822212219238,-0.01534755527973175,-0.765638530254364,1.530115008354187,2.0,-0.32688531279563904,0.9450640082359314,-0.3330059349536896,-0.31153833866119385,-0.05481820926070213,-0.31765836477279663,-0.38913675513871726,-506.9160269098251,0.0,0.0
24.14,1207,-0.029999174177646637,0.999549925327301,-0.03000367432832718,-0.7328059673309326,1.6416265964508057,2.0,-0.2945193350315094,0.9556455016136169,-0.29895249009132385,-0.26452013850212097,-0.04390439763665199,-0.26894882321357727,-0.3430022600701606,-507.25902916989526,0.0,0.0
24.16,1208,-0.04394635558128357,0.9990338683128357,-0.04396051540970802,-0.697842001914978,1.7481991052627563,2.0,-0.2595800459384918,0.965721607208252,-0.262587308883667,-0.21563369035720825,-0.033312294632196426,-0.21862679719924927,-0.29499197499301033,-507.5540211448883,0.0,0.0
24.18,1209,-0.057146403938531876,0.9983658194541931,-0.057177554816007614,-0.6608518958091736,1.8495043516159058,2.0,-0.22231827676296234,0.9749741554260254,-0.2241916060447693,-0.16517187654972076,-0.023391662165522575,-0.16701404750347137,-0.24540975533032328,-507.7994309002186,0.0,0.0
24.2,1210,-0.06956028193235397,0.9975777268409729,-0.06961649656295776,-0.621947169303894,1.9452365636825562,2.0,-0.18302473425865173,0.9831082820892334,-0.18406227231025696,-0.11346445232629776,-0.014469441026449203,-0.1144457757472992,-0.19457510868165087,-507.99400600890027,0.0,0.0
24.22,1211,-0.0811520591378212,0.996701717376709,-0.08124139904975891,-0.581244945526123,2.0351128578186035,2.0,-0.14202775061130524,0.9898626804351807,-0.14250962436199188,-0.06087569147348404,-0.0068390560336411,-0.06126823648810387,-0.14282087624562503,-508.1368268851459,0.0,0.0
24.240000000000002,1212,-0.09188894182443619,0.9957692623138428,-0.0920187458395958,-0.5388674736022949,2.118872880935669,2.0,-0.09968913346529007,0.9950186610221863,-0.09985499083995819,-0.00780019024387002,-0.0007506301626563072,-0.007836245000362396,-0.09049087877594841,-508.22731776392186,0.0,0.0
24.26,1213,-0.1017412319779396,0.9948108792304993,-0.1019175797700882,-0.4949418604373932,2.1962804794311523,2.0,-0.05639825016260147,0.9984083771705627,-0.05642819404602051,0.045342981815338135,0.0035974548663944006,0.045489389449357986,-0.042062592105307835,-508.26938035602717,0.0,0.0
24.28,1214,-0.11068233102560043,0.9938558340072632,-0.11090957373380661,-0.4495994448661804,2.2671215534210205,2.0,-0.01256471686065197,0.9999210834503174,-0.012565047480165958,0.09811761230230331,0.006065225228667259,0.09834452718496323,-0.09448137767600429,-508.3638617337032,0.0,0.0
24.3,1215,-0.11868863552808762,0.9929315447807312,-0.11896907538175583,-0.40297532081604004,2.331205129623413,2.0,0.031390100717544556,0.9995071887969971,0.031395260244607925,0.15007874369621277,0.006575687322765589,0.15036433935165405,-0.14640403093084206,-508.510265764634,0.0,0.0
24.32,1216,-0.12573952972888947,0.9920632839202881,-0.12607324123382568,-0.35520806908607483,2.3883631229400635,2.0,0.07504218071699142,0.9971803426742554,0.07511279731988907,0.2007817178964615,0.005117070395499468,0.20118603110313416,-0.1974685000588381,-508.7077342646929,0.0,0.0
24.34,1217,-0.1318172663450241,0.9912740588188171,-0.13220201432704926,-0.3064391016960144,2.438448905944824,2.0,0.11797410994768143,0.9930166602134705,0.11824949830770493,0.24979138374328613,0.0017426382983103395,0.25045153498649597,-0.2473148189870979,-508.95504908367997,0.0,0.0
24.36,1218,-0.1369069367647171,0.9905838966369629,-0.13733826577663422,-0.25681236386299133,2.481337070465088,2.0,0.1597839742898941,0.9871519804000854,0.1604718118906021,0.2966909110546112,-0.00343190785497427,0.29781007766723633,-0.29558776702372647,-509.2506368507037,0.0,0.0
24.38,1219,-0.14099635183811188,0.990010142326355,-0.14146775007247925,-0.20647388696670532,2.516923189163208,2.0,0.2000933736562729,0.9797768592834473,0.20145322382450104,0.34108972549438477,-0.01023328211158514,0.3429209589958191,-0.34193955836178896,-509.5925764090655,0.0,0.0
24.400000000000002,1220,-0.14407600462436676,0.9895666241645813,-0.14457917213439941,-0.15557141602039337,2.545123338699341,2.0,0.2385542392730713,0.9711291790008545,0.24087683856487274,0.38263025879859924,-0.018437448889017105,0.38545602560043335,-0.3860323986849308,-509.9786088077504,0.0,0.0
24.42,1221,-0.1461390107870102,0.9892640709877014,-0.14666424691677094,-0.10425395518541336,2.565873146057129,2.0,0.2748539447784424,0.9614859819412231,0.2784378230571747,0.42099297046661377,-0.027778077870607376,0.4251020550727844,-0.42754109255180506,-510.4061499003022,0.0,0.0
24.44,1222,-0.14718104898929596,0.9891095757484436,-0.14771768450737,-0.0526714101433754,2.579127311706543,2.0,0.308718740940094,0.9511533975601196,0.313845694065094,0.45589980483055115,-0.03795619681477547,0.4615633487701416,-0.4661555052313025,-510.8723054055335,0.0,0.0
24.46,1223,-0.1472003310918808,0.9891067147254944,-0.14773716032505035,-0.000974213529843837,2.584859848022461,2.0,0.33991512656211853,0.9404560923576355,0.3468266427516937,0.4871154725551605,-0.0486505851149559,0.4945638179779053,-0.5015828605093339,-511.37388826604285,0.0,0.0
24.48,1224,-0.14619755744934082,0.989255428314209,-0.1467234194278717,0.050687044858932495,2.5830628871917725,2.0,0.36824968457221985,0.9297269582748413,0.37712568044662476,0.5144472122192383,-0.05952847748994827,0.5238491296768188,-0.5335500682892566,-511.9074383343321,0.0,0.0
24.5,1225,-0.1441759616136551,0.9895520806312561,-0.1446801871061325,0.10216200351715088,2.5737476348876953,2.0,0.39356696605682373,0.9192959666252136,0.404508501291275,0.5377429127693176,-0.07025612145662308,0.5491886734962463,-0.5618058659816839,-512.4692442003138,0.0,0.0
24.52,1226,-0.14114131033420563,0.9899894595146179,-0.14161416888237,0.15330086648464203,2.556943655014038,2.0,0.41574639081954956,0.9094805717468262,0.42876332998275757,0.556887686252594,-0.08050887286663055,0.5703774690628052,-0.5861226693917079,-513.0553668697055,0.0,0.0
24.54,1227,-0.1371018886566162,0.9905569553375244,-0.13753506541252136,0.20395484566688538,2.532698392868042,2.0,0.4346977472305298,0.9005764126777649,0.4497026205062866,0.571799635887146,-0.08998054265975952,0.5872377157211304,-0.6062984012944584,-513.661665271,0.0,0.0
24.560000000000002,1228,-0.13206857442855835,0.9912405610084534,-0.13245554268360138,0.25397640466690063,2.5010788440704346,2.0,0.4503563940525055,0.8928488492965698,0.46716445684432983,0.5824249982833862,-0.09839171171188354,0.59961998462677,-0.6221581635149566,-514.2838234345149,0.0,0.0
24.580000000000002,1229,-0.12605489790439606,0.9920232892036438,-0.12639114260673523,0.30321982502937317,2.462170362472534,2.0,0.4626781940460205,0.8865262866020203,0.48101383447647095,0.5887331366539001,-0.10549696534872055,0.6074050068855286,-0.6335556033881472,-514.9173790379031,0.0,0.0
24.6,1230,-0.11907710134983063,0.9928849935531616,-0.11936032027006149,0.3515413999557495,2.4160783290863037,2.0,0.4716346263885498,0.8817940354347229,0.4911436140537262,0.5907117128372192,-0.11109095066785812,0.6105039715766907,-0.6403741532683853,-515.5577531911714,0.0,0.0
24.62,1231,-0.11115414649248123,0.9938032031059265,-0.111384317278862,0.39879992604255676,2.362926959991455,2.0,0.47720855474472046,0.8787900805473328,0.4974755048751831,0.5883626937866211,-0.11501310765743256,0.6088598370552063,-0.6425279343039187,-516.2002811254753,0.0,0.0
24.64,1232,-0.10230785608291626,0.9947527647018433,-0.10248717665672302,0.4448571503162384,2.3028616905212402,2.0,0.4793908894062042,0.8776015043258667,0.4999605119228363,0.5816987752914429,-0.11715129762887955,0.6024476885795593,-0.6399626819227433,-516.840243807398,0.0,0.0
24.66,1233,-0.09256292134523392,0.9957068562507629,-0.09269561618566513,0.48957812786102295,2.2360479831695557,2.0,0.4781784117221832,0.8782626986503601,0.4985794425010681,0.5707413554191589,-0.11744411289691925,0.5912750363349915,-0.6326561266025142,-517.4728999340006,0.0,0.0
24.68,1234,-0.08194699138402939,0.996636688709259,-0.0820389837026596,0.5328315496444702,2.162672519683838,2.0,0.47357288002967834,0.8807546496391296,0.49334296584129333,0.5555198788642883,-0.11588204652070999,0.5753819346427917,-0.620618425798689,-518.0935183597993,0.0,0.0
24.7,1235,-0.07049066573381424,0.9975124597549438,-0.07054917514324188,0.5744904279708862,2.0829436779022217,2.0,0.4655815362930298,0.885004997253418,0.48429158329963684,0.5360721945762634,-0.11250744014978409,0.5548407435417175,-0.6038921402433255,-518.6974105000427,0.0,0.0
24.72,1236,-0.058227576315402985,0.9983033537864685,-0.05826053023338318,0.6144322752952576,1.9970916509628296,2.0,0.45421892404556274,0.8908901214599609,0.47149527072906494,0.5124464631080627,-0.10741323232650757,0.5297557711601257,-0.5825521121320166,-519.2799626121747,0.0,0.0
24.740000000000002,1237,-0.04519433528184891,0.9989781975746155,-0.04520973563194275,0.6525396704673767,1.9053682088851929,2.0,0.43950989842414856,0.8982377648353577,0.4550529718399048,0.48470425605773926,-0.1007404699921608,0.5002627372741699,-0.5567050067210434,-519.8366676188957,0.0,0.0
24.76,1238,-0.03143054619431496,0.9995059370994568,-0.03143572434782982,0.6887005567550659,1.8080470561981201,2.0,0.4214937090873718,0.9068313241004944,0.43509188294410706,0.45292428135871887,-0.092674620449543,0.4665276110172272,-0.5264886961531547,-520.3631563150489,0.0,0.0
24.78,1239,-0.016978727653622627,0.9998558759689331,-0.01697954349219799,0.7228090763092041,1.7054239511489868,2.0,0.4002286195755005,0.9164153337478638,0.41176629066467285,0.4172073304653168,-0.08344051986932755,0.428745836019516,-0.49207142598733006,-520.8552277410362,0.0,0.0
24.8,1240,-0.001884234370663762,0.9999982118606567,-0.0018842355348169804,0.7547653913497925,1.5978156328201294,2.0,0.37579697370529175,0.9267020225524902,0.3852566182613373,0.3776811957359314,-0.0732961967587471,0.3871408700942993,-0.45365052617974805,-521.308878267216,0.0,0.0
24.82,1241,0.012847371399402618,0.9999174475669861,0.012847724370658398,0.736598014831543,-0.9083690047264099,-1.1919046640396118,0.3483102321624756,0.9373793005943298,0.3557678461074829,0.3354628384113312,-0.06253814697265625,0.34292012453079224,-0.3866152621508455,-521.6954935293668,0.0,0.0
24.84,1242,0.02692756988108158,0.9996373653411865,0.026930825784802437,0.7041550874710083,-1.6221469640731812,-2.0,0.3179134726524353,0.9481196999549866,0.323527991771698,0.29098591208457947,-0.051517657935619354,0.2965971529483795,-0.3688370205309581,-522.0643305498977,0.0,0.0
24.86,1243,0.04031318798661232,0.9991871118545532,0.04032411798834801,0.6696645617485046,-1.7245254516601562,-2.0,0.2847890555858612,0.9585902094841003,0.2887863516807556,0.244475856423378,-0.04059687629342079,0.2484622299671173,-0.32320387520612864,-522.3875344251038,0.0,0.0
24.88,1244,0.05296392738819122,0.9985964298248291,0.05298871919512749,0.6332302093505859,-1.8217166662216187,-2.0,0.2491588294506073,0.9684626460075378,0.25181159377098083,0.19619490206241608,-0.030133791267871857,0.19882288575172424,-0.27579763081075054,-522.6633320559146,0.0,0.0
24.900000000000002,1245,0.06484242528676987,0.9978955388069153,0.06488795578479767,0.5949616432189941,-1.9134281873703003,-2.0,0.21128518879413605,0.9774244427680969,0.2128896415233612,0.14644275605678558,-0.020471058785915375,0.14800168573856354,-0.22692363988797667,-522.8902556958026,0.0,0.0
24.92,1246,0.07591432332992554,0.997114360332489,0.07598742842674255,0.554973840713501,-1.9993892908096313,-2.0,0.17146988213062286,0.9851893782615662,0.17232146859169006,0.09555555880069733,-0.011924983002245426,0.09633403271436691,-0.17690221032044215,-523.067157906123,0.0,0.0
24.94,1247,0.08614825457334518,0.9962823390960693,0.08625517040491104,0.5133868455886841,-2.0793511867523193,-2.0,0.13005132973194122,0.9915072321891785,0.1304207593202591,0.043903082609176636,-0.004775066860020161,0.044165585190057755,-0.12606630053808143,-523.1932242066612,0.0,0.0
24.96,1248,0.09551583230495453,0.9954279065132141,0.09566166996955872,0.4703250825405121,-2.153087854385376,-2.0,0.08739987760782242,0.9961733222007751,0.08751153200864792,-0.008115959353744984,0.0007453984580934048,-0.008150140754878521,-0.07475908952448956,-523.2679832961857,0.0,0.0
24.98,1249,0.10399166494607925,0.9945781826972961,0.10418001562356949,0.4259171783924103,-2.2203948497772217,-2.0,0.04391147568821907,0.9990354180335999,0.04392559826374054,-0.060080189257860184,0.004457257222384214,-0.06025441363453865,-0.05666848155328542,-523.324651777739,0.0,0.0
25.0,1250,0.11155325174331665,0.9937584400177002,0.11178591847419739,0.38029536604881287,-2.281090497970581,-2.0,3.9194886858405064e-15,1.0,3.9194886858405064e-15,-0.11155325174331665,0.006241542287170887,-0.11178591847419739,-0.10786032284152527,-523.4325121005804,0.0,0.0
25.02,1251,0.11818097531795502,0.9929920434951782,0.11845782399177551,0.3335950970649719,-2.3350141048431396,-2.0,-0.04391147568821907,0.9990354180335999,-0.04392559826374054,-0.1620924472808838,0.006043353583663702,-0.16238342225551605,-0.15845782299730654,-523.5909699235777,0.0,0.0
25.04,1252,0.1238580271601677,0.9922999739646912,0.12417691200971603,0.2859545648097992,-2.382026433944702,-2.0,-0.08739987760782242,0.9961733222007751,-0.08751153200864792,-0.2112579047679901,0.0038733601104468107,-0.21168844401836395,-0.2081025126058008,-523.7990724361836,0.0,0.0
25.060000000000002,1253,0.1285703182220459,0.9917004108428955,0.12892720103263855,0.23751439154148102,-2.422008752822876,-2.0,-0.13005132973194122,0.9915072321891785,-0.1304207593202591,-0.2586216628551483,-0.00019313234952278435,-0.25934794545173645,-0.25643873420178975,-524.0555111703853,0.0,0.0
25.080000000000002,1254,0.13230647146701813,0.9912088513374329,0.1326955407857895,0.18841713666915894,-2.4548628330230713,-2.0,-0.17146988213062286,0.9851893782615662,-0.17232146859169006,-0.303776353597641,-0.006019495893269777,-0.30501699447631836,-0.3031163041885904,-524.358627474574,0.0,0.0
25.1,1255,0.13505768775939941,0.9908377528190613,0.13547168672084808,0.13880692422389984,-2.4805104732513428,-2.0,-0.21128518879413605,0.9774244427680969,-0.2128896415233612,-0.34634286165237427,-0.013413280248641968,-0.3483613431453705,-0.3477931519428831,-524.7064206265169,0.0,0.0
25.12,1256,0.1368177831172943,0.9905962347984314,0.13724826276302338,0.08882907778024673,-2.498892307281494,-2.0,-0.2491588294506073,0.9684626460075378,-0.25181159377098083,-0.3859766125679016,-0.0221335981041193,-0.3890598714351654,-0.39013790647871627,-525.0965585329956,0.0,0.0
25.14,1257,0.13758306205272675,0.9904902577400208,0.138020858168602,0.038629721850156784,-2.509967803955078,-2.0,-0.2847890555858612,0.9585902094841003,-0.2887863516807556,-0.42237210273742676,-0.03190001845359802,-0.4268072247505188,-0.4298324531744903,-525.5263909861701,0.0,0.0
25.16,1258,0.13735239207744598,0.9905222654342651,0.13778796792030334,-0.011644598096609116,-2.513715982437134,-2.0,-0.3179134726524353,0.9481196999549866,-0.323527991771698,-0.4552658796310425,-0.04240252077579498,-0.46131595969200134,-0.4665743191234886,-525.9929653052936,0.0,0.0
25.18,1259,0.1361270546913147,0.9906913638114929,0.13655102252960205,-0.0618472695350647,-2.5101335048675537,-2.0,-0.3483102321624756,0.9373793005943298,-0.3557678461074829,-0.4844372868537903,-0.053312066942453384,-0.49231886863708496,-0.5000790138535409,-526.4930443191472,0.0,0.0
25.2,1260,0.1339108943939209,0.9909933805465698,0.1343143880367279,-0.11183197796344757,-2.4992356300354004,-2.0,-0.37579697370529175,0.9267020225524902,-0.3852566182613373,-0.5097078680992126,-0.06429135054349899,-0.5195710062980652,-0.5300822286047414,-527.023126547752,0.0,0.0
25.22,1261,0.13071022927761078,0.9914206266403198,0.1310853213071823,-0.16145309805870056,-2.481055736541748,-2.0,-0.4002286195755005,0.9164153337478638,-0.41176629066467285,-0.5309388637542725,-0.07500528544187546,-0.5428516268730164,-0.5563419388746147,-527.5794684866266,0.0,0.0
25.240000000000002,1262,0.1265338957309723,0.9919623136520386,0.12687399983406067,-0.21056601405143738,-2.45564603805542,-2.0,-0.4214937090873718,0.9068313241004944,-0.43509188294410706,-0.5480276346206665,-0.0851309671998024,-0.5619658827781677,-0.5786402909875487,-528.1581087776142,0.0,0.0
25.26,1263,0.12139330804347992,0.9926044940948486,0.1216934472322464,-0.25902754068374634,-2.423076868057251,-2.0,-0.43950989842414856,0.8982377648353577,-0.4550529718399048,-0.5609031915664673,-0.09436674416065216,-0.5767464637756348,-0.5967853322222765,-528.7548941098364,0.0,0.0
25.28,1264,0.11530249565839767,0.9933304190635681,0.11555952578783035,-0.3066962957382202,-2.3834376335144043,-2.0,-0.45421892404556274,0.8908901214599609,-0.47149527072906494,-0.569521427154541,-0.10244031995534897,-0.5870547890663147,-0.610612494987389,-529.3655066048238,0.0,0.0
25.3,1265,0.10827816277742386,0.9941206574440002,0.10849086195230484,-0.3534330427646637,-2.33683705329895,-2.0,-0.4655815362930298,0.885004997253418,-0.48429158329963684,-0.573859691619873,-0.10911563783884048,-0.5927824378013611,-0.6199861329394971,-529.9854927377634,0.0,0.0
25.32,1266,0.10033970326185226,0.9949532151222229,0.10050883889198303,-0.3991011083126068,-2.283402919769287,-2.0,-0.47357288002967834,0.8807546496391296,-0.49334296584129333,-0.5739125609397888,-0.11419859528541565,-0.5938518047332764,-0.6248004234447576,-530.6102931612081,0.0,0.0
25.34,1267,0.09150930494070053,0.9958042502403259,0.0916375070810318,-0.44356676936149597,-2.223283052444458,-2.0,-0.4781784117221832,0.8782626986503601,-0.4985794425010681,-0.5696877241134644,-0.11754149943590164,-0.5902169346809387,-0.6249804706953588,-531.2352736319035,0.0,0.0
25.36,1268,0.08181197196245193,0.9966477751731873,0.08190350979566574,-0.4866996705532074,-2.1566460132598877,-2.0,-0.4793908894062042,0.8776015043258667,-0.4999605119228363,-0.561202883720398,-0.11904629319906235,-0.581864058971405,-0.6204829536797463,-531.8557565855832,0.0,0.0
25.38,1269,0.07127555459737778,0.9974566698074341,0.0713360458612442,-0.5283733010292053,-2.0836803913116455,-2.0,-0.47720855474472046,0.8787900805473328,-0.4974755048751831,-0.5484841465950012,-0.11866659671068192,-0.5688115358352661,-0.6112965572900403,-532.4670531428733,0.0,0.0
25.400000000000002,1270,0.05993080884218216,0.9982025623321533,0.05996674299240112,-0.5684652328491211,-2.004595994949341,-2.0,-0.4716346263885498,0.8817940354347229,-0.4911436140537262,-0.5315654277801514,-0.11640847474336624,-0.5511103868484497,-0.5974422460633456,-533.0644953889366,0.0,0.0
25.42,1271,0.0478113517165184,0.9988563656806946,0.04782958701252937,-0.6068576574325562,-1.9196234941482544,-2.0,-0.4626781940460205,0.8865262866020203,-0.48101383447647095,-0.5104895830154419,-0.11233008652925491,-0.5288434028625488,-0.578973201674561,-533.6434685906112,0.0,0.0
25.44,1272,0.034953705966472626,0.9993889331817627,0.034960828721523285,-0.6434379816055298,-1.8290148973464966,-2.0,-0.4503563940525055,0.8928488492965698,-0.46716445684432983,-0.4853101074695587,-0.10654006153345108,-0.5021253228187561,-0.5559746625823163,-534.1994432531935,0.0,0.0
25.46,1273,0.021397218108177185,0.9997710585594177,0.02139885164797306,-0.6780988574028015,-1.7330429553985596,-2.0,-0.4346977472305298,0.9005764126777649,-0.4497026205062866,-0.4560949504375458,-0.09919464588165283,-0.47110146284103394,-0.5285633082460814,-534.7280065614397,0.0,0.0
25.48,1274,0.0071840123273432255,0.9999741911888123,0.007184074260294437,-0.7107388377189636,-1.632001280784607,-2.0,-0.41574639081954956,0.9094805717468262,-0.42876332998275757,-0.42293038964271545,-0.09049360454082489,-0.43594738841056824,-0.4968866946729818,-535.2248932561126,0.0,0.0
25.5,1275,-0.007641110103577375,0.9999707937240601,-0.007641184609383345,-0.7412629127502441,-1.5262036323547363,-2.0,-0.39356696605682373,0.9192959666252136,-0.404508501291275,-0.38592585921287537,-0.08067485690116882,-0.3968673050403595,-0.46112214544891555,-535.6860154015616,0.0,0.0
25.52,1276,-0.02273094840347767,0.9997416138648987,-0.02273290604352951,-0.7545861005783081,-0.6661587953567505,-1.0002341270446777,-0.36824968457221985,0.9297269582748413,-0.37712568044662476,-0.34551870822906494,-0.07001467794179916,-0.35439279675483704,-0.39178027809110477,-536.0777956796527,0.0,0.0
25.54,1277,-0.037137869745492935,0.9993101358413696,-0.03714641183614731,-0.7206752896308899,1.695539951324463,2.0,-0.33991512656211853,0.9404560923576355,-0.3468266427516937,-0.3027772605419159,-0.058854036033153534,-0.3096802532672882,-0.3799792674582246,-536.4577749471109,0.0,0.0
25.560000000000002,1278,-0.05081791430711746,0.9987079501152039,-0.05083981156349182,-0.6846699714660645,1.800267219543457,2.0,-0.308718740940094,0.9511533975601196,-0.313845694065094,-0.25790083408355713,-0.047554563730955124,-0.2630058825016022,-0.3359868304064236,-536.7937617775174,0.0,0.0
25.580000000000002,1279,-0.0637301653623581,0.9979671835899353,-0.06377338618040085,-0.646678626537323,1.89956796169281,2.0,-0.2748539447784424,0.9614859819412231,-0.2784378230571747,-0.21112379431724548,-0.03648117929697037,-0.21466442942619324,-0.2900723095343912,-537.0838340870517,0.0,0.0
25.6,1280,-0.07583681493997574,0.9971202611923218,-0.07590969651937485,-0.6068156957626343,1.9931451082229614,2.0,-0.2385542392730713,0.9711291790008545,-0.24087683856487274,-0.16271741688251495,-0.02599106729030609,-0.1649671345949173,-0.24252812439612897,-537.3263622114479,0.0,0.0
25.62,1281,-0.08710320293903351,0.9961993098258972,-0.08721372485160828,-0.5652012228965759,2.0807249546051025,2.0,-0.2000933736562729,0.9797768592834473,-0.20145322382450104,-0.11299017071723938,-0.016422459855675697,-0.11423949152231216,-0.1936631157629142,-537.5200253272108,0.0,0.0
25.64,1282,-0.09749779105186462,0.9952357411384583,-0.09765292704105377,-0.5219600796699524,2.1620569229125977,2.0,-0.1597839742898941,0.9871519804000854,-0.1604718118906021,-0.06228617578744888,-0.008083734661340714,-0.06281887739896774,-0.14380029962769342,-537.6638256268385,0.0,0.0
25.66,1283,-0.10699217021465302,0.9942598342895508,-0.1071973592042923,-0.4772217869758606,2.2369134426116943,2.0,-0.11797410994768143,0.9930166602134705,-0.11824949830770493,-0.010981939733028412,-0.0012431918876245618,-0.011052138172090054,-0.09327445170658963,-537.7571000785451,0.0,0.0
25.68,1284,-0.11556099355220795,0.9933003783226013,-0.11581975966691971,-0.43111997842788696,2.3050906658172607,2.0,-0.07504218071699142,0.9971803426742554,-0.07511279731988907,0.040518809109926224,0.00387997436337173,0.04070696607232094,-0.042429738426869056,-537.799529816972,0.0,0.0
25.7,1285,-0.12318192422389984,0.9923840761184692,-0.12349559366703033,-0.38379183411598206,2.3664069175720215,2.0,-0.031390100717544556,0.9995071887969971,-0.031395260244607925,0.09179182350635529,0.007123103830963373,0.09210033714771271,-0.08838279944989733,-537.8879126164219,0.0,0.0
25.72,1286,-0.1298355758190155,0.9915355443954468,-0.13020315766334534,-0.3353777825832367,2.420703172683716,2.0,0.01256471686065197,0.9999210834503174,0.012565047480165958,0.14240029454231262,0.008385523222386837,0.14276820421218872,-0.13880789212386224,-538.0267205085457,0.0,0.0
25.740000000000002,1287,-0.13550542294979095,0.9907765984535217,-0.1359235644340515,-0.2860209345817566,2.467841863632202,2.0,0.05639825016260147,0.9984083771705627,0.05642819404602051,0.19190366566181183,0.007631747052073479,0.19235175848007202,-0.18848861867430072,-538.2152091272201,0.0,0.0
25.76,1288,-0.14017772674560547,0.990126371383667,-0.14064091444015503,-0.23586679995059967,2.507706880569458,2.0,0.09968913346529007,0.9950186610221863,0.09985499083995819,0.23986685276031494,0.004892272874712944,0.24049589037895203,-0.23706910129651657,-538.4522782285165,0.0,0.0
25.78,1289,-0.1438414603471756,0.9896007180213928,-0.14434216916561127,-0.18506275117397308,2.5402026176452637,2.0,0.14202775061130524,0.9898626804351807,0.14250962436199188,0.28586921095848083,0.00026193217490799725,0.28685179352760315,-0.28419715310730037,-538.7364753816239,0.0,0.0
25.8,1290,-0.1464882791042328,0.9892123937606812,-0.14701731503009796,-0.13375768065452576,2.565253496170044,2.0,0.18302473425865173,0.9831082820892334,0.18406227231025696,0.3295130133628845,-0.006104096304625273,0.3310796022415161,-0.3295269402758613,-539.0660023218998,0.0,0.0
25.82,1291,-0.14811240136623383,0.9889705181121826,-0.148659348487854,-0.08210161328315735,2.58280348777771,2.0,0.22231827676296234,0.9749741554260254,0.2241916060447693,0.37043067812919617,-0.013996387831866741,0.3728509545326233,-0.3727216204963283,-539.4387239423961,0.0,0.0
25.84,1292,-0.14871060848236084,0.9888807535171509,-0.14926426112651825,-0.030245298519730568,2.59281587600708,2.0,0.2595800459384918,0.965721607208252,0.262587308883667,0.40829065442085266,-0.02315916307270527,0.41185155510902405,-0.41345586018317976,-539.8521798025793,0.0,0.0
25.86,1293,-0.1482822149991989,0.9889450669288635,-0.1488310545682907,0.021660152822732925,2.5952725410461426,2.0,0.2945193350315094,0.9556455016136169,0.29895249009132385,0.4428015351295471,-0.033299561589956284,0.44778352975845337,-0.45141835997601004,-540.3035981625553,0.0,0.0
25.88,1294,-0.1468290239572525,0.9891619086265564,-0.14736178517341614,0.07346363365650177,2.5901741981506348,2.0,0.32688531279563904,0.9450640082359314,0.3330059349536896,0.47371432185173035,-0.044097866863012314,0.4803677201271057,-0.4863142685024283,-540.7899124310577,0.0,0.0
25.900000000000002,1295,-0.14435537159442902,0.9895259141921997,-0.14486148953437805,0.12501442432403564,2.5775396823883057,2.0,0.3564675450325012,0.9343076944351196,0.3644843101501465,0.500822901725769,-0.05521819740533829,0.5093458294868469,-0.5178674248374007,-541.3077798558951,0.0,0.0
25.92,1296,-0.14086812734603882,0.9900283813476562,-0.14133824408054352,0.17616255581378937,2.5574066638946533,2.0,0.3830946385860443,0.9237090945243835,0.3931442201137543,0.5239627957344055,-0.06631927192211151,0.534482479095459,-0.5458225488638089,-541.8536024047589,0.0,0.0
25.94,1297,-0.1363767385482788,0.9906570315361023,-0.1368030607700348,0.2267591804265976,2.5298311710357666,2.0,0.40663158893585205,0.9135922193527222,0.41876402497291565,0.5430083274841309,-0.07706481963396072,0.5555670857429504,-0.5699472751753908,-542.4235496799344,0.0,0.0
25.96,1298,-0.13089324533939362,0.9913964867591858,-0.1312699168920517,0.27665695548057556,2.4948883056640625,2.0,0.42697566747665405,0.9042630791664124,0.4411455988883972,0.5578688979148865,-0.08713336288928986,0.5724155306816101,-0.5900339410217287,-543.0135836209561,0.0,0.0
25.98,1299,-0.12443234026432037,0.992228090763092,-0.12475571036338806,0.32571038603782654,2.4526724815368652,2.0,0.44405198097229004,0.8960010409355164,0.460115909576416,0.5684843063354492,-0.09622706472873688,0.5848716497421265,-0.6059013069788773,-543.619484927935,0.0,0.0
26.0,1300,-0.11701150983572006,0.9931305646896362,-0.11728017777204514,0.3737763464450836,2.403296947479248,2.0,0.45780816674232483,0.8890510201454163,0.4755282700061798,0.5748196840286255,-0.10407955199480057,0.5928084254264832,-0.6173960909767149,-544.2368810189117,0.0,0.0
26.02,1301,-0.10865098237991333,0.9940799474716187,-0.1088658943772316,0.42071425914764404,2.346895456314087,2.0,0.46820956468582153,0.8836174607276917,0.48726344108581543,0.5768605470657349,-0.11046250909566879,0.5961293578147888,-0.6243941664919634,-544.8612751854037,0.0,0.0
26.04,1302,-0.09937387704849243,0.9950501918792725,-0.0995381623506546,0.46638670563697815,2.2836227416992188,2.0,0.47523465752601624,0.8798590898513794,0.49523070454597473,0.5746085047721863,-0.11519107222557068,0.5947688817977905,-0.6268016035325765,-545.4880767889363,0.0,0.0
26.060000000000002,1303,-0.08920622617006302,0.9960131645202637,-0.0893249660730362,0.5106597542762756,2.213653802871704,2.0,0.47887122631073,0.8778851628303528,0.49936848878860474,0.5680774450302124,-0.11812802404165268,0.5886934399604797,-0.6245556714379777,-546.1126324603742,0.0,0.0
26.080000000000002,1304,-0.07817704230546951,0.996939480304718,-0.07825689762830734,0.5534034967422485,2.1371850967407227,2.0,0.47911372780799866,0.8777528405189514,0.4996447265148163,0.55729079246521,-0.11918666213750839,0.5779016613960266,-0.6176253860943864,-546.7302578464686,0.0,0.0
26.1,1305,-0.06631834805011749,0.997798502445221,-0.06636705249547958,0.5944921970367432,2.0544350147247314,2.0,0.475961834192276,0.8794659376144409,0.4960573613643646,0.5422801375389099,-0.11833257228136063,0.5624244213104248,-0.6060117802410636,-547.3362696267096,0.0,0.0
26.12,1306,-0.0536651611328125,0.9985589981079102,-0.05369095131754875,0.6338050365447998,1.9656437635421753,2.0,0.4694202244281769,0.8829748630523682,0.48863404989242554,0.5230854153633118,-0.1155841052532196,0.5423250198364258,-0.5897483140057299,-547.9260179407154,0.0,0.0
26.14,1307,-0.04025554284453392,0.9991894364356995,-0.04026642069220543,0.6712265014648438,1.8710737228393555,2.0,0.45950010418891907,0.8881776928901672,0.4774322807788849,0.4997556507587433,-0.11101169884204865,0.5176987051963806,-0.5689004719577346,-548.4949184126731,0.0,0.0
26.16,1308,-0.026130512356758118,0.9996585249900818,-0.02613348700106144,0.706646740436554,1.7710092067718506,2.0,0.44622138142585754,0.8949226140975952,0.46253859996795654,0.47235190868377686,-0.10473593324422836,0.48867207765579224,-0.543565768606787,-549.0384841812798,0.0,0.0
26.18,1309,-0.011334008537232876,0.9999357461929321,-0.01133425161242485,0.7399618029594421,1.6657559871673584,2.0,0.42961665987968445,0.9030113816261292,0.44406822323799133,0.4409506618976593,-0.09692440181970596,0.4554024636745453,-0.5138728511586489,-549.5523570324385,0.0,0.0
26.2,1310,0.004087230656296015,0.9999916553497314,0.00408724183216691,0.771074652671814,1.5556414127349854,2.0,0.40973538160324097,0.9122044444084167,0.4221639633178711,0.4056481420993805,-0.08778722584247589,0.4180767238140106,-0.4799809812318893,-550.0323380136704,0.0,0.0
26.22,1311,0.02008379064500332,0.9997982978820801,0.02008514106273651,0.7998949289321899,1.4410128593444824,2.0,0.3866489827632904,0.9222269654273987,0.3969951868057251,0.36656519770622253,-0.077571339905262,0.3769100606441498,-0.4420788229546051,-550.474416836625,0.0,0.0
26.240000000000002,1312,0.03548048064112663,0.9993703961372375,0.03548792749643326,0.7701393961906433,-1.487775444984436,-1.746683955192566,0.36045587062835693,0.9327762722969055,0.36875656247138977,0.3249753713607788,-0.06659409403800964,0.3332686424255371,-0.3920163046023231,-550.8664331412273,0.0,0.0
26.26,1313,0.0501536950469017,0.9987415075302124,0.05017474666237831,0.7343408465385437,-1.7899278402328491,-2.0,0.3312861919403076,0.9435303211212158,0.337666392326355,0.2811324894428253,-0.05521119013428688,0.28749164938926697,-0.3585818169108476,-551.2250149581381,0.0,0.0
26.28,1314,0.0640590488910675,0.9979460835456848,0.06410294771194458,0.6964100003242493,-1.8965436220169067,-2.0,0.29930591583251953,0.9541571736335754,0.30396515130996704,0.23524686694145203,-0.043788909912109375,0.23986220359802246,-0.3135634471784053,-551.5385784053165,0.0,0.0
26.3,1315,0.07715541869401932,0.9970190525054932,0.07723217457532883,0.6564613580703735,-1.9974298477172852,-2.0,0.2647198438644409,0.9643253684043884,0.2679134011268616,0.1875644326210022,-0.03269371762871742,0.19068121910095215,-0.2667329785153061,-551.8053113838317,0.0,0.0
26.32,1316,0.08940494805574417,0.9959953427314758,0.08952448517084122,0.6146156191825867,-2.0922882556915283,-2.0,0.22777298092842102,0.973714292049408,0.22978992760181427,0.13836802542209625,-0.022281093522906303,0.14026544988155365,-0.21838891599699292,-552.0237002998288,0.0,0.0
26.34,1317,0.10077311098575592,0.994909405708313,0.10094445943832397,0.5709987282752991,-2.180845022201538,-2.0,0.18875043094158173,0.9820250868797302,0.1898895502090454,0.08797731250524521,-0.012884343974292278,0.08894509077072144,-0.16884546813507215,-552.1925457679638,0.0,0.0
26.36,1318,0.11122865974903107,0.993794858455658,0.11145929247140884,0.525741696357727,-2.262850522994995,-2.0,0.1479753702878952,0.9889910221099854,0.1485207974910736,0.036746714264154434,-0.00480379443615675,0.03706149756908417,-0.1184302566579904,-552.3109760246218,0.0,0.0
26.38,1319,0.12074356526136398,0.9926837086677551,0.12103889882564545,0.47898009419441223,-2.3380801677703857,-2.0,0.10580514371395111,0.9943869113922119,0.10600355267524719,-0.014938423410058022,0.0017031505703926086,-0.015035340562462807,-0.06748190191928391,-552.3784579265412,0.0,0.0
26.400000000000002,1320,0.12929300963878632,0.9916064143180847,0.12965595722198486,0.4308534562587738,-2.406332492828369,-2.0,0.06262560933828354,0.9980370998382568,0.06266661733388901,-0.06666739284992218,0.006430656183511019,-0.06698934733867645,-0.06365241189809279,-552.4421103384393,0.0,0.0
26.42,1321,0.13685521483421326,0.9905910491943359,0.13728606700897217,0.3815048336982727,-2.467430353164673,-2.0,0.01884397678077221,0.9998224377632141,0.01884509064257145,-0.1180112436413765,0.009231376461684704,-0.11844097077846527,-0.11461944413278813,-552.5567297825721,0.0,0.0
26.44,1322,0.14341147243976593,0.9896631240844727,0.14390766620635986,0.33108046650886536,-2.521218776702881,-2.0,-0.025119516998529434,0.9996844530105591,-0.025122158229351044,-0.16853100061416626,0.010021306574344635,-0.1690298318862915,-0.16506258023615256,-552.7217923628083,0.0,0.0
26.46,1323,0.14894595742225647,0.9888453483581543,0.1495022475719452,0.2797291576862335,-2.567565441131592,-2.0,-0.06884065270423889,0.9976276755332947,-0.06889514625072479,-0.21778661012649536,0.008782329969108105,-0.21839739382266998,-0.2146244123344688,-552.9364167751428,0.0,0.0
26.48,1324,0.15344566106796265,0.9881570935249329,0.15405429899692535,0.22760196030139923,-2.6063597202301025,-2.0,-0.11190052330493927,0.9937193989753723,-0.1121353805065155,-0.2653461992740631,0.005562326405197382,-0.26618966460227966,-0.2629494396926675,-553.1993662148354,0.0,0.0
26.5,1325,0.1569003313779831,0.9876144528388977,0.1575513333082199,0.17485173046588898,-2.6375114917755127,-2.0,-0.15389446914196014,0.9880872964859009,-0.15450850129127502,-0.31079480051994324,0.0004728483909275383,-0.31205981969833374,-0.30968670867424913,-553.5090529235097,0.0,0.0
26.52,1326,0.15930239856243134,0.9872298240661621,0.15998397767543793,0.12163271009922028,-2.6609511375427246,-2.0,-0.1944403052330017,0.9809143543243408,-0.19568683207035065,-0.35374268889427185,-0.006315482314676046,-0.3556708097457886,-0.3544924837206315,-553.8635454072303,0.0,0.0
26.54,1327,0.16064685583114624,0.9870119690895081,0.16134598851203918,0.06810013949871063,-2.676628589630127,-2.0,-0.23318526148796082,0.9724323153495789,-0.23535196483135223,-0.39383211731910706,-0.014579621143639088,-0.3966979384422302,-0.39703281732623635,-554.2605782245565,0.0,0.0
26.560000000000002,1328,0.1609313040971756,0.9869655966758728,0.1616341769695282,0.014409881085157394,-2.6845130920410156,-2.0,-0.2698114216327667,0.9629132151603699,-0.2731971740722656,-0.43074271082878113,-0.024052424356341362,-0.4348313510417938,-0.4369861477166049,-554.6975643722732,0.0,0.0
26.580000000000002,1329,0.16015584766864777,0.9870917201042175,0.16084854304790497,-0.03928196802735329,-2.6845924854278564,-2.0,-0.30403926968574524,0.9526594877243042,-0.30892980098724365,-0.4641951322555542,-0.034432243555784225,-0.4697783589363098,-0.4740457176136615,-555.1716100898868,0.0,0.0
26.6,1330,0.15832315385341644,0.9873873591423035,0.15899215638637543,-0.09281943738460541,-2.6768736839294434,-2.0,-0.3356296420097351,0.9419940114021301,-0.3422735631465912,-0.49395278096199036,-0.04539332166314125,-0.5012657046318054,-0.5079219557345199,-555.6795320456214,0.0,0.0
26.62,1331,0.1554383784532547,0.9878455996513367,0.15607121586799622,-0.14604707062244415,-2.661381959915161,-2.0,-0.36438336968421936,0.9312490224838257,-0.3729705810546875,-0.5198217630386353,-0.05659656226634979,-0.5290417671203613,-0.5383447763504814,-556.2178768219719,0.0,0.0
26.64,1332,0.15150928497314453,0.9884558320045471,0.1520950049161911,-0.19881029427051544,-2.6381611824035645,-2.0,-0.3901398777961731,0.9207556247711182,-0.4007834792137146,-0.5416491627693176,-0.06770022958517075,-0.5528784990310669,-0.5650655882645632,-556.7829424102365,0.0,0.0
26.66,1333,0.14654622972011566,0.9892038106918335,0.14707589149475098,-0.2509557902812958,-2.607274293899536,-2.0,-0.4127737283706665,0.9108335971832275,-0.42549723386764526,-0.5593199729919434,-0.07837022840976715,-0.5725731253623962,-0.587859370756699,-557.3708017809932,0.0,0.0
26.68,1334,0.14056222140789032,0.9900718331336975,0.1410292536020279,-0.3023318350315094,-2.568803071975708,-2.0,-0.43219074606895447,0.901782214641571,-0.4469207227230072,-0.5727529525756836,-0.08828963339328766,-0.5879499912261963,-0.606526488543714,-557.977328269537,0.0,0.0
26.7,1335,0.13357305526733398,0.991038978099823,0.13397347927093506,-0.3527888357639313,-2.5228490829467773,-2.0,-0.44832292199134827,0.8938716650009155,-0.46488824486732483,-0.5818959474563599,-0.09716729819774628,-0.5988616943359375,-0.6208942008816498,-558.5982224704186,0.0,0.0
26.72,1336,0.12559731304645538,0.9920812845230103,0.12592989206314087,-0.4021795094013214,-2.469534158706665,-2.0,-0.4611234664916992,0.8873359560966492,-0.4792608916759491,-0.5867207646369934,-0.10474532097578049,-0.6051907539367676,-0.6308181328300144,-559.2290406032486,0.0,0.0
26.740000000000002,1337,0.11665647476911545,0.9931723475456238,0.11692269891500473,-0.4503595232963562,-2.4090003967285156,-2.0,-0.4705619513988495,0.882366955280304,-0.4899275302886963,-0.5872184038162231,-0.11080536246299744,-0.6068502068519592,-0.6361835892460667,-559.8652241924947,0.0,0.0
26.76,1338,0.10677500814199448,0.9942831993103027,0.10697894543409348,-0.4971877634525299,-2.341411590576172,-2.0,-0.47661980986595154,0.8791095614433289,-0.49680566787719727,-0.5833948254585266,-0.11517367511987686,-0.6037846207618713,-0.6369064728594119,-560.5021306653541,0.0,0.0
26.78,1339,0.09598042815923691,0.9953832030296326,0.09612840414047241,-0.5425267815589905,-2.2669525146484375,-2.0,-0.47928696870803833,0.8776582479476929,-0.49984210729599,-0.5752673745155334,-0.11772496998310089,-0.5959705114364624,-0.6329340744221336,-561.1350647397762,0.0,0.0
26.8,1340,0.0843033567070961,0.9964401125907898,0.08440353721380234,-0.5862434506416321,-2.185831308364868,-2.0,-0.4785594642162323,0.8780551552772522,-0.49901336431503296,-0.5628628134727478,-0.11838497966527939,-0.5834168791770935,-0.6242456453221413,-561.7593103850984,0.0,0.0
26.82,1341,0.0717775821685791,0.9974206686019897,0.0718393549323082,-0.6282089948654175,-2.0982778072357178,-2.0,-0.474438339471817,0.8802887201309204,-0.4943258762359619,-0.5462158918380737,-0.11713191866874695,-0.5661652088165283,-0.6108527226877105,-562.3701631077861,0.0,0.0
26.84,1342,0.05844004452228546,0.9982908964157104,0.058473359793424606,-0.6682999134063721,-2.0045456886291504,-2.0,-0.46692997217178345,0.8842942714691162,-0.4858158528804779,-0.5253700017929077,-0.11399663239717484,-0.544289231300354,-0.5927992366667545,-562.9629623444529,0.0,0.0
26.86,1343,0.044330865144729614,0.9990168809890747,0.044345397502183914,-0.7063981294631958,-1.9049113988876343,-2.0,-0.45604774355888367,0.8899553418159485,-0.47354915738105774,-0.5003786087036133,-0.1090615913271904,-0.5178945660591125,-0.5701612508161362,-563.533123595269,0.0,0.0
26.88,1344,0.029493289068341255,0.9995650053024292,0.02949756570160389,-0.7423915863037109,-1.799674391746521,-2.0,-0.4418147802352905,0.8971062898635864,-0.4576205909252167,-0.47130805253982544,-0.10245868563652039,-0.4871181547641754,-0.543046723057597,-564.0761703183266,0.0,0.0
26.900000000000002,1345,0.013973616063594818,0.9999023675918579,0.01397407054901123,-0.776174783706665,-1.6891571283340454,-2.0,-0.42426797747612,0.9055367112159729,-0.43815332651138306,-0.4382416009902954,-0.0943656787276268,-0.4521273970603943,-0.5115946614696805,-564.5877649797962,0.0,0.0
26.92,1346,-0.002178904600441456,0.999997615814209,-0.0021789062302559614,-0.8076488375663757,-1.5737043619155884,-2.0,-0.40346255898475647,0.9149961471557617,-0.4152979552745819,-0.4012836515903473,-0.08500147610902786,-0.41311904788017273,-0.47597442019396247,-565.0637393999903,0.0,0.0
26.94,1347,-0.01891222782433033,0.999821126461029,-0.018913356587290764,-0.8367224931716919,-1.4536818265914917,-2.0,-0.3794771730899811,0.9252011179924011,-0.3892311453819275,-0.3605649471282959,-0.07462005317211151,-0.3703177869319916,-0.4363845993441414,-565.5001239993344,0.0,0.0
26.96,1348,-0.03497246280312538,0.9993882775306702,-0.034979596734046936,-0.8033120036125183,1.670523762702942,2.0,-0.35241883993148804,0.9358423948287964,-0.36015450954437256,-0.31744638085365295,-0.06354589760303497,-0.3251749277114868,-0.3942515493637168,-565.8943755486981,0.0,0.0
26.98,1349,-0.050309617072343826,0.998733639717102,-0.050330862402915955,-0.7675633430480957,1.7874341011047363,2.0,-0.32242754101753235,0.9465941190719604,-0.3282928764820099,-0.27211794257164,-0.0521395243704319,-0.2779620289802551,-0.3498236470773944,-566.2441991957755,0.0,0.0
27.0,1350,-0.06487695872783661,0.9978932738304138,-0.06492255628108978,-0.7295845746994019,1.8989366292953491,2.0,-0.2896801233291626,0.9571235179901123,-0.29389262199401855,-0.22480317950248718,-0.04076975956559181,-0.22897006571292877,-0.30337032221452936,-566.54756951799,0.0,0.0
27.02,1351,-0.07863111793994904,0.9969037771224976,-0.07871236652135849,-0.6894907355308533,2.0046916007995605,2.0,-0.2543927729129791,0.967100977897644,-0.25721976161003113,-0.1757616549730301,-0.029802793636918068,-0.17850740253925323,-0.2551802525777304,-566.8027497705677,0.0,0.0
27.04,1352,-0.0915321335196495,0.995802104473114,-0.09166043251752853,-0.6474030613899231,2.104384422302246,2.0,-0.2168220430612564,0.9762111306190491,-0.21855787932872772,-0.1252899020910263,-0.01959097571671009,-0.12689745426177979,-0.20555933077983718,-567.0083091013475,0.0,0.0
27.060000000000002,1353,-0.1035434827208519,0.9946249127388,-0.10372940450906754,-0.6034485697746277,2.197725296020508,2.0,-0.17726421356201172,0.9841632843017578,-0.1782059371471405,-0.07372072339057922,-0.010461628437042236,-0.07447654008865356,-0.15482847720447165,-567.163137578552,0.0,0.0
27.080000000000002,1354,-0.11463204026222229,0.9934080243110657,-0.11488459259271622,-0.5577595829963684,2.2844505310058594,2.0,-0.1360526978969574,0.9907016158103943,-0.13647596538066864,-0.021420659497380257,-0.002706419210880995,-0.021591374650597572,-0.10332134393196998,-567.2664589224839,0.0,0.0
27.1,1355,-0.12476805597543716,0.9921859502792358,-0.12509405612945557,-0.5104731321334839,2.364321231842041,2.0,-0.09355364739894867,0.995614230632782,-0.0936906561255455,0.031214406713843346,0.0034283034037798643,0.031403400003910065,-0.051381909570838345,-567.3178408320548,0.0,0.0
27.12,1356,-0.13392505049705505,0.990991473197937,-0.1343286633491516,-0.4617306590080261,2.4371237754821777,2.0,-0.05015980079770088,0.9987412095069885,-0.05018085613846779,0.08376526087522507,0.007749742362648249,0.08414781093597412,-0.08063801279675539,-567.3984788448515,0.0,0.0
27.14,1357,-0.14207980036735535,0.9898552298545837,-0.14256221055984497,-0.4116772711277008,2.502668619155884,2.0,-0.006282978691160679,0.9999802708625793,-0.006283020135015249,0.13579681515693665,0.010125054977834225,0.13627919554710388,-0.1323813584911585,-567.5308602033426,0.0,0.0
27.16,1358,-0.14921213686466217,0.9888052344322205,-0.14977143704891205,-0.3604614734649658,2.5607900619506836,2.0,0.03765450045466423,0.9992908239364624,0.037663403898477554,0.1868666410446167,0.01048561092466116,0.1874348521232605,-0.18348842419203854,-567.7143486275347,0.0,0.0
27.18,1359,-0.1553049385547638,0.9878665804862976,-0.155936136841774,-0.3082345724105835,2.6113455295562744,2.0,0.08122898638248444,0.9966954588890076,0.08131857961416245,0.23653393983840942,0.008828888647258282,0.23725472390651703,-0.23359953967462785,-567.9479481672093,0.0,0.0
27.2,1360,-0.1603439897298813,0.9870612025260925,-0.16103914380073547,-0.25515028834342957,2.654214859008789,2.0,0.12402476370334625,0.9922791123390198,0.12434494495391846,0.28436875343322754,0.0052179270423948765,0.28538408875465393,-0.2823577208693009,-568.2303058880786,0.0,0.0
27.22,1361,-0.16431786119937897,0.986407458782196,-0.1650664210319519,-0.20136429369449615,2.6892991065979004,2.0,0.16564279794692993,0.9861857891082764,0.16640977561473846,0.3299606442451477,-0.00022162555251270533,0.33147621154785156,-0.3294113720742767,-568.559717260153,0.0,0.0
27.240000000000002,1362,-0.16721785068511963,0.9859199523925781,-0.16800710558891296,-0.1470339000225067,2.716519832611084,2.0,0.20570865273475647,0.9786132574081421,0.20718778669834137,0.3729265034198761,-0.007306692656129599,0.3751949071884155,-0.37441688068700785,-568.93413414084,0.0,0.0
27.26,1363,-0.16903790831565857,0.9856095314025879,-0.16985344886779785,-0.09231751412153244,2.735819101333618,2.0,0.2438790500164032,0.9698056578636169,0.24636366963386536,0.41291695833206177,-0.01580389216542244,0.4162171185016632,-0.41704124208880783,-569.3511753829288,0.0,0.0
27.28,1364,-0.16977459192276,0.985482931137085,-0.17060093581676483,-0.037374347448349,2.7471582889556885,2.0,0.27984675765037537,0.9600446820259094,0.2836344838142395,0.4496213495731354,-0.025438234210014343,0.45423540472984314,-0.45696461199560373,-569.8081399949244,0.0,0.0
27.3,1365,-0.16942699253559113,0.9855427145957947,-0.17024822533130646,0.01763601414859295,2.7505180835723877,2.0,0.31334367394447327,0.9496397972106934,0.3187119960784912,0.4827706813812256,-0.035902947187423706,0.4889602065086365,-0.4938827058897532,-570.3020227008142,0.0,0.0
27.32,1366,-0.16799670457839966,0.985787570476532,-0.16879713535308838,0.07255396991968155,2.7458977699279785,2.0,0.3441421687602997,0.9389175772666931,0.35132497549057007,0.512138843536377,-0.046870000660419464,0.5201221108436584,-0.52750913878305,-570.8295318395973,0.0,0.0
27.34,1367,-0.16548793017864227,0.9862118363380432,-0.1662527322769165,0.1272202730178833,2.7333149909973145,2.0,0.3720543384552002,0.928210973739624,0.3812212646007538,0.5375422835350037,-0.05800086259841919,0.5474739670753479,-0.5575777128187216,-571.387109552416,0.0,0.0
27.36,1368,-0.161907359957695,0.9868059754371643,-0.16262321174144745,0.1814763993024826,2.7128067016601562,2.0,0.3969299793243408,0.9178488850593567,0.40816962718963623,0.558837354183197,-0.06895706802606583,0.5707928538322449,-0.5838444738936162,-571.9709540263095,0.0,0.0
27.38,1369,-0.1572643369436264,0.987556517124176,-0.15791991353034973,0.23516495525836945,2.6844279766082764,2.0,0.41865313053131104,0.9081462025642395,0.43196171522140503,0.5759174823760986,-0.07941032201051712,0.5898815989494324,-0.6060895372348865,-572.5770435635444,0.0,0.0
27.400000000000002,1370,-0.1515708714723587,0.9884464144706726,-0.15215730667114258,0.2881300449371338,2.6482536792755127,2.0,0.43713751435279846,0.899394690990448,0.45241352915763855,0.5887084007263184,-0.08905171602964401,0.6045708060264587,-0.6241190245353465,-573.2011625880798,0.0,0.0
27.42,1371,-0.14484167098999023,0.9894548654556274,-0.14535295963287354,0.34021759033203125,2.6043777465820312,2.0,0.45232176780700684,0.8918548226356506,0.4693669378757477,0.5971634387969971,-0.09760002791881561,0.6147198677062988,-0.6377664866259023,-573.8389290747057,0.0,0.0
27.44,1372,-0.13709431886672974,0.9905579686164856,-0.1375274360179901,0.39127588272094727,2.5529143810272217,2.0,0.46416425704956055,0.8857491612434387,0.48269081115722656,0.6012585759162903,-0.10480885207653046,0.6202182769775391,-0.6468943777150405,-574.4858234524207,0.0,0.0
27.46,1373,-0.12834928929805756,0.9917290210723877,-0.12870432436466217,0.4411558508872986,2.4939985275268555,2.0,0.4726382791996002,0.8812565207481384,0.4922821819782257,0.6009875535964966,-0.11047250777482986,0.6209864616394043,-0.6513951339162296,-575.137218586337,0.0,0.0
27.48,1374,-0.1186300665140152,0.9929385185241699,-0.11891008913516998,0.48971158266067505,2.4277865886688232,2.0,0.47772809863090515,0.8785077333450317,0.49806681275367737,0.5963581800460815,-0.11443077772855759,0.6169769167900085,-0.6511922730343176,-575.7884108593713,0.0,0.0
27.5,1375,-0.10796323418617249,0.9941548705101013,-0.10817407816648483,0.536800742149353,2.3544564247131348,2.0,0.4794255495071411,0.8775825500488281,0.5,0.5873887538909912,-0.11657232791185379,0.6081740856170654,-0.6462408894981979,-576.4346517488696,0.0,0.0
27.52,1376,-0.09637854248285294,0.9953447580337524,-0.09652838110923767,0.5822849273681641,2.274209499359131,2.0,0.47772809863090515,0.8785077333450317,0.49806681275367737,0.5741066336631775,-0.11683700978755951,0.594595193862915,-0.6365283786539926,-577.0711801275236,0.0,0.0
27.54,1377,-0.08390899747610092,0.9964734315872192,-0.08400776982307434,0.6260302662849426,2.187269449234009,2.0,0.4726382791996002,0.8812565207481384,0.4922821819782257,0.5565472841262817,-0.11521690338850021,0.5762899518013,-0.6220745855348861,-577.6932547130584,0.0,0.0
27.560000000000002,1378,-0.07059085369110107,0.9975053668022156,-0.07064961642026901,0.6679079532623291,2.093884229660034,2.0,0.46416425704956055,0.8857491612434387,0.48269081115722656,0.5347551107406616,-0.11175620555877686,0.5533404350280762,-0.6029317951651871,-578.2961865082236,0.0,0.0
27.580000000000002,1379,-0.05646367743611336,0.9984046816825867,-0.05649372190237045,0.7077944874763489,1.9943256378173828,2.0,0.45232176780700684,0.8918548226356506,0.4693669378757477,0.5087854266166687,-0.10654983669519424,0.5258606672286987,-0.5791845344839053,-578.8753710427076,0.0,0.0
27.6,1380,-0.04157029464840889,0.9991355538368225,-0.04158227890729904,0.7455722689628601,1.888889193534851,2.0,0.43713751435279846,0.899394690990448,0.45241352915763855,0.47870782017707825,-0.0997409000992775,0.4939958155155182,-0.5509492156558183,-579.4263202583634,0.0,0.0
27.62,1381,-0.025956759229302406,0.9996630549430847,-0.025959674268960953,0.7811301946640015,1.7778944969177246,2.0,0.41865313053131104,0.9081462025642395,0.43196171522140503,0.4446098804473877,-0.09151684492826462,0.4579213857650757,-0.5183732035953256,-579.9446934619587,0.0,0.0
27.64,1382,-0.009672246873378754,0.9999532103538513,-0.009672397747635841,0.8143638372421265,1.661684513092041,2.0,0.3969299793243408,0.9178488850593567,0.40816962718963623,0.40660223364830017,-0.08210433274507523,0.4178420305252075,-0.4816341125280329,-580.4263275744867,0.0,0.0
27.66,1383,0.007231066934764385,0.9999738335609436,0.007231129799038172,0.8451763391494751,1.5406248569488525,2.0,0.3720543384552002,0.928210973739624,0.3812212646007538,0.36482325196266174,-0.07176290452480316,0.37399011850357056,-0.44093849740163304,-580.8672660718883,0.0,0.0
27.68,1384,0.02349853515625,0.9997238516807556,0.023500697687268257,0.813478410243988,-1.5848966836929321,-2.0,0.3441421687602997,0.9389175772666931,0.35132497549057007,0.3206436336040497,-0.06080631911754608,0.32782429456710815,-0.397720566392944,-581.2649866382812,0.0,0.0
27.7,1385,0.039078954607248306,0.9992361068725586,0.039088908582925797,0.7794104814529419,-1.703395962715149,-2.0,0.31334367394447327,0.9496397972106934,0.3187119960784912,0.27426472306251526,-0.049596332013607025,0.2796230912208557,-0.3522360672280549,-581.6172227055093,0.0,0.0
27.72,1386,0.05392425134778023,0.9985450506210327,0.053950417786836624,0.7430754899978638,-1.8167513608932495,-2.0,0.27984675765037537,0.9600446820259094,0.2836344838142395,0.22592249512672424,-0.0385003425180912,0.22968405485153198,-0.3047615782826526,-581.921984283792,0.0,0.0
27.740000000000002,1387,0.06798959523439407,0.9976860284805298,0.0680420845746994,0.7045832276344299,-1.9246129989624023,-2.0,0.2438790500164032,0.9698056578636169,0.24636366963386536,0.17588946223258972,-0.02788037434220314,0.17832158505916595,-0.2555924016844739,-582.1775766854764,0.0,0.0
27.76,1388,0.08123347908258438,0.9966951012611389,0.08132308721542358,0.6640501022338867,-2.0266551971435547,-2.0,0.20570865273475647,0.9786132574081421,0.20718778669834137,0.12447517365217209,-0.018081819638609886,0.12586469948291779,-0.20504058528648625,-582.3826172707629,0.0,0.0
27.78,1389,0.0936177670955658,0.9956082105636597,0.09375505894422531,0.6215985417366028,-2.12257719039917,-2.0,0.16564279794692993,0.9861857891082764,0.16640977561473846,0.07202503085136414,-0.009422396309673786,0.07265471667051315,-0.15343273100597482,-582.5360500017689,0.0,0.0
27.8,1390,0.10510768741369247,0.9944608211517334,0.10530218482017517,0.5773565173149109,-2.2121026515960693,-2.0,0.12402476370334625,0.9922791123390198,0.12434494495391846,0.018917076289653778,-0.0021817227825522423,0.019042758271098137,-0.10110758963748054,-582.6371575914064,0.0,0.0
27.82,1391,0.11567181348800659,0.9932875037193298,0.11593132466077805,0.5314568877220154,-2.294980764389038,-2.0,0.08122898638248444,0.9966954588890076,0.08131857961416245,-0.03444281965494156,0.0034079784527420998,-0.0346127413213253,-0.04841362095863314,-582.6855712123651,0.0,0.0
27.84,1392,0.12528200447559357,0.992121160030365,0.1256120651960373,0.4840371906757355,-2.3709850311279297,-2.0,0.03765450045466423,0.9992908239364624,0.037663403898477554,-0.08762750029563904,0.007169645745307207,-0.08794866502285004,-0.08429348840617054,-582.7698647007712,0.0,0.0
27.86,1393,0.1339133381843567,0.9909930229187012,0.1343168467283249,0.43523892760276794,-2.439913749694824,-2.0,-0.006282978691160679,0.9999802708625793,-0.006283020135015249,-0.1401963233947754,0.008987216278910637,-0.14059986174106598,-0.13665344265565632,-582.9065181434269,0.0,0.0
27.88,1394,0.14154404401779175,0.9899319410324097,0.14202098548412323,0.3852071464061737,-2.501588821411133,-2.0,-0.05015980079770088,0.9987412095069885,-0.05018085613846779,-0.19170384109020233,0.008809246122837067,-0.19220185279846191,-0.18830400967355979,-583.0948221531004,0.0,0.0
27.900000000000002,1395,0.1481553614139557,0.9889640808105469,0.14870278537273407,0.3340900242328644,-2.5558555126190186,-2.0,-0.09355364739894867,0.995614230632782,-0.0936906561255455,-0.24170900881290436,0.006650141440331936,-0.24239344894886017,-0.23888364643129056,-583.3337057995317,0.0,0.0
27.92,1396,0.15373149514198303,0.9881126880645752,0.15434356033802032,0.2820384204387665,-2.60258150100708,-2.0,-0.1360526978969574,0.9907016158103943,-0.13647596538066864,-0.28978419303894043,0.0025889414828270674,-0.29081952571868896,-0.2880342145868319,-583.6217400141185,0.0,0.0
27.94,1397,0.15825948119163513,0.9873975515365601,0.15892766416072845,0.22920529544353485,-2.641655921936035,-2.0,-0.17726421356201172,0.9841632843017578,-0.1782059371471405,-0.33552369475364685,-0.003234259085729718,-0.33713361620903015,-0.33540362964666814,-583.9571436437651,0.0,0.0
27.96,1398,0.1617291122674942,0.9868351817131042,0.16244257986545563,0.17574550211429596,-2.6729893684387207,-2.0,-0.2168220430612564,0.9762111306190491,-0.21855787932872772,-0.3785511553287506,-0.010624045506119728,-0.38100045919418335,-0.38064851150026874,-584.3377921552653,0.0,0.0
27.98,1399,0.16413284838199615,0.9864382147789001,0.16487887501716614,0.1218152567744255,-2.696512460708618,-2.0,-0.2543927729129791,0.967100977897644,-0.25721976161003113,-0.4185256361961365,-0.019337255507707596,-0.42209863662719727,-0.42343675883040405,-584.7612289140957,0.0,0.0
28.0,1400,0.1654658168554306,0.9862155318260193,0.16623032093048096,0.0675717443227768,-2.7121756076812744,-2.0,-0.2896801233291626,0.9571235179901123,-0.29389262199401855,-0.4551459550857544,-0.029092013835906982,-0.4601229429244995,-0.4634500760411799,-585.2246789901369,0.0,0.0
28.02,1401,0.16572563350200653,0.9861719012260437,0.16649377346038818,0.013172773644328117,-2.7199485301971436,-2.0,-0.32242754101753235,0.9465941190719604,-0.3282928764820099,-0.4881531894207001,-0.039577752351760864,-0.49478664994239807,-0.5003863918963463,-585.7250653820332,0.0,0.0
28.04,1402,0.16491250693798065,0.986308217048645,0.1656692922115326,-0.04122363403439522,-2.719820261001587,-2.0,-0.35241883993148804,0.9358423948287964,-0.36015450954437256,-0.5173313617706299,-0.050465818494558334,-0.5258238315582275,-0.5339621737370577,-586.2590275557703,0.0,0.0
28.060000000000002,1403,0.16302914917469025,0.9866212606430054,0.16376011073589325,-0.09545958787202835,-2.7117979526519775,-2.0,-0.3794771730899811,0.9252011179924011,-0.3892311453819275,-0.5425063371658325,-0.06142015755176544,-0.5529912710189819,-0.5639146150154482,-586.8229421707857,0.0,0.0
28.080000000000002,1404,0.16008083522319794,0.9871038794517517,0.16077254712581635,-0.1493777334690094,-2.6959073543548584,-2.0,-0.40346255898475647,0.9149961471557617,-0.4152979552745819,-0.563543438911438,-0.07210775464773178,-0.5760704874992371,-0.5900036961734592,-587.4129458669591,0.0,0.0
28.1,1405,0.15607541799545288,0.9877451658248901,0.15671612322330475,-0.20282159745693207,-2.6721930503845215,-2.0,-0.42426797747612,0.9055367112159729,-0.43815332651138306,-0.5803433656692505,-0.08220845460891724,-0.5948694348335266,-0.6120140741339427,-588.0249599410931,0.0,0.0
28.12,1406,0.15102332830429077,0.9885302186012268,0.15160340070724487,-0.25563597679138184,-2.640719175338745,-2.0,-0.4418147802352905,0.8971062898635864,-0.4576205909252167,-0.5928381085395813,-0.091423898935318,-0.6092239618301392,-0.6297567258122024,-588.6547166669053,0.0,0.0
28.14,1407,0.14493773877620697,0.9894407987594604,0.14545005559921265,-0.3076673448085785,-2.6015677452087402,-2.0,-0.45604774355888367,0.8899553418159485,-0.47354915738105774,-0.6009854674339294,-0.09948546439409256,-0.618999183177948,-0.6430706435335685,-589.2977873104388,0.0,0.0
28.16,1408,0.1378345638513565,0.9904552698135376,0.13827477395534515,-0.3587641716003418,-2.554841995239258,-2.0,-0.46692997217178345,0.8842942714691162,-0.4858158528804779,-0.6047645211219788,-0.1061609759926796,-0.6240906119346619,-0.6518239265240852,-589.9496112369629,0.0,0.0
28.18,1409,0.12973251938819885,0.991549015045166,0.13009922206401825,-0.4087774455547333,-2.500663995742798,-2.0,-0.474438339471817,0.8802887201309204,-0.4943258762359619,-0.6041708588600159,-0.11126028746366501,-0.6244251132011414,-0.6559150729206165,-590.6055263098835,0.0,0.0
28.2,1410,0.12065333873033524,0.9926946759223938,0.12094800174236298,-0.45756101608276367,-2.439177989959717,-2.0,-0.4785594642162323,0.8780551552772522,-0.49901336431503296,-0.5992127656936646,-0.11463955044746399,-0.6199613809585571,-0.655273876014575,-591.2608001858981,0.0,0.0
28.22,1411,0.11062169075012207,0.9938625693321228,0.1108485609292984,-0.504971981048584,-2.3705484867095947,-2.0,-0.47928696870803833,0.8776582479476929,-0.49984210729599,-0.5899086594581604,-0.11620432883501053,-0.6106906533241272,-0.6498619244802867,-591.9106621103784,0.0,0.0
28.240000000000002,1412,0.09966539591550827,0.9950209856033325,0.09983113408088684,-0.5508712530136108,-2.2949626445770264,-2.0,-0.47661980986595154,0.8791095614433289,-0.49680566787719727,-0.576285183429718,-0.11591147631406784,-0.5966367721557617,-0.6396732427857914,-592.5503353531642,0.0,0.0
28.26,1413,0.08781539648771286,0.9961367845535278,0.0879286602139473,-0.595123827457428,-2.2126305103302,-2.0,-0.4705619513988495,0.882366955280304,-0.4899275302886963,-0.5583773255348206,-0.11376979947090149,-0.577856183052063,-0.6247343265045302,-593.1750696796687,0.0,0.0
28.28,1414,0.07510587573051453,0.9971755743026733,0.0751766711473465,-0.637599527835846,-2.1237845420837402,-2.0,-0.4611234664916992,0.8873359560966492,-0.4792608916759491,-0.5362293720245361,-0.10983958095312119,-0.5544375777244568,-0.6051041981897074,-593.7801738778584,0.0,0.0
28.3,1415,0.06157422810792923,0.9981024861335754,0.06161320582032204,-0.6781731843948364,-2.028681516647339,-2.0,-0.44832292199134827,0.8938716650009155,-0.46488824486732483,-0.5098971128463745,-0.1042308360338211,-0.526501476764679,-0.5808740962466189,-594.361047974105,0.0,0.0
28.32,1416,0.04726108908653259,0.9988825917243958,0.04727870225906372,-0.7167251706123352,-1.9276008605957031,-2.0,-0.43219074606895447,0.901782214641571,-0.4469207227230072,-0.47945183515548706,-0.09710035473108292,-0.4941994249820709,-0.5521669457479431,-594.9132149198529,0.0,0.0
28.34,1417,0.03221028670668602,0.9994811415672302,0.03221585974097252,-0.7531421184539795,-1.8208463191986084,-2.0,-0.4127737283706665,0.9108335971832275,-0.42549723386764526,-0.4449840188026428,-0.0886475145816803,-0.4577130973339081,-0.5191365814053502,-595.4323515012583,0.0,0.0
28.36,1418,0.016468774527311325,0.999864399433136,0.016469519585371017,-0.7873169779777527,-1.7087444067001343,-2.0,-0.3901398777961731,0.9207556247711182,-0.4007834792137146,-0.4066086411476135,-0.07910877466201782,-0.4172530174255371,-0.48196675261057076,-595.9143182538688,0.0,0.0
28.38,1419,0.0001701765286270529,1.0,0.0001701765286270529,-0.8149670958518982,-1.3825056552886963,-1.721148133277893,-0.36438336968421936,0.9312490224838257,-0.3729705810546875,-0.3645535409450531,-0.06875095516443253,-0.37314075231552124,-0.4305771639441039,-596.344895417813,0.0,0.0
28.400000000000002,1420,-0.015516819432377815,0.9998795986175537,-0.015517441555857658,-0.7843809127807617,1.5293091535568237,2.0,-0.3356296420097351,0.9419940114021301,-0.3422735631465912,-0.32011282444000244,-0.05788557603955269,-0.3267561197280884,-0.3974531390341298,-596.7423485568471,0.0,0.0
28.42,1421,-0.030542878434062004,0.999533474445343,-0.030547628179192543,-0.7515093684196472,1.6435792446136475,2.0,-0.30403926968574524,0.9526594877243042,-0.30892980098724365,-0.2734963893890381,-0.04687396064400673,-0.27838218212127686,-0.35172593429593485,-597.094074491143,0.0,0.0
28.44,1422,-0.04486159235239029,0.9989932179450989,-0.04487665370106697,-0.7164513468742371,1.7529008388519287,2.0,-0.2698114216327667,0.9629132151603699,-0.2731971740722656,-0.22494982182979584,-0.036080025136470795,-0.22832052409648895,-0.3040531456368992,-597.3981276367799,0.0,0.0
28.46,1423,-0.05842960998415947,0.998291552066803,-0.05846290662884712,-0.6793125867843628,1.8569360971450806,2.0,-0.23318526148796082,0.9724323153495789,-0.23535196483135223,-0.17475564777851105,-0.025859203189611435,-0.1768890619277954,-0.25473426666298943,-597.652861903443,0.0,0.0
28.48,1424,-0.07120669633150101,0.9974615573883057,-0.0712670087814331,-0.6402052044868469,1.9553700685501099,2.0,-0.1944403052330017,0.9809143543243408,-0.19568683207035065,-0.1232336089015007,-0.016547229140996933,-0.12441982328891754,-0.2040849533932194,-597.8569468568362,0.0,0.0
28.5,1425,-0.08315581828355789,0.9965365529060364,-0.083251953125,-0.5992469787597656,2.0479109287261963,2.0,-0.15389446914196014,0.9880872964859009,-0.15450850129127502,-0.07073865085840225,-0.008449267596006393,-0.07125654816627502,-0.15243488099767744,-598.0093817378339,0.0,0.0
28.52,1426,-0.0942431092262268,0.995549201965332,-0.09438317269086838,-0.5565611720085144,2.1342906951904297,2.0,-0.11190052330493927,0.9937193989753723,-0.1121353805065155,-0.017657417804002762,-0.001829800195991993,-0.017752205953001976,-0.10012532685550463,-598.1095070646894,0.0,0.0
28.54,1427,-0.10443789511919022,0.9945313930511475,-0.10462868958711624,-0.5122758746147156,2.2142646312713623,2.0,-0.06884065270423889,0.9976276755332947,-0.06889514625072479,0.035597242414951324,0.003096258034929633,0.03573354706168175,-0.047506688587295294,-598.1570137532767,0.0,0.0
28.560000000000002,1428,-0.11371266841888428,0.9935137033462524,-0.1139591634273529,-0.4665236175060272,2.287612199783325,2.0,-0.025119516998529434,0.9996844530105591,-0.025122158229351044,0.08859314769506454,0.0061707766726613045,0.08883700519800186,-0.0850640182785834,-598.2420777715553,0.0,0.0
28.580000000000002,1429,-0.12204297631978989,0.9925248026847839,-0.12234798073768616,-0.4194409251213074,2.354135513305664,2.0,0.01884397678077221,0.9998224377632141,0.01884509064257145,0.14088694751262665,0.007297619245946407,0.14119307696819305,-0.13722582467985067,-598.3793035962351,0.0,0.0
28.6,1430,-0.12940740585327148,0.9915915131568909,-0.12977133691310883,-0.37116771936416626,2.4136602878570557,2.0,0.06262560933828354,0.9980370998382568,0.06266661733388901,0.19203300774097443,0.006445579696446657,0.19243794679641724,-0.1886164278487308,-598.5679200240838,0.0,0.0
28.62,1431,-0.1357875019311905,0.9907379746437073,-0.13620828092098236,-0.3218470513820648,2.466033697128296,2.0,0.10580514371395111,0.9943869113922119,0.10600355267524719,0.2415926456451416,0.00364889670163393,0.24221183359622955,-0.23887489532566156,-598.8067949194095,0.0,0.0
28.64,1432,-0.14116764068603516,0.9899857044219971,-0.141640767455101,-0.27162453532218933,2.5111258029937744,2.0,0.1479753702878952,0.9889910221099854,0.1485207974910736,0.28914302587509155,-0.0009946591453626752,0.2901615500450134,-0.28764432114413807,-599.0944392405537,0.0,0.0
28.66,1433,-0.14553502202033997,0.9893531203269958,-0.1460537314414978,-0.22064799070358276,2.5488269329071045,2.0,0.18875043094158173,0.9820250868797302,0.1898895502090454,0.3342854380607605,-0.0073280115611851215,0.3359432816505432,-0.33457452570097973,-599.4290137662547,0.0,0.0
28.68,1434,-0.1488795280456543,0.9888553619384766,-0.14943507313728333,-0.16906702518463135,2.5790481567382812,2.0,0.22777298092842102,0.973714292049408,0.22978992760181427,0.3766525089740753,-0.0151410773396492,0.3792249858379364,-0.3793246188775184,-599.8083383851322,0.0,0.0
28.7,1435,-0.15119367837905884,0.98850417137146,-0.15177571773529053,-0.11703260242938995,2.6017210483551025,2.0,0.2647198438644409,0.9643253684043884,0.2679134011268616,0.41591352224349976,-0.024178799241781235,0.4196891188621521,-0.42156564829351534,-600.2299040334257,0.0,0.0
28.72,1436,-0.1524726152420044,0.9883077144622803,-0.1530696600675583,-0.06469667702913284,2.6167962551116943,2.0,0.29930591583251953,0.9541571736335754,0.30396515130996704,0.4517785310745239,-0.03415049612522125,0.45703479647636414,-0.46098305536074297,-600.6908870887864,0.0,0.0
28.740000000000002,1437,-0.15271398425102234,0.9882704019546509,-0.15331389009952545,-0.012211809866130352,2.6242432594299316,2.0,0.3312861919403076,0.9435303211212158,0.337666392326355,0.48400017619132996,-0.04474010691046715,0.4909802973270416,-0.4972790417476672,-601.1881661305341,0.0,0.0
28.76,1438,-0.15191799402236938,0.9883931279182434,-0.15250851213932037,0.04026921093463898,2.624051094055176,2.0,0.36045587062835693,0.9327762722969055,0.36875656247138977,0.5123738646507263,-0.0556168295443058,0.5212650895118713,-0.5301748985330361,-601.7183410290671,0.0,0.0
28.78,1439,-0.1500873565673828,0.9886727333068848,-0.15065662562847137,0.09259374439716339,2.6162266731262207,2.0,0.3866489827632904,0.9222269654273987,0.3969951868057251,0.5367363691329956,-0.06644578278064728,0.5476518273353577,-0.5594131938168726,-602.277754222884,0.0,0.0
28.8,1440,-0.14722730219364166,0.9891026616096497,-0.1477644443511963,0.14460965991020203,2.6007955074310303,2.0,0.40973538160324097,0.9122044444084167,0.4221639633178711,0.5569626688957214,-0.07689826190471649,0.5699284076690674,-0.5847596251006962,-602.8625138479847,0.0,0.0
28.82,1441,-0.14334562420845032,0.9896726608276367,-0.14384111762046814,0.19616569578647614,2.5778019428253174,2.0,0.42961665987968445,0.9030113816261292,0.44406822323799133,0.5729622840881348,-0.08666132390499115,0.5879093408584595,-0.6060050877569442,-603.4685189357416,0.0,0.0
28.84,1442,-0.1384526938199997,0.9903690218925476,-0.13889889419078827,0.24711187183856964,2.547309160232544,2.0,0.44622138142585754,0.8949226140975952,0.46253859996795654,0.584674060344696,-0.09544644504785538,0.601437509059906,-0.6229671101506378,-604.0914860458922,0.0,0.0
28.86,1443,-0.1325615495443344,0.9911747574806213,-0.13295288383960724,0.297299861907959,2.509398937225342,2.0,0.45950010418891907,0.8881776928901672,0.4774322807788849,0.5920616388320923,-0.1029970571398735,0.6103851795196533,-0.6354914897642463,-604.7269775356565,0.0,0.0
28.88,1444,-0.12568792700767517,0.9920698404312134,-0.12602122128009796,0.3465833067893982,2.464172840118408,2.0,0.4694202244281769,0.8829748630523682,0.48863404989242554,0.595108151435852,-0.10909494757652283,0.6146552562713623,-0.6434535043262267,-605.3704310399827,0.0,0.0
28.900000000000002,1445,-0.11785034090280533,0.99303138256073,-0.11812485754489899,0.39481836557388306,2.4117519855499268,2.0,0.475961834192276,0.8794659376144409,0.4960573613643646,0.5938121676445007,-0.11356542259454727,0.6141822338104248,-0.6467589063807067,-606.0171899463634,0.0,0.0
28.92,1446,-0.10907015949487686,0.9940340518951416,-0.1092875748872757,0.44186392426490784,2.352278232574463,2.0,0.47911372780799866,0.8777528405189514,0.4996447265148163,0.5881838798522949,-0.11628122627735138,0.6089323163032532,-0.6453449395204836,-606.6625348858838,0.0,0.0
28.94,1447,-0.09937165677547455,0.9950503706932068,-0.09953593462705612,0.4875822067260742,2.2859137058258057,2.0,0.47887122631073,0.8778851628303528,0.49936848878860474,0.5782428979873657,-0.1171652302145958,0.5989044308662415,-0.6391806608254644,-607.3017155467093,0.0,0.0
28.96,1448,-0.08878210186958313,0.9960510730743408,-0.0888991504907608,0.5318390727043152,2.2128427028656006,2.0,0.47523465752601624,0.8798590898513794,0.49523070454597473,0.5640167593955994,-0.11619198322296143,0.5841298699378967,-0.6282676421953485,-607.9299831889047,0.0,0.0
28.98,1449,-0.0773317813873291,0.9970054030418396,-0.07740906625986099,0.5745044350624084,2.133270263671875,2.0,0.46820956468582153,0.8836174607276917,0.48726344108581543,0.5455413460731506,-0.11338796466588974,0.5646725296974182,-0.6126397689030498,-608.5426229578077,0.0,0.0
29.0,1450,-0.0650540292263031,0.9978817701339722,-0.06510000675916672,0.6154529452323914,2.047424554824829,2.0,0.45780816674232483,0.8890510201454163,0.4755282700061798,0.5228621959686279,-0.10883073508739471,0.5406282544136047,-0.5923634465327714,-609.1349864043405,0.0,0.0
29.02,1451,-0.05198528245091438,0.9986478686332703,-0.052008725702762604,0.6545640826225281,1.9555555582046509,2.0,0.44405198097229004,0.8960010409355164,0.460115909576416,0.49603724479675293,-0.10264682024717331,0.5121246576309204,-0.5675369943187581,-609.7025233986592,0.0,0.0
29.04,1452,-0.03816499933600426,0.9992714524269104,-0.03817426785826683,0.6917227506637573,1.8579355478286743,2.0,0.42697566747665405,0.9042630791664124,0.4411455988883972,0.4651406705379486,-0.09500834345817566,0.47931987047195435,-0.5382901785334272,-610.2408135771926,0.0,0.0
29.060000000000002,1453,-0.02363566868007183,0.9997206330299377,-0.023637870326638222,0.7268199324607849,1.7548593282699585,2.0,0.40663158893585205,0.9135922193527222,0.41876402497291565,0.43026724457740784,-0.08612841367721558,0.4424018859863281,-0.5047834687425409,-610.7455970459351,0.0,0.0
29.080000000000002,1454,-0.00844271294772625,0.9999643564224243,-0.008442813530564308,0.7597528100013733,1.6466436386108398,2.0,0.3830946385860443,0.9237090945243835,0.3931442201137543,0.3915373682975769,-0.07625526189804077,0.40158703923225403,-0.46720683825070136,-611.2128038841859,0.0,0.0
29.1,1455,0.007084602955728769,0.9999749064445496,0.007084662560373545,0.7763738036155701,0.8310476541519165,1.0632281303405762,0.3564675450325012,0.9343076944351196,0.3644843101501465,0.3493829369544983,-0.06566718965768814,0.3573996424674988,-0.39736409901056635,-611.6101679831964,0.0,0.0
29.12,1456,0.021977873519062996,0.9997584819793701,0.021979643031954765,0.7447490096092224,-1.5812389850616455,-2.0,0.32688531279563904,0.9450640082359314,0.3330059349536896,0.3049074411392212,-0.054694436490535736,0.31102630496025085,-0.3825046677476166,-611.9926726509441,0.0,0.0
29.14,1457,0.03619086369872093,0.9993448853492737,0.03619876876473427,0.7109563946723938,-1.6896302700042725,-2.0,0.2945193350315094,0.9556455016136169,0.29895249009132385,0.25832846760749817,-0.04369937255978584,0.2627537250518799,-0.33680716462220783,-612.3294798155663,0.0,0.0
29.16,1458,0.04968026652932167,0.9987651705741882,0.04970072582364082,0.6750977039337158,-1.7929351329803467,-2.0,0.2595800459384918,0.965721607208252,0.262587308883667,0.20989978313446045,-0.03304357826709747,0.21288658678531647,-0.2892517658935142,-612.6187315814598,0.0,0.0
29.18,1459,0.06240576505661011,0.9980508685112,0.062446340918540955,0.6372809410095215,-1.8908387422561646,-2.0,0.22231827676296234,0.9749741554260254,0.2241916060447693,0.15991251170635223,-0.02307671494781971,0.16174526512622833,-0.24014096630556456,-612.8588725477654,0.0,0.0
29.2,1460,0.07433012872934341,0.9972336888313293,0.07439874112606049,0.5976199507713318,-1.983048439025879,-2.0,0.18302473425865173,0.9831082820892334,0.18406227231025696,0.10869460552930832,-0.014125380665063858,0.10966353118419647,-0.18979286446683716,-613.0486654122323,0.0,0.0
29.22,1461,0.08541920781135559,0.9963451027870178,0.08552341908216476,0.5562340617179871,-2.0692946910858154,-2.0,0.14202775061130524,0.9898626804351807,0.14250962436199188,0.056608546525239944,-0.0064824242144823074,0.056986209005117416,-0.13853884959135523,-613.1872042618236,0.0,0.0
29.240000000000002,1462,0.09564195573329926,0.9954158067703247,0.09578837454319,0.5132474303245544,-2.1493306159973145,-2.0,0.09968913346529007,0.9950186610221863,0.09985499083995819,0.004047174472361803,-0.0003971690603066236,0.004066618625074625,-0.08672125273076428,-613.2739255145543,0.0,0.0
29.26,1463,0.10497041046619415,0.9944753646850586,0.10516414791345596,0.4687888026237488,-2.2229325771331787,-2.0,0.05639825016260147,0.9984083771705627,0.05642819404602051,-0.04857216030359268,0.003933006431907415,-0.048735953867435455,-0.04530915671583279,-613.3192346712701,0.0,0.0
29.28,1464,0.11337963491678238,0.9935517311096191,0.1136239618062973,0.4229907989501953,-2.2898993492126465,-2.0,0.01256471686065197,0.9999210834503174,0.012565047480165958,-0.10081491619348526,0.00636932160705328,-0.10105891525745392,-0.0971957696829952,-613.4164304409531,0.0,0.0
29.3,1465,0.1208476647734642,0.9926710724830627,0.12114375829696655,0.37598976492881775,-2.350052833557129,-2.0,-0.031390100717544556,0.9995071887969971,-0.031395260244607925,-0.15223775804042816,0.006836144719272852,-0.15253901481628418,-0.14857871130021572,-613.5650091522533,0.0,0.0
29.32,1466,0.1273554563522339,0.9918571710586548,0.1277022659778595,0.32792502641677856,-2.4032363891601562,-2.0,-0.07504218071699142,0.9971803426742554,-0.07511279731988907,-0.20239762961864471,0.005323218647390604,-0.20281505584716797,-0.19909751955982088,-613.7641066718131,0.0,0.0
29.34,1467,0.13288678228855133,0.9911312460899353,0.13328103721141815,0.27893874049186707,-2.449314832687378,-2.0,-0.11797410994768143,0.9930166602134705,-0.11824949830770493,-0.25086089968681335,0.0018854477675631642,-0.2515305280685425,-0.248393831204267,-614.0125005030173,0.0,0.0
29.36,1468,0.13742822408676147,0.9905117154121399,0.13786454498767853,0.22917523980140686,-2.4881746768951416,-2.0,-0.1597839742898941,0.9871519804000854,-0.1604718118906021,-0.2972121834754944,-0.0033597208093851805,-0.29833635687828064,-0.2961140368656288,-614.308614539883,0.0,0.0
29.38,1469,0.14096903800964355,0.9900140166282654,0.14144015312194824,0.17878079414367676,-2.5197222232818604,-2.0,-0.2000933736562729,0.9797768592834473,-0.20145322382450104,-0.34106239676475525,-0.010237172245979309,-0.3428933620452881,-0.341911966212676,-614.6505265060957,0.0,0.0
29.400000000000002,1470,0.14350108802318573,0.9896501302719116,0.14399822056293488,0.12790310382843018,-2.543884038925171,-2.0,-0.2385542392730713,0.9711291790008545,-0.24087683856487274,-0.3820553123950958,-0.018520984798669815,-0.3848750591278076,-0.385451440333933,-615.0359779464296,0.0,0.0
29.42,1471,0.14501886069774628,0.9894288778305054,0.1455320417881012,0.07669099420309067,-2.560605525970459,-2.0,-0.2748539447784424,0.9614859819412231,-0.2784378230571747,-0.41987282037734985,-0.027942905202507973,-0.4239698350429535,-0.4264088750168881,-615.4623868214466,0.0,0.0
29.44,1472,0.14551937580108643,0.9893553853034973,0.14603792130947113,0.025293953716754913,-2.569852113723755,-2.0,-0.308718740940094,0.9511533975601196,-0.313845694065094,-0.4542381167411804,-0.03820202872157097,-0.45988360047340393,-0.46447573857463537,-615.9268625600212,0.0,0.0
29.46,1473,0.14500215649604797,0.9894313216209412,0.14551515877246857,-0.026138193905353546,-2.5716073513031006,-2.0,-0.33991512656211853,0.9404560923576355,-0.3468266427516937,-0.4849172830581665,-0.048975225538015366,-0.4923418164253235,-0.4993608457173935,-616.4262234057386,0.0,0.0
29.48,1474,0.14346924424171448,0.9896547794342041,0.14396603405475616,-0.07745565474033356,-2.565873146057129,-2.0,-0.36824968457221985,0.9297269582748413,-0.37712568044662476,-0.5117189288139343,-0.059927839785814285,-0.5210916996002197,-0.5307926812662769,-616.9570160870048,0.0,0.0
29.5,1475,0.14092518389225006,0.9900202751159668,0.14139585196971893,-0.128509059548378,-2.5526702404022217,-2.0,-0.39356696605682373,0.9192959666252136,-0.404508501291275,-0.5344921350479126,-0.07072430104017258,-0.5459043383598328,-0.55852153768014,-617.515537624685,0.0,0.0
29.52,1476,0.1373770385980606,0.9905188083648682,0.13781286776065826,-0.1791498214006424,-2.5320379734039307,-2.0,-0.41574639081954956,0.9094805717468262,-0.42876332998275757,-0.553123414516449,-0.08103824406862259,-0.5665761828422546,-0.5823213620796156,-618.0978589867645,0.0,0.0
29.54,1477,0.13283447921276093,0.991138219833374,0.13322825729846954,-0.22923049330711365,-2.5040335655212402,-2.0,-0.4346977472305298,0.9005764126777649,-0.4497026205062866,-0.5675322413444519,-0.09056182950735092,-0.582930862903595,-0.6019915809375329,-618.6998505677021,0.0,0.0
29.560000000000002,1478,0.12730970978736877,0.9918630123138428,0.12765614688396454,-0.2786051630973816,-2.468733549118042,-2.0,-0.4503563940525055,0.8928488492965698,-0.46716445684432983,-0.5776661038398743,-0.09901414066553116,-0.5948206186294556,-0.6173587682332091,-619.3172093359353,0.0,0.0
29.580000000000002,1479,0.12081767618656158,0.992674708366394,0.12111355364322662,-0.3271298408508301,-2.4262335300445557,-2.0,-0.4626781940460205,0.8865262866020203,-0.48101383447647095,-0.5834958553314209,-0.10614841431379318,-0.6021273732185364,-0.6282780079323199,-619.9454873438676,0.0,0.0
29.6,1480,0.11337598413228989,0.9935521483421326,0.11362029612064362,-0.3746628165245056,-2.3766486644744873,-2.0,-0.4716346263885498,0.8817940354347229,-0.4911436140537262,-0.5850106477737427,-0.11175809055566788,-0.604763925075531,-0.6346341294526112,-620.5801214733202,0.0,0.0
29.62,1481,0.10500506311655045,0.9944716691970825,0.10519899427890778,-0.421065092086792,-2.3201138973236084,-2.0,-0.47720855474472046,0.8787900805473328,-0.4974755048751831,-0.5822136402130127,-0.11568161845207214,-0.6026744842529297,-0.6363426073278909,-621.2164640806482,0.0,0.0
29.64,1482,0.09572816640138626,0.9954075217247009,0.09587498009204865,-0.4662007689476013,-2.2567849159240723,-2.0,-0.4793908894062042,0.8776015043258667,-0.4999605119228363,-0.5751190781593323,-0.11780602484941483,-0.5958355069160461,-0.6333504825200504,-621.8498145631683,0.0,0.0
29.66,1483,0.08557144552469254,0.996332049369812,0.08567623049020767,-0.5099375247955322,-2.1868374347686768,-2.0,-0.4781784117221832,0.8782626986503601,-0.4985794425010681,-0.5637498497962952,-0.11806931346654892,-0.5842556953430176,-0.6256367389620354,-622.4754513021303,0.0,0.0
29.68,1484,0.07456402480602264,0.9972162246704102,0.07463328540325165,-0.5521469116210938,-2.110469341278076,-2.0,-0.47357288002967834,0.8807546496391296,-0.49334296584129333,-0.5481368899345398,-0.11646158993244171,-0.5679762363433838,-0.6132127312232067,-623.0886640333536,0.0,0.0
29.7,1485,0.06273796409368515,0.9980300068855286,0.06277918815612793,-0.5927048921585083,-2.0278992652893066,-2.0,-0.4655815362930298,0.885004997253418,-0.48429158329963684,-0.5283194780349731,-0.11302503198385239,-0.5470707416534424,-0.5961221565337842,-623.6847861898873,0.0,0.0
29.72,1486,0.05012832581996918,0.9987427592277527,0.0501493439078331,-0.6314922571182251,-1.9393681287765503,-2.0,-0.45421892404556274,0.8908901214599609,-0.47149527072906494,-0.5043472647666931,-0.10785268247127533,-0.5216445922851562,-0.5744409287168376,-624.2592271186041,0.0,0.0
29.740000000000002,1487,0.03677315264940262,0.9993236660957336,0.036781445145606995,-0.6683950424194336,-1.8451381921768188,-2.0,-0.43950989842414856,0.8982377648353577,-0.4550529718399048,-0.47628307342529297,-0.10108589380979538,-0.491834431886673,-0.5482767155871376,-624.8075038341913,0.0,0.0
29.76,1488,0.022713392972946167,0.9997420310974121,0.02271534688770771,-0.7033048868179321,-1.7454936504364014,-2.0,-0.4214937090873718,0.9068313241004944,-0.43509188294410706,-0.444207102060318,-0.09291069954633713,-0.4578072130680084,-0.5177683186780166,-625.3252721528693,0.0,0.0
29.78,1489,0.00799286738038063,0.9999680519104004,0.007992953062057495,-0.7361196875572205,-1.640739917755127,-2.0,-0.4002286195755005,0.9164153337478638,-0.41176629066467285,-0.4082214832305908,-0.08355272561311722,-0.41975924372673035,-0.48308483581894407,-625.8083569886883,0.0,0.0
29.8,1490,-0.007341856136918068,0.9999730587005615,-0.007341922260820866,-0.7667437791824341,-1.531203031539917,-2.0,-0.37579697370529175,0.9267020225524902,-0.3852566182613373,-0.36845511198043823,-0.0732710212469101,-0.377914696931839,-0.444424368361869,-626.2527813570501,0.0,0.0
29.82,1491,-0.02204190380871296,0.9997570514678955,-0.022043690085411072,-0.7350883483886719,1.582770586013794,2.0,-0.3483102321624756,0.9373793005943298,-0.3557678461074829,-0.3262683153152466,-0.06237772852182388,-0.33372414112091064,-0.40321292902049427,-626.6559942860706,0.0,0.0
29.84,1492,-0.036061741411685944,0.9993495345115662,-0.036069560796022415,-0.7012935876846313,1.6897391080856323,2.0,-0.3179134726524353,0.9481196999549866,-0.323527991771698,-0.28185173869132996,-0.05122983455657959,-0.2874584197998047,-0.3596982855773462,-627.015692571648,0.0,0.0
29.86,1493,-0.04935871809720993,0.998781144618988,-0.049378782510757446,-0.6654611229896545,1.7916227579116821,2.0,-0.2847890555858612,0.9585902094841003,-0.2887863516807556,-0.23543033003807068,-0.04019090160727501,-0.23940756916999817,-0.3141492090561911,-627.3298417807041,0.0,0.0
29.88,1494,-0.06189317628741264,0.9980827569961548,-0.0619327612221241,-0.6276988983154297,1.8881115913391113,2.0,-0.2491588294506073,0.9684626460075378,-0.25181159377098083,-0.18726566433906555,-0.02962014451622963,-0.18987883627414703,-0.2668535914057758,-627.5966953721098,0.0,0.0
29.900000000000002,1495,-0.0736284852027893,0.9972857236862183,-0.07369516789913177,-0.5881205201148987,1.9789177179336548,2.0,-0.21128518879413605,0.9774244427680969,-0.2128896415233612,-0.13765670359134674,-0.019861282780766487,-0.13919447362422943,-0.2181164230355731,-627.8148117951454,0.0,0.0
29.92,1496,-0.08453107625246048,0.9964208602905273,-0.08463206887245178,-0.546845018863678,2.0637760162353516,2.0,-0.17146988213062286,0.9851893782615662,-0.17232146859169006,-0.08693881332874298,-0.011231482028961182,-0.08768939226865768,-0.16825757075996545,-627.9830693659053,0.0,0.0
29.94,1497,-0.09457045793533325,0.995518147945404,-0.09471199661493301,-0.5039961338043213,2.142444133758545,2.0,-0.13005132973194122,0.9915072321891785,-0.1304207593202591,-0.03548087924718857,-0.004010909236967564,-0.03570875898003578,-0.11760947543250147,-628.1006788413378,0.0,0.0
29.96,1498,-0.10371916741132736,0.994606614112854,-0.10390603542327881,-0.4597020745277405,2.2147018909454346,2.0,-0.08739987760782242,0.9961733222007751,-0.08751153200864792,0.016319291666150093,0.0015666862018406391,0.01639450527727604,-0.06651472456060506,-628.1671935658984,0.0,0.0
29.98,1499,-0.11195274442434311,0.9937135577201843,-0.1121879369020462,-0.414095014333725,2.2803525924682617,2.0,-0.04391147568821907,0.9990354180335999,-0.04392559826374054,0.06804127246141434,0.005321894772350788,0.06826233863830566,-0.06467640331462743,-628.231869969213,0.0,0.0
30.0,1500,-0.11924969404935837,0.9928643107414246,-0.11953414976596832,-0.36731061339378357,2.3392210006713867,2.0,9.809554207205464e-16,1.0,9.809554207205464e-16,0.11924969404935837,0.007135703694075346,0.11953414976596832,-0.11560854926036646,-628.3474785184734,0.0,0.0
30.02,1501,-0.12559136748313904,0.9920820593833923,-0.12592390179634094,-0.3194875419139862,2.3911538124084473,2.0,0.04391147568821907,0.9990354180335999,0.04392559826374054,0.1695028394460678,0.00695336889475584,0.16984950006008148,-0.16592389822237724,-628.5134024166957,0.0,0.0
30.04,1502,-0.13096196949481964,0.9913873672485352,-0.13133923709392548,-0.2707671523094177,2.4360191822052,2.0,0.08739987760782242,0.9961733222007751,0.08751153200864792,0.21836183965206146,0.004785915836691856,0.218850776553154,-0.21526483947029784,-628.728667256166,0.0,0.0
30.060000000000002,1503,-0.13534840941429138,0.9907980561256409,-0.13576510548591614,-0.22129301726818085,2.4737064838409424,2.0,0.13005132973194122,0.9915072321891785,0.1304207593202591,0.2653997540473938,0.000709196028765291,0.26618584990501404,-0.26327663362470255,-628.9919438897907,0.0,0.0
30.080000000000002,1504,-0.13874031603336334,0.9903287887573242,-0.13918931782245636,-0.17121052742004395,2.504124402999878,2.0,0.17146988213062286,0.9851893782615662,0.17232146859169006,0.3102101981639862,-0.005139435641467571,0.31151077151298523,-0.3096100715747238,-629.3015539613655,0.0,0.0
30.1,1505,-0.14112989604473114,0.9899910688400269,-0.14160263538360596,-0.1206664890050888,2.5272021293640137,2.0,0.21128518879413605,0.9774244427680969,0.2128896415233612,0.3524150848388672,-0.01256662979722023,0.35449227690696716,-0.35392411058571044,-629.6554780719512,0.0,0.0
30.12,1506,-0.14251196384429932,0.989793062210083,-0.1429988145828247,-0.0698087215423584,2.5428881645202637,2.0,0.2491588294506073,0.9684626460075378,0.25181159377098083,0.3916707932949066,-0.021330446004867554,0.39481040835380554,-0.3958884579742387,-630.0513665299254,0.0,0.0
30.14,1507,-0.14288382232189178,0.9897394776344299,-0.14337453246116638,-0.018785731866955757,2.551149606704712,2.0,0.2847890555858612,0.9585902094841003,0.2887863516807556,0.4276728630065918,-0.031149251386523247,0.432160884141922,-0.4351861248532282,-630.4865526547786,0.0,0.0
30.16,1508,-0.1422453373670578,0.9898314476013184,-0.14272946119308472,0.03225371241569519,2.5519721508026123,2.0,0.3179134726524353,0.9481196999549866,0.323527991771698,0.4601588249206543,-0.041711702942848206,0.4662574231624603,-0.47151580850130154,-630.9580684632799,0.0,0.0
30.18,1509,-0.1405988484621048,0.990066647529602,-0.14106623828411102,0.08316092193126678,2.545360565185547,2.0,0.3483102321624756,0.9373793005943298,0.3557678461074829,0.4889090657234192,-0.052687328308820724,0.49683406949043274,-0.5045942300909074,-631.4626626933708,0.0,0.0
30.2,1510,-0.1379491686820984,0.9904392957687378,-0.13839048147201538,0.13378767669200897,2.5313374996185303,2.0,0.37579697370529175,0.9267020225524902,0.3852566182613373,0.5137461423873901,-0.06373728811740875,0.523647129535675,-0.5341583309491009,-631.99682102432,0.0,0.0
30.22,1511,-0.13430368900299072,0.9909402132034302,-0.13471075892448425,0.18398655951023102,2.509943962097168,2.0,0.4002286195755005,0.9164153337478638,0.41176629066467285,0.5345323085784912,-0.074524886906147,0.5464770793914795,-0.5599673720421956,-632.5567883963622,0.0,0.0
30.240000000000002,1512,-0.1296723484992981,0.9915568828582764,-0.1300385296344757,0.2336113452911377,2.4812397956848145,2.0,0.4214937090873718,0.9068313241004944,0.43509188294410706,0.5511660575866699,-0.08472558110952377,0.5651304125785828,-0.5818048174206966,-633.1385932137829,0.0,0.0
30.26,1513,-0.12406766414642334,0.99227374792099,-0.1243881806731224,0.2825174331665039,2.4453039169311523,2.0,0.43950989842414856,0.8982377648353577,0.4550529718399048,0.5635775923728943,-0.09403602033853531,0.5794411897659302,-0.5994800611366236,-633.7380732749195,0.0,0.0
30.28,1514,-0.11750483512878418,0.9930723309516907,-0.11777693778276443,0.3305620849132538,2.402233362197876,2.0,0.45421892404556274,0.8908901214599609,0.47149527072906494,0.5717237591743469,-0.10218220204114914,0.5892722010612488,-0.6128299081013105,-634.3509031830208,0.0,0.0
30.3,1515,-0.11000177264213562,0.9939314126968384,-0.11022483557462692,0.37760502099990845,2.3521456718444824,2.0,0.4655815362930298,0.885004997253418,0.48429158329963684,0.575583279132843,-0.10892639309167862,0.594516396522522,-0.6217201067572254,-634.9726232897781,0.0,0.0
30.32,1516,-0.10157915949821472,0.9948274493217468,-0.10175466537475586,0.42350855469703674,2.295177936553955,2.0,0.47357288002967834,0.8807546496391296,0.49334296584129333,0.5751520395278931,-0.11407281458377838,0.5950976610183716,-0.6260462479453082,-635.5986695377234,0.0,0.0
30.34,1517,-0.09226050972938538,0.9957349300384521,-0.09239190071821213,0.46813830733299255,2.2314870357513428,2.0,0.4781784117221832,0.8782626986503601,0.4985794425010681,0.5704389214515686,-0.11747217923402786,0.5909713506698608,-0.6257348642630836,-636.2244044019865,0.0,0.0
30.36,1518,-0.08207221329212189,0.9966263771057129,-0.08216463029384613,0.5113633275032043,2.1612515449523926,2.0,0.4793908894062042,0.8776015043258667,0.4999605119228363,0.5614631175994873,-0.11902489513158798,0.5821251273155212,-0.620744074099804,-636.8451484760863,0.0,0.0
30.38,1519,-0.07104359567165375,0.9974732398986816,-0.07110349833965302,0.5530567169189453,2.084670066833496,2.0,0.47720855474472046,0.8787900805473328,0.4974755048751831,0.5482521653175354,-0.11868314445018768,0.5685790181159973,-0.6110640086242164,-637.4562124847105,0.0,0.0
30.400000000000002,1520,-0.05920692905783653,0.9982457160949707,-0.05924157798290253,0.5930960178375244,2.0019636154174805,2.0,0.4716346263885498,0.8817940354347229,0.4911436140537262,0.530841588973999,-0.11645166575908661,0.5503851771354675,-0.5967170812192076,-638.0529295659297,0.0,0.0
30.42,1521,-0.0465974286198616,0.9989137649536133,-0.046614307910203934,0.6313635110855103,1.9133739471435547,2.0,0.4626781940460205,0.8865262866020203,0.48101383447647095,0.5092756152153015,-0.11238744854927063,0.5276281237602234,-0.5777579204844863,-638.6306874864142,0.0,0.0
30.44,1522,-0.03325323760509491,0.9994469285011292,-0.03325936943292618,0.6677467823028564,1.8191643953323364,2.0,0.4503563940525055,0.8928488492965698,0.46716445684432983,0.4836096465587616,-0.10659808665513992,0.5004238486289978,-0.5542732052189064,-639.1849606916331,0.0,0.0
30.46,1523,-0.019215404987335205,0.9998153448104858,-0.019216587767004967,0.7021391987800598,1.7196202278137207,2.0,0.4346977472305298,0.9005764126777649,0.4497026205062866,0.453913152217865,-0.09923895448446274,0.46891921758651733,-0.5263810438171197,-639.7113417354502,0.0,0.0
30.48,1524,-0.004527769051492214,0.9999897480010986,-0.004527784418314695,0.7344401478767395,1.6150470972061157,2.0,0.41574639081954956,0.9094805717468262,0.42876332998275757,0.42027416825294495,-0.09050916135311127,0.43329110741615295,-0.4942304048624425,-640.2055721403127,0.0,0.0
30.5,1525,0.010763118974864483,0.9999420642852783,0.010763326659798622,0.7645555734634399,1.505771517753601,2.0,0.39356696605682373,0.9192959666252136,0.404508501291275,0.38280385732650757,-0.08064612746238708,0.39374518394470215,-0.4580000031004116,-640.6635721434131,0.0,0.0
30.52,1526,0.026457253843545914,0.9996499419212341,0.02646034024655819,0.7848506569862366,1.0147560834884644,1.4968221187591553,0.36824968457221985,0.9297269582748413,0.37712568044662476,0.34179240465164185,-0.06992300599813461,0.3506653606891632,-0.40045292617881184,-641.0640250695919,0.0,0.0
30.54,1527,0.04145583510398865,0.9991403222084045,0.04146771878004074,0.7503688335418701,-1.7240911722183228,-2.0,0.33991512656211853,0.9404560923576355,0.3468266427516937,0.2984592914581299,-0.058684222400188446,0.3053589463233948,-0.37565796263927137,-641.4396830322312,0.0,0.0
30.560000000000002,1528,0.055712971836328506,0.9984468221664429,0.05574183538556099,0.713705837726593,-1.8331501483917236,-2.0,0.308718740940094,0.9511533975601196,0.313845694065094,0.2530057728290558,-0.04729345440864563,0.2581038475036621,-0.3310848077632309,-641.7707678399944,0.0,0.0
30.580000000000002,1529,0.06918597221374512,0.9976037740707397,0.06924128532409668,0.674972414970398,-1.9366722106933594,-2.0,0.2748539447784424,0.9614859819412231,0.2784378230571747,0.20566798746585846,-0.0361177921295166,0.2091965228319168,-0.2846044107631786,-642.0553722507576,0.0,0.0
30.6,1530,0.08183537423610687,0.9966458678245544,0.08192699402570724,0.6342854499816895,-2.0343472957611084,-2.0,0.2385542392730713,0.9711291790008545,0.24087683856487274,0.15671886503696442,-0.025516685098409653,0.1589498370885849,-0.23651083033386036,-642.2918830810914,0.0,0.0
30.62,1531,0.0936250239610672,0.9956075549125671,0.0937623456120491,0.5917676687240601,-2.125889539718628,-2.0,0.2000933736562729,0.9797768592834473,0.20145322382450104,0.10646834969520569,-0.015830697491765022,0.10769087076187134,-0.18711449220802942,-642.4789975732995,0.0,0.0
30.64,1532,0.10452202707529068,0.9945225715637207,0.10471328347921371,0.547546923160553,-2.2110373973846436,-2.0,0.1597839742898941,0.9871519804000854,0.1604718118906021,0.05526193976402283,-0.007370565086603165,0.0557585209608078,-0.13673993879312737,-642.6157375120926,0.0,0.0
30.66,1533,0.11449674516916275,0.9934236407279968,0.11474840342998505,0.5017558336257935,-2.2895538806915283,-2.0,0.11797410994768143,0.9930166602134705,0.11824949830770493,0.0034773629158735275,-0.0004069518472533673,0.003501096274703741,-0.0857234097189356,-642.7014609218115,0.0,0.0
30.68,1534,0.12352273613214493,0.9923417568206787,0.12383902817964554,0.45453134179115295,-2.3612256050109863,-2.0,0.07504218071699142,0.9971803426742554,0.07511279731988907,-0.048480551689863205,0.004838617984205484,-0.04872623458504677,-0.04558953073469824,-642.7470504525462,0.0,0.0
30.7,1535,0.13157667219638824,0.9913060069084167,0.13195930421352386,0.406014084815979,-2.42586350440979,-2.0,0.031390100717544556,0.9995071887969971,0.031395260244607925,-0.10018656402826309,0.008201212622225285,-0.10056404769420624,-0.09684651320826412,-642.8438969657544,0.0,0.0
30.72,1536,0.13863827288150787,0.9903430938720703,0.1390862762928009,0.35634806752204895,-2.4833009243011475,-2.0,-0.01256471686065197,0.9999210834503174,-0.012565047480165958,-0.151202991604805,0.009577973745763302,-0.1516513228416443,-0.1476910114177579,-642.9915879771722,0.0,0.0
30.740000000000002,1537,0.14469020068645477,0.9894769787788391,0.14519988000392914,0.30568018555641174,-2.5333940982818604,-2.0,-0.05639825016260147,0.9984083771705627,-0.05642819404602051,-0.20108845829963684,0.008931346237659454,-0.20162807404994965,-0.19776492263287018,-643.189352899805,0.0,0.0
30.76,1538,0.1497180163860321,0.9887287616729736,0.1502830684185028,0.25415974855422974,-2.576021194458008,-2.0,-0.09968913346529007,0.9950186610221863,-0.09985499083995819,-0.24940714240074158,0.006289894692599773,-0.2501380741596222,-0.246711264214699,-643.4360641640197,0.0,0.0
30.78,1539,0.1537100225687027,0.9881160259246826,0.1543218344449997,0.20193812251091003,-2.61108136177063,-2.0,-0.14202775061130524,0.9898626804351807,-0.14250962436199188,-0.29573777318000793,0.0017466774443164468,-0.2968314588069916,-0.29417682350114377,-643.7302409875209,0.0,0.0
30.8,1540,0.15665724873542786,0.9876530170440674,0.15730519592761993,0.1491682380437851,-2.6384942531585693,-2.0,-0.18302473425865173,0.9831082820892334,-0.18406227231025696,-0.3396819829940796,-0.0045447200536727905,-0.3413674831390381,-0.3398148218352624,-644.0700558093562,0.0,0.0
30.82,1541,0.1585533320903778,0.9873504042625427,0.15922528505325317,0.09600424766540527,-2.6581995487213135,-2.0,-0.22231827676296234,0.9749741554260254,-0.2241916060447693,-0.38087162375450134,-0.012376267462968826,-0.38341689109802246,-0.38328755478885695,-644.453343364145,0.0,0.0
30.84,1542,0.1593945175409317,0.987214982509613,0.160077303647995,0.042601123452186584,-2.670156240463257,-2.0,-0.2595800459384918,0.965721607208252,-0.262587308883667,-0.4189745783805847,-0.021493367850780487,-0.422664612531662,-0.4242689109953122,-644.8776122751403,0.0,0.0
30.86,1543,0.15917958319187164,0.9872496724128723,0.15985959768295288,-0.010885731317102909,-2.674342632293701,-2.0,-0.2945193350315094,0.9556455016136169,-0.29895249009132385,-0.45369890332221985,-0.03160411864519119,-0.45881208777427673,-0.4624468992060662,-645.3400591743464,0.0,0.0
30.88,1544,0.1579098403453827,0.9874535202980042,0.15857356786727905,-0.06430084258317947,-2.670755624771118,-2.0,-0.32688531279563904,0.9450640082359314,-0.3330059349536896,-0.48479515314102173,-0.04238951578736305,-0.49157950282096863,-0.4975260635417719,-645.8375852378881,0.0,0.0
30.900000000000002,1545,0.15558910369873047,0.9878218770027161,0.15622378885746002,-0.1174890473484993,-2.659410238265991,-2.0,-0.3564675450325012,0.9343076944351196,-0.3644843101501465,-0.5120566487312317,-0.05351415276527405,-0.5207080841064453,-0.5292297273921875,-646.3668149652802,0.0,0.0
30.92,1546,0.15222376585006714,0.9883460402488708,0.15281787514686584,-0.1702958643436432,-2.64034104347229,-2.0,-0.3830946385860443,0.9237090945243835,-0.3931442201137543,-0.5353184342384338,-0.0646369606256485,-0.5459620952606201,-0.557302185178131,-646.9241171504584,0.0,0.0
30.94,1547,0.1478227972984314,0.9890138506889343,0.1483665108680725,-0.2225678712129593,-2.613600254058838,-2.0,-0.40663158893585205,0.9135922193527222,-0.41876402497291565,-0.5544543862342834,-0.07542163878679276,-0.5671305656433105,-0.5815107376176613,-647.5056278880761,0.0,0.0
30.96,1548,0.14239777624607086,0.989809513092041,0.14288344979286194,-0.27415308356285095,-2.5792598724365234,-2.0,-0.42697566747665405,0.9042630791664124,-0.4411455988883972,-0.5693734288215637,-0.08554640412330627,-0.5840290784835815,-0.6016474809894022,-648.1072753690655,0.0,0.0
30.98,1549,0.13596300780773163,0.990713894367218,0.13638542592525482,-0.324901282787323,-2.5374109745025635,-2.0,-0.44405198097229004,0.8960010409355164,-0.460115909576416,-0.5800150036811829,-0.09471289068460464,-0.596501350402832,-0.6175310290621747,-648.7248063981277,0.0,0.0
31.0,1550,0.12853555381298065,0.9917048811912537,0.12889213860034943,-0.3746645748615265,-2.488163948059082,-2.0,-0.45780816674232483,0.8890510201454163,-0.4755282700061798,-0.5863437056541443,-0.10265389829874039,-0.6044204235076904,-0.6290080483001961,-649.3538144464279,0.0,0.0
31.02,1551,0.12013532221317291,0.9927574992179871,0.12042618542909622,-0.42329758405685425,-2.431650400161743,-2.0,-0.46820956468582153,0.8836174607276917,-0.48726344108581543,-0.5883448719978333,-0.1091400757431984,-0.607689619064331,-0.6359544571241178,-649.9897689035521,0.0,0.0
31.04,1552,0.11078514903783798,0.9938443899154663,0.1110130250453949,-0.4706580340862274,-2.3680219650268555,-2.0,-0.47523465752601624,0.8798590898513794,-0.49523070454597473,-0.5860198140144348,-0.11398529261350632,-0.6062437295913696,-0.6382764678188132,-650.628045371371,0.0,0.0
31.060000000000002,1553,0.10051088035106659,0.994935929775238,0.1006808876991272,-0.5166070461273193,-2.297451972961426,-2.0,-0.47887122631073,0.8778851628303528,-0.49936848878860474,-0.5793821215629578,-0.11705080419778824,-0.6000493764877319,-0.6359115900724766,-651.2639569614435,0.0,0.0
31.080000000000002,1554,0.0893414095044136,0.9960010647773743,0.08946069329977036,-0.5610097646713257,-2.2201359272003174,-2.0,-0.47911372780799866,0.8777528405189514,-0.4996447265148163,-0.568455159664154,-0.11824823170900345,-0.5891054272651672,-0.6288291787023632,-651.8927861401459,0.0,0.0
31.1,1555,0.0773087590932846,0.9970071911811829,0.07738597691059113,-0.603735625743866,-2.13629150390625,-2.0,-0.475961834192276,0.8794659376144409,-0.4960573613643646,-0.5532705783843994,-0.11754125356674194,-0.5734433531761169,-0.6170307041964458,-652.5098168443423,0.0,0.0
31.12,1556,0.06444810330867767,0.9979210495948792,0.06449279934167862,-0.6446588039398193,-2.046159029006958,-2.0,-0.4694202244281769,0.8829748630523682,-0.48863404989242554,-0.5338683128356934,-0.11494617909193039,-0.553126871585846,-0.6005501631614837,-653.1103670075038,0.0,0.0
31.14,1557,0.050797753036022186,0.998708963394165,0.050819624215364456,-0.6836588382720947,-1.9500021934509277,-2.0,-0.45950010418891907,0.8881776928901672,-0.4774322807788849,-0.5102978348731995,-0.11053124070167542,-0.5282518863677979,-0.5794536749187064,-653.6898206824225,0.0,0.0
31.16,1558,0.03639916330575943,0.9993373155593872,0.03640720620751381,-0.7206209897994995,-1.8481072187423706,-2.0,-0.44622138142585754,0.8949226140975952,-0.46253859996795654,-0.48262056708335876,-0.10441473126411438,-0.49894580245018005,-0.5538394861295329,-654.243660168552,0.0,0.0
31.18,1559,0.02129686251282692,0.9997732043266296,0.021298471838235855,-0.7554366588592529,-1.7407835721969604,-2.0,-0.42961665987968445,0.9030113816261292,-0.44406822323799133,-0.45091351866722107,-0.09676183015108109,-0.4653666913509369,-0.5238370722209645,-654.767497240773,0.0,0.0
31.2,1560,0.005538365803658962,0.9999846816062927,0.005538394208997488,-0.7880039215087891,-1.628362774848938,-2.0,-0.40973538160324097,0.9122044444084167,-0.4221639633178711,-0.4152737557888031,-0.08778023719787598,-0.4277023673057556,-0.489606617278209,-655.2571038580512,0.0,0.0
31.220000000000002,1561,-0.01082595158368349,0.9999414086341858,-0.010826163925230503,-0.8182278871536255,-1.5111984014511108,-2.0,-0.3866489827632904,0.9222269654273987,-0.3969951868057251,-0.3758230209350586,-0.07771443575620651,-0.38616904616355896,-0.4513377997936254,-655.7084416578448,0.0,0.0
31.240000000000002,1562,-0.026543468236923218,0.9996476769447327,-0.02654658630490303,-0.7860211730003357,1.6103354692459106,2.0,-0.36045587062835693,0.9327762722969055,-0.36875656247138977,-0.3339124023914337,-0.06687138974666595,-0.34220996499061584,-0.41044859991205473,-656.1188902577568,0.0,0.0
31.26,1563,-0.041565123945474625,0.9991357922554016,-0.04157710075378418,-0.7515257596969604,1.7247693538665771,2.0,-0.3312861919403076,0.9435303211212158,-0.337666392326355,-0.2897210419178009,-0.05560547485947609,-0.2960892915725708,-0.36717945995512635,-656.4860697177119,0.0,0.0
31.28,1564,-0.055844951421022415,0.9984394311904907,-0.055874019861221313,-0.7148458361625671,1.8339976072311401,2.0,-0.29930591583251953,0.9541571736335754,-0.30396515130996704,-0.24346096813678741,-0.044282253831624985,-0.24809113144874573,-0.32179237323651383,-656.8078620909483,0.0,0.0
31.3,1565,-0.06934017688035965,0.9975930452346802,-0.06939586251974106,-0.6760920882225037,1.9376859664916992,2.0,-0.2647198438644409,0.9643253684043884,-0.2679134011268616,-0.19537967443466187,-0.03326771408319473,-0.19851753115653992,-0.2745692900259139,-657.0824313809743,0.0,0.0
31.32,1566,-0.08201128244400024,0.996631383895874,-0.08210349082946777,-0.6353816390037537,2.0355238914489746,2.0,-0.22777298092842102,0.973714292049408,-0.22978992760181427,-0.14576169848442078,-0.022917136549949646,-0.1476864367723465,-0.22580990716653204,-657.3082412881408,0.0,0.0
31.34,1567,-0.09382203966379166,0.9955889582633972,-0.0939602330327034,-0.5928371548652649,2.127224922180176,2.0,-0.18875043094158173,0.9820250868797302,-0.1898895502090454,-0.09492838382720947,-0.013563894666731358,-0.09592930972576141,-0.1758296908926212,-657.4840709790335,0.0,0.0
31.36,1568,-0.10473950952291489,0.994499683380127,-0.10493196547031403,-0.5485866069793701,2.21252703666687,2.0,-0.1479753702878952,0.9889910221099854,-0.1485207974910736,-0.04323585703969002,-0.005508644040673971,-0.04358882084488869,-0.124957581579596,-657.6090285606131,0.0,0.0
31.38,1569,-0.1147339940071106,0.9933962225914001,-0.11498722434043884,-0.5027627348899841,2.2911930084228516,2.0,-0.10580514371395111,0.9943869113922119,-0.10600355267524719,0.008928852155804634,0.0009906318737193942,0.008983668871223927,-0.07353357412381312,-657.6825621347368,0.0,0.0
31.400000000000002,1570,-0.12377899885177612,0.9923098087310791,-0.12409727275371552,-0.45550256967544556,2.363008975982666,2.0,-0.06262560933828354,0.9980370998382568,-0.06266661733388901,0.06115339323878288,0.005727279931306839,0.061430659145116806,-0.058093721838119304,-657.7406558565749,0.0,0.0
31.42,1571,-0.13185115158557892,0.9912695288658142,-0.13223621249198914,-0.4069468379020691,2.4277853965759277,2.0,-0.01884397678077221,0.9998224377632141,-0.01884509064257145,0.11300718039274216,0.008552910760045052,0.11339112371206284,-0.10956959418850123,-657.8502254507634,0.0,0.0
31.44,1572,-0.13893015682697296,0.9903022050857544,-0.13938100636005402,-0.3572397530078888,2.4853553771972656,2.0,0.025119516998529434,0.9996844530105591,0.025122158229351044,0.1640496701002121,0.009382272139191628,0.16450317203998566,-0.16053591572580586,-658.0107613664893,0.0,0.0
31.46,1573,-0.14499861001968384,0.9894318580627441,-0.14551156759262085,-0.306528240442276,2.5355751514434814,2.0,0.06884065270423889,0.9976276755332947,0.06889514625072479,0.21383926272392273,0.00819581001996994,0.21440671384334564,-0.21063372941449873,-658.2213950959039,0.0,0.0
31.48,1574,-0.15004205703735352,0.9886795878410339,-0.1506108045578003,-0.2549617886543274,2.578322172164917,2.0,0.11190052330493927,0.9937193989753723,0.1121353805065155,0.2619425654411316,0.005039798095822334,0.2627461850643158,-0.25950595340952853,-658.4809010493134,0.0,0.0
31.5,1575,-0.15404875576496124,0.9880632758140564,-0.15466465055942535,-0.20269188284873962,2.6134955883026123,2.0,0.15389446914196014,0.9880872964859009,0.15450850129127502,0.3079432249069214,2.4042321456363425e-05,0.3091731369495392,-0.3068000254499799,-658.7877010747634,0.0,0.0
31.52,1576,-0.15700970590114594,0.9875970482826233,-0.15766207873821259,-0.1498716026544571,2.641014575958252,2.0,0.1944403052330017,0.9809143543243408,0.19568683207035065,0.35145002603530884,-0.006682706065475941,0.35334891080856323,-0.3521705781522903,-659.1398716529156,0.0,0.0
31.54,1577,-0.15891854465007782,0.987291693687439,-0.15959517657756805,-0.0966552123427391,2.6608190536499023,2.0,0.23318526148796082,0.9724323153495789,0.23535196483135223,0.39210382103919983,-0.014859369024634361,0.3949471414089203,-0.39528201319315026,-659.5351536661088,0.0,0.0
31.560000000000002,1578,-0.15977145731449127,0.9871540069580078,-0.16045913100242615,-0.043197859078645706,2.672867774963379,2.0,0.2698114216327667,0.9629132151603699,0.2731971740722656,0.4295828640460968,-0.024240843951702118,0.4336563050746918,-0.4358111031088326,-659.9709647692176,0.0,0.0
31.580000000000002,1579,-0.1595672219991684,0.9871870875358582,-0.16025224328041077,0.010344911366701126,2.677138566970825,2.0,0.30403926968574524,0.9526594877243042,0.30892980098724365,0.46360650658607483,-0.03452757000923157,0.4691820442676544,-0.4734494141190683,-660.4444141833367,0.0,0.0
31.6,1580,-0.15830709040164948,0.9873899221420288,-0.15897588431835175,0.06381747126579285,2.6736278533935547,2.0,0.3356296420097351,0.9419940114021301,0.3422735631465912,0.4939367175102234,-0.04539589583873749,0.5012494325637817,-0.5079056916491721,-660.9523198749858,0.0,0.0
31.62,1581,-0.15599489212036133,0.9877578616142273,-0.1566345989704132,0.11706449836492538,2.662351369857788,2.0,0.36438336968421936,0.9312490224838257,0.3729705810546875,0.5203782916069031,-0.056508831679821014,0.5296051502227783,-0.5389081639063796,-661.4912280388922,0.0,0.0
31.64,1582,-0.15263697504997253,0.988282322883606,-0.15323597192764282,0.1699313521385193,2.6433424949645996,2.0,0.3901398777961731,0.9207556247711182,0.4007834792137146,0.5427768230438232,-0.06752672046422958,0.5540194511413574,-0.5662065548987001,-662.057434593791,0.0,0.0
31.66,1583,-0.1482422947883606,0.9889510869979858,-0.14879068732261658,0.22226442396640778,2.61665415763855,2.0,0.4127737283706665,0.9108335971832275,0.42549723386764526,0.5610160231590271,-0.0781174749135971,0.5742879509925842,-0.5895741644746616,-662.6470087582657,0.0,0.0
31.68,1584,-0.14282238483428955,0.9897483587265015,-0.1433124542236328,0.27391159534454346,2.58235764503479,2.0,0.43219074606895447,0.901782214641571,0.4469207227230072,0.5750131011009216,-0.08796612173318863,0.5902331471443176,-0.6088096874582192,-663.2558184457239,0.0,0.0
31.7,1585,-0.1363915503025055,0.9906550049781799,-0.13681800663471222,0.3247224688529968,2.540544033050537,2.0,0.44832292199134827,0.8938716650009155,0.46488824486732483,0.5847144722938538,-0.09678333252668381,0.6017062664031982,-0.6237387270301924,-663.8795571727541,0.0,0.0
31.720000000000002,1586,-0.128966823220253,0.9916489124298096,-0.12932702898979187,0.37454894185066223,2.491323709487915,2.0,0.4611234664916992,0.8873359560966492,0.4792608916759491,0.590090274810791,-0.10431292653083801,0.608587920665741,-0.6342152703950117,-664.513772443149,0.0,0.0
31.740000000000002,1587,-0.12056808173656464,0.9927050471305847,-0.12086211889982224,0.42324548959732056,2.4348278045654297,2.0,0.4705619513988495,0.882366955280304,0.4899275302886963,0.5911300182342529,-0.11033809930086136,0.6107896566390991,-0.6401230073144003,-665.1538954504634,0.0,0.0
31.76,1588,-0.1112181544303894,0.9937959909439087,-0.11144872009754181,0.4706696569919586,2.3712079524993896,2.0,0.47661980986595154,0.8791095614433289,0.49680566787719727,0.5878379344940186,-0.11468648165464401,0.6082543730735779,-0.6413762528651674,-665.7952717033286,0.0,0.0
31.78,1589,-0.10094285756349564,0.9948922395706177,-0.10111507773399353,0.5166823863983154,2.3006374835968018,2.0,0.47928696870803833,0.8776582479476929,0.49984210729599,0.5802298188209534,-0.11723396927118301,0.6009571552276611,-0.6379207424158214,-666.4331924457445,0.0,0.0
31.8,1590,-0.0897710844874382,0.9959624409675598,-0.08989210426807404,0.5611486434936523,2.223311424255371,2.0,0.4785594642162323,0.8780551552772522,0.49901336431503296,0.5683305263519287,-0.11790727078914642,0.5889054536819458,-0.6297342092012265,-667.0629266549457,0.0,0.0
31.82,1591,-0.07773485034704208,0.9969740509986877,-0.07781334966421127,0.603937566280365,2.1394476890563965,2.0,0.474438339471817,0.8802887201309204,0.4943258762359619,0.5521731972694397,-0.11668532341718674,0.5721392035484314,-0.6168267145065133,-667.6797533694522,0.0,0.0
31.84,1592,-0.06486929953098297,0.997893750667572,-0.06491488218307495,0.6449233293533325,2.0492866039276123,2.0,0.46692997217178345,0.8842942714691162,0.4858158528804779,0.5317992568016052,-0.11359947919845581,0.5507307648658752,-0.5992407601186523,-668.2789941295708,0.0,0.0
31.86,1593,-0.051212769001722336,0.998687744140625,-0.05123518034815788,0.6839851140975952,1.9530912637710571,2.0,0.45604774355888367,0.8899553418159485,0.47354915738105774,0.5072605013847351,-0.10873245447874069,0.5247843265533447,-0.5770510339476567,-668.8560451635185,0.0,0.0
31.88,1594,-0.036806702613830566,0.9993224143981934,-0.03681501746177673,0.7210081219673157,1.8511484861373901,2.0,0.4418147802352905,0.8971062898635864,0.4576205909252167,0.4786214828491211,-0.10221610963344574,0.4944356083869934,-0.5503641762328957,-669.4064093397513,0.0,0.0
31.900000000000002,1595,-0.02169564738869667,0.999764621257782,-0.021697349846363068,0.7558834552764893,1.743767499923706,2.0,0.42426797747612,0.9055367112159729,0.43815332651138306,0.44596362113952637,-0.09422793984413147,0.4598506987094879,-0.5193179405557508,-669.9257272803071,0.0,0.0
31.92,1596,-0.0059271338395774364,0.9999824166297913,-0.005927168298512697,0.7885090708732605,1.6312800645828247,2.0,0.40346255898475647,0.9149961471557617,0.4152979552745819,0.4093897044658661,-0.08498628437519073,0.4212251305580139,-0.48408049488269494,-670.4098077751898,0.0,0.0
31.94,1597,0.010448439046740532,0.9999454021453857,0.010448629036545753,0.8187898397445679,1.5140397548675537,2.0,0.3794771730899811,0.9252011179924011,0.3892311453819275,0.3690287470817566,-0.0747443214058876,0.3787825107574463,-0.4448493264682355,-670.8546571016581,0.0,0.0
31.96,1598,0.026178402826189995,0.9996572732925415,0.02618139423429966,0.7866382598876953,-1.607578992843628,-2.0,0.35241883993148804,0.9358423948287964,0.36015450954437256,0.3262404203414917,-0.0638149082660675,0.33397310972213745,-0.4030497510008645,-671.2577068526589,0.0,0.0
31.98,1599,0.04121364280581474,0.9991503357887268,0.04122531786561012,0.7521961331367493,-1.7221065759658813,-2.0,0.32242754101753235,0.9465941190719604,0.3282928764820099,0.2812139093875885,-0.05255621299147606,0.28706756234169006,-0.35892919220401026,-671.6166360448628,0.0,0.0
32.0,1600,0.055508121848106384,0.998458206653595,0.0555366650223732,0.715567409992218,-1.8314367532730103,-2.0,0.2896801233291626,0.9571235179901123,0.29389262199401855,0.2341720163822174,-0.04133472219109535,0.23835596442222595,-0.3127562108702585,-671.9293922557331,0.0,0.0
32.02,1601,0.06901900470256805,0.9976153373718262,0.06907392293214798,0.6768627166748047,-1.935234785079956,-2.0,0.2543927729129791,0.967100977897644,0.25721976161003113,0.18537376821041107,-0.03051435947418213,0.18814584612846375,-0.2648187020227576,-672.1942109577559,0.0,0.0
32.04,1602,0.0817067101597786,0.9966564178466797,0.08179789781570435,0.6361989378929138,-2.0331897735595703,-2.0,0.2168220430612564,0.9762111306190491,0.21855787932872772,0.13511532545089722,-0.020445270463824272,0.13675998151302338,-0.2154218631529762,-672.4096328209089,0.0,0.0
32.06,1603,0.09353494644165039,0.9956160187721252,0.09367187321186066,0.5936986207962036,-2.125014543533325,-2.0,0.17726421356201172,0.9841632843017578,0.1782059371471405,0.08372926712036133,-0.011452698148787022,0.08453407138586044,-0.1648860082234351,-672.5745188291323,0.0,0.0
32.08,1604,0.10447069257497787,0.9945279359817505,0.10466166585683823,0.5494896769523621,-2.210447072982788,-2.0,0.1360526978969574,0.9907016158103943,0.13647596538066864,0.03158201277256012,-0.0038263648748397827,0.03181430324912071,-0.11354427221665411,-672.688063101349,0.0,0.0
32.1,1605,0.11448419094085693,0.9934250712394714,0.11473575979471207,0.5037047266960144,-2.2892489433288574,-2.0,0.09355364739894867,0.995614230632782,0.0936906561255455,-0.020930539816617966,0.0021891696378588676,-0.021045101806521416,-0.06174020621434206,-672.7498033075634,0.0,0.0
32.12,1606,0.12354888021945953,0.9923384785652161,0.12386537343263626,0.45648059248924255,-2.361206293106079,-2.0,0.05015980079770088,0.9987412095069885,0.05018085613846779,-0.07338907569646835,0.006402716971933842,-0.07368451356887817,-0.07017471473793888,-672.8199780223014,0.0,0.0
32.14,1607,0.13164132833480835,0.9912974238395691,0.13202452659606934,0.4079580008983612,-2.42612886428833,-2.0,0.006282978691160679,0.9999802708625793,0.006283020135015249,-0.12535834312438965,0.008682847954332829,-0.12574151158332825,-0.12184367486841322,-672.9418216971698,0.0,0.0
32.160000000000004,1608,0.1387411504983902,0.9903286695480347,0.13919015228748322,0.3582810163497925,-2.48384952545166,-2.0,-0.03765450045466423,0.9992908239364624,-0.037663403898477554,-0.17639563977718353,0.008962137624621391,-0.17685355246067047,-0.17290713123044713,-673.1147288284002,0.0,0.0
32.18,1609,0.14483091235160828,0.9894564151763916,0.14534208178520203,0.3075965344905853,-2.5342235565185547,-2.0,-0.08122898638248444,0.9966954588890076,-0.08131857961416245,-0.2260598987340927,0.007239046040922403,-0.22666066884994507,-0.22300548622075628,-673.3377343146209,0.0,0.0
32.2,1610,0.1498960703611374,0.9887017607688904,0.15046316385269165,0.25605398416519165,-2.5771284103393555,-2.0,-0.12402476370334625,0.9922791123390198,-0.12434494495391846,-0.27392083406448364,0.0035773655399680138,-0.2748081088066101,-0.2717817415659389,-673.6095160561869,0.0,0.0
32.22,1611,0.1539248675107956,0.9880825281143188,0.15453925728797913,0.20380473136901855,-2.6124625205993652,-2.0,-0.16564279794692993,0.9861857891082764,-0.16640977561473846,-0.31956765055656433,-0.001896738656796515,-0.3209490180015564,-0.31888420156917935,-673.928400257756,0.0,0.0
32.24,1612,0.15690819919109344,0.9876132011413574,0.15755929052829742,0.15100184082984924,-2.6401448249816895,-2.0,-0.20570865273475647,0.9786132574081421,-0.20718778669834137,-0.3626168668270111,-0.008999912068247795,-0.3647470772266388,-0.36396906895025294,-674.2923693267063,0.0,0.0
32.26,1613,0.1588396579027176,0.9873043894767761,0.15951529145240784,0.09779953956604004,-2.6601147651672363,-2.0,-0.2438790500164032,0.9698056578636169,-0.24636366963386536,-0.402718722820282,-0.017498735338449478,-0.4058789610862732,-0.4067030708873072,-674.6990723975936,0.0,0.0
32.28,1614,0.15971539914608002,0.9871631264686584,0.1604023426771164,0.044352937489748,-2.672330379486084,-2.0,-0.27984675765037537,0.9600446820259094,-0.2836344838142395,-0.4395621418952942,-0.027118418365716934,-0.4440368115901947,-0.44676601255421605,-675.1458384101478,0.0,0.0
32.3,1615,0.15953409671783447,0.9871923923492432,0.16021870076656342,-0.009182448498904705,-2.676769256591797,-2.0,-0.31334367394447327,0.9496397972106934,-0.3187119960784912,-0.47287777066230774,-0.03755262494087219,-0.47893068194389343,-0.48385317775674097,-675.6296915879045,0.0,0.0
32.32,1616,0.15829700231552124,0.9873915314674377,0.15896567702293396,-0.06265100836753845,-2.6734278202056885,-2.0,-0.3441421687602997,0.9389175772666931,-0.35132497549057007,-0.5024391412734985,-0.048473987728357315,-0.5102906823158264,-0.5176776699134841,-676.147369257818,0.0,0.0
32.34,1617,0.15600785613059998,0.9877558350563049,0.156647726893425,-0.11589742451906204,-2.662320852279663,-2.0,-0.3720543384552002,0.928210973739624,-0.3812212646007538,-0.5280621647834778,-0.05954485759139061,-0.5378689765930176,-0.5479727008928155,-676.6953419587109,0.0,0.0
32.36,1618,0.15267296135425568,0.9882767796516418,0.15327239036560059,-0.168767049908638,-2.643481731414795,-2.0,-0.3969299793243408,0.9178488850593567,-0.40816962718963623,-0.5496029257774353,-0.07042787224054337,-0.5614420175552368,-0.5744936488975931,-677.2698356076085,0.0,0.0
32.38,1619,0.14830119907855988,0.9889422655105591,0.14885026216506958,-0.22110630571842194,-2.6169626712799072,-2.0,-0.41865313053131104,0.9081462025642395,-0.43196171522140503,-0.5669543147087097,-0.080796018242836,-0.5808119773864746,-0.5970198853493761,-677.8668554929578,0.0,0.0
32.4,1620,0.14290408790111542,0.9897365570068359,0.14339499175548553,-0.2727630138397217,-2.5828347206115723,-2.0,-0.43713751435279846,0.899394690990448,-0.45241352915763855,-0.5800415873527527,-0.09034185856580734,-0.5958085060119629,-0.6153567133997679,-678.4822122063576,0.0,0.0
32.42,1621,0.13649582862854004,0.9906406402587891,0.13692326843738556,-0.32358676195144653,-2.5411882400512695,-2.0,-0.45232176780700684,0.8918548226356506,-0.4693669378757477,-0.5888175964355469,-0.09878582507371902,-0.6062902212142944,-0.6293367920759768,-679.1115489984336,0.0,0.0
32.44,1622,0.12909339368343353,0.9916324615478516,0.12945467233657837,-0.37342944741249084,-2.492133617401123,-2.0,-0.46416425704956055,0.8857491612434387,-0.48269081115722656,-0.5932576656341553,-0.10588329285383224,-0.6121454834938049,-0.6388216121234205,-679.750370610557,0.0,0.0
32.46,1623,0.1207166314125061,0.9926869869232178,0.12101176381111145,-0.42214545607566833,-2.4358010292053223,-2.0,-0.4726382791996002,0.8812565207481384,-0.4922821819782257,-0.5933549404144287,-0.11143049597740173,-0.6132939457893372,-0.6437025763020812,-680.394073186859,0.0,0.0
32.480000000000004,1624,0.11138828098773956,0.9937769770622253,0.11161991953849792,-0.46959230303764343,-2.372342109680176,-2.0,-0.47772809863090515,0.8785077333450317,-0.49806681275367737,-0.5891163945198059,-0.11526921391487122,-0.6096867322921753,-0.6439021011452313,-681.0379752880043,0.0,0.0
32.5,1625,0.10113409906625748,0.9948728084564209,0.10130730271339417,-0.5156309008598328,-2.301929473876953,-2.0,-0.4794255495071411,0.8775825500488281,-0.5,-0.5805596113204956,-0.11729024350643158,-0.6013072729110718,-0.6393741141056497,-681.6773494021099,0.0,0.0
32.52,1626,0.08998290449380875,0.9959433078765869,0.09010478109121323,-0.5601260662078857,-2.2247579097747803,-2.0,-0.47772809863090515,0.8785077333450317,-0.49806681275367737,-0.5677109956741333,-0.11743556708097458,-0.5881716012954712,-0.6301047803402999,-682.3074541824502,0.0,0.0
32.54,1627,0.07796663045883179,0.9969559907913208,0.07804584503173828,-0.602946937084198,-2.1410443782806396,-2.0,-0.4726382791996002,0.8812565207481384,-0.4922821819782257,-0.5506049394607544,-0.11569945514202118,-0.5703279972076416,-0.6161126542837349,-682.9235668367339,0.0,0.0
32.56,1628,0.06512037664651871,0.9978774189949036,0.06516648828983307,-0.6439675092697144,-2.0510289669036865,-2.0,-0.46416425704956055,0.8857491612434387,-0.48269081115722656,-0.5292845964431763,-0.11212826520204544,-0.5478572845458984,-0.5974486730979179,-683.5210155098318,0.0,0.0
32.58,1629,0.05148238316178322,0.9986739158630371,0.05150515213608742,-0.6830670237541199,-1.9549744129180908,-2.0,-0.45232176780700684,0.8918548226356506,-0.4693669378757477,-0.5038041472434998,-0.10681908577680588,-0.5208720564842224,-0.5741959621084823,-684.0952114719403,0.0,0.0
32.6,1630,0.037094030529260635,0.9993118047714233,0.03710254281759262,-0.7201303243637085,-1.8531665802001953,-2.0,-0.43713751435279846,0.899394690990448,-0.45241352915763855,-0.4742315411567688,-0.09991709887981415,-0.48951607942581177,-0.5464694820134846,-684.6416809539537,0.0,0.0
32.62,1631,0.021999796852469444,0.9997579455375671,0.02200157195329666,-0.7550486326217651,-1.7459144592285156,-2.0,-0.41865313053131104,0.9081462025642395,-0.43196171522140503,-0.44065290689468384,-0.09161175042390823,-0.4539632797241211,-0.5144151007002878,-685.156096054654,0.0,0.0
32.64,1632,0.006247138604521751,0.9999805092811584,0.006247179117053747,-0.7877196073532104,-1.6335492134094238,-2.0,-0.3969299793243408,0.9178488850593567,-0.40816962718963623,-0.4031771123409271,-0.08213159441947937,-0.4144167900085449,-0.47820889449720005,-685.6343049491512,0.0,0.0
32.660000000000004,1633,-0.010113609954714775,0.9999488592147827,-0.010113782249391079,-0.8180481195449829,-1.5164238214492798,-2.0,-0.3720543384552002,0.928210973739624,-0.3812212646007538,-0.3619407117366791,-0.07173790037631989,-0.37110745906829834,-0.43805584466375713,-686.0723607938149,0.0,0.0
32.68,1634,-0.02582983672618866,0.9996663331985474,-0.025832708925008774,-0.7859463095664978,1.6050876379013062,2.0,-0.3441421687602997,0.9389175772666931,-0.35132497549057007,-0.31831231713294983,-0.06074880063533783,-0.325492262840271,-0.39538855534909373,-686.467749349164,0.0,0.0
32.7,1635,-0.04085245728492737,0.9991651773452759,-0.04086383059620857,-0.7515560388565063,1.7195160388946533,2.0,-0.31334367394447327,0.9496397972106934,-0.3187119960784912,-0.2724912166595459,-0.04952539503574371,-0.27784815430641174,-0.3504611459160965,-686.8182104950802,0.0,0.0
32.72,1636,-0.05513547360897064,0.998478889465332,-0.05516344681382179,-0.7149809002876282,1.828755259513855,2.0,-0.27984675765037537,0.9600446820259094,-0.2836344838142395,-0.22471126914024353,-0.03843419626355171,-0.22847102582454681,-0.30354854830464045,-687.1217590433848,0.0,0.0
32.74,1637,-0.06863607466220856,0.9976417422294617,-0.06869007647037506,-0.6763314604759216,1.9324710369110107,2.0,-0.2438790500164032,0.9698056578636169,-0.24636366963386536,-0.17524297535419464,-0.027836108580231667,-0.1776735931634903,-0.2549444062573313,-687.3767034496422,0.0,0.0
32.76,1638,-0.08131469041109085,0.9966884851455688,-0.08140456676483154,-0.6357244253158569,2.0303523540496826,2.0,-0.20570865273475647,0.9786132574081421,-0.20718778669834137,-0.12439396232366562,-0.01807519793510437,-0.12578321993350983,-0.20495910322984276,-687.581662552872,0.0,0.0
32.78,1639,-0.0931350365281105,0.995653510093689,-0.0932702124118805,-0.593282163143158,2.122112512588501,2.0,-0.16564279794692993,0.9861857891082764,-0.16640977561473846,-0.07250775396823883,-0.009467669762670994,-0.07313956320285797,-0.15391757644318074,-687.7355801293152,0.0,0.0
32.8,1640,-0.10406411439180374,0.9945706129074097,-0.10425285995006561,-0.5491324067115784,2.207489013671875,2.0,-0.12402476370334625,0.9922791123390198,-0.12434494495391846,-0.019960647448897362,-0.0022914677392691374,-0.020092085003852844,-0.10215691715710701,-687.8377370464723,0.0,0.0
32.82,1641,-0.11407215893268585,0.9934724569320679,-0.11432100832462311,-0.5034075379371643,2.2862441539764404,2.0,-0.08122898638248444,0.9966954588890076,-0.08131857961416245,0.03284316509962082,0.0032229984644800425,0.033002424985170364,-0.0500239359643447,-687.8877609824366,0.0,0.0
32.84,1642,-0.1231326013803482,0.9923902153968811,-0.12344589084386826,-0.45624426007270813,2.358163595199585,2.0,-0.03765450045466423,0.9992908239364624,-0.037663403898477554,0.08547810465097427,0.0069005913101136684,0.085782490670681,-0.08212731443973992,-687.9698882968763,0.0,0.0
32.86,1643,-0.13122202455997467,0.9913530349731445,-0.13160155713558197,-0.4077831208705902,2.4230573177337646,2.0,0.006282978691160679,0.9999802708625793,0.006283020135015249,0.13750499486923218,0.008627256378531456,0.13788457214832306,-0.13393815230488001,-688.1038264491812,0.0,0.0
32.88,1644,-0.13832001388072968,0.9903875589370728,-0.13876491785049438,-0.35816794633865356,2.48075795173645,2.0,0.05015980079770088,0.9987412095069885,0.05018085613846779,0.18847981095314026,0.00835361611098051,0.18894577026367188,-0.18504793534286557,-688.288874384524,0.0,0.0
32.9,1645,-0.14440913498401642,0.9895180463790894,-0.14491581916809082,-0.30754554271698,2.531120777130127,2.0,0.09355364739894867,0.995614230632782,0.0936906561255455,0.2379627823829651,0.006096174940466881,0.23860648274421692,-0.23509668204858625,-688.5239710665726,0.0,0.0
32.92,1646,-0.1494748443365097,0.9887655377388,-0.15003712475299835,-0.2560650706291199,2.5740232467651367,2.0,0.1360526978969574,0.9907016158103943,0.13647596538066864,0.2855275571346283,0.0019360720179975033,0.286513090133667,-0.2837277834604774,-688.807698850033,0.0,0.0
32.94,1647,-0.153505340218544,0.9881477952003479,-0.15411467850208282,-0.20387780666351318,2.609363555908203,2.0,0.17726421356201172,0.9841632843017578,0.1782059371471405,0.33076953887939453,-0.003984519746154547,0.3323206305503845,-0.3305906487019686,-689.138289498735,0.0,0.0
32.96,1648,-0.15649153292179108,0.9876793026924133,-0.1571374088525772,-0.151136577129364,2.6370608806610107,2.0,0.2168220430612564,0.9762111306190491,0.21855787932872772,0.3733135759830475,-0.011468152515590191,0.37569528818130493,-0.37534335208450625,-689.5136328508196,0.0,0.0
32.980000000000004,1649,-0.15842700004577637,0.9873706698417664,-0.1590973287820816,-0.09799549728631973,2.6570541858673096,2.0,0.2543927729129791,0.967100977897644,0.25721976161003113,0.4128197729587555,-0.02026970684528351,0.4163171052932739,-0.4176552042440545,-689.9312880550636,0.0,0.0
33.0,1650,-0.15930785238742828,0.9872289299964905,-0.15998952090740204,-0.044609468430280685,2.6693015098571777,2.0,0.2896801233291626,0.9571235179901123,0.29389262199401855,0.4489879906177521,-0.030105439946055412,0.4538821280002594,-0.45720927592056076,-690.3884973309843,0.0,0.0
33.02,1651,-0.15913279354572296,0.987257182598114,-0.15981219708919525,0.008866137824952602,2.6737804412841797,2.0,0.32242754101753235,0.9465941190719604,0.3282928764820099,0.4815603494644165,-0.040663041174411774,0.48810505867004395,-0.49370481354089063,-690.8822021445252,0.0,0.0
33.04,1652,-0.1579030305147171,0.9874546527862549,-0.1585666686296463,0.062275879085063934,2.67048716545105,2.0,0.35241883993148804,0.9358423948287964,0.36015450954437256,0.510321855545044,-0.0516122430562973,0.5187211632728577,-0.5268595504440354,-691.4090616949692,0.0,0.0
33.06,1653,-0.15562228858470917,0.9878166317939758,-0.15625737607479095,0.11546460539102554,2.6594362258911133,2.0,0.3794771730899811,0.9252011179924011,0.3892311453819275,0.535099446773529,-0.0626155436038971,0.5454885363578796,-0.5564118914575342,-691.9654735864267,0.0,0.0
33.08,1654,-0.15229685604572296,0.9883347749710083,-0.1528918296098709,0.1682778298854828,2.6406610012054443,2.0,0.40346255898475647,0.9149961471557617,0.4152979552745819,0.5557594299316406,-0.07333864271640778,0.568189799785614,-0.5821229708312298,-692.547596557258,0.0,0.0
33.1,1655,-0.14793559908866882,0.9889969825744629,-0.1484805792570114,0.22056210041046143,2.614213705062866,2.0,0.42426797747612,0.9055367112159729,0.43815332651138306,0.5722035765647888,-0.08346030861139297,0.5866339206695557,-0.6037785387772048,-693.1513750960352,0.0,0.0
33.12,1656,-0.1425500214099884,0.9897875785827637,-0.14303727447986603,0.2721653878688812,2.580165147781372,2.0,0.4418147802352905,0.8971062898635864,0.4576205909252167,0.5843647718429565,-0.09268130362033844,0.6006578803062439,-0.6211906020119021,-693.7725656980471,0.0,0.0
33.14,1657,-0.13615430891513824,0.9906876683235168,-0.1365785300731659,0.3229375183582306,2.5386056900024414,2.0,0.45604774355888367,0.8899553418159485,0.47354915738105774,0.5922020673751831,-0.10073232650756836,0.6101276874542236,-0.634199116180586,-694.4067648142277,0.0,0.0
33.160000000000004,1658,-0.12876540422439575,0.991675078868866,-0.12912391126155853,0.37273040413856506,2.48964524269104,2.0,0.46692997217178345,0.8842942714691162,0.4858158528804779,0.5956953763961792,-0.10738079249858856,0.61493980884552,-0.6426730743330145,-695.0494378885608,0.0,0.0
33.18,1659,-0.12040311843156815,0.9927250742912292,-0.12069594115018845,0.42139869928359985,2.4334139823913574,2.0,0.474438339471817,0.8802887201309204,0.4943258762359619,0.5948414206504822,-0.11243633925914764,0.615021824836731,-0.6465117959059388,-695.6959496844667,0.0,0.0
33.2,1660,-0.11109016835689545,0.9938103556632996,-0.11131994426250458,0.46879997849464417,2.370063543319702,2.0,0.4785594642162323,0.8780551552772522,0.49901336431503296,0.5896496176719666,-0.11575517803430557,0.6103333234786987,-0.6456458199435465,-696.3415955044102,0.0,0.0
33.22,1661,-0.10085228830575943,0.9949014186859131,-0.10102403908967972,0.5147953033447266,2.2997658252716064,2.0,0.47928696870803833,0.8776582479476929,0.49984210729599,0.5801392197608948,-0.11724315583705902,0.6008661389350891,-0.6400374023312044,-696.9816329067414,0.0,0.0
33.24,1662,-0.08971824496984482,0.9959672093391418,-0.08983904868364334,0.5592495799064636,2.2227158546447754,2.0,0.47661980986595154,0.8791095614433289,0.49680566787719727,0.566338062286377,-0.11685765534639359,0.58664470911026,-0.6296811532716864,-697.6113140600131,0.0,0.0
33.26,1663,-0.07771994173526764,0.9969752430915833,-0.07779840379953384,0.6020321846008301,2.139130115509033,2.0,0.4705619513988495,0.882366955280304,0.4899275302886963,0.5482819080352783,-0.1146082654595375,0.5677259564399719,-0.6146040697601365,-698.2259181297733,0.0,0.0
33.28,1664,-0.06489242613315582,0.9978922605514526,-0.06493806093931198,0.6430171728134155,2.049248218536377,2.0,0.4611234664916992,0.8873359560966492,0.4792608916759491,0.5260158777236938,-0.11055628210306168,0.5441989302635193,-0.594865588762907,-698.8207837185362,0.0,0.0
33.3,1665,-0.0512738898396492,0.9986846446990967,-0.051296383142471313,0.6820838451385498,1.9533329010009766,2.0,0.44832292199134827,0.8938716650009155,0.46488824486732483,0.49959680438041687,-0.10481295734643936,0.5161846280097961,-0.5705572735834137,-699.3913409921196,0.0,0.0
33.32,1666,-0.03690565377473831,0.9993187785148621,-0.03691403940320015,0.7191172242164612,1.8516695499420166,2.0,0.43219074606895447,0.901782214641571,0.4469207227230072,0.4690963923931122,-0.09753654152154922,0.48383474349975586,-0.541802282411089,-699.9331432745307,0.0,0.0
33.34,1667,-0.02183213271200657,0.9997616410255432,-0.021833866834640503,0.7540085315704346,1.7445664405822754,2.0,0.4127737283706665,0.9108335971832275,0.42549723386764526,0.4346058666706085,-0.08892805129289627,0.44733110070228577,-0.5087545893197001,-700.4418978638504,0.0,0.0
33.36,1668,-0.006100716069340706,0.9999814033508301,-0.006100753787904978,0.7866556644439697,1.6323546171188354,2.0,0.3901398777961731,0.9207556247711182,0.4007834792137146,0.39624059200286865,-0.07922578603029251,0.40688425302505493,-0.47159798768137534,-700.9134958515317,0.0,0.0
33.38,1669,0.01021521631628275,0.9999478459358215,0.0102153941988945,0.8158074021339417,1.4575881958007812,1.9229357242584229,0.36438336968421936,0.9312490224838257,0.3729705810546875,0.354168176651001,-0.06869879364967346,0.3627551794052124,-0.42754490328594574,-701.3410407548176,0.0,0.0
33.4,1670,0.025886349380016327,0.9996649026870728,0.025889242067933083,0.7836923599243164,-1.6057512760162354,-2.0,0.3356296420097351,0.9419940114021301,0.3422735631465912,0.3097432851791382,-0.05767086148262024,0.31638431549072266,-0.387081339211136,-701.7281220940288,0.0,0.0
33.42,1671,0.0408637709915638,0.9991647005081177,0.0408751517534256,0.7492954134941101,-1.719847321510315,-2.0,0.30403926968574524,0.9526594877243042,0.30892980098724365,0.26317551732063293,-0.04650523141026497,0.26805466413497925,-0.34139841263453863,-702.0695205066634,0.0,0.0
33.44,1672,0.05510163679718971,0.9984807372093201,0.055129557847976685,0.7127203345298767,-1.8287537097930908,-2.0,0.2698114216327667,0.9629132151603699,0.2731971740722656,0.21470977365970612,-0.03556756675243378,0.21806761622428894,-0.2938002433110833,-702.3633207499745,0.0,0.0
33.46,1673,0.06855729222297668,0.9976471662521362,0.06861110776662827,0.6740776300430298,-1.9321372509002686,-2.0,0.23318526148796082,0.9724323153495789,0.23535196483135223,0.16462796926498413,-0.025214852765202522,0.16674084961414337,-0.24458606415310422,-702.6079068141275,0.0,0.0
33.480000000000004,1674,0.08119131624698639,0.9966985583305359,0.08128079026937485,0.6334838271141052,-2.0296881198883057,-2.0,0.1944403052330017,0.9809143543243408,0.19568683207035065,0.11324898898601532,-0.015784181654453278,0.1144060492515564,-0.19407117794264842,-702.8019779920702,0.0,0.0
33.5,1675,0.09296756982803345,0.9956691265106201,0.09310201555490494,0.5910614132881165,-2.1211206912994385,-2.0,0.15389446914196014,0.9880872964859009,0.15450850129127502,0.0609268993139267,-0.007581847254186869,0.06140648201107979,-0.1425848165205584,-702.9445628085907,0.0,0.0
33.52,1676,0.10385318100452423,0.9945926666259766,0.10404077172279358,0.5469379425048828,-2.2061736583709717,-2.0,0.11190052330493927,0.9937193989753723,0.1121353805065155,0.008047345094382763,-0.000873225333634764,0.0080946059897542,-0.09046772656828775,-703.035030535159,0.0,0.0
33.54,1677,0.11381849646568298,0.9935015439987183,0.11406569182872772,0.5012457370758057,-2.2846100330352783,-2.0,0.06884065270423889,0.9976276755332947,0.06889514625072479,-0.04497784376144409,0.004126108251512051,-0.04517054557800293,-0.04193030941639122,-703.0769608445754,0.0,0.0
33.56,1678,0.12283708900213242,0.992426872253418,0.1231481209397316,0.4541214406490326,-2.3562164306640625,-2.0,0.025119516998529434,0.9996844530105591,0.025122158229351044,-0.09771756827831268,0.007257606368511915,-0.09802596271038055,-0.09425297234111976,-703.1712138169165,0.0,0.0
33.58,1679,0.13088561594486237,0.991397500038147,0.13126222789287567,0.40570536255836487,-2.4208035469055176,-2.0,-0.01884397678077221,0.9998224377632141,-0.01884509064257145,-0.14972959458827972,0.00842496007680893,-0.15010732412338257,-0.14614006765924353,-703.3173538845757,0.0,0.0
33.6,1680,0.1379437893629074,0.9904400706291199,0.13838505744934082,0.35614126920700073,-2.4782049655914307,-2.0,-0.06262560933828354,0.9980370998382568,-0.06266661733388901,-0.20056939125061035,0.0075970301404595375,-0.20105166733264923,-0.19723014188511104,-703.5145840264609,0.0,0.0
33.62,1681,0.1439942568540573,0.9895785450935364,0.14449656009674072,0.30557572841644287,-2.5282766819000244,-2.0,-0.10580514371395111,0.9943869113922119,-0.10600355267524719,-0.24979940056800842,0.0048083593137562275,-0.2505001127719879,-0.24716318325128406,-703.7617472097121,0.0,0.0
33.64,1682,0.14902256429195404,0.9888337850570679,0.149579718708992,0.25415781140327454,-2.570896863937378,-2.0,-0.1479753702878952,0.9889910221099854,-0.1485207974910736,-0.29699793457984924,0.00015725017874501646,-0.2981005012989044,-0.2955832745230663,-704.0573304842352,0.0,0.0
33.660000000000004,1683,0.15301698446273804,0.9882235527038574,0.15362049639225006,0.20203851163387299,-2.605964422225952,-2.0,-0.18875043094158173,0.9820250868797302,-0.1898895502090454,-0.34176740050315857,-0.006198470015078783,-0.3435100317001343,-0.3421412895070931,-704.3994717737423,0.0,0.0
33.68,1684,0.1559685319662094,0.9877620339393616,0.15660789608955383,0.14937053620815277,-2.63339900970459,-2.0,-0.22777298092842102,0.973714292049408,-0.22978992760181427,-0.38374149799346924,-0.014047760516405106,-0.3863978385925293,-0.3864974528345743,-704.7859692265769,0.0,0.0
33.7,1685,0.157870814204216,0.9874597787857056,0.15853404998779297,0.09630773216485977,-2.65313982963562,-2.0,-0.2647198438644409,0.9643253684043884,-0.2679134011268616,-0.4225906729698181,-0.023134414106607437,-0.42644745111465454,-0.4283239849087089,-705.2142932114856,0.0,0.0
33.72,1686,0.15872007608413696,0.9873236417770386,0.15939415991306305,0.04300481081008911,-2.6651461124420166,-2.0,-0.29930591583251953,0.9541571736335754,-0.30396515130996704,-0.4580259919166565,-0.03316642343997955,-0.4633592963218689,-0.46730755468372737,-705.6816007661694,0.0,0.0
33.74,1687,0.15851503610610962,0.9873565435409546,0.1591864973306656,-0.01038309931755066,-2.669395685195923,-2.0,-0.3312861919403076,0.9435303211212158,-0.337666392326355,-0.48980122804641724,-0.04382624104619026,-0.49685290455818176,-0.5031516428807438,-706.1847524090501,0.0,0.0
33.76,1688,0.15725700557231903,0.9875577092170715,0.157912477850914,-0.06370080262422562,-2.6658849716186523,-2.0,-0.36045587062835693,0.9327762722969055,-0.36875656247138977,-0.5177128314971924,-0.054781440645456314,-0.5266690254211426,-0.535578867905795,-706.7203312769559,0.0,0.0
33.78,1689,0.15494976937770844,0.9879223704338074,0.15557660162448883,-0.11679339408874512,-2.654629707336426,-2.0,-0.3866489827632904,0.9222269654273987,-0.3969951868057251,-0.5415987372398376,-0.0656953901052475,-0.5525718331336975,-0.5643331702207417,-707.2846644471766,0.0,0.0
33.8,1690,0.1515996903181076,0.9884419441223145,0.15218646824359894,-0.16950665414333344,-2.6356632709503174,-2.0,-0.40973538160324097,0.9122044444084167,-0.4221639633178711,-0.5613350868225098,-0.07623754441738129,-0.5743504166603088,-0.5891816614565749,-707.8738461086332,0.0,0.0
33.82,1691,0.14721572399139404,0.9891043901443481,0.14775273203849792,-0.2216874212026596,-2.6090383529663086,-2.0,-0.42961665987968445,0.9030113816261292,-0.44406822323799133,-0.5768323540687561,-0.08609304577112198,-0.5918209552764893,-0.609916689563416,-708.4837627981966,0.0,0.0
33.84,1692,0.1418094038963318,0.9898939728736877,0.14228904247283936,-0.2731839418411255,-2.57482647895813,-2.0,-0.44622138142585754,0.8949226140975952,-0.46253859996795654,-0.5880308151245117,-0.09497138112783432,-0.6048276424407959,-0.6263572705323376,-709.110120068729,0.0,0.0
33.86,1693,0.13539500534534454,0.9907916784286499,0.13581211864948273,-0.32384631037712097,-2.53311824798584,-2.0,-0.45950010418891907,0.8881776928901672,-0.4774322807788849,-0.59489506483078,-0.10261397808790207,-0.6132444143295288,-0.6383507210110404,-709.74847078974,0.0,0.0
33.88,1694,0.12798954546451569,0.9917755126953125,0.12834158539772034,-0.37352681159973145,-2.4840245246887207,-2.0,-0.4694202244281769,0.8829748630523682,-0.48863404989242554,-0.5974097847938538,-0.10880063474178314,-0.6169756650924683,-0.645773865785228,-710.3942446555253,0.0,0.0
33.9,1695,0.11961290240287781,0.9928206205368042,0.11989998072385788,-0.42208030819892883,-2.427675724029541,-2.0,-0.475961834192276,0.8794659376144409,-0.4960573613643646,-0.5955747365951538,-0.11335466057062149,-0.6159573197364807,-0.6485340285360847,-711.0427786840614,0.0,0.0
33.92,1696,0.1102878674864769,0.9938997030258179,0.11051268130540848,-0.46936479210853577,-2.3642239570617676,-2.0,-0.47911372780799866,0.8777528405189514,-0.4996447265148163,-0.5894016027450562,-0.11614685505628586,-0.6101574301719666,-0.6465700440718034,-711.6893487281333,0.0,0.0
33.94,1697,0.10004022717475891,0.9949833750724792,0.1002078503370285,-0.5152416229248047,-2.29384183883667,-2.0,-0.47887122631073,0.8778851628303528,-0.49936848878860474,-0.5789114832878113,-0.11709824204444885,-0.5995763540267944,-0.6398525765551322,-712.3292013046884,0.0,0.0
33.96,1698,0.08889881521463394,0.9960406422615051,0.08901632577180862,-0.5595760941505432,-2.216724395751953,-2.0,-0.47523465752601624,0.8798590898513794,-0.49523070454597473,-0.5641334652900696,-0.11618157476186752,-0.5842470526695251,-0.6283848164007539,-712.9575861210891,0.0,0.0
33.980000000000004,1699,0.0768955871462822,0.9970391392707825,0.07697156816720963,-0.60223788022995,-2.1330888271331787,-2.0,-0.46820956468582153,0.8836174607276917,-0.48726344108581543,-0.5451051592826843,-0.11342170089483261,-0.5642350316047668,-0.6122022741602071,-713.5697883952492,0.0,0.0
34.0,1700,0.06406563520431519,0.9979456663131714,0.06410954147577286,-0.6431013941764832,-2.043175458908081,-2.0,-0.45780816674232483,0.8890510201454163,-0.4755282700061798,-0.5218737721443176,-0.10889468342065811,-0.5396378040313721,-0.5913729825564891,-714.1611613778057,0.0,0.0
34.02,1701,0.050447192043066025,0.9987267255783081,0.05046861618757248,-0.6820463538169861,-1.9472465515136719,-2.0,-0.44405198097229004,0.8960010409355164,-0.460115909576416,-0.49449917674064636,-0.10272569954395294,-0.5105845332145691,-0.5659968846902953,-714.727158262496,0.0,0.0
34.04,1702,0.036081619560718536,0.9993488192558289,0.0360894538462162,-0.7189580798149109,-1.8455884456634521,-2.0,-0.42697566747665405,0.9042630791664124,-0.4411455988883972,-0.4630573093891144,-0.0950857400894165,-0.4772350788116455,-0.5362053620806421,-715.2633636245766,0.0,0.0
34.06,1703,0.02101333998143673,0.999779224395752,0.02101488597691059,-0.7537283301353455,-1.7385095357894897,-2.0,-0.40663158893585205,0.9135922193527222,-0.41876402497291565,-0.42764490842819214,-0.0861869677901268,-0.4397788941860199,-0.5021604853799314,-715.7655241099566,0.0,0.0
34.08,1704,0.005289759486913681,0.9999859929084778,0.005289784166961908,-0.7862551212310791,-1.6263408660888672,-2.0,-0.3830946385860443,0.9237090945243835,-0.3931442201137543,-0.3883844017982483,-0.07627691328525543,-0.39843401312828064,-0.46405380911741,-716.229577919074,0.0,0.0
34.1,1705,-0.010147887282073498,0.9999485015869141,-0.01014806143939495,-0.771892249584198,0.718142569065094,0.9701032042503357,-0.3564675450325012,0.9343076944351196,-0.3644843101501465,-0.34631964564323425,-0.06564079970121384,-0.3543362617492676,-0.3924071612005918,-716.6219850802746,0.0,0.0
34.12,1706,-0.024941876530647278,0.9996889233589172,-0.02494446374475956,-0.7398200631141663,1.6036090850830078,2.0,-0.32688531279563904,0.9450640082359314,-0.3330059349536896,-0.30194342136383057,-0.05462488532066345,-0.30806148052215576,-0.3795398472676209,-717.0015249275423,0.0,0.0
34.14,1707,-0.039046432822942734,0.9992374181747437,-0.03905636444687843,-0.7055950164794922,1.7112531661987305,2.0,-0.2945193350315094,0.9556455016136169,-0.29895249009132385,-0.25547289848327637,-0.04359187185764313,-0.2598961293697357,-0.33394957160804706,-717.3354744991503,0.0,0.0
34.160000000000004,1708,-0.05241873115301132,0.9986252188682556,-0.052442766726017,-0.6693201661109924,1.8137439489364624,2.0,-0.2595800459384918,0.965721607208252,-0.262587308883667,-0.2071613073348999,-0.03290359675884247,-0.2101445496082306,-0.2865097238651651,-717.6219842230155,0.0,0.0
34.18,1709,-0.06501895934343338,0.9978840351104736,-0.06506486237049103,-0.6311047673225403,1.910770297050476,2.0,-0.22231827676296234,0.9749741554260254,-0.2241916060447693,-0.15729930996894836,-0.02290988340973854,-0.15912674367427826,-0.23752244790487784,-717.8595066709204,0.0,0.0
34.2,1710,-0.07681041210889816,0.9970456957817078,-0.0768861398100853,-0.5910638570785522,2.0020434856414795,2.0,-0.18302473425865173,0.9831082820892334,-0.18406227231025696,-0.10621432214975357,-0.013937407173216343,-0.10717613995075226,-0.18730546769165884,-718.046812138612,0.0,0.0
34.22,1711,-0.08775945752859116,0.9961416721343994,-0.08787249773740768,-0.5493178963661194,2.0872974395751953,2.0,-0.14202775061130524,0.9898626804351807,-0.14250962436199188,-0.05426829308271408,-0.006279019173234701,-0.054637134075164795,-0.13618977557439832,-718.1830019141864,0.0,0.0
34.24,1712,-0.09783558547496796,0.9952026009559631,-0.09799233824014664,-0.5059921145439148,2.1662895679473877,2.0,-0.09968913346529007,0.9950186610221863,-0.09985499083995819,-0.0018535442650318146,-0.0001839598553488031,-0.0018626509699970484,-0.08451728508735074,-718.2675191992738,0.0,0.0
34.26,1713,-0.10701136291027069,0.9942578077316284,-0.10721666365861893,-0.46121612191200256,2.238800048828125,2.0,-0.05639825016260147,0.9984083771705627,-0.05642819404602051,0.05061311274766922,0.004150554537773132,0.05078846961259842,-0.047361670961947704,-718.3148808702357,0.0,0.0
34.28,1714,-0.11526237428188324,0.9933350682258606,-0.11551912873983383,-0.41512349247932434,2.3046317100524902,2.0,-0.01256471686065197,0.9999210834503174,-0.012565047480165958,0.10269765555858612,0.006585978902876377,0.10295408219099045,-0.09909093759932733,-718.413971807835,0.0,0.0
34.300000000000004,1715,-0.12256718426942825,0.9924601912498474,-0.12287615984678268,-0.36785128712654114,2.363610029220581,2.0,0.031390100717544556,0.9995071887969971,0.031395260244607925,0.1539572775363922,0.007046990562230349,0.1542714238166809,-0.15031110998491704,-718.5642829178199,0.0,0.0
34.32,1716,-0.1289072483778,0.9916566610336304,-0.12926694750785828,-0.3195396363735199,2.4155824184417725,2.0,0.07504218071699142,0.9971803426742554,0.07511279731988907,0.20394942164421082,0.005523704458028078,0.20437975227832794,-0.20066221054291952,-718.7649451283628,0.0,0.0
34.34,1717,-0.13426685333251953,0.9909452199935913,-0.1346735805273056,-0.2703312933444977,2.4604177474975586,2.0,0.11797410994768143,0.9930166602134705,0.11824949830770493,0.25224095582962036,0.0020714590791612864,0.25292307138442993,-0.24978637333858295,-719.0147315017014,0.0,0.0
34.36,1718,-0.13863304257392883,0.9903438091278076,-0.13908100128173828,-0.22037117183208466,2.4980058670043945,2.0,0.1597839742898941,0.9871519804000854,0.1604718118906021,0.29841700196266174,-0.003191811963915825,0.2995527982711792,-0.2973304977382792,-719.3120619994396,0.0,0.0
34.38,1719,-0.14199556410312653,0.9898672699928284,-0.1424771249294281,-0.16980603337287903,2.52825665473938,2.0,0.2000933736562729,0.9797768592834473,0.20145322382450104,0.3420889377593994,-0.010090460069477558,0.34393033385276794,-0.3429489321088198,-719.6550109315484,0.0,0.0
34.4,1720,-0.14434677362442017,0.98952716588974,-0.14485280215740204,-0.11878404021263123,2.551100015640259,2.0,0.2385542392730713,0.9711291790008545,0.24087683856487274,0.38290101289749146,-0.018397988751530647,0.3857296407222748,-0.3863060247829309,-720.0413169563313,0.0,0.0
34.42,1721,-0.14568160474300385,0.9893315434455872,-0.14620189368724823,-0.06745432317256927,2.56648588180542,2.0,0.2748539447784424,0.9614859819412231,0.2784378230571747,0.4205355644226074,-0.027845541015267372,0.4246397018432617,-0.4270787259475936,-720.4683956822789,0.0,0.0
34.44,1722,-0.1459975242614746,0.9892849326133728,-0.14652122557163239,-0.015966683626174927,2.5743818283081055,2.0,0.308718740940094,0.9511533975601196,0.313845694065094,0.4547162652015686,-0.038131583482027054,0.4603669047355652,-0.46495904410137595,-720.9333547263803,0.0,0.0
34.46,1723,-0.14529451727867126,0.9893884658813477,-0.14581064879894257,0.03552882745862007,2.574775457382202,2.0,0.33991512656211853,0.9404560923576355,0.3468266427516937,0.4852096438407898,-0.048932332545518875,0.4926373064517975,-0.49965633857166697,-721.433011064952,0.0,0.0
34.480000000000004,1724,-0.14357510209083557,0.989639401435852,-0.1440729945898056,0.08688227087259293,2.56767201423645,2.0,0.36824968457221985,0.9297269582748413,0.37712568044662476,0.5118247866630554,-0.059912487864494324,0.5211986899375916,-0.5308996418816431,-721.9639107068336,0.0,0.0
34.5,1725,-0.14084425568580627,0.9900317788124084,-0.14131411910057068,0.13794417679309845,2.553095579147339,2.0,0.39356696605682373,0.9192959666252136,0.404508501291275,0.5344112515449524,-0.07073581963777542,0.5458226203918457,-0.558439795929625,-722.5223505027633,0.0,0.0
34.52,1726,-0.13710953295230865,0.9905558824539185,-0.13754279911518097,0.1885659545660019,2.5310885906219482,2.0,0.41574639081954956,0.9094805717468262,0.42876332998275757,0.552855908870697,-0.08107530325651169,0.5663061141967773,-0.5820512976565626,-723.1044018004199,0.0,0.0
34.54,1727,-0.13238105177879333,0.9911988973617554,-0.13277079164981842,0.23860019445419312,2.5017120838165283,2.0,0.4346977472305298,0.9005764126777649,0.4497026205062866,0.5670787692070007,-0.09062249213457108,0.5824733972549438,-0.6015341223626457,-723.7059359227825,0.0,0.0
34.56,1728,-0.12667153775691986,0.9919447302818298,-0.12701277434825897,0.2879011332988739,2.4650461673736572,2.0,0.4503563940525055,0.8928488492965698,0.46716445684432983,0.5770279169082642,-0.09909584373235703,0.59417724609375,-0.6167153904629478,-724.3226513132454,0.0,0.0
34.58,1729,-0.11999641358852386,0.9927743077278137,-0.12028627097606659,0.33632490038871765,2.421189546585083,2.0,0.4626781940460205,0.8865262866020203,0.48101383447647095,0.5826746225357056,-0.10624802857637405,0.6013001203536987,-0.6274507285372087,-724.9501020417825,0.0,0.0
34.6,1730,-0.11237380653619766,0.9936659932136536,-0.11261166632175446,0.3837301433086395,2.3702614307403564,2.0,0.4716346263885498,0.8817940354347229,0.4911436140537262,0.5840084552764893,-0.11187194287776947,0.6037552952766418,-0.6336255033287767,-725.5837275451113,0.0,0.0
34.62,1731,-0.1038246676325798,0.9945955872535706,-0.10401210933923721,0.4299781620502472,2.3124003410339355,2.0,0.47720855474472046,0.8787900805473328,0.4974755048751831,0.5810332298278809,-0.11580554395914078,0.6014876365661621,-0.635155719901589,-726.2188832650129,0.0,0.0
34.64,1732,-0.09437278658151627,0.9955369234085083,-0.094513438642025,0.4749334752559662,2.2477657794952393,2.0,0.4793908894062042,0.8776015043258667,0.4999605119228363,0.5737636685371399,-0.11793544143438339,0.5944739580154419,-0.6319889414033533,-726.8508722064163,0.0,0.0
34.660000000000004,1733,-0.08404489606618881,0.9964619874954224,-0.08414415270090103,0.518464207649231,2.1765377521514893,2.0,0.4781784117221832,0.8782626986503601,0.4985794425010681,0.5622233152389526,-0.11819924414157867,0.5827236175537109,-0.6241046640184541,-727.4749768704347,0.0,0.0
34.68,1734,-0.0728706568479538,0.9973413944244385,-0.07293529808521271,0.5604425668716431,2.0989179611206055,2.0,0.47357288002967834,0.8807546496391296,0.49334296584129333,0.546443521976471,-0.11658675968647003,0.5662782788276672,-0.6115147430050079,-728.0864916134398,0.0,0.0
34.7,1735,-0.06088272109627724,0.9981449246406555,-0.06092039868235588,0.6007451415061951,2.015129327774048,2.0,0.4655815362930298,0.885004997253418,0.48429158329963684,0.5264642238616943,-0.11313992738723755,0.5452119708061218,-0.5942633630581938,-728.680754976498,0.0,0.0
34.72,1736,-0.048116739839315414,0.9988417029380798,-0.04813532903790474,0.6392534971237183,1.9254167079925537,2.0,0.45421892404556274,0.8908901214599609,0.47149527072906494,0.5023356676101685,-0.10795161128044128,0.5196306109428406,-0.5724269105562647,-729.2531818870542,0.0,0.0
34.74,1737,-0.03461132571101189,0.9994008541107178,-0.03461823984980583,0.6758544445037842,1.8300468921661377,2.0,0.43950989842414856,0.8982377648353577,0.4550529718399048,0.47412124276161194,-0.1011631041765213,0.4896712303161621,-0.5461135092589126,-729.7992953963131,0.0,0.0
34.76,1738,-0.020408010110259056,0.9997917413711548,-0.02040942572057247,0.7104405760765076,1.7293082475662231,2.0,0.4214937090873718,0.9068313241004944,0.43509188294410706,0.4419017434120178,-0.0929604172706604,0.4555013179779053,-0.5154623983318123,-730.314757794645,0.0,0.0
34.78,1739,-0.005551181733608246,0.9999845623970032,-0.005551210138946772,0.7429108023643494,1.6235103607177734,2.0,0.4002286195755005,0.9164153337478638,0.41176629066467285,0.40577980875968933,-0.08356926590204239,0.4173175096511841,-0.48064309323480575,-730.7954008878797,0.0,0.0
34.800000000000004,1740,0.009912037290632725,0.9999508857727051,0.009912199340760708,0.7731704711914062,1.5129836797714233,2.0,0.37579697370529175,0.9267020225524902,0.3852566182613373,0.365884929895401,-0.07324884831905365,0.3753444254398346,-0.44185409128833586,-731.237254979168,0.0,0.0
34.82,1741,0.0247323177754879,0.9996941089630127,0.02473483979701996,0.7411320209503174,-1.6019216775894165,-2.0,0.3483102321624756,0.9373793005943298,0.3557678461074829,0.3235779106616974,-0.06231478974223137,0.33103299140930176,-0.4005217779002885,-731.6377767570683,0.0,0.0
34.84,1742,0.038863785564899445,0.9992445111274719,0.0388735756278038,0.7069368362426758,-1.7097604274749756,-2.0,0.3179134726524353,0.9481196999549866,0.323527991771698,0.27904969453811646,-0.05112478882074356,0.2846544086933136,-0.35689426895509463,-731.9946710260234,0.0,0.0
34.86,1743,0.05226351320743561,0.9986333250999451,0.05228733271360397,0.6706878542900085,-1.8124504089355469,-2.0,0.2847890555858612,0.9585902094841003,0.2887863516807556,0.2325255274772644,-0.04004311189055443,0.23649901151657104,-0.311240658006368,-732.3059116840298,0.0,0.0
34.88,1744,0.06489159166812897,0.9978923201560974,0.06493721902370453,0.6324942111968994,-1.9096795320510864,-2.0,0.2491588294506073,0.9684626460075378,0.25181159377098083,0.18426723778247833,-0.029429685324430466,0.1868743896484375,-0.26384913313496366,-732.5697608171647,0.0,0.0
34.9,1745,0.07671120762825012,0.997053325176239,0.07678663730621338,0.5924710631370544,-2.0011584758758545,-2.0,0.21128518879413605,0.9774244427680969,0.2128896415233612,0.13457398116588593,-0.019628897309303284,0.13610300421714783,-0.21502495380718714,-732.7847857709719,0.0,0.0
34.92,1746,0.08768864721059799,0.9961479306221008,0.08780141174793243,0.5507386922836304,-2.086620330810547,-2.0,0.17146988213062286,0.9851893782615662,0.17232146859169006,0.08378124237060547,-0.010958570055663586,0.08452004939317703,-0.16508822828137767,-732.9498739992533,0.0,0.0
34.94,1747,0.09779331088066101,0.9952067732810974,0.09794985502958298,0.5074222087860107,-2.1658217906951904,-2.0,0.13005132973194122,0.9915072321891785,0.1304207593202591,0.03225802630186081,-0.003699484746903181,0.03247089684009552,-0.11437161083443148,-733.0642456100877,0.0,0.0
34.96,1748,0.10699766874313354,0.9942592978477478,0.10720288753509521,0.4626513719558716,-2.2385425567626953,-2.0,0.08739987760782242,0.9961733222007751,0.08751153200864792,-0.019597791135311127,0.0019140373915433884,-0.019691355526447296,-0.06321787408714705,-733.1274634841749,0.0,0.0
34.980000000000004,1749,0.11527722328901291,0.9933333396911621,0.11553408205509186,0.4165596663951874,-2.3045847415924072,-2.0,0.04391147568821907,0.9990354180335999,0.04392559826374054,-0.07136575132608414,0.005702067166566849,-0.07160848379135132,-0.06802254679944081,-733.1954860309743,0.0,0.0
35.0,1750,0.12261045724153519,0.9924548864364624,0.12291976064443588,0.3692842125892639,-2.3637731075286865,-2.0,-5.881399527281599e-15,1.0,-5.881399527281599e-15,-0.12261045724153519,0.007545126602053642,-0.12291976064443588,-0.11899416485654377,-733.3144801958308,0.0,0.0
35.02,1751,0.12897875905036926,0.9916473627090454,0.1293390691280365,0.32096511125564575,-2.41595458984375,-2.0,-0.04391147568821907,0.9990354180335999,-0.04392559826374054,-0.17289023101329803,0.007388069294393063,-0.17326466739177704,-0.16933906558859718,-733.4838192614194,0.0,0.0
35.04,1752,0.13436633348464966,0.9909317493438721,0.13477396965026855,0.2717451751232147,-2.4609973430633545,-2.0,-0.08739987760782242,0.9961733222007751,-0.08751153200864792,-0.22176620364189148,0.005241581704467535,-0.22228549420833588,-0.21869956736201265,-733.7025188287814,0.0,0.0
35.06,1753,0.13876016438007355,0.9903259873390198,0.13920935988426208,0.22176936268806458,-2.498790740966797,-2.0,-0.13005132973194122,0.9915072321891785,-0.1304207593202591,-0.26881149411201477,0.0011812463635578752,-0.26963010430336,-0.2667208883202112,-733.9692397171017,0.0,0.0
35.08,1754,0.1421499103307724,0.9898451566696167,0.14263305068016052,0.1711844801902771,-2.5292441844940186,-2.0,-0.17146988213062286,0.9851893782615662,-0.17232146859169006,-0.31361979246139526,-0.004655779339373112,-0.3149545192718506,-0.31305380514475084,-734.2822935222464,0.0,0.0
35.1,1755,0.144527867436409,0.9895007014274597,0.14503581821918488,0.1201387271285057,-2.5522873401641846,-2.0,-0.21128518879413605,0.9774244427680969,-0.2128896415233612,-0.35581305623054504,-0.012076272629201412,-0.3579254746437073,-0.35735728897094593,-734.6396508112174,0.0,0.0
35.12,1756,0.14588892459869385,0.9893009662628174,0.1464114487171173,0.06878134608268738,-2.567868947982788,-2.0,-0.2491588294506073,0.9684626460075378,-0.25181159377098083,-0.39504775404930115,-0.020838342607021332,-0.39822304248809814,-0.3993010888430046,-735.0389519000604,0.0,0.0
35.14,1757,0.14623045921325684,0.9892505407333374,0.14675669372081757,0.017262205481529236,-2.5759570598602295,-2.0,-0.2847890555858612,0.9585902094841003,-0.2887863516807556,-0.43101951479911804,-0.03066033497452736,-0.435543030500412,-0.4385682852169576,-735.4775201852774,0.0,0.0
35.160000000000004,1758,0.14555242657661438,0.9893505573272705,0.14607131481170654,-0.03426855430006981,-2.576537847518921,-2.0,-0.3179134726524353,0.9481196999549866,-0.323527991771698,-0.4634658992290497,-0.041230812668800354,-0.46959930658340454,-0.4748576720690458,-735.9523778573464,0.0,0.0
35.18,1759,0.14385724067687988,0.9895984530448914,0.1443580985069275,-0.0856608897447586,-2.5696167945861816,-2.0,-0.3483102321624756,0.9373793005943298,-0.3557678461074829,-0.49216747283935547,-0.05221913382411003,-0.5001259446144104,-0.5078860943454677,-736.4602639516919,0.0,0.0
35.2,1760,0.1411498486995697,0.9899882674217224,0.14162279665470123,-0.1367652416229248,-2.5552172660827637,-2.0,-0.37579697370529175,0.9267020225524902,-0.3852566182613373,-0.5169467926025391,-0.06328621506690979,-0.5268794298171997,-0.5373906439266221,-736.9976545956185,0.0,0.0
35.22,1761,0.13743774592876434,0.9905104041099548,0.13787414133548737,-0.18743287026882172,-2.533381223678589,-2.0,-0.4002286195755005,0.9164153337478638,-0.41176629066467285,-0.537666380405426,-0.07409507781267166,-0.549640417098999,-0.5631307587942237,-737.5607853544128,0.0,0.0
35.24,1762,0.13273096084594727,0.9911521077156067,0.13312381505966187,-0.23751625418663025,-2.504169464111328,-2.0,-0.4214937090873718,0.9068313241004944,-0.43509188294410706,-0.5542246699333191,-0.0843207836151123,-0.5682156682014465,-0.5848901061329121,-738.1456754605457,0.0,0.0
35.26,1763,0.12704218924045563,0.9918973445892334,0.1273864209651947,-0.28686946630477905,-2.467661142349243,-2.0,-0.43950989842414856,0.8982377648353577,-0.4550529718399048,-0.5665521025657654,-0.09365957230329514,-0.5824394226074219,-0.6024783088719077,-738.7481537694176,0.0,0.0
35.28,1764,0.1203867495059967,0.9927270412445068,0.12067945301532745,-0.33534857630729675,-2.423955202102661,-2.0,-0.45421892404556274,0.8908901214599609,-0.47149527072906494,-0.5746056437492371,-0.10183696448802948,-0.5921747088432312,-0.6157324261267265,-739.3638861955444,0.0,0.0
35.300000000000004,1765,0.11278273910284042,0.9936196804046631,0.11302321404218674,-0.3828119933605194,-2.3731698989868164,-2.0,-0.4655815362930298,0.885004997253418,-0.48429158329963684,-0.5783642530441284,-0.10861467570066452,-0.5973147749900818,-0.624518485405194,-739.9884046809497,0.0,0.0
35.32,1766,0.10425102710723877,0.9945510029792786,0.10444080084562302,-0.42912083864212036,-2.315443515777588,-2.0,-0.47357288002967834,0.8807546496391296,-0.49334296584129333,-0.5778238773345947,-0.11379637569189072,-0.5977837443351746,-0.6287323809490675,-740.6171370618987,0.0,0.0
35.34,1767,0.09481536597013474,0.9954949021339417,0.09495800733566284,-0.474139541387558,-2.2509348392486572,-2.0,-0.4781784117221832,0.8782626986503601,-0.4985794425010681,-0.5729937553405762,-0.11723215132951736,-0.593537449836731,-0.6283009724958231,-741.2454380343945,0.0,0.0
35.36,1768,0.08450239151716232,0.9964233040809631,0.08460328727960587,-0.51773601770401,-2.179823875427246,-2.0,-0.4793908894062042,0.8776015043258667,-0.4999605119228363,-0.5638932585716248,-0.11882178485393524,-0.5845637917518616,-0.623182728636049,-741.8686207630305,0.0,0.0
35.38,1769,0.0733417272567749,0.9973068833351135,0.07340764254331589,-0.5597822666168213,-2.102311372756958,-2.0,-0.47720855474472046,0.8787900805473328,-0.4974755048751831,-0.5505502820014954,-0.11851679533720016,-0.5708831548690796,-0.6133681530315465,-742.481988916062,0.0,0.0
35.4,1770,0.061365965753793716,0.9981153607368469,0.061404548585414886,-0.6001546382904053,-2.018620014190674,-2.0,-0.4716346263885498,0.8817940354347229,-0.4911436140537262,-0.5330005884170532,-0.11632127314805984,-0.5525481700897217,-0.5988800529786285,-743.0808689690407,0.0,0.0
35.42,1771,0.04861069098114967,0.9988178014755249,0.04862985759973526,-0.6387345194816589,-1.9289942979812622,-2.0,-0.4626781940460205,0.8865262866020203,-0.48101383447647095,-0.5112888813018799,-0.11229149997234344,-0.529643714427948,-0.5797734714291711,-743.6606424404698,0.0,0.0
35.44,1772,0.03511446714401245,0.999383270740509,0.03512168675661087,-0.6754085421562195,-1.8337006568908691,-2.0,-0.4503563940525055,0.8928488492965698,-0.46716445684432983,-0.48547086119651794,-0.10653442144393921,-0.5022861361503601,-0.5561355208739838,-744.2167779613438,0.0,0.0
35.46,1773,0.02091877907514572,0.9997811913490295,0.02092030458152294,-0.7100690603256226,-1.7330268621444702,-2.0,-0.4346977472305298,0.9005764126777649,-0.4497026205062866,-0.4556165337562561,-0.09920477122068405,-0.4706229269504547,-0.5280847615180669,-744.7448627228619,0.0,0.0
35.480000000000004,1774,0.006067972630262375,0.9999815821647644,0.0060680098831653595,-0.74261474609375,-1.6272823810577393,-2.0,-0.41574639081954956,0.9094805717468262,-0.42876332998275757,-0.42181435227394104,-0.09050100296735764,-0.4348313510417938,-0.49577063052678744,-745.2406333533886,0.0,0.0
35.5,1775,-0.009390865452587605,0.9999558925628662,-0.009391003288328648,-0.7729506492614746,-1.5167970657348633,-2.0,-0.39356696605682373,0.9192959666252136,-0.404508501291275,-0.384176105260849,-0.08065995573997498,-0.39511749148368835,-0.4593723265271133,-745.7000056799158,0.0,0.0
35.52,1776,-0.024896955117583275,0.9996899962425232,-0.024899527430534363,-0.7754262685775757,-0.1237783208489418,-0.29580968618392944,-0.36824968457221985,0.9297269582748413,-0.37712568044662476,-0.34335270524024963,-0.06996308267116547,-0.3522261679172516,-0.3804840067359016,-746.0804896866516,0.0,0.0
35.54,1777,-0.039712704718112946,0.9992111325263977,-0.03972315043210983,-0.7411810755729675,1.7122578620910645,2.0,-0.33991512656211853,0.9404560923576355,-0.3468266427516937,-0.3002024292945862,-0.05875502526760101,-0.3071035146713257,-0.3774025305144628,-746.4578922171661,0.0,0.0
35.56,1778,-0.0537928007543087,0.998552143573761,-0.053818780928850174,-0.7047814726829529,1.819980502128601,2.0,-0.308718740940094,0.9511533975601196,-0.313845694065094,-0.254925936460495,-0.04739874601364136,-0.2600269019603729,-0.33300786335225674,-746.7909000805183,0.0,0.0
35.58,1779,-0.0670950785279274,0.9977465867996216,-0.06714552640914917,-0.666337251663208,1.9222098588943481,2.0,-0.2748539447784424,0.9614859819412231,-0.2784378230571747,-0.20775887370109558,-0.03626060113310814,-0.21129228174686432,-0.28670016913822727,-747.0776002496566,0.0,0.0
35.6,1780,-0.07958057522773743,0.9968284368515015,-0.07966481149196625,-0.6259644627571106,2.0186398029327393,2.0,-0.2385542392730713,0.9711291790008545,-0.24087683856487274,-0.15897366404533386,-0.02569926157593727,-0.1612120270729065,-0.23877300848773791,-747.3163732581444,0.0,0.0
35.62,1781,-0.09121355414390564,0.9958313703536987,-0.09134051203727722,-0.5837846994400024,2.108987808227539,2.0,-0.2000933736562729,0.9797768592834473,-0.20145322382450104,-0.10887981951236725,-0.01605452224612236,-0.11011271178722382,-0.18953632945549284,-747.5059095875998,0.0,0.0
35.64,1782,-0.10196150839328766,0.9947883486747742,-0.10213900357484818,-0.5399248003959656,2.192995548248291,2.0,-0.1597839742898941,0.9871519804000854,-0.1604718118906021,-0.05782246217131615,-0.007636338472366333,-0.05833280086517334,-0.1393142184288979,-747.6452238060288,0.0,0.0
35.660000000000004,1783,-0.11179513484239578,0.9937312602996826,-0.11202932894229889,-0.4945162236690521,2.2704288959503174,2.0,-0.11797410994768143,0.9930166602134705,-0.11824949830770493,-0.006178973242640495,-0.0007146040443331003,-0.006220168434083462,-0.08844248179290126,-747.7336662878216,0.0,0.0
35.68,1784,-0.1206883043050766,0.9926904439926147,-0.12098322063684464,-0.44769468903541565,2.3410770893096924,2.0,-0.07504218071699142,0.9971803426742554,-0.07511279731988907,0.045646119862794876,0.004489907994866371,0.04587043076753616,-0.0427337256561536,-747.7764000134778,0.0,0.0
35.7,1785,-0.12861794233322144,0.9916942119598389,-0.12897521257400513,-0.3995996415615082,2.404752731323242,2.0,-0.031390100717544556,0.9995071887969971,-0.031395260244607925,0.09722783416509628,0.007812988944351673,0.0975799560546875,-0.09386241941544268,-747.8702624328932,0.0,0.0
35.72,1786,-0.13556399941444397,0.9907686114311218,-0.1359826922416687,-0.3503738045692444,2.461291551589966,2.0,0.01256471686065197,0.9999210834503174,0.012565047480165958,0.1481287181377411,0.009152469225227833,0.14854773879051208,-0.1445874326740439,-748.0148498655673,0.0,0.0
35.74,1787,-0.14150935411453247,0.9899369478225708,-0.1419859528541565,-0.30016279220581055,2.5105512142181396,2.0,0.05639825016260147,0.9984083771705627,0.05642819404602051,0.19790761172771454,0.008471434004604816,0.198414146900177,-0.19455099613010493,-748.2094008616974,0.0,0.0
35.76,1788,-0.14643973112106323,0.989219605922699,-0.14696824550628662,-0.24911455810070038,2.5524110794067383,2.0,0.09968913346529007,0.9950186610221863,0.09985499083995819,0.2461288571357727,0.005799037870019674,0.2468232363462448,-0.24339643394987484,-748.4527972956473,0.0,0.0
35.78,1789,-0.1503436118364334,0.9886338114738464,-0.15091581642627716,-0.19737912714481354,2.5867722034454346,2.0,0.14202775061130524,0.9898626804351807,0.14250962436199188,0.29237136244773865,0.001228871988132596,0.29342544078826904,-0.2907708131433538,-748.7435681087907,0.0,0.0
35.800000000000004,1790,-0.15321214497089386,0.9881933331489563,-0.15381798148155212,-0.14510802924633026,2.6135547161102295,2.0,0.18302473425865173,0.9831082820892334,0.18406227231025696,0.3362368643283844,-0.005085011012852192,0.3378802537918091,-0.33632760713894927,-749.0798957159296,0.0,0.0
35.82,1791,-0.15503913164138794,0.9879083037376404,-0.15566706657409668,-0.09245402365922928,2.632699966430664,2.0,0.22231827676296234,0.9749741554260254,0.2241916060447693,0.3773573935031891,-0.012934183701872826,0.37985867261886597,-0.3797293355974802,-749.4596250515272,0.0,0.0
35.84,1792,-0.15582092106342316,0.9877853393554688,-0.15645848214626312,-0.039570678025484085,2.644167423248291,2.0,0.2595800459384918,0.965721607208252,0.262587308883667,0.41540098190307617,-0.0220637246966362,0.4190458059310913,-0.42065008286900624,-749.8802751343961,0.0,0.0
35.86,1793,-0.15555642545223236,0.9878270030021667,-0.15619072318077087,0.013388050720095634,2.6479363441467285,2.0,0.2945193350315094,0.9556455016136169,0.29895249009132385,0.45007574558258057,-0.03218148276209831,0.4551432132720947,-0.4587780246980612,-750.3390531590942,0.0,0.0
35.88,1794,-0.15424706041812897,0.9880322813987732,-0.1548653542995453,0.06626813858747482,2.6440043449401855,2.0,0.32688531279563904,0.9450640082359314,0.3330059349536896,0.4811323583126068,-0.04296828806400299,0.48787128925323486,-0.4938178431415909,-750.8328710022358,0.0,0.0
35.9,1795,-0.15189677476882935,0.9883963465690613,-0.15248703956604004,0.11891589313745499,2.632387638092041,2.0,0.3564675450325012,0.9343076944351196,0.3644843101501465,0.5083643198013306,-0.05408865213394165,0.5169713497161865,-0.5254929701491567,-751.358363972385,0.0,0.0
35.92,1796,-0.14851205050945282,0.9889106154441833,-0.14906346797943115,0.17117831110954285,2.613121271133423,2.0,0.3830946385860443,0.9237090945243835,0.3931442201137543,0.5316066741943359,-0.06520150601863861,0.542207658290863,-0.5535477790167108,-751.9119117514017,0.0,0.0
35.94,1797,-0.14410196244716644,0.9895628690719604,-0.14460539817810059,0.22290347516536713,2.5862581729888916,2.0,0.40663158893585205,0.9135922193527222,0.41876402497291565,0.5507335662841797,-0.0759706199169159,0.5633693933486938,-0.5777496193566106,-752.4896613707583,0.0,0.0
35.96,1798,-0.1386781930923462,0.9903374910354614,-0.13912658393383026,0.27394092082977295,2.5518712997436523,2.0,0.42697566747665405,0.9042630791664124,0.4411455988883972,0.5656538605690002,-0.08607438951730728,0.5802721977233887,-0.5978906060798526,-753.0875519768382,0.0,0.0
35.980000000000004,1799,-0.13225512206554413,0.991215705871582,-0.13264374434947968,0.3241419494152069,2.510051965713501,2.0,0.44405198097229004,0.8960010409355164,0.460115909576416,0.5763071179389954,-0.09521467983722687,0.5927596688270569,-0.6137893410652353,-753.7013413179035,0.0,0.0
36.0,1800,-0.12484989315271378,0.9921756386756897,-0.1251765340566635,0.37336018681526184,2.460911750793457,2.0,0.45780816674232483,0.8890510201454163,0.4755282700061798,0.582658052444458,-0.10312463343143463,0.6007047891616821,-0.6252924481326186,-754.3266337660361,0.0,0.0
36.02,1801,-0.11648247390985489,0.993192732334137,-0.11674749851226807,0.4214518368244171,2.4045820236206055,2.0,0.46820956468582153,0.8836174607276917,0.48726344108581543,0.5846920609474182,-0.1095752939581871,0.6040109395980835,-0.6322757721105843,-754.9589095381467,0.0,0.0
36.04,1802,-0.10717573016881943,0.9942401051521301,-0.10738197714090347,0.46827614307403564,2.3412153720855713,2.0,0.47523465752601624,0.8798590898513794,0.49523070454597473,0.5824103951454163,-0.11438100039958954,0.6026126742362976,-0.6346454206013072,-755.593554958748,0.0,0.0
36.06,1803,-0.09695551544427872,0.9952887296676636,-0.09710806608200073,0.5136958360671997,2.2709851264953613,2.0,0.47887122631073,0.8778851628303528,0.49936848878860474,0.5758267641067505,-0.1174035593867302,0.5964765548706055,-0.6323387674405968,-756.2258937261886,0.0,0.0
36.08,1804,-0.08585070073604584,0.9963080286979675,-0.08595651388168335,0.5575775504112244,2.1940865516662598,2.0,0.47911372780799866,0.8777528405189514,0.4996447265148163,0.5649644136428833,-0.11855518072843552,0.585601270198822,-0.625325000422933,-756.8512187266115,0.0,0.0
36.1,1805,-0.07389325648546219,0.9972661733627319,-0.07396066188812256,0.5997923016548157,2.1107373237609863,2.0,0.475961834192276,0.8794659376144409,0.4960573613643646,0.5498550534248352,-0.11780021339654922,0.5700179934501648,-0.6136053919359097,-757.4648241185474,0.0,0.0
36.12,1806,-0.061118233948946,0.9981305599212646,-0.06115634739398956,0.6402158737182617,2.021177291870117,2.0,0.4694202244281769,0.8829748630523682,0.48863404989242554,0.5305384993553162,-0.1151556521654129,0.5497903823852539,-0.5972137096098641,-758.0620378281573,0.0,0.0
36.14,1807,-0.047563809901475906,0.9988682270050049,-0.047581762075424194,0.678729236125946,1.9256693124771118,2.0,0.45950010418891907,0.8881776928901672,0.4774322807788849,0.5070639252662659,-0.11069048196077347,0.5250140428543091,-0.5762158132388016,-758.6382536413961,0.0,0.0
36.160000000000004,1808,-0.03327123820781708,0.9994463324546814,-0.03327737748622894,0.7152191996574402,1.8244984149932861,2.0,0.44622138142585754,0.8949226140975952,0.46253859996795654,0.4794926345348358,-0.10452375560998917,0.4958159923553467,-0.5507096598690345,-759.1889633012652,0.0,0.0
36.18,1809,-0.018284786492586136,0.999832808971405,-0.018285805359482765,0.7495786547660828,1.7179723978042603,2.0,0.42961665987968445,0.9030113816261292,0.44406822323799133,0.4479014575481415,-0.09682145714759827,0.46235403418540955,-0.5208244058377438,-759.7097877071029,0.0,0.0
36.2,1810,-0.002651661168783903,0.9999964833259583,-0.0026516641955822706,0.7817071080207825,1.6064211130142212,2.0,0.40973538160324097,0.9122044444084167,0.4221639633178711,0.41238704323768616,-0.0877920612692833,0.4248156249523163,-0.4867198874396402,-760.1965075945426,0.0,0.0
36.22,1811,0.013578138314187527,0.9999077916145325,0.013578555546700954,0.8115109801292419,1.490195631980896,2.0,0.3866489827632904,0.9222269654273987,0.3969951868057251,0.3730708360671997,-0.07768085598945618,0.38341665267944336,-0.4485854076190324,-760.6450930021616,0.0,0.0
36.24,1812,0.029336271807551384,0.9995695948600769,0.029340481385588646,0.7880962491035461,-1.170737624168396,-1.3872064352035522,0.36045587062835693,0.9327762722969055,0.36875656247138977,0.3311195969581604,-0.06679333001375198,0.3394160866737366,-0.3868981224024534,-761.0319911245641,0.0,0.0
36.26,1813,0.04438965767621994,0.9990143179893494,0.04440424591302872,0.7531883120536804,-1.7453951835632324,-2.0,0.3312861919403076,0.9435303211212158,0.337666392326355,0.2868965268135071,-0.055483970791101456,0.29326215386390686,-0.36435231515760813,-761.3963434397217,0.0,0.0
36.28,1814,0.0586923286318779,0.9982761144638062,0.058726076036691666,0.716091513633728,-1.8548414707183838,-2.0,0.29930591583251953,0.9541571736335754,0.30396515130996704,0.24061359465122223,-0.04411891847848892,0.24523906409740448,-0.31894031483391144,-761.7152837545556,0.0,0.0
36.300000000000004,1815,0.07220155745744705,0.99739009141922,0.07226443290710449,0.6769178509712219,-1.9586821794509888,-2.0,0.2647198438644409,0.9643253684043884,0.2679134011268616,0.19251829385757446,-0.03306470066308975,0.19564896821975708,-0.27170071653289196,-761.9869844710885,0.0,0.0
36.32,1816,0.08487790077924728,0.9963913559913635,0.08498015254735947,0.635785698890686,-2.056607246398926,-2.0,0.22777298092842102,0.973714292049408,0.22978992760181427,0.14289507269859314,-0.022677095606923103,0.1448097825050354,-0.2229332520102553,-762.2099177230988,0.0,0.0
36.34,1817,0.0966852605342865,0.9953150153160095,0.09683652967214584,0.592819094657898,-2.1483311653137207,-2.0,0.18875043094158173,0.9820250868797302,0.1898895502090454,0.09206517040729523,-0.013289917260408401,0.09305301308631897,-0.17295339660163925,-762.3828711197004,0.0,0.0
36.36,1818,0.10759080946445465,0.994195282459259,0.1077994778752327,0.5481472611427307,-2.2335925102233887,-2.0,0.1479753702878952,0.9889910221099854,0.1485207974910736,0.04038455709815025,-0.0052042147144675255,0.04072131589055061,-0.12209007432460303,-762.504961194025,0.0,0.0
36.38,1819,0.11756503582000732,0.9930651783943176,0.11783755570650101,0.5019041299819946,-2.31215500831604,-2.0,0.10580514371395111,0.9943869113922119,0.10600355267524719,-0.011759894900023937,0.0013216972583904862,-0.01183400396257639,-0.07068323869206458,-762.575644432717,0.0,0.0
36.4,1820,0.12658162415027618,0.9919561743736267,0.1269221156835556,0.454228013753891,-2.3838062286376953,-2.0,0.06262560933828354,0.9980370998382568,0.06266661733388901,-0.06395601481199265,0.006080895196646452,-0.06425550580024719,-0.060918566567050934,-762.636562999284,0.0,0.0
36.42,1821,0.1346174031496048,0.9908976554870605,0.13502733409404755,0.4052608609199524,-2.4483578205108643,-2.0,0.01884397678077221,0.9998224377632141,0.01884509064257145,-0.11577342450618744,0.008924785070121288,-0.11618224531412125,-0.11236071921154739,-762.7489237184956,0.0,0.0
36.44,1822,0.14165225625038147,0.9899165034294128,0.1421303004026413,0.35514795780181885,-2.5056447982788086,-2.0,-0.025119516998529434,0.9996844530105591,-0.025122158229351044,-0.1667717695236206,0.00976797379553318,-0.16725245118141174,-0.16328520528842716,-762.912208923784,0.0,0.0
36.46,1823,0.14766903221607208,0.9890368580818176,0.1482110470533371,0.304037481546402,-2.5555245876312256,-2.0,-0.06884065270423889,0.9976276755332947,-0.06889514625072479,-0.21650968492031097,0.008590834215283394,-0.2171061933040619,-0.21333320375602988,-763.12554212754,0.0,0.0
36.480000000000004,1824,0.15265345573425293,0.9882797598838806,0.15325264632701874,0.25207996368408203,-2.5978763103485107,-2.0,-0.11190052330493927,0.9937193989753723,-0.1121353805065155,-0.2645539939403534,0.005439634434878826,-0.26538801193237305,-0.262147790861935,-763.387689918402,0.0,0.0
36.5,1825,0.15659403800964355,0.9876630306243896,0.15724121034145355,0.19942793250083923,-2.632600784301758,-2.0,-0.15389446914196014,0.9880872964859009,-0.15450850129127502,-0.3104885220527649,0.0004242371942382306,-0.3117496967315674,-0.30937658387835515,-763.6970665022803,0.0,0.0
36.52,1826,0.15948200225830078,0.9872008562088013,0.1601659208536148,0.14623555541038513,-2.6596193313598633,-2.0,-0.1944403052330017,0.9809143543243408,-0.19568683207035065,-0.3539223074913025,-0.006286483723670244,-0.35585275292396545,-0.35467441573174924,-764.0517409180121,0.0,0.0
36.54,1827,0.16131116449832916,0.9869036078453064,0.16201907396316528,0.09265810251235962,-2.678872585296631,-2.0,-0.23318526148796082,0.9724323153495789,-0.23535196483135223,-0.39449644088745117,-0.014471267350018024,-0.3973710536956787,-0.39770590852109095,-764.4494468265332,0.0,0.0
36.56,1828,0.16207797825336456,0.9867779612541199,0.16279610991477966,0.03885166719555855,-2.690321683883667,-2.0,-0.2698114216327667,0.9629132151603699,-0.2731971740722656,-0.4318893849849701,-0.02386476844549179,-0.4359932839870453,-0.4381480746537931,-764.887594901187,0.0,0.0
36.58,1829,0.1617814004421234,0.9868265986442566,0.16249556839466095,-0.015027244575321674,-2.6939456462860107,-2.0,-0.30403926968574524,0.9526594877243042,-0.30892980098724365,-0.46582067012786865,-0.034167125821113586,-0.4714253842830658,-0.4756927390076318,-765.3632876401946,0.0,0.0
36.6,1830,0.1604229360818863,0.9870483875274658,0.16111911833286285,-0.06882210820913315,-2.6897430419921875,-2.0,-0.3356296420097351,0.9419940114021301,-0.3422735631465912,-0.4960525631904602,-0.04505433887243271,-0.5033926963806152,-0.5100489237906388,-765.8733365639853,0.0,0.0
36.62,1831,0.15800662338733673,0.9874380230903625,0.15867158770561218,-0.12237672507762909,-2.6777307987213135,-2.0,-0.36438336968421936,0.9312490224838257,-0.3729705810546875,-0.5223900079727173,-0.056189022958278656,-0.5316421389579773,-0.5409451514513776,-766.4142817154367,0.0,0.0
36.64,1832,0.1545390486717224,0.98798668384552,0.15516087412834167,-0.17553561925888062,-2.657944679260254,-2.0,-0.3901398777961731,0.9207556247711182,-0.4007834792137146,-0.5446789264678955,-0.06723107397556305,-0.5559443831443787,-0.5681314570227272,-766.9824131724594,0.0,0.0
36.660000000000004,1833,0.15002937614917755,0.9886815547943115,0.15059798955917358,-0.22814439237117767,-2.6304383277893066,-2.0,-0.4127737283706665,0.9108335971832275,-0.42549723386764526,-0.5628030896186829,-0.07784794270992279,-0.5760952234268188,-0.5913814674709902,-767.5737946399304,0.0,0.0
36.68,1834,0.14448945224285126,0.9895063638687134,0.1449969857931137,-0.2800500988960266,-2.595285654067993,-2.0,-0.43219074606895447,0.901782214641571,-0.4469207227230072,-0.5766801834106445,-0.08772412687540054,-0.5919176936149597,-0.610494220116915,-768.1842888600473,0.0,0.0
36.7,1835,0.13793377578258514,0.9904414415359497,0.1383749544620514,-0.3311016857624054,-2.552579164505005,-2.0,-0.44832292199134827,0.8938716650009155,-0.46488824486732483,-0.5862566828727722,-0.09656977653503418,-0.6032631993293762,-0.6252956752715324,-768.8095845353189,0.0,0.0
36.72,1836,0.13037970662117004,0.9914641380310059,0.13075195252895355,-0.3811503052711487,-2.5024313926696777,-2.0,-0.4611234664916992,0.8873359560966492,-0.4792608916759491,-0.5915032029151917,-0.1041281521320343,-0.6100128293037415,-0.6356401911166583,-769.4452247264355,0.0,0.0
36.74,1837,0.12184741348028183,0.9925488233566284,0.1221509501338005,-0.4300498366355896,-2.4449756145477295,-2.0,-0.4705619513988495,0.882366955280304,-0.4899275302886963,-0.5924093723297119,-0.11018188297748566,-0.6120784878730774,-0.6414118414026807,-770.0866365678382,0.0,0.0
36.76,1838,0.11236003041267395,0.9936675429344177,0.11259780824184418,-0.47765713930130005,-2.3803653717041016,-2.0,-0.47661980986595154,0.8791095614433289,-0.49680566787719727,-0.5889798402786255,-0.11455802619457245,-0.6094034910202026,-0.642525337312067,-770.7291619051504,0.0,0.0
36.78,1839,0.10194374620914459,0.9947901368141174,0.10212115198373795,-0.5238326787948608,-2.30877685546875,-2.0,-0.47928696870803833,0.8776582479476929,-0.49984210729599,-0.5812307000160217,-0.11713191121816635,-0.601963222026825,-0.6389268214752312,-771.3680887266256,0.0,0.0
36.800000000000004,1840,0.09062781929969788,0.9958848357200623,0.09075234085321426,-0.5684407949447632,-2.230407476425171,-2.0,-0.4785594642162323,0.8780551552772522,-0.49901336431503296,-0.5691872835159302,-0.11782968044281006,-0.589765727519989,-0.6305944445109243,-771.9986831711366,0.0,0.0
36.82,1841,0.07844465225934982,0.9969184994697571,0.07852532714605331,-0.6113503575325012,-2.145477533340454,-2.0,-0.474438339471817,0.8802887201309204,-0.4943258762359619,-0.552882969379425,-0.11662972718477249,-0.5728511810302734,-0.617538694096677,-772.6162218652332,0.0,0.0
36.84,1842,0.06542985141277313,0.9978571534156799,0.06547663360834122,-0.6524350047111511,-2.0542309284210205,-2.0,-0.46692997217178345,0.8842942714691162,-0.4858158528804779,-0.5323598384857178,-0.11356288194656372,-0.5512924790382385,-0.5998025062237022,-773.2160243714569,0.0,0.0
36.86,1843,0.05162220075726509,0.9986667037010193,0.05164515599608421,-0.6915736794471741,-1.956933856010437,-2.0,-0.45604774355888367,0.8899553418159485,-0.47354915738105774,-0.5076699256896973,-0.1087113693356514,-0.5251942873001099,-0.5774610095361888,-773.793485380993,0.0,0.0
36.88,1844,0.03706364333629608,0.9993128776550293,0.037072133272886276,-0.7286511659622192,-1.8538763523101807,-2.0,-0.4418147802352905,0.8971062898635864,-0.4576205909252167,-0.4788784086704254,-0.10220661014318466,-0.49469271302223206,-0.5506212901706283,-774.3441066711637,0.0,0.0
36.9,1845,0.021799232810735703,0.9997623562812805,0.02180095948278904,-0.7635586261749268,-1.7453713417053223,-2.0,-0.42426797747612,0.9055367112159729,-0.43815332651138306,-0.446067214012146,-0.0942256823182106,-0.45995429158210754,-0.5194215513189199,-774.8635282224826,0.0,0.0
36.92,1846,0.005877052433788776,0.9999827146530151,0.00587708642706275,-0.7961937189102173,-1.6317543983459473,-2.0,-0.40346255898475647,0.9149961471557617,-0.4152979552745819,-0.40933963656425476,-0.08498658239841461,-0.4211750328540802,-0.4840304127443217,-775.347558635227,0.0,0.0
36.94,1847,-0.010651939548552036,0.9999432563781738,-0.010652141645550728,-0.8264613747596741,-1.513383150100708,-2.0,-0.3794771730899811,0.9252011179924011,-0.3892311453819275,-0.3688252568244934,-0.07474217563867569,-0.3785790205001831,-0.4446458140871621,-775.7922044493141,0.0,0.0
36.96,1848,-0.026534508913755417,0.9996479153633118,-0.02653762325644493,-0.794274091720581,1.6093639135360718,2.0,-0.35241883993148804,0.9358423948287964,-0.36015450954437256,-0.3258843421936035,-0.06380551308393478,-0.33361688256263733,-0.40269352235337574,-776.1948979716675,0.0,0.0
36.980000000000004,1849,-0.04172098636627197,0.9991292953491211,-0.04173310101032257,-0.759773850440979,1.7250128984451294,2.0,-0.32242754101753235,0.9465941190719604,-0.3282928764820099,-0.2807065546512604,-0.052535153925418854,-0.2865597903728485,-0.3584214098440111,-776.5533193815115,0.0,0.0
37.0,1850,-0.05616482347249985,0.9984214901924133,-0.05619439482688904,-0.7230647802352905,1.8354536294937134,2.0,-0.2896801233291626,0.9571235179901123,-0.29389262199401855,-0.23351530730724335,-0.041297998279333115,-0.23769822716712952,-0.31209848158110803,-776.8654178630926,0.0,0.0
37.02,1851,-0.06982269138097763,0.9975594282150269,-0.06987955421209335,-0.6842578053474426,1.940347671508789,2.0,-0.2543927729129791,0.967100977897644,-0.25721976161003113,-0.1845700740814209,-0.03045843169093132,-0.18734021484851837,-0.2640130709420868,-777.1294309340346,0.0,0.0
37.04,1852,-0.08265455067157745,0.9965782761573792,-0.08274895697832108,-0.6434702277183533,2.0393800735473633,2.0,-0.2168220430612564,0.9762111306190491,-0.21855787932872772,-0.13416749238967896,-0.020367112010717392,-0.13580892980098724,-0.2144708064592752,-777.343901740494,0.0,0.0
37.06,1853,-0.09462367743253708,0.9955131411552429,-0.09476545453071594,-0.6008250117301941,2.132261037826538,2.0,-0.17726421356201172,0.9841632843017578,-0.1782059371471405,-0.08264053612947464,-0.011349814012646675,-0.08344048261642456,-0.16379242447803724,-777.507694164972,0.0,0.0
37.08,1854,-0.1056966632604599,0.9943984150886536,-0.10589446127414703,-0.5564504861831665,2.2187247276306152,2.0,-0.1360526978969574,0.9907016158103943,-0.13647596538066864,-0.030356036499142647,-0.003696817671880126,-0.030581502243876457,-0.1123114724570203,-777.620005637429,0.0,0.0
37.1,1855,-0.11584338545799255,0.9932674765586853,-0.11610405892133713,-0.5104798674583435,2.298530101776123,2.0,-0.09355364739894867,0.995614230632782,-0.0936906561255455,0.022289739921689034,0.002346748486161232,0.022413404658436775,-0.0603719028943757,-777.6803775403234,0.0,0.0
37.12,1856,-0.12503695487976074,0.9921520948410034,-0.12536507844924927,-0.4630506634712219,2.3714606761932373,2.0,-0.05015980079770088,0.9987412095069885,-0.05018085613846779,0.07487715035676956,0.006589119788259268,0.07518421858549118,-0.07167441986724518,-777.7520519601907,0.0,0.0
37.14,1857,-0.13325361907482147,0.991081953048706,-0.13365116715431213,-0.4143041968345642,2.437323808670044,2.0,-0.006282978691160679,0.9999802708625793,-0.006283020135015249,0.12697064876556396,0.008898291736841202,0.12736813724040985,-0.12347030384913824,-777.8755222640398,0.0,0.0
37.160000000000004,1858,-0.14047272503376007,0.9900845289230347,-0.140938863158226,-0.364385187625885,2.4959499835968018,2.0,0.03765450045466423,0.9992908239364624,0.037663403898477554,0.1781272292137146,0.00920626986771822,0.17860226333141327,-0.17465584387599986,-778.0501781079158,0.0,0.0
37.18,1859,-0.14667659997940063,0.9891844987869263,-0.14720769226551056,-0.31344133615493774,2.5471925735473633,2.0,0.08122898638248444,0.9966954588890076,0.08131857961416245,0.22790558636188507,0.0075109656900167465,0.2285262793302536,-0.2248710949070556,-778.2750492028229,0.0,0.0
37.2,1860,-0.15185043215751648,0.9884034991264343,-0.152440145611763,-0.261622816324234,2.5909271240234375,2.0,0.12402476370334625,0.9922791123390198,0.12434494495391846,0.27587518095970154,0.0038756397552788258,0.27678510546684265,-0.27375872676888424,-778.5488079295917,0.0,0.0
37.22,1861,-0.15598224103450775,0.9877598881721497,-0.1566217839717865,-0.20908179879188538,2.6270503997802734,2.0,0.16564279794692993,0.9861857891082764,0.16640977561473846,0.3216250240802765,-0.0015740436501801014,0.32303154468536377,-0.3209667280909722,-778.8697746576827,0.0,0.0
37.24,1862,-0.1590627282857895,0.9872684478759766,-0.15974122285842896,-0.1559721976518631,2.655479907989502,2.0,0.20570865273475647,0.9786132574081421,0.20718778669834137,0.36477139592170715,-0.00865519791841507,0.3669290244579315,-0.36615100278657514,-779.2359256604692,0.0,0.0
37.26,1863,-0.16108529269695282,0.9869405031204224,-0.16179020702838898,-0.10244914144277573,2.6761529445648193,2.0,0.2438790500164032,0.9698056578636169,0.24636366963386536,0.4049643278121948,-0.017134832218289375,0.4081538915634155,-0.40897799669669505,-779.6449036571659,0.0,0.0
37.28,1864,-0.16204588115215302,0.9867832064628601,-0.1627635806798935,-0.04866860434412956,2.6890268325805664,2.0,0.27984675765037537,0.9600446820259094,0.2836344838142395,0.4418926239013672,-0.026738539338111877,0.4463980495929718,-0.4491272516998201,-780.0940309088656,0.0,0.0
37.300000000000004,1865,-0.1619430035352707,0.9868001341819763,-0.16265931725502014,0.005212949123233557,2.694077730178833,2.0,0.31334367394447327,0.9496397972106934,0.3187119960784912,0.47528666257858276,-0.037160322070121765,0.48137131333351135,-0.4862938068987021,-780.5803247157644,0.0,0.0
37.32,1866,-0.16077768802642822,0.9869906306266785,-0.16147854924201965,0.059038951992988586,2.6913001537323,2.0,0.3441421687602997,0.9389175772666931,0.35132497549057007,0.5049198269844055,-0.048073090612888336,0.5128035545349121,-0.5201905401370709,-781.1005152559014,0.0,0.0
37.34,1867,-0.15855354070663452,0.9873504042625427,-0.1592254787683487,0.11265310645103455,2.6807079315185547,2.0,0.3720543384552002,0.928210973739624,0.3812212646007538,0.5306078791618347,-0.0591394267976284,0.5404467582702637,-0.5505504573629981,-781.6510657132644,0.0,0.0
37.36,1868,-0.15527664124965668,0.9878710508346558,-0.15590748190879822,0.16589976847171783,2.6623332500457764,2.0,0.3969299793243408,0.9178488850593567,0.40816962718963623,0.5522066354751587,-0.07002213597297668,0.5640771389007568,-0.5771287510346442,-782.228194464299,0.0,0.0
37.38,1869,-0.15095572173595428,0.988540530204773,-0.1515350043773651,0.2186243087053299,2.6362266540527344,2.0,0.41865313053131104,0.9081462025642395,0.43196171522140503,0.5696088671684265,-0.08039430528879166,0.5834966897964478,-0.5997046275222186,-782.8278990918212,0.0,0.0
37.4,1870,-0.14560210704803467,0.9893432259559631,-0.1461215317249298,0.2706734836101532,2.6024582386016846,2.0,0.43713751435279846,0.899394690990448,0.45241352915763855,0.5827395915985107,-0.08994854986667633,0.5985350608825684,-0.6180832461340131,-783.4459823379552,0.0,0.0
37.42,1871,-0.13922981917858124,0.990260124206543,-0.13968361914157867,0.3218958079814911,2.561117172241211,2.0,0.45232176780700684,0.8918548226356506,0.4693669378757477,0.5915516018867493,-0.09840527921915054,0.6090505719184875,-0.6320971437718433,-784.0780794817271,0.0,0.0
37.44,1872,-0.13185568153858185,0.9912689328193665,-0.13224077224731445,0.3721420466899872,2.512312173843384,2.0,0.46416425704956055,0.8857491612434387,0.48269081115722656,0.5960199236869812,-0.10551977157592773,0.614931583404541,-0.6416077112750012,-784.7196871930021,0.0,0.0
37.46,1873,-0.12349934875965118,0.9923446774482727,-0.12381546199321747,0.42126551270484924,2.4561729431152344,2.0,0.4726382791996002,0.8812565207481384,0.4922821819782257,0.5961376428604126,-0.11108814179897308,0.616097629070282,-0.6465062742037723,-785.3661934672058,0.0,0.0
37.480000000000004,1874,-0.11418342590332031,0.9934597015380859,-0.11443301290273666,0.4691224992275238,2.3928489685058594,2.0,0.47772809863090515,0.8785077333450317,0.49806681275367737,0.5919115543365479,-0.11495193839073181,0.6124998331069946,-0.646715195063685,-786.0129086622695,0.0,0.0
37.5,1875,-0.10393352806568146,0.9945842623710632,-0.10412155836820602,0.515572726726532,2.32251238822937,2.0,0.4794255495071411,0.8775825500488281,0.5,0.5833590626716614,-0.11700168251991272,0.6041215658187866,-0.6421883708865166,-786.655097033156,0.0,0.0
37.52,1876,-0.09277833998203278,0.9956867694854736,-0.09291195869445801,0.5604798793792725,2.245357036590576,2.0,0.47772809863090515,0.8785077333450317,0.49806681275367737,0.5705064535140991,-0.11717904359102249,0.590978741645813,-0.6329119604085363,-787.2880089935646,0.0,0.0
37.54,1877,-0.08074971288442612,0.9967343807220459,-0.08083772659301758,0.6037118434906006,2.1615986824035645,2.0,0.4726382791996002,0.8812565207481384,0.4922821819782257,0.5533879995346069,-0.11547789722681046,0.5731198787689209,-0.6189045359846338,-787.9069135295492,0.0,0.0
37.56,1878,-0.06788264960050583,0.9976933002471924,-0.06793489307165146,0.6451414227485657,2.071476697921753,2.0,0.46416425704956055,0.8857491612434387,0.48269081115722656,0.532046914100647,-0.11194416135549545,0.550625741481781,-0.600217077313614,-788.5071306068628,0.0,0.0
37.58,1879,-0.05421537160873413,0.9985292553901672,-0.05424196645617485,0.684646487236023,1.9752538204193115,2.0,0.45232176780700684,0.8918548226356506,0.4693669378757477,0.506537139415741,-0.1066744476556778,0.523608922958374,-0.5769327770718465,-789.0840633839347,0.0,0.0
37.6,1880,-0.039789244532585144,0.9992080926895142,-0.03979974985122681,0.7221108078956604,1.8732153177261353,2.0,0.43713751435279846,0.899394690990448,0.45241352915763855,0.4769267737865448,-0.09981341660022736,0.49221327900886536,-0.5491666882284647,-789.6332300721631,0.0,0.0
37.62,1881,-0.024648770689964294,0.9996961951255798,-0.024651266634464264,0.7574241757392883,1.7656701803207397,2.0,0.41865313053131104,0.9081462025642395,0.43196171522140503,0.44330188632011414,-0.09154994785785675,0.4566129744052887,-0.5170647958652757,-790.1502948680284,0.0,0.0
37.64,1882,-0.00884148757904768,0.9999608993530273,-0.008841603063046932,0.7904831767082214,1.6529499292373657,2.0,0.3969299793243408,0.9178488850593567,0.40816962718963623,0.4057714641094208,-0.08211202174425125,0.41701123118400574,-0.480803318316342,-790.6310981863447,0.0,0.0
37.660000000000004,1883,0.007582151331007481,0.9999712705612183,0.007582223974168301,0.8211913704872131,1.5354081392288208,2.0,0.3720543384552002,0.928210973739624,0.3812212646007538,0.3644721806049347,-0.07176030427217484,0.3736390173435211,-0.44058740342069824,-791.0716855897655,0.0,0.0
37.68,1884,0.02336929179728031,0.9997268915176392,0.023371418938040733,0.789459764957428,-1.5865803956985474,-2.0,0.3441421687602997,0.9389175772666931,0.35132497549057007,0.32077285647392273,-0.06080934777855873,0.327953577041626,-0.39784984610883095,-791.4695354358743,0.0,0.0
37.7,1885,0.03847049921751022,0.9992597103118896,0.038479994982481,0.7554288506507874,-1.7015442848205566,-2.0,0.31334367394447327,0.9496397972106934,0.3187119960784912,0.27487316727638245,-0.04961994290351868,0.2802320122718811,-0.3528449799947689,-791.822380415869,0.0,0.0
37.72,1886,0.05283940210938454,0.9986030459403992,0.05286402255296707,0.7192013263702393,-1.8113752603530884,-2.0,0.27984675765037537,0.9600446820259094,0.2836344838142395,0.22700734436511993,-0.03855833783745766,0.23077045381069183,-0.30584797369280803,-792.1282283895619,0.0,0.0
37.74,1887,0.06643279641866684,0.9977908730506897,0.06648175418376923,0.6808866262435913,-1.9157359600067139,-2.0,0.2438790500164032,0.9698056578636169,0.24636366963386536,0.17744626104831696,-0.02798524498939514,0.17988191545009613,-0.257152728923294,-792.3853811184852,0.0,0.0
37.76,1888,0.07921069860458374,0.9968578815460205,0.07929376512765884,0.6406003832817078,-2.014312505722046,-2.0,0.20570865273475647,0.9786132574081421,0.20718778669834137,0.12649795413017273,-0.01824461668729782,0.12789402902126312,-0.20706990724616656,-792.5924510257313,0.0,0.0
37.78,1889,0.09113641083240509,0.9958384037017822,0.09126304090023041,0.5984640717506409,-2.1068150997161865,-2.0,0.16564279794692993,0.9861857891082764,0.16640977561473846,0.07450638711452484,-0.009652601554989815,0.07514672726392746,-0.15592474289560643,-792.7483757686269,0.0,0.0
37.800000000000004,1890,0.10217650234699249,0.9947662949562073,0.10235513746738434,0.5546044707298279,-2.192978620529175,-2.0,0.12402476370334625,0.9922791123390198,0.12434494495391846,0.021848255768418312,-0.002487161662429571,0.021989809349179268,-0.10405464181001023,-792.8524304104369,0.0,0.0
37.82,1891,0.112300805747509,0.9936742782592773,0.11253819614648819,0.5091532468795776,-2.2725613117218018,-2.0,0.08122898638248444,0.9966954588890076,0.08131857961416245,-0.03107181377708912,0.0030212083365768194,-0.031219616532325745,-0.05180674567054786,-792.9042371561075,0.0,0.0
37.84,1892,0.12148232012987137,0.9925935864448547,0.12178312987089157,0.4622463583946228,-2.345346450805664,-2.0,0.03765450045466423,0.9992908239364624,0.037663403898477554,-0.08382782340049744,0.006697222124785185,-0.08411972224712372,-0.08046454658503255,-792.9847017026925,0.0,0.0
37.86,1893,0.12969720363616943,0.9915536642074585,0.13006359338760376,0.4140235483646393,-2.4111404418945312,-2.0,-0.006282978691160679,0.9999802708625793,-0.006283020135015249,-0.13598017394542694,0.008426614105701447,-0.13634662330150604,-0.13240019305616893,-793.1171018957486,0.0,0.0
37.88,1894,0.1369246542453766,0.9905814528465271,0.13735616207122803,0.3646280765533447,-2.469773054122925,-2.0,-0.05015980079770088,0.9987412095069885,-0.05018085613846779,-0.18708445131778717,0.008159739896655083,-0.18753701448440552,-0.1836391786245762,-793.3007410743733,0.0,0.0
37.9,1895,0.1431468427181244,0.9897014498710632,0.14364027976989746,0.31420615315437317,-2.521096706390381,-2.0,-0.09355364739894867,0.995614230632782,-0.0936906561255455,-0.23670049011707306,0.005912779830396175,-0.23733094334602356,-0.2338211374796453,-793.5345622118529,0.0,0.0
37.92,1896,0.1483488231897354,0.988935112953186,0.1488984078168869,0.26290643215179443,-2.564985752105713,-2.0,-0.1360526978969574,0.9907016158103943,-0.13647596538066864,-0.284401535987854,0.001766503439284861,-0.28537437319755554,-0.282589066055743,-793.8171512779086,0.0,0.0
37.94,1897,0.15251842141151428,0.988300621509552,0.15311600267887115,0.21087971329689026,-2.6013355255126953,-2.0,-0.17726421356201172,0.9841632843017578,-0.1782059371471405,-0.329782634973526,-0.004137329291552305,-0.33132195472717285,-0.3295919697214123,-794.14674324763,0.0,0.0
37.96,1898,0.1556461751461029,0.987812876701355,0.15628157556056976,0.1582784801721573,-2.6300623416900635,-2.0,-0.2168220430612564,0.9762111306190491,-0.21855787932872772,-0.3724682331085205,-0.011601722799241543,-0.3748394548892975,-0.374487511001463,-794.5212307586314,0.0,0.0
37.980000000000004,1899,0.15772530436515808,0.987483024597168,0.1583867073059082,0.10525643080472946,-2.651102304458618,-2.0,-0.2543927729129791,0.967100977897644,-0.25721976161003113,-0.4121180772781372,-0.02038203924894333,-0.41560646891593933,-0.4169445818061303,-794.9381753404375,0.0,0.0
38.0,1900,0.15875157713890076,0.9873185753822327,0.15942606329917908,0.05196820944547653,-2.6644110679626465,-2.0,-0.2896801233291626,0.9571235179901123,-0.29389262199401855,-0.44843170046806335,-0.030195046216249466,-0.45331868529319763,-0.45664582828070843,-795.3948211687182,0.0,0.0
38.02,1901,0.15872332453727722,0.9873231053352356,0.1593974381685257,-0.0014310611877590418,-2.6699635982513428,-2.0,-0.32242754101753235,0.9465941190719604,-0.3282928764820099,-0.48115086555480957,-0.04072895646095276,-0.4876903295516968,-0.4932900674414657,-795.8881112361596,0.0,0.0
38.04,1902,0.15764139592647552,0.9874964356422424,0.1583017259836197,-0.05478612333536148,-2.667753219604492,-2.0,-0.35241883993148804,0.9358423948287964,-0.36015450954437256,-0.5100602507591248,-0.05165404453873634,-0.518456220626831,-0.5265945994430494,-796.4147058356026,0.0,0.0
38.06,1903,0.15550917387008667,0.9878344535827637,0.15614289045333862,-0.10794196277856827,-2.657792091369629,-2.0,-0.3794771730899811,0.9252011179924011,-0.3892311453819275,-0.5349863767623901,-0.06263335049152374,-0.5453740358352661,-0.5562973931934944,-796.9710032287961,0.0,0.0
38.08,1904,0.152332603931427,0.988329291343689,0.15292799472808838,-0.16074419021606445,-2.640110969543457,-2.0,-0.40346255898475647,0.9149961471557617,-0.4152979552745819,-0.5557951927185059,-0.07333313673734665,-0.5682259202003479,-0.5821591453305669,-797.5531623741267,0.0,0.0
38.1,1905,0.14812017977237701,0.9889693856239319,0.14866721630096436,-0.213039368391037,-2.6147592067718506,-2.0,-0.42426797747612,0.9055367112159729,-0.43815332651138306,-0.5723881721496582,-0.08343268185853958,-0.5868205428123474,-0.603965167815984,-798.1571275419427,0.0,0.0
38.12,1906,0.14288300275802612,0.9897395968437195,0.14337369799613953,-0.26467546820640564,-2.5818052291870117,-2.0,-0.4418147802352905,0.8971062898635864,-0.4576205909252167,-0.5846977829933167,-0.09263329207897186,-0.6009942889213562,-0.6215270295509352,-798.7786545714937,0.0,0.0
38.14,1907,0.13663490116596222,0.9906214475631714,0.1370636522769928,-0.31550219655036926,-2.5413362979888916,-2.0,-0.45604774355888367,0.8899553418159485,-0.47354915738105774,-0.5926826596260071,-0.10066615790128708,-0.6106128096580505,-0.6346842498998728,-799.4133388213936,0.0,0.0
38.160000000000004,1908,0.12939243018627167,0.9915934801101685,0.12975622713565826,-0.3653714060783386,-2.493459939956665,-2.0,-0.46692997217178345,0.8842942714691162,-0.4858158528804779,-0.5963224172592163,-0.10729917138814926,-0.6155720949172974,-0.6433053882972979,-800.056644209691,0.0,0.0
38.18,1909,0.12117496132850647,0.9926311373710632,0.12147348374128342,-0.41413748264312744,-2.438303232192993,-2.0,-0.474438339471817,0.8802887201309204,-0.4943258762359619,-0.5956133008003235,-0.11234242469072342,-0.6157993674278259,-0.6472893343977557,-800.7039335440887,0.0,0.0
38.2,1910,0.11200480908155441,0.9937076568603516,0.11224032938480377,-0.4616577625274658,-2.3760147094726562,-2.0,-0.4785594642162323,0.8780551552772522,-0.49901336431503296,-0.5905642509460449,-0.11565250903367996,-0.6112536787986755,-0.6465662025032245,-801.3504997465919,0.0,0.0
38.22,1911,0.10190725326538086,0.9947938919067383,0.10208446532487869,-0.5077930092811584,-2.306763172149658,-2.0,-0.47928696870803833,0.8776582479476929,-0.49984210729599,-0.5811942219734192,-0.11713565140962601,-0.6019265651702881,-0.641097830044544,-801.9915975766365,0.0,0.0
38.24,1912,0.09091061353683472,0.9958590269088745,0.09103631228208542,-0.5524078607559204,-2.2307403087615967,-2.0,-0.47661980986595154,0.8791095614433289,-0.49680566787719727,-0.5675303936004639,-0.11674952507019043,-0.5878419876098633,-0.6308784163454015,-802.6224759929819,0.0,0.0
38.26,1913,0.0790463387966156,0.9968709349632263,0.07912889122962952,-0.5953710079193115,-2.1481595039367676,-2.0,-0.4705619513988495,0.882366955280304,-0.4899275302886963,-0.5496082901954651,-0.11450397968292236,-0.5690563917160034,-0.6159345564223634,-803.2384105494043,0.0,0.0
38.28,1914,0.06634898483753204,0.9977964758872986,0.0663977637887001,-0.6365561485290527,-2.0592570304870605,-2.0,-0.4611234664916992,0.8873359560966492,-0.4792608916759491,-0.5274724364280701,-0.11046049743890762,-0.5456586480140686,-0.5963252955211622,-803.8347358449255,0.0,0.0
38.300000000000004,1915,0.05285628139972687,0.9986021518707275,0.05288092419505119,-0.6758419871330261,-1.9642918109893799,-2.0,-0.44832292199134827,0.8938716650009155,-0.46488824486732483,-0.5011792182922363,-0.10473045706748962,-0.5177691578865051,-0.5721418168652752,-804.4068776617908,0.0,0.0
38.32,1916,0.03860906884074211,0.9992544054985046,0.03861866518855095,-0.7131129503250122,-1.8635460138320923,-2.0,-0.43219074606895447,0.901782214641571,-0.4469207227230072,-0.4707998037338257,-0.0974721759557724,-0.48553937673568726,-0.5435069116036549,-804.9503845733944,0.0,0.0
38.34,1917,0.02365127205848694,0.9997202754020691,0.023653479292988777,-0.748259425163269,-1.757324457168579,-2.0,-0.4127737283706665,0.9108335971832275,-0.42549723386764526,-0.43642500042915344,-0.08888667076826096,-0.4491507112979889,-0.5105742012126753,-805.4609587746071,0.0,0.0
38.36,1918,0.008029822260141373,0.9999677538871765,0.008029908873140812,-0.7811784744262695,-1.6459544897079468,-2.0,-0.3901398777961731,0.9207556247711182,-0.4007834792137146,-0.39816969633102417,-0.07921215891838074,-0.40881338715553284,-0.47352714230564574,-805.9344859169128,0.0,0.0
38.38,1919,-0.007927514612674713,0.9999685883522034,-0.007927597500383854,-0.7978752851486206,-0.8348395228385925,-1.0734057426452637,-0.36438336968421936,0.9312490224838257,-0.3729705810546875,-0.35645586252212524,-0.06871955096721649,-0.3650429844856262,-0.4043778807250802,-806.3388637976378,0.0,0.0
38.4,1920,-0.02324770949780941,0.9997297525405884,-0.023249804973602295,-0.766110360622406,1.5882470607757568,2.0,-0.3356296420097351,0.9419940114021301,-0.3422735631465912,-0.31238192319869995,-0.057735707610845566,-0.3190237581729889,-0.3897207765684331,-806.7285845742063,0.0,0.0
38.42,1921,-0.03788303583860397,0.99928218126297,-0.03789210319519043,-0.732114851474762,1.699774146080017,2.0,-0.30403926968574524,0.9526594877243042,-0.30892980098724365,-0.26615625619888306,-0.046622682362794876,-0.2710376977920532,-0.34438146126591,-807.0729660354722,0.0,0.0
38.44,1922,-0.051788751035928726,0.9986580610275269,-0.05181192606687546,-0.6959912776947021,1.8061786890029907,2.0,-0.2698114216327667,0.9629132151603699,-0.2731971740722656,-0.2180226594209671,-0.03574487566947937,-0.22138524055480957,-0.2971178732068326,-807.370083908679,0.0,0.0
38.46,1923,-0.06492320448160172,0.9978902339935303,-0.06496889889240265,-0.657848596572876,1.9071353673934937,2.0,-0.23318526148796082,0.9724323153495789,-0.23535196483135223,-0.1682620644569397,-0.02545793540775776,-0.17038306593894958,-0.2482282745515638,-807.6183121832306,0.0,0.0
38.480000000000004,1924,-0.07724790275096893,0.9970118999481201,-0.07732493430376053,-0.6178017258644104,2.0023417472839355,2.0,-0.1944403052330017,0.9809143543243408,-0.19568683207035065,-0.11719240248203278,-0.01609756425023079,-0.11836189776659012,-0.19802703028853894,-807.8163392135192,0.0,0.0
38.5,1925,-0.08872752636671066,0.9960559606552124,-0.08884435892105103,-0.5759713649749756,2.0915191173553467,2.0,-0.15389446914196014,0.9880872964859009,-0.15450850129127502,-0.06516694277524948,-0.007968645542860031,-0.0656641349196434,-0.1468424701055233,-807.9631816836247,0.0,0.0
38.52,1926,-0.09932995587587357,0.9950545430183411,-0.09949402511119843,-0.5324831604957581,2.1744117736816406,2.0,-0.11190052330493927,0.9937193989753723,-0.1121353805065155,-0.012570567429065704,-0.0013351376401260495,-0.012641355395317078,-0.09501447659160614,-808.0581961602163,0.0,0.0
38.54,1927,-0.1090262159705162,0.9940388798713684,-0.10924337059259415,-0.48746737837791443,2.2507882118225098,2.0,-0.06884065270423889,0.9976276755332947,-0.06889514625072479,0.040185559540987015,0.003588793333619833,0.04034822806715965,-0.042892008380617026,-808.1010881685969,0.0,0.0
38.56,1928,-0.11779044568538666,0.9930384755134583,-0.11806454509496689,-0.44105857610702515,2.3204402923583984,2.0,-0.025119516998529434,0.9996844530105591,-0.025122158229351044,0.09267093241214752,0.0066459812223911285,0.09294238686561584,-0.08916939714127661,-808.1902575657382,0.0,0.0
38.58,1929,-0.12559984624385834,0.9920809864997864,-0.12593244016170502,-0.39339491724967957,2.383183002471924,2.0,0.01884397678077221,0.9998224377632141,0.01884509064257145,0.1444438248872757,0.007741452660411596,0.14477753639221191,-0.14081028326703876,-808.3310678490052,0.0,0.0
38.6,1930,-0.13243457674980164,0.9911917448043823,-0.13282479345798492,-0.3446178436279297,2.4388532638549805,2.0,0.06262560933828354,0.9980370998382568,0.06266661733388901,0.19506019353866577,0.006845342461019754,0.19549141824245453,-0.19166988897496615,-808.5227377379802,0.0,0.0
38.62,1931,-0.13827773928642273,0.9903935194015503,-0.138722226023674,-0.29487162828445435,2.4873106479644775,2.0,0.10580514371395111,0.9943869113922119,0.10600355267524719,0.24408288300037384,0.003993390593677759,0.2447257786989212,-0.24138884825373785,-808.7641265862339,0.0,0.0
38.64,1932,-0.14311517775058746,0.9897060394287109,-0.14360828697681427,-0.2443029135465622,2.5284361839294434,2.0,0.1479753702878952,0.9889910221099854,0.1485207974910736,0.29109054803848267,-0.0007149928715080023,0.2921290695667267,-0.2896118417378589,-809.0537384279718,0.0,0.0
38.660000000000004,1933,-0.1469355672597885,0.9891460537910461,-0.14746949076652527,-0.1930602788925171,2.562131404876709,2.0,0.18875043094158173,0.9820250868797302,0.1898895502090454,0.33568599820137024,-0.007120976690202951,0.3373590409755707,-0.3359902921662335,-809.389728720138,0.0,0.0
38.68,1934,-0.14973017573356628,0.9887269139289856,-0.15029537677764893,-0.14129391312599182,2.588318109512329,2.0,0.22777298092842102,0.973714292049408,0.22978992760181427,0.3775031566619873,-0.015012630261480808,0.380085289478302,-0.3801849232211995,-809.7699136433592,0.0,0.0
38.7,1935,-0.15149293839931488,0.9884583353996277,-0.15207847952842712,-0.0891551524400711,2.606938362121582,2.0,0.2647198438644409,0.9643253684043884,0.2679134011268616,0.416212797164917,-0.024132978171110153,0.4199918806552887,-0.42186840361587136,-810.1917820469752,0.0,0.0
38.72,1936,-0.15222033858299255,0.9883465766906738,-0.15281440317630768,-0.036796096712350845,2.617952585220337,2.0,0.29930591583251953,0.9541571736335754,0.30396515130996704,0.4515262544155121,-0.034189384430646896,0.4567795395851135,-0.46072779907792943,-810.6525098460531,0.0,0.0
38.74,1937,-0.15191134810447693,0.9883941411972046,-0.15250177681446075,0.015630722045898438,2.6213409900665283,2.0,0.3312861919403076,0.9435303211212158,0.337666392326355,0.48319754004478455,-0.04486380144953728,0.49016818404197693,-0.49646693481875576,-811.1489767808719,0.0,0.0
38.76,1938,-0.15056753158569336,0.9885997176170349,-0.15114232897758484,0.06797275692224503,2.6171016693115234,2.0,0.36045587062835693,0.9327762722969055,0.36875656247138977,0.5110234022140503,-0.05582345277070999,0.5198988914489746,-0.5288087207406122,-811.6777855016124,0.0,0.0
38.78,1939,-0.14819292724132538,0.988958477973938,-0.1487407684326172,0.12007778882980347,2.6052515506744385,2.0,0.3866489827632904,0.9222269654273987,0.3969951868057251,0.5348418951034546,-0.0667315125465393,0.5457359552383423,-0.5574973351239193,-812.2352828367364,0.0,0.0
38.800000000000004,1940,-0.14479410648345947,0.9894617795944214,-0.14530488848686218,0.1717943251132965,2.5858266353607178,2.0,0.40973538160324097,0.9122044444084167,0.4221639633178711,0.5545294880867004,-0.07725737988948822,0.5674688220024109,-0.5823000730799452,-812.8175829098163,0.0,0.0
38.82,1941,-0.14038023352622986,0.9900976419448853,-0.14084544777870178,0.22297193109989166,2.55888032913208,2.0,0.42961665987968445,0.9030113816261292,0.44406822323799133,0.5699968934059143,-0.08708630502223969,0.5849136710166931,-0.6030094110635447,-813.4205923208799,0.0,0.0
38.84,1942,-0.13496309518814087,0.9908506274223328,-0.1353762149810791,0.27346163988113403,2.5244860649108887,2.0,0.44622138142585754,0.8949226140975952,0.46253859996795654,0.5811845064163208,-0.09592802077531815,0.5979148149490356,-0.6194444379860619,-814.040036758866,0.0,0.0
38.86,1943,-0.12855711579322815,0.9917020797729492,-0.12891389429569244,0.32311636209487915,2.482736110687256,2.0,0.45950010418891907,0.8881776928901672,0.4774322807788849,0.5880572199821472,-0.10352438688278198,0.6063461303710938,-0.6314524872599776,-814.6714892461259,0.0,0.0
38.88,1944,-0.1211795061826706,0.9926306009292603,-0.12147806584835052,0.37179121375083923,2.433742046356201,2.0,0.4694202244281769,0.8829748630523682,0.48863404989242554,0.590599775314331,-0.10965573042631149,0.6101121306419373,-0.6389103437610059,-815.310399589887,0.0,0.0
38.9,1945,-0.11285027116537094,0.9936119914054871,-0.11309118568897247,0.4193439483642578,2.377635955810547,2.0,0.475961834192276,0.8794659376144409,0.4960573613643646,0.5888121128082275,-0.11414606124162674,0.6091485619544983,-0.6417252341358854,-815.9521248240228,0.0,0.0
38.92,1946,-0.10359229892492294,0.9946198463439941,-0.10377847403287888,0.46563535928726196,2.314570426940918,2.0,0.47911372780799866,0.8777528405189514,0.4996447265148163,0.5827060341835022,-0.11686701327562332,0.6034232378005981,-0.6398358386751191,-816.5919606626979,0.0,0.0
38.94,1947,-0.09343141317367554,0.9956257343292236,-0.09356788545846939,0.5105296969413757,2.2447190284729004,2.0,0.47887122631073,0.8778851628303528,0.49936848878860474,0.5723026394844055,-0.11774056404829025,0.5929363369941711,-0.6332126092967933,-817.2251732719948,0.0,0.0
38.96,1948,-0.08239645510911942,0.9965996146202087,-0.082489974796772,0.5538952350616455,2.168276786804199,2.0,0.47523465752601624,0.8798590898513794,0.49523070454597473,0.5576311349868774,-0.11674053966999054,0.5777207016944885,-0.6218584663415967,-817.8470317383363,0.0,0.0
38.980000000000004,1949,-0.07051930576562881,0.9975104331970215,-0.07057788968086243,0.5956044793128967,2.085460901260376,2.0,0.46820956468582153,0.8836174607276917,0.48726344108581543,0.5387288928031921,-0.11389296501874924,0.5578413009643555,-0.6058085925243544,-818.4528403308607,0.0,0.0
39.0,1950,-0.05783490464091301,0.9983261823654175,-0.05786719545722008,0.6355347037315369,1.996510624885559,2.0,0.45780816674232483,0.8890510201454163,0.4755282700061798,0.5156430602073669,-0.10927515476942062,0.5333954691886902,-0.5851306352322677,-819.037970966093,0.0,0.0
39.02,1951,-0.044381242245435715,0.999014675617218,-0.04439582675695419,0.6735684275627136,1.901687741279602,2.0,0.44405198097229004,0.8960010409355164,0.460115909576416,0.48843321204185486,-0.10301364213228226,0.5045117735862732,-0.5599240952193277,-819.5978950613123,0.0,0.0
39.04,1952,-0.030199354514479637,0.9995439052581787,-0.03020394593477249,0.7095939517021179,1.8012762069702148,2.0,0.42697566747665405,0.9042630791664124,0.4411455988883972,0.45717504620552063,-0.09528078883886337,0.4713495671749115,-0.5303198553856907,-820.128214916698,0.0,0.0
39.06,1953,-0.015333232469856739,0.9998824596405029,-0.015333833172917366,0.743505597114563,1.6955819129943848,2.0,0.40663158893585205,0.9135922193527222,0.41876402497291565,0.4219648241996765,-0.08629021048545837,0.43409785628318787,-0.49647943250565435,-820.6246943492037,0.0,0.0
39.08,1954,0.00017025168926920742,1.0,0.00017025168926920742,0.7752042412757874,1.584932804107666,2.0,0.3830946385860443,0.9237090945243835,0.3931442201137543,0.3829244077205658,-0.07629089057445526,0.39297395944595337,-0.4585937732783866,-821.083288122482,0.0,0.0
39.1,1955,0.015606471337378025,0.9998782277107239,0.015607105568051338,0.7718426585197449,-0.1680794358253479,-0.18367552757263184,0.3564675450325012,0.9343076944351196,0.3644843101501465,0.340861052274704,-0.06557050347328186,0.3488772213459015,-0.37787448190235506,-821.4611626043844,0.0,0.0
39.12,1956,0.03038177452981472,0.9995383620262146,0.03038645163178444,0.7389672994613647,-1.6437686681747437,-2.0,0.32688531279563904,0.9450640082359314,0.3330059349536896,0.2965035140514374,-0.054474350064992905,0.30261948704719543,-0.37409785886838154,-821.8352604632528,0.0,0.0
39.14,1957,0.04445064812898636,0.9990115761756897,0.04446529969573021,0.7039424180984497,-1.751245141029358,-2.0,0.2945193350315094,0.9556455016136169,0.29895249009132385,0.25006866455078125,-0.04336605593562126,0.25448718667030334,-0.32854063569577585,-822.1638010989485,0.0,0.0
39.160000000000004,1958,0.057770587503910065,0.9983298778533936,0.05780277028679848,0.6668735146522522,-1.8534435033798218,-2.0,0.2595800459384918,0.965721607208252,0.262587308883667,0.20180945098400116,-0.032608289271593094,0.2047845423221588,-0.28114972025084745,-822.4449508191993,0.0,0.0
39.18,1959,0.07030218094587326,0.9975257515907288,0.0703602209687233,0.6278724074363708,-1.9500548839569092,-2.0,0.22231827676296234,0.9749741554260254,0.2241916060447693,0.15201608836650848,-0.02255159430205822,0.1538313925266266,-0.23222709040159137,-822.6771779096009,0.0,0.0
39.2,1960,0.08200914412736893,0.9966315627098083,0.08210135251283646,0.587056577205658,-2.0407934188842773,-2.0,0.18302473425865173,0.9831082820892334,0.18406227231025696,0.10101558268070221,-0.013523267582058907,0.1019609272480011,-0.18209025632066417,-822.8592681659215,0.0,0.0
39.22,1961,0.09285835176706314,0.9956793189048767,0.09299232065677643,0.5445486307144165,-2.125396966934204,-2.0,0.14202775061130524,0.9898626804351807,0.14250962436199188,0.0491693951189518,-0.005816652439534664,0.04951730743050575,-0.13106995010622927,-822.9903381160278,0.0,0.0
39.24,1962,0.10281980782747269,0.994700014591217,0.10300184786319733,0.5004761219024658,-2.2036259174346924,-2.0,0.09968913346529007,0.9950186610221863,0.09985499083995819,-0.0031306797172874212,0.0003186333051417023,-0.0031468539964407682,-0.07950778004275882,-823.0698458960705,0.0,0.0
39.26,1963,0.11186661571264267,0.9937232136726379,0.11210126429796219,0.4549708068370819,-2.2752645015716553,-2.0,0.05639825016260147,0.9984083771705627,0.05642819404602051,-0.0554683655500412,0.00468512112274766,-0.05567306652665138,-0.05224626975218267,-823.1220921658228,0.0,0.0
39.28,1964,0.11997492611408234,0.9927769303321838,0.12026462703943253,0.40816840529441833,-2.3401200771331787,-2.0,0.01256471686065197,0.9999210834503174,0.012565047480165958,-0.10741021484136581,0.007144139148294926,-0.10769958049058914,-0.10383643480085164,-823.2259286006237,0.0,0.0
39.300000000000004,1965,0.1271238774061203,0.9918868541717529,0.1274687945842743,0.3602079749107361,-2.398021936416626,-2.0,-0.031390100717544556,0.9995071887969971,-0.031395260244607925,-0.15851397812366486,0.007620361167937517,-0.15886405110359192,-0.15490374087949757,-823.3808323415032,0.0,0.0
39.32,1966,0.13329550623893738,0.9910763502120972,0.1336934119462967,0.3112315535545349,-2.448821783065796,-2.0,-0.07504218071699142,0.9971803426742554,-0.07511279731988907,-0.2083376944065094,0.0061040217988193035,-0.20880621671676636,-0.20508867942739523,-823.5859210209305,0.0,0.0
39.34,1967,0.13847468793392181,0.9903659820556641,0.1389210969209671,0.26138368248939514,-2.4923927783966064,-2.0,-0.11797410994768143,0.9930166602134705,-0.11824949830770493,-0.25644880533218384,0.0026506970170885324,-0.25717058777809143,-0.25403389018493616,-823.8399549111155,0.0,0.0
39.36,1968,0.14264903962612152,0.9897733330726624,0.14313732087612152,0.2108110934495926,-2.5286293029785156,-2.0,-0.1597839742898941,0.9871519804000854,-0.1604718118906021,-0.3024330139160156,-0.002621326595544815,-0.30360913276672363,-0.30138681310906107,-824.1413417242245,0.0,0.0
39.38,1969,0.1458088904619217,0.9893127679824829,0.1463305652141571,0.1596621870994568,-2.557445764541626,-2.0,-0.2000933736562729,0.9797768592834473,-0.20145322382450104,-0.3459022641181946,-0.009535941295325756,-0.34778377413749695,-0.3468023703308959,-824.4881440945554,0.0,0.0
39.4,1970,0.14794717729091644,0.9889952540397644,0.14849229156970978,0.10808665305376053,-2.5787763595581055,-2.0,-0.2385542392730713,0.9711291790008545,-0.24087683856487274,-0.3865014314651489,-0.017866088077425957,-0.3893691301345825,-0.3899455153875644,-824.878089609943,0.0,0.0
39.42,1971,0.14905941486358643,0.9888282418251038,0.149617001414299,0.056235164403915405,-2.5925745964050293,-2.0,-0.2748539447784424,0.9614859819412231,-0.2784378230571747,-0.4239133894443512,-0.027342254295945168,-0.4280548095703125,-0.4304938333863157,-825.3085834433293,0.0,0.0
39.44,1972,0.14914363622665405,0.9888155460357666,0.14970217645168304,0.004258893430233002,-2.598813533782959,-2.0,-0.308718740940094,0.9511533975601196,-0.313845694065094,-0.45786237716674805,-0.037662167102098465,-0.46354785561561584,-0.46813999574509035,-825.7767234390744,0.0,0.0
39.46,1973,0.14820042252540588,0.9889573454856873,0.14874835312366486,-0.04769078642129898,-2.5974841117858887,-2.0,-0.33991512656211853,0.9404560923576355,-0.3468266427516937,-0.4881155490875244,-0.04850123077630997,-0.4955750107765198,-0.5025940509952695,-826.2793174900697,0.0,0.0
39.480000000000004,1974,0.14623284339904785,0.9892501831054688,0.14675910770893097,-0.09946271032094955,-2.5885963439941406,-2.0,-0.36824968457221985,0.9297269582748413,-0.37712568044662476,-0.5144824981689453,-0.05952325835824013,-0.5238847732543945,-0.5335857454284809,-826.8129032354982,0.0,0.0
39.5,1975,0.14324650168418884,0.9896870255470276,0.14374098181724548,-0.1509062796831131,-2.572178363800049,-2.0,-0.39356696605682373,0.9192959666252136,-0.404508501291275,-0.536813497543335,-0.07039109617471695,-0.5482494831085205,-0.5608666575398181,-827.373769893038,0.0,0.0
39.52,1976,0.1392495483160019,0.9902573227882385,0.13970354199409485,-0.2018718272447586,-2.5482771396636963,-2.0,-0.41574639081954956,0.9094805717468262,-0.42876332998275757,-0.5549959540367126,-0.08077673614025116,-0.56846684217453,-0.5842120419310901,-827.9579819349691,0.0,0.0
39.54,1977,0.13425272703170776,0.9909471273422241,0.1346593201160431,-0.2522110044956207,-2.516958475112915,-2.0,-0.4346977472305298,0.9005764126777649,-0.4497026205062866,-0.5689504742622375,-0.09037071466445923,-0.5843619704246521,-0.6034226508217209,-828.5614045857908,0.0,0.0
39.56,1978,0.12826940417289734,0.9917393326759338,0.12862378358840942,-0.3017771244049072,-2.478306531906128,-2.0,-0.4503563940525055,0.8928488492965698,-0.46716445684432983,-0.5786257982254028,-0.09889048337936401,-0.5957882404327393,-0.6183263989431959,-829.179730984734,0.0,0.0
39.58,1979,0.12131570279598236,0.9926139712333679,0.12161526829004288,-0.3504256308078766,-2.4324254989624023,-2.0,-0.4626781940460205,0.8865262866020203,-0.48101383447647095,-0.5839939117431641,-0.10608767718076706,-0.6026291251182556,-0.6287797226581522,-829.8085107073921,0.0,0.0
39.6,1980,0.11341044306755066,0.9935482144355774,0.1136549785733223,-0.3980144262313843,-2.379439353942871,-2.0,-0.4716346263885498,0.8817940354347229,-0.4911436140537262,-0.5850450992584229,-0.1117541640996933,-0.6047986149787903,-0.6346688119457756,-830.4431795193378,0.0,0.0
39.62,1981,0.10457534343004227,0.9945169687271118,0.10476689040660858,-0.4444042444229126,-2.3194918632507324,-2.0,-0.47720855474472046,0.8787900805473328,-0.4974755048751831,-0.5817838907241821,-0.11572689563035965,-0.6022424101829529,-0.6359105064503204,-831.0790900257881,0.0,0.0
39.64,1982,0.09483497589826584,0.9954929947853088,0.09497770667076111,-0.48945921659469604,-2.2527480125427246,-2.0,-0.4793908894062042,0.8776015043258667,-0.4999605119228363,-0.5742258429527283,-0.11789152026176453,-0.5949382185935974,-0.6324532130307606,-831.7115432388189,0.0,0.0
39.660000000000004,1983,0.0842168927192688,0.9964474439620972,0.08431676775217056,-0.533047080039978,-2.1793935298919678,-2.0,-0.4781784117221832,0.8782626986503601,-0.4985794425010681,-0.5623952746391296,-0.11818472295999527,-0.5828962326049805,-0.6242772783874344,-832.3358205172063,0.0,0.0
39.68,1984,0.07275164127349854,0.9973500967025757,0.07281596958637238,-0.575039803981781,-2.0996365547180176,-2.0,-0.47357288002967834,0.8807546496391296,-0.49334296584129333,-0.5463244915008545,-0.11659544706344604,-0.5661589503288269,-0.6113954126554385,-832.9472159298617,0.0,0.0
39.7,1985,0.060472771525382996,0.9981698393821716,0.06050969287753105,-0.6153139472007751,-2.0137062072753906,-2.0,-0.4655815362930298,0.885004997253418,-0.48429158329963684,-0.526054322719574,-0.11316484957933426,-0.5448012948036194,-0.5938526572056868,-833.5410685870675,0.0,0.0
39.72,1986,0.04741688445210457,0.9988752007484436,0.047434672713279724,-0.653751015663147,-1.9218541383743286,-2.0,-0.45421892404556274,0.8908901214599609,-0.47149527072906494,-0.5016357898712158,-0.10798507928848267,-0.5189299583435059,-0.5717262542126081,-834.1127948412801,0.0,0.0
39.74,1987,0.03362356871366501,0.9994345903396606,0.03362990915775299,-0.6902381181716919,-1.8243540525436401,-2.0,-0.43950989842414856,0.8982377648353577,-0.4550529718399048,-0.47313347458839417,-0.10119682550430298,-0.48868289589881897,-0.5451251795647721,-834.6579200208449,0.0,0.0
39.76,1988,0.019135378301143646,0.99981689453125,0.019136546179652214,-0.7246681451797485,-1.7215014696121216,-2.0,-0.4214937090873718,0.9068313241004944,-0.43509188294410706,-0.44062909483909607,-0.09298557788133621,-0.4542284309864044,-0.514189518003042,-835.172109538848,0.0,0.0
39.78,1989,0.003997727297246456,0.9999920129776001,0.003997738007456064,-0.7569404244422913,-1.613613486289978,-2.0,-0.4002286195755005,0.9164153337478638,-0.41176629066467285,-0.4042263329029083,-0.08357667922973633,-0.4157640337944031,-0.47908962103865455,-835.6511991598866,0.0,0.0
39.800000000000004,1990,-0.011741211637854576,0.9999310970306396,-0.01174148079007864,-0.7869609594345093,-1.501028060913086,-2.0,-0.37579697370529175,0.9267020225524902,-0.3852566182613373,-0.3640557527542114,-0.07322904467582703,-0.37351512908935547,-0.44002480948480865,-836.0912239693714,0.0,0.0
39.82,1991,-0.026831122115254402,0.9996399879455566,-0.026834340766072273,-0.7546430230140686,1.6158969402313232,2.0,-0.3483102321624756,0.9373793005943298,-0.3557678461074829,-0.32147911190986633,-0.06226066127419472,-0.3289335072040558,-0.3984222766066584,-836.4896462459781,0.0,0.0
39.84,1992,-0.04122523218393326,0.9991498589515686,-0.04123691841959953,-0.7201288342475891,1.725709080696106,2.0,-0.3179134726524353,0.9481196999549866,-0.323527991771698,-0.27668824791908264,-0.051030151546001434,-0.282291054725647,-0.3545309276132825,-836.8441771735913,0.0,0.0
39.86,1993,-0.05487978085875511,0.998492956161499,-0.05490736663341522,-0.6835224628448486,1.8303195238113403,2.0,-0.2847890555858612,0.9585902094841003,-0.2887863516807556,-0.2299092561006546,-0.03990275412797928,-0.2338789850473404,-0.3086206242294754,-837.1527977978208,0.0,0.0
39.88,1994,-0.0677541047334671,0.9977020621299744,-0.06780605018138885,-0.6449342370033264,1.9294100999832153,2.0,-0.2491588294506073,0.9684626460075378,-0.25181159377098083,-0.1814047247171402,-0.029239416122436523,-0.18400554358959198,-0.2609802991269143,-837.4137780969477,0.0,0.0
39.9,1995,-0.07981069386005402,0.9968100190162659,-0.07989566028118134,-0.604480504989624,2.0226857662200928,2.0,-0.21128518879413605,0.9774244427680969,-0.2128896415233612,-0.13147449493408203,-0.019385581836104393,-0.13299398124217987,-0.21191593055409777,-837.6256940275018,0.0,0.0
39.92,1996,-0.09101519733667374,0.9958494901657104,-0.09114132076501846,-0.5622830390930176,2.109875202178955,2.0,-0.17146988213062286,0.9851893782615662,-0.17232146859169006,-0.08045469224452972,-0.01066014263778925,-0.081180140376091,-0.16174831771343073,-837.7874423452153,0.0,0.0
39.94,1997,-0.10133644938468933,0.9948521852493286,-0.10151069611310959,-0.51846843957901,2.190729856491089,2.0,-0.13005132973194122,0.9915072321891785,-0.1304207593202591,-0.02871488593518734,-0.0033449502661824226,-0.028910061344504356,-0.11081077615298365,-837.8982531213683,0.0,0.0
39.96,1998,-0.11074641346931458,0.9938486814498901,-0.11097405105829239,-0.47316792607307434,2.2650253772735596,2.0,-0.08739987760782242,0.9961733222007751,-0.08751153200864792,0.023346537724137306,0.002324612345546484,0.02346252091228962,-0.059446708444018885,-837.9576998298123,0.0,0.0
39.980000000000004,1999,-0.11922014504671097,0.9928678274154663,-0.11950438469648361,-0.42651671171188354,2.3325605392456055,2.0,-0.04391147568821907,0.9990354180335999,-0.04392559826374054,0.0753086656332016,0.0061675808392465115,0.07557878643274307,-0.07199285309456124,-838.0296926829069,0.0,0.0
