t,step,x,y,theta,theta_dot,theta_ddot,tau,x_target,y_target,theta_target,ex,ey,etheta,reward,reward_cum,force_left,force_right
0.0,0,0.0,1.0,0.0,0.0,0.0,0.0,0.0,1.0,0.0,0.0,0.0,0.0,0.0,0.0,0.0,0.0
0.02,1,0.0,1.0,0.0,0.0,0.0,0.0,0.01256471686065197,0.9999210834503174,0.012565047480165958,0.01256471686065197,-7.893917063483968e-05,0.012565047480165958,-0.0,0.0,0.0,0.0
0.04,2,3.7695142964366823e-05,1.0,3.7695142964366823e-05,0.001884757075458765,0.09423785656690598,0.12565048038959503,0.025119516998529434,0.9996844530105591,0.025122158229351044,0.025081820785999298,-0.0003155441372655332,0.025084463879466057,-0.012685232755904285,-0.012685232755904285,0.0,0.0
0.06,3,0.00015050446381792426,1.0,0.00015050446381792426,0.00564046623185277,0.18778544664382935,0.2508446276187897,0.03765450045466423,0.9992908239364624,0.037663403898477554,0.03750399500131607,-0.0007091707666404545,0.037512898445129395,-0.0256008840517289,-0.038286116807633185,0.0,0.0
0.08,4,0.00037532494752667844,0.9999999403953552,0.00037532494752667844,0.011241024360060692,0.2800278961658478,0.37512898445129395,0.05015980079770088,0.9987412095069885,0.05018085613846779,0.049784474074840546,-0.0012587246019393206,0.04980553314089775,-0.0386952965761261,-0.07698141338375929,0.0,0.0
0.1,5,0.000748288759496063,0.9999997019767761,0.0007482888177037239,0.018648194149136543,0.37035849690437317,0.4980553090572357,0.06262560933828354,0.9980370998382568,0.06266661733388901,0.06187732145190239,-0.001962629845365882,0.06191832944750786,-0.051913158252499904,-0.1288945716362592,0.0,0.0
0.12,6,0.0013045254163444042,0.9999991655349731,0.0013045257655903697,0.027811845764517784,0.4581826329231262,0.6191833019256592,0.07504218071699142,0.9971803426742554,0.07511279731988907,0.07373765856027603,-0.0028187891002744436,0.07380826771259308,-0.06519597099016738,-0.19409054262642658,0.0,0.0
0.14,7,0.002077929675579071,0.9999978542327881,0.002077931072562933,0.038670267909765244,0.5429210662841797,0.7380827069282532,0.08739987760782242,0.9961733222007751,0.08751153200864792,0.08532194793224335,-0.003824531799182296,0.08543359488248825,-0.07848252717808887,-0.27257306980451546,0.0,0.0
0.16,8,0.0031009367667138577,0.9999951720237732,0.003100941888988018,0.05115053802728653,0.6240134835243225,0.8543360233306885,0.09968913346529007,0.9950186610221863,0.09985499083995819,0.09658819437026978,-0.004976560361683369,0.0967540517449379,-0.09170949033313644,-0.3642825601376519,0.0,0.0
0.18,9,0.004404307343065739,0.9999902844429016,0.004404321312904358,0.06516897678375244,0.7009220719337463,0.9675405025482178,0.11190052330493927,0.9937193989753723,0.1121353805065155,0.1074962168931961,-0.006270887330174446,0.10773105919361115,-0.1048120154185221,-0.469094575556174,0.0,0.0
0.2,10,0.006016918458044529,0.9999818801879883,0.006016954779624939,0.08063166588544846,0.7731344103813171,1.077310562133789,0.12402476370334625,0.9922791123390198,0.12434494495391846,0.1180078461766243,-0.0077027748338878155,0.11832799017429352,-0.11772440683443935,-0.5868189823906134,0.0,0.0
0.22,11,0.00796557031571865,0.9999682903289795,0.00796565506607294,0.09743500500917435,0.8401667475700378,1.1832798719406128,0.1360526978969574,0.9907016158103943,0.13647596538066864,0.1280871331691742,-0.00926667358726263,0.12851031124591827,-0.13038080340259547,-0.7171997857932089,0.0,0.0
0.24,12,0.010274800471961498,0.999947190284729,0.010274981148540974,0.11546634137630463,0.9015668034553528,1.2851030826568604,0.1479753702878952,0.9889910221099854,0.1485207974910736,0.13770057260990143,-0.010956166312098503,0.13824580609798431,-0.1427158837070453,-0.8599156695002541,0.0,0.0
0.26,13,0.01296671200543642,0.9999159574508667,0.01296707522124052,0.13460467755794525,0.9569168090820312,1.382458209991455,0.1597839742898941,0.9871519804000854,0.1604718118906021,0.14681725203990936,-0.012763922102749348,0.14750473201274872,-0.15466562801219055,-1.0145812975124446,0.0,0.0
0.28,14,0.016060812398791313,0.999871015548706,0.016061503440141678,0.15472137928009033,1.0058352947235107,1.4750473499298096,0.17146988213062286,0.9851893782615662,0.17232146859169006,0.1554090827703476,-0.014681655913591385,0.1562599539756775,-0.16616795657374858,-1.1807492540861932,0.0,0.0
0.3,15,0.019573872908949852,0.9998084306716919,0.019575122743844986,0.1756809800863266,1.0479803085327148,1.5625996589660645,0.18302473425865173,0.9831082820892334,0.18406227231025696,0.16345085203647614,-0.016700103878974915,0.16448715329170227,-0.177163523128247,-1.3579127772144401,0.0,0.0
0.32,16,0.023519793525338173,0.9997233748435974,0.023521961644291878,0.19734200835227966,1.0830508470535278,1.644871473312378,0.1944403052330017,0.9809143543243408,0.19568683207035065,0.1709205061197281,-0.018809018656611443,0.17216487228870392,-0.18759633234934248,-1.5455091095637825,0.0,0.0
0.34,17,0.027909493073821068,0.9996104836463928,0.02791311778128147,0.21955779194831848,1.1107892990112305,1.7216486930847168,0.20570865273475647,0.9786132574081421,0.20718778669834137,0.17779915034770966,-0.020997174084186554,0.17927467823028564,-0.19741445619289172,-1.7429235657566742,0.0,0.0
0.36,18,0.03275080770254135,0.9994635581970215,0.03275666758418083,0.24217744171619415,1.130982518196106,1.792746663093567,0.2168220430612564,0.9762111306190491,0.21855787932872772,0.18407122790813446,-0.023252401500940323,0.18580122292041779,-0.20657052648421476,-1.949494092240889,0.0,0.0
0.38,19,0.03804841637611389,0.9992759227752686,0.0380576029419899,0.26504671573638916,1.143463373184204,1.858012080192566,0.22777298092842102,0.973714292049408,0.22978992760181427,0.18972456455230713,-0.025561632588505745,0.19173233211040497,-0.2150223687566632,-2.164516460997552,0.0,0.0
0.4,20,0.043803758919239044,0.9990401268005371,0.043817780911922455,0.2880089581012726,1.1481119394302368,1.9173232316970825,0.2385542392730713,0.9711291790008545,0.24087683856487274,0.19475048780441284,-0.027910979464650154,0.1970590502023697,-0.22273343264692647,-2.3872498936444786,0.0,0.0
0.42,21,0.05001502484083176,0.9987484812736511,0.05003590136766434,0.3109060823917389,1.1448564529418945,1.970590591430664,0.2491588294506073,0.9684626460075378,0.25181159377098083,0.19914381206035614,-0.030285831540822983,0.2017756998538971,-0.22967320966601146,-2.61692310331049,0.0,0.0
0.44,22,0.056671787053346634,0.9983928799629211,0.05670216679573059,0.3333131968975067,1.120355486869812,2.0,0.2595800459384918,0.965721607208252,0.262587308883667,0.20290826261043549,-0.03267126530408859,0.2058851569890976,-0.23510942863689568,-2.8520325319473856,0.0,0.0
0.46,23,0.06375337392091751,0.9979656934738159,0.06379664689302444,0.3547239303588867,1.07053804397583,2.0,0.2698114216327667,0.9629132151603699,0.2731971740722656,0.20605804026126862,-0.035052500665187836,0.20940053462982178,-0.23879066484546552,-3.0908231967928512,0.0,0.0
0.48,24,0.07123778760433197,0.997459352016449,0.07129817456007004,0.3750765919685364,1.0176323652267456,2.0,0.27984675765037537,0.9600446820259094,0.2836344838142395,0.2086089551448822,-0.03741467744112015,0.21233630180358887,-0.2418989981786033,-3.3327221949714545,0.0,0.0
0.5,25,0.07910170406103134,0.9968665242195129,0.07918442785739899,0.39431264996528625,0.96180260181427,2.0,0.2896801233291626,0.9571235179901123,0.29389262199401855,0.21057842671871185,-0.03974303603172302,0.21470819413661957,-0.24445005501437725,-3.5771722499858316,0.0,0.0
0.52,26,0.08732061833143234,0.9961802363395691,0.08743196725845337,0.41237708926200867,0.9032225012779236,2.0,0.29930591583251953,0.9541571736335754,0.30396515130996704,0.21198530495166779,-0.042023058980703354,0.21653318405151367,-0.2464606512946197,-3.823632901280451,0.0,0.0
0.54,27,0.09586887806653976,0.9953939914703369,0.09601633995771408,0.429218590259552,0.8420743942260742,2.0,0.308718740940094,0.9511533975601196,0.313845694065094,0.21284987032413483,-0.044240597635507584,0.21782933175563812,-0.2479488089516588,-4.07158171023211,0.0,0.0
0.56,28,0.10471978783607483,0.9945017695426941,0.10491213202476501,0.4447895586490631,0.7785490155220032,2.0,0.3179134726524353,0.9481196999549866,0.323527991771698,0.21319369971752167,-0.04638203978538513,0.2186158448457718,-0.24893356043760745,-4.320515270669717,0.0,0.0
0.58,29,0.11384569108486176,0.9934984445571899,0.11409306526184082,0.45904645323753357,0.7128445506095886,2.0,0.32688531279563904,0.9450640082359314,0.3330059349536896,0.2130396068096161,-0.04843442514538765,0.21891286969184875,-0.24943492904859602,-4.569950199718313,0.0,0.0
0.6,30,0.1232181116938591,0.9923796057701111,0.12353205680847168,0.4719497859477997,0.6451660394668579,2.0,0.3356296420097351,0.9419940114021301,0.3422735631465912,0.2124115228652954,-0.05038558319211006,0.2187414914369583,-0.2494738767108987,-4.819424076429212,0.0,0.0
0.62,31,0.13280780613422394,0.9911417961120605,0.13320134580135345,0.4834642708301544,0.5757246017456055,2.0,0.3441421687602997,0.9389175772666931,0.35132497549057007,0.21133436262607574,-0.052224256098270416,0.2181236445903778,-0.2490722195319932,-5.068496295961205,0.0,0.0
0.64,32,0.1425849199295044,0.9897825717926025,0.14307253062725067,0.49355900287628174,0.5047366619110107,2.0,0.35241883993148804,0.9358423948287964,0.36015450954437256,0.20983392000198364,-0.053940191864967346,0.21708199381828308,-0.248252451833161,-5.3167487477943665,0.0,0.0
0.66,33,0.1525190770626068,0.9883005023002625,0.15311667323112488,0.5022074580192566,0.43242302536964417,2.0,0.36045587062835693,0.9327762722969055,0.36875656247138977,0.20793677866458893,-0.05552425608038902,0.2156398892402649,-0.24703783662891024,-5.563786584423276,0.0,0.0
0.68,34,0.16257955133914948,0.9866954684257507,0.1633044183254242,0.5093876123428345,0.3590081036090851,2.0,0.36824968457221985,0.9297269582748413,0.37712568044662476,0.20567011833190918,-0.05696850270032883,0.21382126212120056,-0.24545213705557262,-5.809238721478849,0.0,0.0
0.7000000000000001,35,0.1727353185415268,0.9849683046340942,0.17360606789588928,0.5150820016860962,0.28471893072128296,2.0,0.37579697370529175,0.9267020225524902,0.3852566182613373,0.20306164026260376,-0.058266252279281616,0.211650550365448,-0.2435196149598563,-6.052758336438705,0.0,0.0
0.72,36,0.18295526504516602,0.9831212162971497,0.18399162590503693,0.5192776918411255,0.20978426933288574,2.0,0.3830946385860443,0.9237090945243835,0.3931442201137543,0.2001393735408783,-0.059412144124507904,0.20915259420871735,-0.24126499899390605,-6.294023335432612,0.0,0.0
0.74,37,0.1932082325220108,0.9811577796936035,0.19443094730377197,0.5219663381576538,0.13443371653556824,2.0,0.3901398777961731,0.9207556247711182,0.4007834792137146,0.1969316303730011,-0.060402169823646545,0.20635254681110382,-0.2387132735794171,-6.532736609012029,0.0,0.0
0.76,38,0.20346321165561676,0.9790825843811035,0.2048938274383545,0.5231443047523499,0.05889667198061943,2.0,0.3969299793243408,0.9178488850593567,0.40816962718963623,0.19346676766872406,-0.061233699321746826,0.20327579975128174,-0.2358896467436541,-6.7686262557556836,0.0,0.0
0.78,39,0.2136894315481186,0.976901650428772,0.21535007655620575,0.5228123068809509,-0.01659850962460041,2.0,0.40346255898475647,0.9149961471557617,0.4152979552745819,0.18977314233779907,-0.06190549582242966,0.19994786381721497,-0.23281954818790468,-7.0014458039435885,0.0,0.0
0.8,40,0.2238563448190689,0.9746221303939819,0.22576944530010223,0.5209680199623108,-0.09221640229225159,1.999478816986084,0.40973538160324097,0.9122044444084167,0.4221639633178711,0.18587905168533325,-0.06241772696375847,0.19639451801776886,-0.22950766952796003,-7.230953473471549,0.0,0.0
0.8200000000000001,41,0.23392365872859955,0.9722549915313721,0.2361113578081131,0.5170959830284119,-0.1936003863811493,1.9639452695846558,0.41574639081954956,0.9094805717468262,0.42876332998275757,0.18182273209095,-0.06277438253164291,0.19265197217464447,-0.2246234137244007,-7.455576887195949,0.0,0.0
0.84,42,0.24385127425193787,0.9698126316070557,0.24633504450321198,0.5111840963363647,-0.29559460282325745,1.926519751548767,0.4214937090873718,0.9068313241004944,0.43509188294410706,0.17764243483543396,-0.06298131495714188,0.18875683844089508,-0.21954307122834527,-7.675119958424295,0.0,0.0
0.86,43,0.2535995841026306,0.967309296131134,0.25639966130256653,0.5032315254211426,-0.39762887358665466,1.887568473815918,0.42697566747665405,0.9042630791664124,0.4411455988883972,0.17337611317634583,-0.0630461797118187,0.1847459375858307,-0.2143213572362042,-7.889441315660499,0.0,0.0
0.88,44,0.2631295621395111,0.9647604823112488,0.2662646472454071,0.4932488203048706,-0.4991355836391449,1.847459316253662,0.43219074606895447,0.901782214641571,0.4469207227230072,0.16906118392944336,-0.06297829002141953,0.1806560605764389,-0.2090120093243808,-8.098453324984881,0.0,0.0
0.9,45,0.27240321040153503,0.9621831774711609,0.2758898138999939,0.48125776648521423,-0.5995519757270813,1.806560754776001,0.43713751435279846,0.899394690990448,0.45241352915763855,0.16473431885242462,-0.06278851628303528,0.17652373015880585,-0.2036675375273722,-8.302120862512254,0.0,0.0
0.92,46,0.28138357400894165,0.9595953822135925,0.28523561358451843,0.4672912657260895,-0.6983257532119751,1.7652372121810913,0.4418147802352905,0.8971062898635864,0.4576205909252167,0.16043120622634888,-0.06248908117413521,0.17238496243953705,-0.19833852729199625,-8.50045938980425,0.0,0.0
0.9400000000000001,47,0.29003506898880005,0.9570159912109375,0.29426348209381104,0.4513929486274719,-0.7949157953262329,1.7238496541976929,0.44622138142585754,0.8949226140975952,0.46253859996795654,0.1561863273382187,-0.06209341436624527,0.1682751178741455,-0.19307367979872572,-8.693533069602976,0.0,0.0
0.96,48,0.2983236312866211,0.9544647932052612,0.3029358386993408,0.4336169958114624,-0.8887969255447388,1.682751178741455,0.4503563940525055,0.8928488492965698,0.46716445684432983,0.1520327627658844,-0.06161590293049812,0.1642286479473114,-0.18791928711998176,-8.881452356722958,0.0,0.0
0.98,49,0.3062168061733246,0.9519618153572083,0.3112163841724396,0.41402775049209595,-0.9794620275497437,1.6422863006591797,0.45421892404556274,0.8908901214599609,0.47149527072906494,0.14800210297107697,-0.061071693897247314,0.16027888655662537,-0.1829191180236625,-9.06437147474662,0.0,0.0
1.0,50,0.31368398666381836,0.9495274424552917,0.31907036900520325,0.392699271440506,-1.0664246082305908,1.6027889251708984,0.45780816674232483,0.8890510201454163,0.4755282700061798,0.14412418007850647,-0.060476433485746384,0.15645788609981537,-0.17811422579728725,-9.242485700543908,0.0,0.0
1.02,51,0.3206964433193207,0.9471820592880249,0.3264646530151367,0.3697148263454437,-1.1492218971252441,1.5645790100097656,0.4611234664916992,0.8873359560966492,0.4792608916759491,0.14042703807353973,-0.059846047312021255,0.15279622375965118,-0.17354268158773145,-9.416028382131639,0.0,0.0
1.04,52,0.3272274434566498,0.9449456334114075,0.3333680033683777,0.34516650438308716,-1.2274166345596313,1.527962327003479,0.46416425704956055,0.8857491612434387,0.48269081115722656,0.13693679869174957,-0.059196457266807556,0.14932282269001007,-0.16923958518215343,-9.585267967313792,0.0,0.0
1.06,53,0.3332524299621582,0.942837655544281,0.33975109457969666,0.3191545307636261,-1.3005986213684082,1.4932281970977783,0.46692997217178345,0.8842942714691162,0.4858158528804779,0.13367757201194763,-0.05854335427284241,0.14606478810310364,-0.16523703065621115,-9.750504997970003,0.0,0.0
1.08,54,0.33874887228012085,0.940876841545105,0.3455868065357208,0.291786789894104,-1.368387222290039,1.460647702217102,0.4694202244281769,0.8829748630523682,0.48863404989242554,0.13067138195037842,-0.05790194869041443,0.1430472433567047,-0.16156394952814915,-9.912068947498152,0.0,0.0
1.1,55,0.3436965048313141,0.9390807747840881,0.350850373506546,0.26317813992500305,-1.4304325580596924,1.4304722547531128,0.4716346263885498,0.8817940354347229,0.4911436140537262,0.12793812155723572,-0.057286716997623444,0.14029324054718018,-0.15824617724151482,-10.070315124739667,0.0,0.0
1.12,56,0.34807729721069336,0.9374658465385437,0.3555193841457367,0.233449786901474,-1.4864170551300049,1.4029322862625122,0.47357288002967834,0.8807546496391296,0.49334296584129333,0.1254955530166626,-0.056711189448833466,0.13782359659671783,-0.15530642633653838,-10.225621551076205,0.0,0.0
1.1400000000000001,57,0.3518754541873932,0.936046838760376,0.35957396030426025,0.20272867381572723,-1.5360562801361084,1.3782358169555664,0.47523465752601624,0.8798590898513794,0.49523070454597473,0.12335919588804245,-0.05618773400783539,0.13565675914287567,-0.1527643552250164,-10.378385906301222,0.0,0.0
1.16,58,0.3550774157047272,0.9348369240760803,0.3629968762397766,0.17114666104316711,-1.5791003704071045,1.3565675020217896,0.47661980986595154,0.8791095614433289,0.49680566787719727,0.12154237180948257,-0.05572736635804176,0.13380877673625946,-0.1506365740718408,-10.529022480373063,0.0,0.0
1.18,59,0.35767191648483276,0.9338473081588745,0.36577367782592773,0.1388399749994278,-1.6153342723846436,1.338087797164917,0.47772809863090515,0.8785077333450317,0.49806681275367737,0.12005619704723358,-0.055339571088552475,0.13229312002658844,-0.14893677373916078,-10.677959254112224,0.0,0.0
1.2,60,0.3596498966217041,0.9330873489379883,0.36789265275001526,0.10594839602708817,-1.6445790529251099,1.3229312896728516,0.4785594642162323,0.8780551552772522,0.49901336431503296,0.1189095601439476,-0.05503217130899429,0.1311207115650177,-0.1476756321818138,-10.825634886294038,0.0,0.0
1.22,61,0.36100462079048157,0.9325640201568604,0.36934494972229004,0.07261455804109573,-1.666691780090332,1.3112071752548218,0.47911372780799866,0.8777528405189514,0.4996447265148163,0.11810910701751709,-0.05481119453907013,0.13029979169368744,-0.14686106194306153,-10.9724959482371,0.0,0.0
1.24,62,0.361731618642807,0.9322822690010071,0.37012460827827454,0.03898323327302933,-1.6815662384033203,1.3029978275299072,0.4793908894062042,0.8776015043258667,0.4999605119228363,0.11765928566455841,-0.05468079075217247,0.12983591854572296,-0.14649815186082,-11.11899410009792,0.0,0.0
1.26,63,0.3618285655975342,0.9322446584701538,0.3702286183834076,0.005200574174523354,-1.6891329288482666,1.2983590364456177,0.4793908894062042,0.8776015043258667,0.4999605119228363,0.11756232380867004,-0.054643161594867706,0.1297319084405899,-0.14658925424051528,-11.265583354338435,0.0,0.0
1.28,64,0.36129552125930786,0.9324513673782349,0.36965689063072205,-0.0285866167396307,-1.6893595457077026,1.297318935394287,0.47911372780799866,0.8777528405189514,0.4996447265148163,0.11781822144985199,-0.05469853803515434,0.12998785078525543,-0.1471339885370706,-11.412717342875506,0.0,0.0
1.3,65,0.36013469099998474,0.9329003095626831,0.3684122562408447,-0.0622316375374794,-1.6822509765625,1.2998783588409424,0.4785594642162323,0.8780551552772522,0.49901336431503296,0.11842477321624756,-0.0548451691865921,0.13060110807418823,-0.14812931031401197,-11.560846653189518,0.0,0.0
1.32,66,0.3583505153656006,0.9335871338844299,0.36650049686431885,-0.09558861702680588,-1.6678489446640015,1.3060110807418823,0.47772809863090515,0.8785077333450317,0.49806681275367737,0.11937757581472397,-0.055079370737075806,0.13156631588935852,-0.1495695319081148,-11.710416185097634,0.0,0.0
1.34,67,0.3559497892856598,0.9345051050186157,0.36393022537231445,-0.12851324677467346,-1.646232008934021,1.3156633377075195,0.47661980986595154,0.8791095614433289,0.49680566787719727,0.12067001312971115,-0.05539555102586746,0.1328754425048828,-0.15144629484799707,-11.86186247994563,0.0,0.0
1.36,68,0.3529413938522339,0.9356454610824585,0.3607129454612732,-0.16086356341838837,-1.6175154447555542,1.3287545442581177,0.47523465752601624,0.8798590898513794,0.49523070454597473,0.12229327112436295,-0.055786341428756714,0.13451777398586273,-0.15374860725622186,-12.015611087201853,0.0,0.0
1.3800000000000001,69,0.34933653473854065,0.9369972944259644,0.3568629324436188,-0.19250057637691498,-1.5818506479263306,1.3451775312423706,0.47357288002967834,0.8807546496391296,0.49334296584129333,0.1242363303899765,-0.0562426820397377,0.13648003339767456,-0.15646279738669427,-12.172073884588547,0.0,0.0
1.4000000000000001,70,0.34514865279197693,0.9385480284690857,0.3523971438407898,-0.22328907251358032,-1.5394245386123657,1.3648003339767456,0.4716346263885498,0.8817940354347229,0.4911436140537262,0.12648600339889526,-0.0567539744079113,0.1387464702129364,-0.15957261157615726,-12.331646496164705,0.0,0.0
1.42,71,0.3403933346271515,0.9402831196784973,0.34733518958091736,-0.2530982494354248,-1.4904593229293823,1.3874646425247192,0.4694202244281769,0.8829748630523682,0.48863404989242554,0.1290268898010254,-0.05730825290083885,0.14129887521266937,-0.16305900627226833,-12.494705502436974,0.0,0.0
1.44,72,0.33508849143981934,0.9421866536140442,0.34169915318489075,-0.2818024754524231,-1.435211420059204,1.4129886627197266,0.46692997217178345,0.8842942714691162,0.4858158528804779,0.1318414956331253,-0.05789237469434738,0.14411672949790955,-0.1669002796197242,-12.661605782056698,0.0,0.0
1.46,73,0.3292540907859802,0.9442413449287415,0.33551350235939026,-0.3092818856239319,-1.3739705085754395,1.4411671161651611,0.46416425704956055,0.8857491612434387,0.48269081115722656,0.13491016626358032,-0.05849221348762512,0.1471773236989975,-0.17107197942330593,-12.832677761480005,0.0,0.0
1.48,74,0.3229123055934906,0.9464288949966431,0.32880502939224243,-0.335423082113266,-1.3070590496063232,1.4717731475830078,0.4611234664916992,0.8873359560966492,0.4792608916759491,0.13821114599704742,-0.05909290164709091,0.15045586228370667,-0.17554693245426123,-13.008224693934267,0.0,0.0
1.5,75,0.3160874545574188,0.9487300515174866,0.32160264253616333,-0.36011967062950134,-1.2348301410675049,1.5045585632324219,0.45780816674232483,0.8890510201454163,0.4755282700061798,0.141720712184906,-0.0596790574491024,0.15392561256885529,-0.1802952092165437,-13.18851990315081,0.0,0.0
1.52,76,0.30880576372146606,0.9511251449584961,0.3139371871948242,-0.38327300548553467,-1.1576666831970215,1.53925621509552,0.45421892404556274,0.8908901214599609,0.47149527072906494,0.1454131305217743,-0.06023501232266426,0.15755808353424072,-0.18528418192460464,-13.373804085075415,0.0,0.0
1.54,77,0.301095575094223,0.9535939693450928,0.305841326713562,-0.4047926068305969,-1.0759800672531128,1.5755808353424072,0.4503563940525055,0.8928488492965698,0.46716445684432983,0.14926083385944366,-0.06074509397149086,0.16132313013076782,-0.19047848719835905,-13.564282572273774,0.0,0.0
1.56,78,0.2929869592189789,0.9561164379119873,0.29734939336776733,-0.42459675669670105,-0.9902075529098511,1.6132311820983887,0.44622138142585754,0.8949226140975952,0.46253859996795654,0.15323443710803986,-0.061193834990262985,0.1651892066001892,-0.19584020845643238,-13.760122780730207,0.0,0.0
1.58,79,0.2845118045806885,0.9586725234985352,0.2884971499443054,-0.44261297583580017,-0.9008101224899292,1.651892066001892,0.4418147802352905,0.8971062898635864,0.4576205909252167,0.15730297565460205,-0.061566244810819626,0.16912344098091125,-0.2013289330336805,-13.961451713763887,0.0,0.0
1.6,80,0.2757035791873932,0.96124267578125,0.2793215811252594,-0.45877838134765625,-0.8082716464996338,1.6912344694137573,0.43713751435279846,0.899394690990448,0.45241352915763855,0.16143393516540527,-0.061848025768995285,0.17309194803237915,-0.2069017615146166,-14.168353475278504,0.0,0.0
1.62,81,0.2665972411632538,0.963808000087738,0.26986077427864075,-0.47304031252861023,-0.7130951881408691,1.730919599533081,0.43219074606895447,0.901782214641571,0.4469207227230072,0.1655934900045395,-0.06202581152319908,0.17705994844436646,-0.21251358968090867,-14.380867064959412,0.0,0.0
1.6400000000000001,82,0.2572290301322937,0.9663504958152771,0.2601536512374878,-0.48535630106925964,-0.6158004999160767,1.770599603652954,0.42697566747665405,0.9042630791664124,0.4411455988883972,0.16974665224552155,-0.06208736076951027,0.1809919774532318,-0.21811731208072105,-14.598984377040134,0.0,0.0
1.6600000000000001,83,0.24763624370098114,0.9688530564308167,0.2502397298812866,-0.49569475650787354,-0.5169219970703125,1.8099195957183838,0.4214937090873718,0.9068313241004944,0.43509188294410706,0.17385748028755188,-0.062021758407354355,0.18485213816165924,-0.22366394421665686,-14.822648321256791,0.0,0.0
1.68,84,0.23785711824893951,0.9713001847267151,0.2401590496301651,-0.5040348172187805,-0.4170040786266327,1.84852135181427,0.41574639081954956,0.9094805717468262,0.42876332998275757,0.17788927257061005,-0.061819568276405334,0.18860428035259247,-0.22910314860877617,-15.051751469865566,0.0,0.0
1.7,85,0.22793050110340118,0.973677396774292,0.22995170950889587,-0.5103668570518494,-0.3166002929210663,1.886042833328247,0.40973538160324097,0.9122044444084167,0.4221639633178711,0.18180488049983978,-0.06147297844290733,0.19221225380897522,-0.23438319451382916,-15.286134664379395,0.0,0.0
1.72,86,0.2178957164287567,0.975972056388855,0.21965786814689636,-0.5146921873092651,-0.21626804769039154,1.9221224784851074,0.40346255898475647,0.9149961471557617,0.4152979552745819,0.18556684255599976,-0.06097590550780296,0.19564008712768555,-0.2394516464499879,-15.525586310829382,0.0,0.0
1.74,87,0.2077922374010086,0.9781729578971863,0.2093174010515213,-0.517023503780365,-0.11656616628170013,1.9564008712768555,0.3969299793243408,0.9178488850593567,0.40816962718963623,0.18913774192333221,-0.06032409146428108,0.19885222613811493,-0.2442556029953722,-15.769841913824754,0.0,0.0
1.76,88,0.1976594626903534,0.9802707433700562,0.19896970689296722,-0.5173845291137695,-0.018051322549581528,1.9885222911834717,0.3901398777961731,0.9207556247711182,0.4007834792137146,0.1924804002046585,-0.05951514095067978,0.20181378722190857,-0.24874213132502127,-16.018584045149776,0.0,0.0
1.78,89,0.18753111362457275,0.982258677482605,0.18864805996418,-0.5160821080207825,0.06512238085269928,2.0,0.3830946385860443,0.9237090945243835,0.3931442201137543,0.19556352496147156,-0.05854956805706024,0.20449614524841309,-0.2521354156723043,-16.27071946082208,0.0,0.0
1.8,90,0.17743773758411407,0.9841320514678955,0.1783822625875473,-0.5132902264595032,0.13959290087223053,2.0,0.37579697370529175,0.9267020225524902,0.3852566182613373,0.19835922122001648,-0.057430002838373184,0.20687435567378998,-0.2547619614001408,-16.52548142222222,0.0,0.0
1.82,91,0.1674099564552307,0.985887348651886,0.16820195317268372,-0.5090152621269226,0.21375024318695068,2.0,0.36824968457221985,0.9297269582748413,0.37712568044662476,0.20083972811698914,-0.05616043135523796,0.20892374217510223,-0.2570546642768611,-16.782536086499082,0.0,0.0
1.84,92,0.15747833251953125,0.9875224232673645,0.15813659131526947,-0.5032678246498108,0.28736937046051025,2.0,0.36045587062835693,0.9327762722969055,0.36875656247138977,0.2029775232076645,-0.05474616959691048,0.2106199562549591,-0.2589890834449361,-17.04152516994402,0.0,0.0
1.86,93,0.14767326414585114,0.9890362024307251,0.14821532368659973,-0.49606332182884216,0.36022573709487915,2.0,0.35241883993148804,0.9358423948287964,0.36015450954437256,0.2047455757856369,-0.053193818777799606,0.21193918585777283,-0.26054123215641317,-17.302066402100433,0.0,0.0
1.8800000000000001,94,0.13802485167980194,0.9904287457466125,0.13846690952777863,-0.4874213933944702,0.43209633231163025,2.0,0.3441421687602997,0.9389175772666931,0.35132497549057007,0.20611730217933655,-0.051511213183403015,0.21285808086395264,-0.26168760738692604,-17.563754009487358,0.0,0.0
1.9000000000000001,95,0.12856276333332062,0.9917013645172119,0.1289195716381073,-0.47736620903015137,0.5027604699134827,2.0,0.3356296420097351,0.9419940114021301,0.3422735631465912,0.2070668637752533,-0.04970734566450119,0.2133539766073227,-0.2624053973126243,-17.82615940679998,0.0,0.0
1.92,96,0.11931612342596054,0.9928563237190247,0.1196010559797287,-0.4659261703491211,0.5720006823539734,2.0,0.32688531279563904,0.9450640082359314,0.3330059349536896,0.2075691819190979,-0.04779229685664177,0.21340487897396088,-0.2626725086638998,-18.08883191546388,0.0,0.0
1.94,97,0.11031340062618256,0.9938968420028687,0.11053837090730667,-0.45313411951065063,0.639603853225708,2.0,0.3179134726524353,0.9481196999549866,0.323527991771698,0.20760007202625275,-0.04577712342143059,0.21298961341381073,-0.2624675626182259,-18.351299478082108,0.0,0.0
1.96,98,0.10158231109380722,0.994827151298523,0.10175783187150955,-0.4390268623828888,0.7053616642951965,2.0,0.308718740940094,0.9511533975601196,0.313845694065094,0.20713642239570618,-0.043673764914274216,0.21208783984184265,-0.26177015691796307,-18.61306963500007,0.0,0.0
1.98,99,0.09314969182014465,0.9956521391868591,0.09328492730855942,-0.4236454367637634,0.769071638584137,2.0,0.29930591583251953,0.9541571736335754,0.30396515130996704,0.20615623891353607,-0.04149491339921951,0.21068021655082703,-0.26056076804156664,-18.873630403041638,0.0,0.0
2.0,100,0.08504139631986618,0.9963774085044861,0.08514422923326492,-0.407034695148468,0.8305378556251526,2.0,0.2896801233291626,0.9571235179901123,0.29389262199401855,0.20463873445987701,-0.03925390541553497,0.20874840021133423,-0.25882091897103904,-19.132451322012678,0.0,0.0
2.02,101,0.07728222757577896,0.99700927734375,0.07735937088727951,-0.3892432451248169,0.8895717263221741,2.0,0.27984675765037537,0.9600446820259094,0.2836344838142395,0.2025645226240158,-0.03696456924080849,0.2062751054763794,-0.25653325464059135,-19.388984576653268,0.0,0.0
2.04,102,0.06989586353302002,0.9975543022155762,0.06995289772748947,-0.37032338976860046,0.9459925889968872,2.0,0.2698114216327667,0.9629132151603699,0.2731971740722656,0.1999155431985855,-0.03464110940694809,0.20324426889419556,-0.253681584404232,-19.6426661610575,0.0,0.0
2.06,103,0.0629047229886055,0.9980195164680481,0.06294628232717514,-0.35033082962036133,0.9996283054351807,2.0,0.2595800459384918,0.965721607208252,0.262587308883667,0.19667531549930573,-0.03229793906211853,0.19964103400707245,-0.250250891276643,-19.892917052334145,0.0,0.0
2.08,104,0.05632888525724411,0.9984122514724731,0.05635871738195419,-0.3293783664703369,1.047623634338379,1.9964102506637573,0.2491588294506073,0.9684626460075378,0.25181159377098083,0.1928299516439438,-0.02994963340461254,0.19545288383960724,-0.24608513255910092,-20.139002184893247,0.0,0.0
2.1,105,0.05017559602856636,0.9987404346466064,0.05019666999578476,-0.30810219049453735,1.063808560371399,1.95452880859375,0.2385542392730713,0.9711291790008545,0.24087683856487274,0.18837864696979523,-0.02761123701930046,0.19068016111850739,-0.23981674949777707,-20.378818934391024,0.0,0.0
2.12,106,0.04444897547364235,0.9990116357803345,0.0444636233150959,-0.28665241599082947,1.0724881887435913,1.906801700592041,0.22777298092842102,0.973714292049408,0.22978992760181427,0.18332400918006897,-0.025297392159700394,0.18532630801200867,-0.23277214120680761,-20.611591075597833,0.0,0.0
2.14,107,0.03915003314614296,0.9992333650588989,0.03916003927588463,-0.2651791572570801,1.0736634731292725,1.853263020515442,0.2168220430612564,0.9762111306190491,0.21855787932872772,0.17767201364040375,-0.02302219718694687,0.1793978363275528,-0.22497572646238628,-20.83656680206022,0.0,0.0
2.16,108,0.03427669405937195,0.9994123578071594,0.034283410757780075,-0.24383153021335602,1.0673816204071045,1.7939783334732056,0.20570865273475647,0.9786132574081421,0.20718778669834137,0.17143195867538452,-0.020799102261662483,0.1729043871164322,-0.2164580543081603,-21.053024856368378,0.0,0.0
2.18,109,0.029823850840330124,0.9995551705360413,0.029828272759914398,-0.22275680303573608,1.0537357330322266,1.72904372215271,0.1944403052330017,0.9809143543243408,0.19568683207035065,0.1646164506673813,-0.01864081807434559,0.16585856676101685,-0.20725543676541816,-21.260280293133796,0.0,0.0
2.2,110,0.025783425197005272,0.9996675252914429,0.025786282494664192,-0.2020995318889618,1.0328636169433594,1.658585548400879,0.18302473425865173,0.9831082820892334,0.18406227231025696,0.15724129974842072,-0.016559243202209473,0.15827599167823792,-0.19740961075701344,-21.45768990389081,0.0,0.0
2.22,111,0.022144461050629616,0.999754786491394,0.02214627154171467,-0.18200059235095978,1.0049470663070679,1.5827598571777344,0.17146988213062286,0.9851893782615662,0.17232146859169006,0.149325430393219,-0.01456542033702135,0.15017518401145935,-0.18696729033423662,-21.644657194225047,0.0,0.0
2.24,112,0.018893219530582428,0.9998214840888977,0.018894342705607414,-0.16259637475013733,0.9702111482620239,1.5017520189285278,0.1597839742898941,0.9871519804000854,0.1604718118906021,0.14089074730873108,-0.012669500894844532,0.14157746732234955,-0.1759797152259312,-21.82063690945098,0.0,0.0
2.2600000000000002,113,0.01601330004632473,0.9998717904090881,0.016013983637094498,-0.14401794970035553,0.9289215207099915,1.4157747030258179,0.1479753702878952,0.9889910221099854,0.1485207974910736,0.13196207582950592,-0.010880732908844948,0.13250680267810822,-0.16450200694825637,-21.985138916399237,0.0,0.0
2.2800000000000002,114,0.013485770672559738,0.9999090433120728,0.013486179523169994,-0.1263902634382248,0.8813838958740234,1.3250681161880493,0.1360526978969574,0.9907016158103943,0.13647596538066864,0.12256693094968796,-0.009207461960613728,0.12298978865146637,-0.15259267372817265,-22.13773159012741,0.0,0.0
2.3000000000000003,115,0.01128931064158678,0.9999362826347351,0.011289550922811031,-0.10983143746852875,0.8279414772987366,1.2298978567123413,0.12402476370334625,0.9922791123390198,0.12434494495391846,0.11273545026779175,-0.007657150272279978,0.11305539309978485,-0.14031290232828264,-22.27804449245569,0.0,0.0
2.32,116,0.00940037239342928,0.9999558329582214,0.009400511160492897,-0.09445197135210037,0.7689730525016785,1.130553960800171,0.11190052330493927,0.9937193989753723,0.1121353805065155,0.10250014811754227,-0.006236401852220297,0.10273487120866776,-0.12772595609623466,-22.405770448551927,0.0,0.0
2.34,117,0.007793348748236895,0.9999696016311646,0.00779342744499445,-0.08035416901111603,0.704890251159668,1.0273486375808716,0.09968913346529007,0.9950186610221863,0.09985499083995819,0.09189578145742416,-0.00495099974796176,0.09206156432628632,-0.11489640623662255,-22.520666854788548,0.0,0.0
2.36,118,0.006440754048526287,0.9999792575836182,0.006440798286348581,-0.06763146072626114,0.636135458946228,0.9206156134605408,0.08739987760782242,0.9961733222007751,0.08751153200864792,0.08095911890268326,-0.0038059488870203495,0.08107072860002518,-0.10188952379983182,-22.622556378588378,0.0,0.0
2.38,119,0.0053134155459702015,0.9999858736991882,0.005313440691679716,-0.05636788532137871,0.5631788372993469,0.8107073307037354,0.07504218071699142,0.9971803426742554,0.07511279731988907,0.06972876936197281,-0.0028055235743522644,0.06979935616254807,-0.08877055507665202,-22.71132693366503,0.0,0.0
2.4,120,0.004380675498396158,0.9999904036521912,0.0043806894682347775,-0.04663757234811783,0.48651552200317383,0.6979935765266418,0.06262560933828354,0.9980370998382568,0.06266661733388901,0.05824493244290352,-0.001953314756974578,0.05828592926263809,-0.07560405820036703,-22.786930991865397,0.0,0.0
2.42,121,0.0036105948965996504,0.9999935030937195,0.0036106028128415346,-0.03850432112812996,0.40666255354881287,0.5828592777252197,0.05015980079770088,0.9987412095069885,0.05018085613846779,0.04654920473694801,-0.001252276822924614,0.04657025635242462,-0.06245326390386577,-22.849384255769262,0.0,0.0
2.44,122,0.0029701744206249714,0.9999955892562866,0.002970178611576557,-0.03202120587229729,0.32415586709976196,0.46570253372192383,0.03765450045466423,0.9992908239364624,0.037663403898477554,0.03468432277441025,-0.0007047711405903101,0.03469322249293327,-0.049379465906484926,-22.898763721675746,0.0,0.0
2.46,123,0.002425570972263813,0.999997079372406,0.0024255733005702496,-0.027230266481637955,0.23954692482948303,0.3469322621822357,0.025119516998529434,0.9996844530105591,0.025122158229351044,0.022693945094943047,-0.00031260313699021935,0.022696586325764656,-0.03644145038945279,-22.9352051720652,0.0,0.0
2.48,124,0.0019423265475779772,0.9999980926513672,0.0019423278281465173,-0.024162279441952705,0.15339937806129456,0.22696584463119507,0.01256471686065197,0.9999210834503174,0.012565047480165958,0.010622390545904636,-7.705285679548979e-05,0.01062272023409605,-0.023694965400505915,-22.958900137465704,0.0,0.0
2.5,125,0.0014855959452688694,0.9999988675117493,0.0014855965273454785,-0.022836562246084213,0.06628581881523132,0.10622719675302505,6.123234262925839e-17,1.0,6.123234262925839e-17,-0.0014855959452688694,1.1034983344870852e-06,-0.0014855965273454785,-0.01119229312441197,-22.970092430590118,0.0,0.0
2.52,126,0.0010203787824139,0.999999463558197,0.0010203788988292217,-0.023260880261659622,-0.021215874701738358,-0.014855965040624142,-0.01256471686065197,0.9999210834503174,-0.012565047480165958,-0.013585096225142479,-7.841859041946009e-05,-0.013585426844656467,-0.0010225859129816186,-22.9711150165031,0.0,0.0
2.54,127,0.0005117509281262755,0.9999998807907104,0.0005117509863339365,-0.025431398302316666,-0.108525849878788,-0.13585425913333893,-0.025119516998529434,0.9996844530105591,-0.025122158229351044,-0.025631267577409744,-0.0003154138976242393,-0.025633910670876503,-0.01326136225247553,-22.984376378755574,0.0,0.0
2.56,128,-7.490333518944681e-05,1.0,-7.490333518944681e-05,-0.029332714155316353,-0.19506585597991943,-0.25633910298347473,-0.03765450045466423,0.9992908239364624,-0.037663403898477554,-0.03757959604263306,-0.0007091793231666088,-0.03758849948644638,-0.025704352198112717,-23.010080730953685,0.0,0.0
2.58,129,-0.0007736626430414617,0.9999997019767761,-0.0007736627012491226,-0.034937966614961624,-0.28026267886161804,-0.375885009765625,-0.05015980079770088,0.9987412095069885,-0.05018085613846779,-0.04938613623380661,-0.0012584957294166088,-0.049407195299863815,-0.03830263657758573,-23.048383367531272,0.0,0.0
2.6,130,-0.00161784200463444,0.9999986886978149,-0.001617842703126371,-0.04220899939537048,-0.3635515570640564,-0.49407193064689636,-0.06262560933828354,0.9980370998382568,-0.06266661733388901,-0.06100776791572571,-0.001961601199582219,-0.06104877591133118,-0.05100408422079494,-23.09938745175207,0.0,0.0
2.62,131,-0.0026397714391350746,0.999996542930603,-0.002639774465933442,-0.0510965920984745,-0.44437968730926514,-0.6104877591133118,-0.07504218071699142,0.9971803426742554,-0.07511279731988907,-0.07240241020917892,-0.0028161557856947184,-0.07247301936149597,-0.0637537956730428,-23.163141247425113,0.0,0.0
2.64,132,-0.003870580578222871,0.9999924898147583,-0.0038705901242792606,-0.06154078245162964,-0.5222094058990479,-0.7247302532196045,-0.08739987760782242,0.9961733222007751,-0.08751153200864792,-0.08352929353713989,-0.003819199977442622,-0.0836409404873848,-0.0764945461644876,-23.2396357935896,0.0,0.0
2.66,133,-0.005339988972991705,0.9999857544898987,-0.005340014584362507,-0.07347121089696884,-0.5965214967727661,-0.8364093899726868,-0.09968913346529007,0.9950186610221863,-0.09985499083995819,-0.09434913843870163,-0.004967110697180033,-0.09451497346162796,-0.08916732473952434,-23.328803118329123,0.0,0.0
2.68,134,-0.00707610696554184,0.9999749660491943,-0.007076166104525328,-0.08680757880210876,-0.6668182015419006,-0.9451497793197632,-0.11190052330493927,0.9937193989753723,-0.1121353805065155,-0.10482441633939743,-0.006255550310015678,-0.10505921393632889,-0.10171190568331231,-23.430515024012436,0.0,0.0
2.7,135,-0.009105241857469082,0.9999585747718811,-0.009105367586016655,-0.10146009922027588,-0.7326263785362244,-1.0505921840667725,-0.12402476370334625,0.9922791123390198,-0.12434494495391846,-0.1149195209145546,-0.007679423317313194,-0.11523957550525665,-0.11406745109643478,-23.54458247510887,0.0,0.0
2.72,136,-0.011451720260083675,0.9999344348907471,-0.011451969854533672,-0.11733010411262512,-0.7935002446174622,-1.1523957252502441,-0.1360526978969574,0.9907016158103943,-0.13647596538066864,-0.12460098415613174,-0.009232825599610806,-0.1250239908695221,-0.12617313492101864,-23.67075561002989,0.0,0.0
2.74,137,-0.014137710444629192,0.9999000430107117,-0.014138181693851948,-0.13431058824062347,-0.8490240573883057,-1.2502399682998657,-0.1479753702878952,0.9889910221099854,-0.1485207974910736,-0.13383765518665314,-0.010909011587500572,-0.13438260555267334,-0.137968782855288,-23.80872439288518,0.0,0.0
2.7600000000000002,138,-0.017183074727654457,0.9998523592948914,-0.017183920368552208,-0.15228688716888428,-0.8988147377967834,-1.343826174736023,-0.1597839742898941,0.9871519804000854,-0.1604718118906021,-0.1426008939743042,-0.012700353749096394,-0.14328788220882416,-0.14939556526492279,-23.9581199581501,0.0,0.0
2.7800000000000002,139,-0.020605208352208138,0.9997876882553101,-0.020606666803359985,-0.17113736271858215,-0.9425239562988281,-1.4328789710998535,-0.17146988213062286,0.9851893782615662,-0.17232146859169006,-0.15086467564105988,-0.014598328620195389,-0.15171480178833008,-0.16039656510285796,-24.118516523252957,0.0,0.0
2.8000000000000003,140,-0.024418922141194344,0.9997017979621887,-0.02442135103046894,-0.19073417782783508,-0.9798405170440674,-1.5171480178833008,-0.18302473425865173,0.9831082820892334,-0.18406227231025696,-0.15860581398010254,-0.016593504697084427,-0.15964092314243317,-0.1709174993020565,-24.289434022555014,0.0,0.0
2.82,141,-0.02863631583750248,0.9995899200439453,-0.028640231117606163,-0.2109440118074417,-1.010492205619812,-1.5964092016220093,-0.1944403052330017,0.9809143543243408,-0.19568683207035065,-0.16580398380756378,-0.0186755433678627,-0.16704660654067993,-0.1809072655722178,-24.47034128812723,0.0,0.0
2.84,142,-0.03326667100191116,0.9994465112686157,-0.03327281028032303,-0.23162896931171417,-1.0342473983764648,-1.6704660654067993,-0.20570865273475647,0.9786132574081421,-0.20718778669834137,-0.1724419742822647,-0.020833231508731842,-0.17391498386859894,-0.1903185890807311,-24.660659877207962,0.0,0.0
2.86,143,-0.03831637278199196,0.9992656707763672,-0.038325756788253784,-0.2526473104953766,-1.0509166717529297,-1.739149808883667,-0.2168220430612564,0.9762111306190491,-0.21855787932872772,-0.17850565910339355,-0.023054510354995728,-0.18023212254047394,-0.1991084497940541,-24.859768327002016,0.0,0.0
2.88,144,-0.043788839131593704,0.9990407824516296,-0.04380284249782562,-0.2738543748855591,-1.0603538751602173,-1.802321195602417,-0.22777298092842102,0.973714292049408,-0.22978992760181427,-0.18398414552211761,-0.025326544418931007,-0.18598708510398865,-0.20723865401334093,-25.067006981015357,0.0,0.0
2.9,145,-0.04968445003032684,0.9987649917602539,-0.049704913049936295,-0.295103520154953,-1.0624572038650513,-1.8598707914352417,-0.2385542392730713,0.9711291790008545,-0.24087683856487274,-0.18886978924274445,-0.027635790407657623,-0.19117192924022675,-0.21467620897503298,-25.28168318999039,0.0,0.0
2.92,146,-0.056000541895627975,0.9984307289123535,-0.056029852479696274,-0.3162469267845154,-1.0571696758270264,-1.9117192029953003,-0.2491588294506073,0.9684626460075378,-0.25181159377098083,-0.19315829873085022,-0.029968103393912315,-0.19578175246715546,-0.22139369089978067,-25.50307688089017,0.0,0.0
2.94,147,-0.06273136287927628,0.998030424118042,-0.06277257949113846,-0.33713650703430176,-1.0444798469543457,-1.9578174352645874,-0.2595800459384918,0.965721607208252,-0.262587308883667,-0.19684867560863495,-0.032308854162693024,-0.19981473684310913,-0.2273695013690219,-25.730446382259192,0.0,0.0
2.96,148,-0.06986811012029648,0.997556209564209,-0.06992508471012115,-0.35762494802474976,-1.0244218111038208,-1.9981472492218018,-0.2698114216327667,0.9629132151603699,-0.2731971740722656,-0.19994330406188965,-0.03464305028319359,-0.20327208936214447,-0.23258815204658476,-25.963034534305777,0.0,0.0
2.98,149,-0.07738913595676422,0.9970009922981262,-0.07746659219264984,-0.3770756423473358,-0.9725344181060791,-2.0,-0.27984675765037537,0.9600446820259094,-0.2836344838142395,-0.20245760679244995,-0.03695627674460411,-0.20616787672042847,-0.23573057965591632,-26.19876511396169,0.0,0.0
3.0,150,-0.08527101576328278,0.996357798576355,-0.08537469804286957,-0.39540502429008484,-0.9164690971374512,-2.0,-0.2896801233291626,0.9571235179901123,-0.29389262199401855,-0.20440912246704102,-0.039234280586242676,-0.208517923951149,-0.23825978899965722,-26.437024902961348,0.0,0.0
3.02,151,-0.09348918497562408,0.9956203103065491,-0.09362591058015823,-0.4125608503818512,-0.8577907681465149,-2.0,-0.29930591583251953,0.9541571736335754,-0.30396515130996704,-0.20581673085689545,-0.04146309569478035,-0.2103392332792282,-0.240266710465061,-26.67729161342641,0.0,0.0
3.04,152,-0.10201800614595413,0.994782567024231,-0.10219579935073853,-0.42849448323249817,-0.7966822981834412,-2.0,-0.308718740940094,0.9511533975601196,-0.313845694065094,-0.20670074224472046,-0.043629180639982224,-0.21164987981319427,-0.24176935015637988,-26.919060963582787,0.0,0.0
3.06,153,-0.1108308658003807,0.9938392639160156,-0.1110590249300003,-0.44316115975379944,-0.7333340048789978,-2.0,-0.3179134726524353,0.9481196999549866,-0.323527991771698,-0.2070826143026352,-0.04571955278515816,-0.2124689519405365,-0.24278666969431048,-27.161847633277098,0.0,0.0
3.08,154,-0.11990027129650116,0.9927859306335449,-0.12018942832946777,-0.4565200209617615,-0.6679433584213257,-2.0,-0.32688531279563904,0.9450640082359314,-0.3330059349536896,-0.20698502659797668,-0.047721922397613525,-0.2128165066242218,-0.24333856683038582,-27.405186200107483,0.0,0.0
3.1,155,-0.12919795513153076,0.991618812084198,-0.12956011295318604,-0.46853432059288025,-0.6007142663002014,-2.0,-0.3356296420097351,0.9419940114021301,-0.3422735631465912,-0.20643167197704315,-0.049624793231487274,-0.21271343529224396,-0.24344582373058163,-27.648632023838065,0.0,0.0
3.12,156,-0.13869498670101166,0.9903351664543152,-0.13914354145526886,-0.47917142510414124,-0.5318560004234314,-2.0,-0.3441421687602997,0.9389175772666931,-0.35132497549057007,-0.20544718205928802,-0.05141759291291237,-0.2121814489364624,-0.2431300232324983,-27.891762047070564,0.0,0.0
3.14,157,-0.14836186170578003,0.9889331459999084,-0.14891159534454346,-0.4884030818939209,-0.4615827202796936,-2.0,-0.35241883993148804,0.9358423948287964,-0.36015450954437256,-0.20405696332454681,-0.05309075862169266,-0.2112429141998291,-0.24241337379224917,-28.134175420862814,0.0,0.0
3.16,158,-0.15816867351531982,0.9874120950698853,-0.15883570909500122,-0.49620532989501953,-0.39011242985725403,-2.0,-0.36045587062835693,0.9327762722969055,-0.36875656247138977,-0.20228718221187592,-0.05463583394885063,-0.20992085337638855,-0.24131880108395265,-28.375494221946767,0.0,0.0
3.18,159,-0.16808517277240753,0.9857724905014038,-0.16888688504695892,-0.5025586485862732,-0.31766626238822937,-2.0,-0.36824968457221985,0.9297269582748413,-0.37712568044662476,-0.20016449689865112,-0.0560455396771431,-0.20823881030082703,-0.23986968074981618,-28.615363902696583,0.0,0.0
3.2,160,-0.17808091640472412,0.9840158224105835,-0.17903584241867065,-0.5074480175971985,-0.24446739256381989,-2.0,-0.37579697370529175,0.9267020225524902,-0.3852566182613373,-0.19771605730056763,-0.05731382220983505,-0.20622077584266663,-0.2380898385052259,-28.853453741201808,0.0,0.0
3.22,161,-0.1881253868341446,0.9821450114250183,-0.1892530918121338,-0.5108628273010254,-0.17074041068553925,-2.0,-0.3830946385860443,0.9237090945243835,-0.3931442201137543,-0.1949692666530609,-0.05843592435121536,-0.2038911134004593,-0.23600351993703944,-29.089457261138847,0.0,0.0
3.24,162,-0.19818812608718872,0.9801639914512634,-0.19950903952121735,-0.5127969980239868,-0.09671014547348022,-2.0,-0.3901398777961731,0.9207556247711182,-0.4007834792137146,-0.19195173680782318,-0.05940839275717735,-0.20127445459365845,-0.23363518134735645,-29.323092442486203,0.0,0.0
3.2600000000000002,163,-0.208238884806633,0.9780780076980591,-0.20977401733398438,-0.5132490396499634,-0.02260092832148075,-2.0,-0.3969299793243408,0.9178488850593567,-0.40816962718963623,-0.18869110941886902,-0.0602291077375412,-0.19839560985565186,-0.23100945963353764,-29.55410190211974,0.0,0.0
3.2800000000000002,164,-0.21824292838573456,0.9758944511413574,-0.22001364827156067,-0.5119810700416565,0.06339733302593231,-1.9839560985565186,-0.40346255898475647,0.9149961471557617,-0.4152979552745819,-0.1852196305990219,-0.060898322612047195,-0.19528430700302124,-0.22751680284716902,-29.78161870496691,0.0,0.0
3.3000000000000003,165,-0.22816169261932373,0.9736232757568359,-0.23018914461135864,-0.5087752938270569,0.16028933227062225,-1.952843189239502,-0.40973538160324097,0.9122044444084167,-0.4221639633178711,-0.18157370388507843,-0.06141883134841919,-0.19197481870651245,-0.22324477088875458,-30.004863475855664,0.0,0.0
3.3200000000000003,166,-0.23795658349990845,0.971275806427002,-0.24026146531105042,-0.5036159753799438,0.2579675614833832,-1.9197481870651245,-0.41574639081954956,0.9094805717468262,-0.42876332998275757,-0.1777898073196411,-0.061795204877853394,-0.18850186467170715,-0.21875682645609437,-30.223620302311758,0.0,0.0
3.34,167,-0.24758943915367126,0.9688650369644165,-0.25019142031669617,-0.4964981973171234,0.355887234210968,-1.8850185871124268,-0.4214937090873718,0.9068313241004944,-0.43509188294410706,-0.17390428483486176,-0.062033724039793015,-0.1849004477262497,-0.21410485147913463,-30.437725153790893,0.0,0.0
3.36,168,-0.25702255964279175,0.9664053916931152,-0.2599399983882904,-0.48742812871932983,0.4535045623779297,-1.8490045070648193,-0.42697566747665405,0.9042630791664124,-0.4411455988883972,-0.1699531227350235,-0.06214229390025139,-0.181205615401268,-0.20934006673460864,-30.6470652205255,0.0,0.0
3.38,169,-0.2662191092967987,0.9639125466346741,-0.2694684565067291,-0.476422518491745,0.5502800345420837,-1.812056064605713,-0.43219074606895447,0.901782214641571,-0.4469207227230072,-0.16597163677215576,-0.06213032826781273,-0.17745226621627808,-0.2045126266112805,-30.85157784713678,0.0,0.0
3.4,170,-0.27514317631721497,0.9614032506942749,-0.2787386178970337,-0.4635089039802551,0.6456807851791382,-1.7745227813720703,-0.43713751435279846,0.899394690990448,-0.45241352915763855,-0.1619943380355835,-0.062008582055568695,-0.17367491126060486,-0.19967141219691945,-31.0512492593337,0.0,0.0
3.42,171,-0.28376010060310364,0.9588953256607056,-0.2877131402492523,-0.4487251937389374,0.7391856908798218,-1.7367490530014038,-0.4418147802352905,0.8971062898635864,-0.4576205909252167,-0.1580546796321869,-0.06178900972008705,-0.16990746557712555,-0.19486337694353134,-31.246112636277232,0.0,0.0
3.44,172,-0.2920365333557129,0.9564071893692017,-0.2963555157184601,-0.4321194589138031,0.8302860856056213,-1.699074625968933,-0.44622138142585754,0.8949226140975952,-0.46253859996795654,-0.15418484807014465,-0.06148455664515495,-0.16618308424949646,-0.19013362267094935,-31.43624625894818,0.0,0.0
3.46,173,-0.29994070529937744,0.9539578557014465,-0.3046305179595947,-0.41374966502189636,0.9184902310371399,-1.6618309020996094,-0.4503563940525055,0.8928488492965698,-0.46716445684432983,-0.15041568875312805,-0.061108969151973724,-0.1625339686870575,-0.18552490939818772,-31.621771168346367,0.0,0.0
3.48,174,-0.30744248628616333,0.9515666365623474,-0.3125041723251343,-0.39368316531181335,1.0033248662948608,-1.6253395080566406,-0.45421892404556274,0.8908901214599609,-0.47149527072906494,-0.14677642285823822,-0.060676559805870056,-0.15899109840393066,-0.1810775696231549,-31.802848737969523,0.0,0.0
3.5,175,-0.31451350450515747,0.9492530226707458,-0.3199441134929657,-0.3719964027404785,1.0843379497528076,-1.5899109840393066,-0.45780816674232483,0.8890510201454163,-0.4755282700061798,-0.14329466223716736,-0.06020199507474899,-0.1555841565132141,-0.17682934048721705,-31.97967807845674,0.0,0.0
3.52,176,-0.3211272954940796,0.9470360279083252,-0.3269195854663849,-0.34877437353134155,1.1611016988754272,-1.5558416843414307,-0.4611234664916992,0.8873359560966492,-0.4792608916759491,-0.13999617099761963,-0.05970005691051483,-0.1523413062095642,-0.17281511667266639,-32.15249319512941,0.0,0.0
3.54,177,-0.3272593915462494,0.9449345469474792,-0.33340179920196533,-0.32411012053489685,1.2332133054733276,-1.523413062095642,-0.46416425704956055,0.8857491612434387,-0.48269081115722656,-0.13690486550331116,-0.05918539687991142,-0.14928902685642242,-0.16906697515297464,-32.32156017028238,0.0,0.0
3.56,178,-0.33288732171058655,0.942966639995575,-0.33936387300491333,-0.2981041669845581,1.3002973794937134,-1.4928902387619019,-0.46692997217178345,0.8842942714691162,-0.4858158528804779,-0.1340426653623581,-0.05867232382297516,-0.14645199477672577,-0.16561415037689045,-32.48717432065927,0.0,0.0
3.58,179,-0.33799073100090027,0.9411494731903076,-0.34478116035461426,-0.27086400985717773,1.36200749874115,-1.4645198583602905,-0.4694202244281769,0.8829748630523682,-0.48863404989242554,-0.131429523229599,-0.05817456170916557,-0.14385290443897247,-0.16248288235582253,-32.649657203015096,0.0,0.0
3.6,180,-0.3425513505935669,0.9394990801811218,-0.3496312201023102,-0.24250346422195435,1.418027400970459,-1.4385290145874023,-0.4716346263885498,0.8817940354347229,-0.4911436140537262,-0.1290832757949829,-0.05770504102110863,-0.1415124088525772,-0.15969648353342197,-32.80935368654852,0.0,0.0
3.62,181,-0.34655317664146423,0.9380303025245667,-0.35389405488967896,-0.2131420075893402,1.4680726528167725,-1.4151239395141602,-0.47357288002967834,0.8807546496391296,-0.49334296584129333,-0.12701968848705292,-0.0572756864130497,-0.13944891095161438,-0.15727530851833174,-32.96662899506685,0.0,0.0
3.64,182,-0.34998223185539246,0.9367563128471375,-0.3575521409511566,-0.1829041987657547,1.5118910074234009,-1.394489049911499,-0.47523465752601624,0.8798590898513794,-0.49523070454597473,-0.12525241076946259,-0.05689724534749985,-0.13767856359481812,-0.15523681607400824,-33.12186581114086,0.0,0.0
3.66,183,-0.3528268337249756,0.9356886148452759,-0.36059051752090454,-0.1519189178943634,1.5492640733718872,-1.3767856359481812,-0.47661980986595154,0.8791095614433289,-0.49680566787719727,-0.12379295378923416,-0.0565791018307209,-0.13621513545513153,-0.15359556531097135,-33.27546137645183,0.0,0.0
3.68,184,-0.35507744550704956,0.9348368644714355,-0.362996906042099,-0.12031877040863037,1.5800068378448486,-1.3621513843536377,-0.47772809863090515,0.8785077333450317,-0.49806681275367737,-0.12265066802501678,-0.056329146027565,-0.13506990671157837,-0.15236333305835179,-33.42782470951018,0.0,0.0
3.7,185,-0.35672667622566223,0.9342088103294373,-0.36476168036460876,-0.08823937922716141,1.6039698123931885,-1.3506991863250732,-0.4785594642162323,0.8780551552772522,-0.49901336431503296,-0.12183278053998947,-0.05615364760160446,-0.1342516839504242,-0.1515490064646652,-33.579373715974846,0.0,0.0
3.72,186,-0.3577693700790405,0.9338099956512451,-0.36587804555892944,-0.05581861734390259,1.6210378408432007,-1.3425167798995972,-0.47911372780799866,0.8777528405189514,-0.4996447265148163,-0.12134436517953873,-0.056057147681713104,-0.13376668095588684,-0.15115881704303966,-33.730532533017886,0.0,0.0
3.74,187,-0.3582025468349457,0.9336438775062561,-0.3663419783115387,-0.023195991292595863,1.6311314105987549,-1.337666630744934,-0.4793908894062042,0.8776015043258667,-0.4999605119228363,-0.12118834257125854,-0.05604241415858269,-0.1336185485124588,-0.15119626779309975,-33.88172880081098,0.0,0.0
3.7600000000000002,188,-0.35802537202835083,0.9337118864059448,-0.36615222692489624,0.009488130919635296,1.6342060565948486,-1.336185336112976,-0.4793908894062042,0.8776015043258667,-0.4999605119228363,-0.12136552482843399,-0.05611037090420723,-0.13380829989910126,-0.1516622068653381,-34.03339100767632,0.0,0.0
3.7800000000000002,189,-0.3572391867637634,0.9340129494667053,-0.36531034111976624,0.04209320247173309,1.6302536725997925,-1.3380829095840454,-0.47911372780799866,0.8777528405189514,-0.4996447265148163,-0.12187454849481583,-0.05626010522246361,-0.13433438539505005,-0.15255481855450959,-34.18594582623083,0.0,0.0
3.8000000000000003,190,-0.3558475077152252,0.934544026851654,-0.36382076144218445,0.07447922229766846,1.6193009614944458,-1.343343734741211,-0.4785594642162323,0.8780551552772522,-0.49901336431503296,-0.12271194905042648,-0.05648888275027275,-0.1351926028728485,-0.153869681763712,-34.33981550799454,0.0,0.0
3.8200000000000003,191,-0.3538559675216675,0.9352999329566956,-0.36169061064720154,0.10650743544101715,1.6014105081558228,-1.3519259691238403,-0.47772809863090515,0.8785077333450317,-0.49806681275367737,-0.12387213110923767,-0.056792180985212326,-0.13637618720531464,-0.15559978230631208,-34.49541529030085,0.0,0.0
3.84,192,-0.35127243399620056,0.9362732768058777,-0.3589298129081726,0.13804103434085846,1.5766798257827759,-1.3637619018554688,-0.47661980986595154,0.8791095614433289,-0.49680566787719727,-0.12534736096858978,-0.05716376006603241,-0.13787585496902466,-0.15773547942058394,-34.653150769721435,0.0,0.0
3.86,193,-0.34810683131217957,0.937454879283905,-0.3555508852005005,0.16894586384296417,1.545241355895996,-1.3787586688995361,-0.47523465752601624,0.8798590898513794,-0.49523070454597473,-0.12712781131267548,-0.05759577453136444,-0.13967983424663544,-0.16026454090234019,-34.813415310623775,0.0,0.0
3.88,194,-0.34437131881713867,0.9388335347175598,-0.3515690565109253,0.1990910917520523,1.5072619915008545,-1.3967982530593872,-0.47357288002967834,0.8807546496391296,-0.49334296584129333,-0.12920154631137848,-0.058078888803720474,-0.14177390933036804,-0.163172097210477,-34.97658740783425,0.0,0.0
3.9,195,-0.3400800824165344,0.9403964877128601,-0.3470020592212677,0.2283499389886856,1.4629417657852173,-1.4177390336990356,-0.4716346263885498,0.8817940354347229,-0.4911436140537262,-0.13155454397201538,-0.05860241502523422,-0.1441415697336197,-0.166440744732616,-35.14302815256687,0.0,0.0
3.92,196,-0.33524951338768005,0.942129373550415,-0.3418700695037842,0.2566002309322357,1.4125144481658936,-1.441415548324585,-0.4694202244281769,0.8829748630523682,-0.48863404989242554,-0.13417072594165802,-0.05915449559688568,-0.14676401019096375,-0.17005034426939442,-35.31307849683626,0.0,0.0
3.94,197,-0.32989802956581116,0.9440165758132935,-0.33619555830955505,0.28372514247894287,1.3562458753585815,-1.4676399230957031,-0.46692997217178345,0.8842942714691162,-0.4858158528804779,-0.13703195750713348,-0.059722281992435455,-0.14962030947208405,-0.17397816535066304,-35.48705666218692,0.0,0.0
3.96,198,-0.32404613494873047,0.9460412859916687,-0.3300032913684845,0.30961379408836365,1.2944327592849731,-1.4962029457092285,-0.46416425704956055,0.8857491612434387,-0.48269081115722656,-0.14011810719966888,-0.06029213219881058,-0.15268753468990326,-0.17819880844579308,-35.665255470632715,0.0,0.0
3.98,199,-0.3177163302898407,0.9481858015060425,-0.32332003116607666,0.3341618478298187,1.2274023294448853,-1.526875376701355,-0.4611234664916992,0.8873359560966492,-0.4792608916759491,-0.14340715110301971,-0.06084983050823212,-0.15594086050987244,-0.18268425253645731,-35.84793972316917,0.0,0.0
4.0,200,-0.31093305349349976,0.9504318237304688,-0.31617459654808044,0.35727205872535706,1.155510425567627,-1.5594085454940796,-0.45780816674232483,0.8890510201454163,-0.4755282700061798,-0.14687509834766388,-0.06138080731034279,-0.15935365855693817,-0.18740384019407677,-36.03534356336325,0.0,0.0
4.0200000000000005,201,-0.30372267961502075,0.9527604579925537,-0.30859750509262085,0.3788548409938812,1.0791398286819458,-1.5935367345809937,-0.45421892404556274,0.8908901214599609,-0.47149527072906494,-0.1504962146282196,-0.06187037006020546,-0.1628977656364441,-0.19232435873293172,-36.22766792209618,0.0,0.0
4.04,202,-0.29611334204673767,0.9551528096199036,-0.3006209135055542,0.3988288342952728,0.9986993670463562,-1.628977656364441,-0.4503563940525055,0.8928488492965698,-0.46716445684432983,-0.15424305200576782,-0.06230393424630165,-0.16654354333877563,-0.1974100267470656,-36.425077948843246,0.0,0.0
4.0600000000000005,203,-0.2881348431110382,0.957589864730835,-0.2922784984111786,0.4171212613582611,0.9146213531494141,-1.6654353141784668,-0.44622138142585754,0.8949226140975952,-0.46253859996795654,-0.15808655321598053,-0.06266724318265915,-0.17026010155677795,-0.20262270296738602,-36.627700651810635,0.0,0.0
4.08,204,-0.2798185646533966,0.9600529074668884,-0.2836051285266876,0.43366843461990356,0.8273593187332153,-1.7026009559631348,-0.4418147802352905,0.8971062898635864,-0.4576205909252167,-0.16199620068073273,-0.06294660270214081,-0.17401544749736786,-0.20792196879943883,-36.835622620610074,0.0,0.0
4.1,205,-0.2711973786354065,0.9625237584114075,-0.27463680505752563,0.44841617345809937,0.7373867034912109,-1.7401546239852905,-0.43713751435279846,0.899394690990448,-0.45241352915763855,-0.16594015061855316,-0.06312907487154007,-0.17777672410011292,-0.21326516205249477,-37.04888778266257,0.0,0.0
4.12,206,-0.2623053193092346,0.9649849534034729,-0.2654103934764862,0.46132004261016846,0.6451936960220337,-1.7777671813964844,-0.43219074606895447,0.901782214641571,-0.4469207227230072,-0.16988541185855865,-0.06320271641016006,-0.1815102994441986,-0.21860768392882035,-37.26749546659139,0.0,0.0
4.14,207,-0.25317761301994324,0.9674198031425476,-0.2559635043144226,0.4723457396030426,0.5512845516204834,-1.8151031732559204,-0.42697566747665405,0.9042630791664124,-0.4411455988883972,-0.17379805445671082,-0.06315670162439346,-0.185182124376297,-0.2239032246231354,-37.49139869121453,0.0,0.0
4.16,208,-0.24385038018226624,0.9698128700256348,-0.24633410573005676,0.4814692735671997,0.45617562532424927,-1.8518210649490356,-0.4214937090873718,0.9068313241004944,-0.43509188294410706,-0.17764334380626678,-0.06298154592514038,-0.1887577772140503,-0.22910390398036204,-37.72050259519489,0.0,0.0
4.18,209,-0.23436036705970764,0.9721497893333435,-0.23656056821346283,0.48867708444595337,0.36039072275161743,-1.887577772140503,-0.41574639081954956,0.9094805717468262,-0.42876332998275757,-0.18138602375984192,-0.06266920268535614,-0.19220276176929474,-0.23416081488398083,-37.954663410078865,0.0,0.0
4.2,210,-0.22474491596221924,0.9744176268577576,-0.22668124735355377,0.493966281414032,0.26446032524108887,-1.922027587890625,-0.40973538160324097,0.9122044444084167,-0.4221639633178711,-0.18499048054218292,-0.06221320852637291,-0.19548271596431732,-0.23902399225343002,-38.193687402332294,0.0,0.0
4.22,211,-0.21504151821136475,0.9766048789024353,-0.21673434972763062,0.49734461307525635,0.1689165085554123,-1.9548271894454956,-0.40346255898475647,0.9149961471557617,-0.4152979552745819,-0.18842104077339172,-0.06160875782370567,-0.1985636055469513,-0.24364311032101532,-38.43733051265331,0.0,0.0
4.24,212,-0.20528778433799744,0.978701651096344,-0.20675773918628693,0.4988304078578949,0.07429053634405136,-1.9856361150741577,-0.3969299793243408,0.9178488850593567,-0.40816962718963623,-0.19164220988750458,-0.060852762311697006,-0.2014118880033493,-0.24796772184370888,-38.68529823449702,0.0,0.0
4.26,213,-0.19551685452461243,0.9807003140449524,-0.19678445160388947,0.49866440892219543,-0.008301308378577232,-2.0,-0.3901398777961731,0.9207556247711182,-0.4007834792137146,-0.19462300837039948,-0.05994473397731781,-0.20399904251098633,-0.2513851755605632,-38.93668341005758,0.0,0.0
4.28,214,-0.18575800955295563,0.9825955033302307,-0.18684323132038116,0.49706071615219116,-0.08018463104963303,-2.0,-0.3830946385860443,0.9237090945243835,-0.3931442201137543,-0.19733664393424988,-0.05888642743229866,-0.20630097389221191,-0.2539402416611445,-39.190623651718724,0.0,0.0
4.3,215,-0.1760406196117401,0.9843829274177551,-0.17696279287338257,0.4940221905708313,-0.1519252508878708,-2.0,-0.37579697370529175,0.9267020225524902,-0.3852566182613373,-0.19975633919239044,-0.0576808787882328,-0.2082938253879547,-0.25618142653593207,-39.446805078254656,0.0,0.0
4.32,216,-0.16639411449432373,0.986059308052063,-0.1671716719865799,0.48955604434013367,-0.22330699861049652,-2.0,-0.36824968457221985,0.9297269582748413,-0.37712568044662476,-0.20185555517673492,-0.05633239075541496,-0.20995402336120605,-0.2580849458578704,-39.70489002411252,0.0,0.0
4.34,217,-0.15684786438941956,0.9876227974891663,-0.15749819576740265,0.4836737811565399,-0.2941136062145233,-2.0,-0.36045587062835693,0.9327762722969055,-0.36875656247138977,-0.20360799133777618,-0.05484650284051895,-0.21125836670398712,-0.2596274837703421,-39.96451750788287,0.0,0.0
4.36,218,-0.14743098616600037,0.989072322845459,-0.14797037839889526,0.4763911962509155,-0.3641296327114105,-2.0,-0.35241883993148804,0.9358423948287964,-0.36015450954437256,-0.20498785376548767,-0.053229961544275284,-0.2121841460466385,-0.26078618967366873,-40.225303697556534,0.0,0.0
4.38,219,-0.13817232847213745,0.990408182144165,-0.13861580193042755,0.4677283763885498,-0.43314117193222046,-2.0,-0.3441421687602997,0.9389175772666931,-0.35132497549057007,-0.20596982538700104,-0.051490649580955505,-0.21270917356014252,-0.2615387041590443,-40.48684240171558,0.0,0.0
4.4,220,-0.1291002780199051,0.9916315674781799,-0.1294616162776947,0.4577096402645111,-0.5009369254112244,-2.0,-0.3356296420097351,0.9419940114021301,-0.3422735631465912,-0.20652934908866882,-0.04963751509785652,-0.21281194686889648,-0.26186336275853156,-40.74870576447411,0.0,0.0
4.42,221,-0.12024269253015518,0.992744505405426,-0.12053434550762177,0.4463634490966797,-0.567308783531189,-2.0,-0.32688531279563904,0.9450640082359314,-0.3330059349536896,-0.20664261281490326,-0.047680508345365524,-0.2124715894460678,-0.2617392195460934,-41.010444984020204,0.0,0.0
4.44,222,-0.1116267666220665,0.9937502145767212,-0.11185989528894424,0.4337224066257477,-0.632053017616272,-2.0,-0.3179134726524353,0.9481196999549866,-0.323527991771698,-0.2062867134809494,-0.045630473643541336,-0.21166808903217316,-0.2611460392728337,-41.271591023293034,0.0,0.0
4.46,223,-0.10327894240617752,0.9946524500846863,-0.10346343368291855,0.4198229908943176,-0.6949706673622131,-2.0,-0.308718740940094,0.9511533975601196,-0.313845694065094,-0.20543979108333588,-0.04349905997514725,-0.21038223803043365,-0.26006455574262016,-41.53165557903566,0.0,0.0
4.48,224,-0.09522482007741928,0.995455801486969,-0.09536932408809662,0.40470561385154724,-0.7558685541152954,-2.0,-0.29930591583251953,0.9541571736335754,-0.30396515130996704,-0.20408110320568085,-0.04129859060049057,-0.20859582722187042,-0.2584763702760201,-41.79013194931168,0.0,0.0
4.5,225,-0.0874890387058258,0.9961654543876648,-0.08760103583335876,0.3884144127368927,-0.814559817314148,-2.0,-0.2896801233291626,0.9571235179901123,-0.29389262199401855,-0.20219109952449799,-0.039041969925165176,-0.2062915861606598,-0.25636411582381774,-42.0464960651355,0.0,0.0
4.5200000000000005,226,-0.08009520918130875,0.9967871904373169,-0.08018109202384949,0.3709971308708191,-0.8708649277687073,-2.0,-0.27984675765037537,0.9600446820259094,-0.2836344838142395,-0.19975154101848602,-0.03674253076314926,-0.20345337688922882,-0.2537115288322205,-42.30020759396772,0.0,0.0
4.54,227,-0.07306582480669022,0.9973271489143372,-0.07313099503517151,0.3525048792362213,-0.9246119260787964,-2.0,-0.2698114216327667,0.9629132151603699,-0.2731971740722656,-0.1967455893754959,-0.034413933753967285,-0.20006617903709412,-0.2505034882131628,-42.55071108218088,0.0,0.0
4.5600000000000005,228,-0.06642221659421921,0.997791588306427,-0.0664711520075798,0.3329921364784241,-0.9756371378898621,-2.0,-0.2595800459384918,0.965721607208252,-0.262587308883667,-0.1931578367948532,-0.032070010900497437,-0.19611616432666779,-0.24672602118818607,-42.79743710336907,0.0,0.0
4.58,229,-0.06017279997467995,0.9981879591941833,-0.06020917370915413,0.3130989968776703,-0.9946569204330444,-1.9611616134643555,-0.2491588294506073,0.9684626460075378,-0.25181159377098083,-0.18898603320121765,-0.029725341126322746,-0.191602423787117,-0.24083968258694305,-43.038276785956015,0.0,0.0
4.6000000000000005,230,-0.054322853684425354,0.9985234141349792,-0.05434960871934891,0.2929782271385193,-1.006037950515747,-1.9160242080688477,-0.2385542392730713,0.9711291790008545,-0.24087683856487274,-0.18423138558864594,-0.0273942481726408,-0.18652722239494324,-0.2341734732494776,-43.27245025920549,0.0,0.0
4.62,231,-0.04887466877698898,0.9988049268722534,-0.04889414831995964,0.27277302742004395,-1.0102604627609253,-1.8652722835540771,-0.22777298092842102,0.973714292049408,-0.22978992760181427,-0.17889830470085144,-0.0250906553119421,-0.18089577555656433,-0.22677509859604994,-43.49922535780154,0.0,0.0
4.64,232,-0.04382758587598801,0.9990391135215759,-0.04384162649512291,0.2526260018348694,-1.0073519945144653,-1.808957815170288,-0.2168220430612564,0.9762111306190491,-0.21855787932872772,-0.1729944497346878,-0.022827962413430214,-0.17471624910831451,-0.2186715829329265,-43.71789694073447,0.0,0.0
4.66,233,-0.0391780324280262,0.9992322325706482,-0.03918806090950966,0.23267830908298492,-0.9973838925361633,-1.7471624612808228,-0.20570865273475647,0.9786132574081421,-0.20718778669834137,-0.16653062403202057,-0.020618965849280357,-0.167999729514122,-0.2098955861743988,-43.92779252690887,0.0,0.0
4.68,234,-0.034919582307338715,0.9993901252746582,-0.03492668271064758,0.213068887591362,-0.9804710149765015,-1.679997205734253,-0.1944403052330017,0.9809143543243408,-0.19568683207035065,-0.1595207154750824,-0.018475772812962532,-0.16076014935970306,-0.20048501043040207,-44.12827753733927,0.0,0.0
4.7,235,-0.031043026596307755,0.9995180368423462,-0.031048014760017395,0.19393348693847656,-0.9567703604698181,-1.607601523399353,-0.18302473425865173,0.9831082820892334,-0.18406227231025696,-0.15198171138763428,-0.0164097398519516,-0.15301425755023956,-0.19048264309817686,-44.31876018043745,0.0,0.0
4.72,236,-0.027536455541849136,0.999620795249939,-0.02753993682563305,0.1754038780927658,-0.9264803528785706,-1.5301425457000732,-0.17146988213062286,0.9851893782615662,-0.17232146859169006,-0.14393343031406403,-0.014431438408792019,-0.14478152990341187,-0.17993569877485577,-44.498695879212306,0.0,0.0
4.74,237,-0.024385377764701843,0.9997026324272156,-0.024387795478105545,0.1576070785522461,-0.8898396492004395,-1.4478152990341187,-0.1597839742898941,0.9871519804000854,-0.1604718118906021,-0.13539859652519226,-0.012550625950098038,-0.13608400523662567,-0.1688953654904381,-44.66759124470274,0.0,0.0
4.76,238,-0.02157283015549183,0.9997673034667969,-0.02157450281083584,0.14066457748413086,-0.8471249938011169,-1.3608402013778687,-0.1479753702878952,0.9889910221099854,-0.1485207974910736,-0.12640254199504852,-0.010776232928037643,-0.12694628536701202,-0.15741616809967923,-44.82500741280242,0.0,0.0
4.78,239,-0.01907951384782791,0.999817967414856,-0.019080672413110733,0.12469158321619034,-0.7986500263214111,-1.2694629430770874,-0.1360526978969574,0.9907016158103943,-0.13647596538066864,-0.11697319149971008,-0.009116368368268013,-0.1173952966928482,-0.14555548728185605,-44.970562900084275,0.0,0.0
4.8,240,-0.01688394322991371,0.999857485294342,-0.01688474602997303,0.10979632288217545,-0.7447631359100342,-1.1739529371261597,-0.12402476370334625,0.9922791123390198,-0.12434494495391846,-0.10714081674814224,-0.007578332908451557,-0.10746020078659058,-0.13337287494458264,-45.10393577502886,0.0,0.0
4.82,241,-0.01496259868144989,0.9998880624771118,-0.01496315747499466,0.09607941657304764,-0.6858452558517456,-1.0746020078659058,-0.11190052330493927,0.9937193989753723,-0.1121353805065155,-0.09693792462348938,-0.006168640684336424,-0.09717222303152084,-0.12092948234283599,-45.2248652573717,0.0,0.0
4.84,242,-0.0132901007309556,0.9999116659164429,-0.01329049188643694,0.08363326638936996,-0.6223073601722717,-0.9717222452163696,-0.09968913346529007,0.9950186610221863,-0.09985499083995819,-0.08639902621507645,-0.004893050994724035,-0.08656449615955353,-0.1082873297679307,-45.33315258713963,0.0,0.0
4.86,243,-0.011839385144412518,0.9999299049377441,-0.011839661747217178,0.0725415050983429,-0.5545880794525146,-0.8656449913978577,-0.08739987760782242,0.9961733222007751,-0.08751153200864792,-0.07556048780679703,-0.0037566027604043484,-0.07567186653614044,-0.09550874173374152,-45.42866132887337,0.0,0.0
4.88,244,-0.010581894777715206,0.9999440312385559,-0.010582092218101025,0.06287848204374313,-0.48315104842185974,-0.7567186951637268,-0.07504218071699142,0.9971803426742554,-0.07511279731988907,-0.06446029245853424,-0.0027636501472443342,-0.06453070044517517,-0.08265567207351107,-45.51131700094688,0.0,0.0
4.9,245,-0.009487772360444069,0.9999549984931946,-0.009487914852797985,0.05470884591341019,-0.4084819555282593,-0.6453070640563965,-0.06262560933828354,0.9980370998382568,-0.06266661733388901,-0.05313783511519432,-0.001917900051921606,-0.05317870154976845,-0.06978909428423857,-45.58110609523112,0.0,0.0
4.92,246,-0.008526069112122059,0.999963641166687,-0.008526172488927841,0.04808713495731354,-0.33108556270599365,-0.5317870378494263,-0.05015980079770088,0.9987412095069885,-0.05018085613846779,-0.0416337326169014,-0.0012224474921822548,-0.04165468364953995,-0.05696841944392606,-45.63807451467505,0.0,0.0
4.94,247,-0.007664947770535946,0.9999706149101257,-0.0076650227420032024,0.043057478964328766,-0.25148284435272217,-0.41654685139656067,-0.03765450045466423,0.9992908239364624,-0.037663403898477554,-0.02998955175280571,-0.0006798059912398458,-0.029998380690813065,-0.04425094611704728,-45.68232546079209,0.0,0.0
4.96,248,-0.006871901918202639,0.999976396560669,-0.006871956400573254,0.03965332359075546,-0.1702076643705368,-0.29998379945755005,-0.025119516998529434,0.9996844530105591,-0.025122158229351044,-0.018247613683342934,-0.0002919330436270684,-0.018250202760100365,-0.03169135056348982,-45.714016811355584,0.0,0.0
4.98,249,-0.00611397298052907,0.9999812841415405,-0.006114011164754629,0.0378972552716732,-0.08780349791049957,-0.18250201642513275,-0.01256471686065197,0.9999210834503174,-0.012565047480165958,-0.0064507438801229,-6.024866524967365e-05,-0.006451036781072617,-0.01934121699646374,-45.73335802835205,0.0,0.0
5.0,250,-0.005357968620955944,0.9999856352806091,-0.005357994232326746,0.03780084848403931,-0.004820363596081734,-0.06451036036014557,-1.2246468525851679e-16,1.0,-1.2246468525851679e-16,0.005357968620955944,1.4354016457218677e-05,0.005357994232326746,-0.007248669200712719,-45.740606697552764,0.0,0.0
5.0200000000000005,251,-0.004570685792714357,0.9999895691871643,-0.004570701625198126,0.03936462104320526,0.07818868011236191,0.053579941391944885,0.01256471686065197,0.9999210834503174,0.012565047480165958,0.01713540218770504,-6.849353667348623e-05,0.017135748639702797,-0.004599409823060334,-45.74520610737582,0.0,0.0
5.04,252,-0.0037191323935985565,0.999993085861206,-0.0037191410083323717,0.042578037828207016,0.16067077219486237,0.17135749757289886,0.025119516998529434,0.9996844530105591,0.025122158229351044,0.02883864939212799,-0.0003086288343183696,0.028841299936175346,-0.016577822368020034,-45.76178392974384,0.0,0.0
5.0600000000000005,253,-0.002770746126770973,0.9999961853027344,-0.002770749619230628,0.04741956666111946,0.2420765906572342,0.28841298818588257,0.03765450045466423,0.9992908239364624,0.037663403898477554,0.040425244718790054,-0.000705343612935394,0.04043415188789368,-0.028724728388589922,-45.79050865813243,0.0,0.0
5.08,254,-0.001693611964583397,0.9999985694885254,-0.0016936127794906497,0.05385684221982956,0.32186368107795715,0.40434154868125916,0.05015980079770088,0.9987412095069885,0.05018085613846779,0.05185341089963913,-0.0012573609128594398,0.051874469965696335,-0.040991937446755965,-45.831500595579186,0.0,0.0
5.1000000000000005,255,-0.00045667606173083186,0.9999998807907104,-0.0004566760908346623,0.06184683367609978,0.3994996249675751,0.518744707107544,0.06262560933828354,0.9980370998382568,0.06266661733388901,0.06308228522539139,-0.0019628056325018406,0.06312329322099686,-0.05332849274616004,-45.88482908832535,0.0,0.0
5.12,256,0.0009700466180220246,0.9999995231628418,0.0009700467926450074,0.07133614271879196,0.47446542978286743,0.6312329173088074,0.07504218071699142,0.9971803426742554,0.07511279731988907,0.07407213747501373,-0.0028191693127155304,0.07414274662733078,-0.0656811207173197,-45.95051020904267,0.0,0.0
5.14,257,0.002615269972011447,0.9999966025352478,0.0026152729988098145,0.08226130902767181,0.5462583899497986,0.741427481174469,0.08739987760782242,0.9961733222007751,0.08751153200864792,0.0847846046090126,-0.00382327102124691,0.0848962590098381,-0.07799467175515581,-46.028504880797826,0.0,0.0
5.16,258,0.004506241995841265,0.9999898672103882,0.004506257362663746,0.09454921633005142,0.6143953204154968,0.8489626049995422,0.09968913346529007,0.9950186610221863,0.09985499083995819,0.0951828882098198,-0.004971215035766363,0.09534873068332672,-0.09021264942719757,-46.11871753022503,0.0,0.0
5.18,259,0.006668558344244957,0.9999777674674988,0.006668607704341412,0.10811752080917358,0.6784152388572693,0.9534873366355896,0.11190052330493927,0.9937193989753723,0.1121353805065155,0.10523196309804916,-0.0062583512626588345,0.10546677559614182,-0.10227776400048187,-46.22099529422551,0.0,0.0
5.2,260,0.009125984273850918,0.999958336353302,0.009126110933721066,0.1228751689195633,0.7378824949264526,1.0546677112579346,0.12402476370334625,0.9922791123390198,0.12434494495391846,0.11489877849817276,-0.00767923379316926,0.11521883308887482,-0.11413250940538752,-46.3351278036309,0.0,0.0
5.22,261,0.011900288984179497,0.9999291896820068,0.01190057024359703,0.1387229561805725,0.7923889756202698,1.1521883010864258,0.1360526978969574,0.9907016158103943,0.13647596538066864,0.12415241450071335,-0.009227587841451168,0.12457539886236191,-0.12571975432124172,-46.460847557952135,0.0,0.0
5.24,262,0.015011087991297245,0.9998873472213745,0.015011652372777462,0.15555408596992493,0.841556966304779,1.2457540035247803,0.1479753702878952,0.9889910221099854,0.1485207974910736,0.13296428322792053,-0.010896281339228153,0.13350914418697357,-0.13698334235199847,-46.59783090030413,0.0,0.0
5.26,263,0.018475698307156563,0.9998292922973633,0.01847675070166588,0.17325492203235626,0.8850412368774414,1.335091471672058,0.1597839742898941,0.9871519804000854,0.1604718118906021,0.1413082629442215,-0.01267730351537466,0.14199505746364594,-0.14786873898871095,-46.745699639292845,0.0,0.0
5.28,264,0.022309010848402977,0.9997511506080627,0.022310860455036163,0.19170553982257843,0.9225309491157532,1.4199506044387817,0.17146988213062286,0.9851893782615662,0.17232146859169006,0.14916087687015533,-0.014561762101948261,0.1500106006860733,-0.15832354827904033,-46.90402318757189,0.0,0.0
5.3,265,0.02652336098253727,0.9996482133865356,0.026526473462581635,0.2107805758714676,0.9537520408630371,1.5001060962677002,0.18302473425865173,0.9831082820892334,0.18406227231025696,0.15650136768817902,-0.016539884731173515,0.15753580629825592,-0.16829817834221183,-47.0723213659141,0.0,0.0
5.32,266,0.03112844191491604,0.9995154142379761,0.031133471056818962,0.23034994304180145,0.9784685969352722,1.5753580331802368,0.1944403052330017,0.9809143543243408,0.19568683207035065,0.16331186890602112,-0.018601039424538612,0.16455335915088654,-0.17774632893742867,-47.25006769485153,0.0,0.0
5.34,267,0.036131199449300766,0.9993470311164856,0.03613906353712082,0.25027963519096375,0.9964845776557922,1.645533561706543,0.20570865273475647,0.9786132574081421,0.20718778669834137,0.1695774495601654,-0.020733775570988655,0.17104873061180115,-0.1866255761892196,-47.43669327104075,0.0,0.0
5.36,268,0.04153576120734215,0.9991370439529419,0.04154771566390991,0.2704325318336487,1.0076446533203125,1.7104872465133667,0.2168220430612564,0.9762111306190491,0.21855787932872772,0.17528627812862396,-0.02292587049305439,0.1770101636648178,-0.19489773715147082,-47.631591008192224,0.0,0.0
5.38,269,0.04734339565038681,0.9988786578178406,0.0473610982298851,0.2906692326068878,1.0118356943130493,1.7701016664505005,0.22777298092842102,0.973714292049408,0.22978992760181427,0.1804295778274536,-0.02516440860927105,0.18242883682250977,-0.20252937775924246,-47.834120385951465,0.0,0.0
5.4,270,0.053552448749542236,0.9985650181770325,0.053578078746795654,0.31084898114204407,1.0089870691299438,1.824288249015808,0.2385542392730713,0.9711291790008545,0.24087683856487274,0.18500179052352905,-0.02743586339056492,0.1872987598180771,-0.20949212522046656,-48.04361251117193,0.0,0.0
5.42,271,0.060158342123031616,0.998188853263855,0.06019468978047371,0.3308304250240326,0.9990717172622681,1.8729876279830933,0.2491588294506073,0.9684626460075378,0.25181159377098083,0.18900048732757568,-0.029726212844252586,0.19161690771579742,-0.21576297570987893,-48.25937548688181,0.0,0.0
5.44,272,0.06715356558561325,0.9977426528930664,0.06720414012670517,0.3504725396633148,0.9821056723594666,1.9161690473556519,0.2595800459384918,0.965721607208252,0.262587308883667,0.19242648780345917,-0.03202105686068535,0.19538317620754242,-0.22132449372517052,-48.48069998060698,0.0,0.0
5.46,273,0.07452768087387085,0.9972189664840698,0.07459685206413269,0.3696354925632477,0.958148717880249,1.953831672668457,0.2698114216327667,0.9629132151603699,0.2731971740722656,0.19528372585773468,-0.03430575877428055,0.19860032200813293,-0.22616504332388573,-48.70686502393087,0.0,0.0
5.48,274,0.0822674036026001,0.9966102838516235,0.08236048370599747,0.38818156719207764,0.927303671836853,1.9860032796859741,0.27984675765037537,0.9600446820259094,0.2836344838142395,0.19757935404777527,-0.03656560555100441,0.20127399265766144,-0.23027878288701645,-48.937143806817886,0.0,0.0
5.5,275,0.09035278856754303,0.9959098100662231,0.09047617763280869,0.4057847857475281,0.8801608085632324,2.0,0.2896801233291626,0.9571235179901123,0.29389262199401855,0.19932734966278076,-0.038786306977272034,0.20341645181179047,-0.23315830748806976,-49.170302114305954,0.0,0.0
5.5200000000000005,276,0.09875863045454025,0.9951114058494568,0.09891987591981888,0.4221850335597992,0.8200124502182007,2.0,0.29930591583251953,0.9541571736335754,0.30396515130996704,0.20054729282855988,-0.040954217314720154,0.20504526793956757,-0.2349727447616315,-49.40527485906759,0.0,0.0
5.54,277,0.1074587032198906,0.9942095279693604,0.10766659677028656,0.4373360872268677,0.7575514316558838,2.0,0.308718740940094,0.9511533975601196,0.313845694065094,0.2012600302696228,-0.043056175112724304,0.20617908239364624,-0.236298552600921,-49.64157341166851,0.0,0.0
5.5600000000000005,278,0.11642586439847946,0.9931994080543518,0.1166905090212822,0.45119553804397583,0.6929724812507629,2.0,0.3179134726524353,0.9481196999549866,0.323527991771698,0.20148761570453644,-0.045079655945301056,0.2068374752998352,-0.23715518489119947,-49.87872859655971,0.0,0.0
5.58,279,0.1256321519613266,0.9920768737792969,0.12596501410007477,0.4637250602245331,0.6264768838882446,2.0,0.32688531279563904,0.9450640082359314,0.3330059349536896,0.20125314593315125,-0.047012872993946075,0.2070409208536148,-0.2375629813912876,-50.116291577950996,0.0,0.0
5.6000000000000005,280,0.13504891097545624,0.9908389449119568,0.13546282052993774,0.47489050030708313,0.5582717061042786,2.0,0.3356296420097351,0.9419940114021301,0.3422735631465912,0.20058073103427887,-0.04884490370750427,0.20681072771549225,-0.23754311467846354,-50.35383469262946,0.0,0.0
5.62,281,0.14464685320854187,0.9894833564758301,0.14515605568885803,0.48466187715530396,0.4885692894458771,2.0,0.3441421687602997,0.9389175772666931,0.35132497549057007,0.1994953155517578,-0.05056579038500786,0.20616891980171204,-0.2371175052637489,-50.59095219789321,0.0,0.0
5.64,282,0.15439623594284058,0.9880090355873108,0.15501633286476135,0.4930135905742645,0.41758599877357483,2.0,0.35241883993148804,0.9358423948287964,0.36015450954437256,0.19802260398864746,-0.05216662958264351,0.2051381766796112,-0.23630864560241427,-50.82726084349562,0.0,0.0
5.66,283,0.1642669439315796,0.9864159226417542,0.1650148183107376,0.4999244213104248,0.34554171562194824,2.0,0.36045587062835693,0.9327762722969055,0.36875656247138977,0.19618891179561615,-0.05363965034484863,0.20374174416065216,-0.23513969096976917,-51.06240053446539,0.0,0.0
5.68,284,0.17422863841056824,0.9847052097320557,0.17512236535549164,0.5053775906562805,0.2726587653160095,2.0,0.36824968457221985,0.9297269582748413,0.37712568044662476,0.19402103126049042,-0.05497828871011734,0.20200331509113312,-0.2336341917056606,-51.29603472617105,0.0,0.0
5.7,285,0.1842508316040039,0.9828792810440063,0.18530958890914917,0.5093608498573303,0.19916114211082458,2.0,0.37579697370529175,0.9267020225524902,0.3852566182613373,0.19154612720012665,-0.056177228689193726,0.1999470293521881,-0.2318160930356363,-51.527850819206684,0.0,0.0
5.72,286,0.19430290162563324,0.9809415936470032,0.19554676115512848,0.511858344078064,0.1248762235045433,1.9994703531265259,0.3830946385860443,0.9237090945243835,0.3931442201137543,0.18879175186157227,-0.057232484221458435,0.1975974589586258,-0.22968867886180833,-51.75753949806849,0.0,0.0
5.74,287,0.2043476104736328,0.9788984060287476,0.2057971954345703,0.5125223994255066,0.03320273011922836,1.975974678993225,0.3901398777961731,0.9207556247711182,0.4007834792137146,0.18579226732254028,-0.05814278498291969,0.1949862837791443,-0.22639177574116492,-51.98393127380965,0.0,0.0
5.76,288,0.21434727311134338,0.9767575263977051,0.2160235196352005,0.5113162398338318,-0.06031002104282379,1.9498627185821533,0.3969299793243408,0.9178488850593567,0.40816962718963623,0.18258270621299744,-0.058908626437187195,0.19214609265327454,-0.22277960022575177,-52.2067108740354,0.0,0.0
5.78,289,0.22426405549049377,0.974528431892395,0.2261877954006195,0.508213460445404,-0.15513870120048523,1.9214609861373901,0.40346255898475647,0.9149961471557617,0.4152979552745819,0.1791985034942627,-0.05953226611018181,0.1891101598739624,-0.2189019552882115,-52.42561282932361,0.0,0.0
5.8,290,0.2340601533651352,0.972222089767456,0.23625175654888153,0.5031983256340027,-0.25075462460517883,1.891101598739624,0.40973538160324097,0.9122044444084167,0.4221639633178711,0.17567522823810577,-0.06001769006252289,0.18591220676898956,-0.21480884511457723,-52.64042167443819,0.0,0.0
5.82,291,0.2436980903148651,0.9698511362075806,0.246177077293396,0.49626582860946655,-0.34662607312202454,1.8591220378875732,0.41574639081954956,0.9094805717468262,0.42876332998275757,0.17204830050468445,-0.0603705570101738,0.18258625268936157,-0.21055023062837558,-52.850971905066565,0.0,0.0
5.84,292,0.2531408667564392,0.9674293994903564,0.2559255063533783,0.4874213933944702,-0.4422217309474945,1.8258625268936157,0.4214937090873718,0.9068313241004944,0.43509188294410706,0.16835284233093262,-0.06059810519218445,0.17916637659072876,-0.20617556218455596,-53.05714746725112,0.0,0.0
5.86,293,0.2623523473739624,0.9649721384048462,0.2654591202735901,0.47668108344078064,-0.5370144844055176,1.7916637659072876,0.42697566747665405,0.9042630791664124,0.4411455988883972,0.16462333500385284,-0.060709040611982346,0.17568647861480713,-0.20173334449438687,-53.258880811745506,0.0,0.0
5.88,294,0.27129724621772766,0.9624956250190735,0.2747405469417572,0.4640714228153229,-0.630484402179718,1.7568646669387817,0.43219074606895447,0.901782214641571,0.4469207227230072,0.1608934998512268,-0.060713399201631546,0.1721801608800888,-0.19727077767514858,-53.45615158942066,0.0,0.0
5.9,295,0.27994146943092346,0.9600170850753784,0.2837331295013428,0.449629008769989,-0.7221208214759827,1.7218016386032104,0.43713751435279846,0.899394690990448,0.45241352915763855,0.157196044921875,-0.06062239035964012,0.16868038475513458,-0.19283359532468186,-53.648985184745335,0.0,0.0
5.92,296,0.2882522940635681,0.9575545191764832,0.29240113496780396,0.4334004521369934,-0.8114274740219116,1.686803936958313,0.4418147802352905,0.8971062898635864,0.4576205909252167,0.1535624861717224,-0.06044820323586464,0.16521944105625153,-0.1884654581451421,-53.837450642890474,0.0,0.0
5.94,297,0.29619839787483215,0.9551264047622681,0.300709992647171,0.41544198989868164,-0.8979228138923645,1.6521944999694824,0.44622138142585754,0.8949226140975952,0.46253859996795654,0.1500229835510254,-0.060203831642866135,0.16182862222194672,-0.18420807048372817,-54.0216587133742,0.0,0.0
5.96,298,0.3037501871585846,0.9527516961097717,0.30862635374069214,0.3958190977573395,-0.9811442494392395,1.6182861328125,0.4503563940525055,0.8928488492965698,0.46716445684432983,0.1466062068939209,-0.05990283563733101,0.1585381031036377,-0.18010073287329734,-54.2017594462475,0.0,0.0
5.98,299,0.31087973713874817,0.9504492282867432,0.3161184787750244,0.37460610270500183,-1.0606496334075928,1.5853809118270874,0.45421892404556274,0.8908901214599609,0.47149527072906494,0.14333917200565338,-0.05955915153026581,0.15537677705287933,-0.17618029283191858,-54.377939739079416,0.0,0.0
6.0,300,0.31756097078323364,0.9482378363609314,0.3231562077999115,0.35188570618629456,-1.1360194683074951,1.5537678003311157,0.45780816674232483,0.8890510201454163,0.4755282700061798,0.1402471959590912,-0.05918684974312782,0.15237204730510712,-0.17248101061206828,-54.55042074969148,0.0,0.0
6.0200000000000005,301,0.32376977801322937,0.9461358785629272,0.3297111690044403,0.32774850726127625,-1.206860065460205,1.523720622062683,0.4611234664916992,0.8873359560966492,0.4792608916759491,0.13735368847846985,-0.05879991129040718,0.1495497226715088,-0.16903434188340927,-54.71945509157489,0.0,0.0
6.04,302,0.3294840157032013,0.9441611766815186,0.3357570171356201,0.30229243636131287,-1.272803783416748,1.495497226715088,0.46416425704956055,0.8857491612434387,0.48269081115722656,0.13468022644519806,-0.05841200426220894,0.14693379402160645,-0.16586898612813694,-54.88532407770303,0.0,0.0
6.0600000000000005,303,0.3346836268901825,0.942330539226532,0.34126946330070496,0.2756222188472748,-1.333511233329773,1.469337821006775,0.46692997217178345,0.8842942714691162,0.4858158528804779,0.13224636018276215,-0.05803626403212547,0.14454640448093414,-0.16301088131226693,-55.0483349590153,0.0,0.0
6.08,304,0.3393506109714508,0.9406599402427673,0.34622645378112793,0.2478487640619278,-1.3886727094650269,1.4454638957977295,0.4694202244281769,0.8829748630523682,0.48863404989242554,0.13006964325904846,-0.05768508464097977,0.14240762591362,-0.160483067182365,-55.20881802619766,0.0,0.0
6.1000000000000005,305,0.3434690833091736,0.9391639828681946,0.3506081998348236,0.2190885841846466,-1.438009262084961,1.4240760803222656,0.4716346263885498,0.8817940354347229,0.4911436140537262,0.12816555798053741,-0.05736992135643959,0.1405354142189026,-0.15830576163168283,-55.36712378782934,0.0,0.0
6.12,306,0.3470253348350525,0.9378557205200195,0.3543974757194519,0.18946309387683868,-1.481274127960205,1.4053540229797363,0.47357288002967834,0.8807546496391296,0.49334296584129333,0.12654751539230347,-0.05710110813379288,0.13894549012184143,-0.15649633584897432,-55.52362012367832,0.0,0.0
6.140000000000001,307,0.3500078022480011,0.9367467761039734,0.35757943987846375,0.1590980440378189,-1.5182527303695679,1.3894548416137695,0.47523465752601624,0.8798590898513794,0.49523070454597473,0.12522685527801514,-0.05688769370317459,0.13765127956867218,-0.15506937726619863,-55.67868950094452,0.0,0.0
6.16,308,0.3524070382118225,0.9358468055725098,0.36014190316200256,0.12812276184558868,-1.5487641096115112,1.3765126466751099,0.47661980986595154,0.8791095614433289,0.49680566787719727,0.12421277165412903,-0.05673729628324509,0.1366637647151947,-0.1540366830972759,-55.832726184041796,0.0,0.0
6.18,309,0.35421571135520935,0.9351637363433838,0.3620752692222595,0.09666953980922699,-1.57266104221344,1.3666377067565918,0.47772809863090515,0.8785077333450317,0.49806681275367737,0.1235123798251152,-0.056655995547771454,0.13599151372909546,-0.15340737172278987,-55.98613355576459,0.0,0.0
6.2,310,0.3554287552833557,0.9347033500671387,0.3633727431297302,0.06487292796373367,-1.5898308753967285,1.3599152565002441,0.4785594642162323,0.8780551552772522,0.49901336431503296,0.1231306865811348,-0.056648220866918564,0.13564062118530273,-0.15318776668230077,-56.13932132244689,0.0,0.0
6.22,311,0.35604313015937805,0.9344695210456848,0.364030122756958,0.03286902233958244,-1.6001951694488525,1.3564062118530273,0.47911372780799866,0.8777528405189514,0.4996447265148163,0.1230705976486206,-0.056716691702604294,0.13561461865901947,-0.15338162022035207,-56.29270294266724,0.0,0.0
6.24,312,0.3560580015182495,0.9344638586044312,0.36404600739479065,0.0007948115235194564,-1.603710412979126,1.3561460971832275,0.4793908894062042,0.8776015043258667,0.4999605119228363,0.12333289533853531,-0.056862372905015945,0.13591450452804565,-0.1539900286113609,-56.4466929712786,0.0,0.0
6.26,313,0.355474591255188,0.9346859455108643,0.363421767950058,-0.031212544068694115,-1.600367784500122,1.359144926071167,0.4793908894062042,0.8776015043258667,0.4999605119228363,0.12391630560159683,-0.05708445981144905,0.13653875887393951,-0.1550114935495931,-56.601704464828195,0.0,0.0
6.28,314,0.3542962968349457,0.9351332187652588,0.36216142773628235,-0.06301640719175339,-1.590193271636963,1.3653874397277832,0.47911372780799866,0.8777528405189514,0.4996447265148163,0.12481743842363358,-0.05738038942217827,0.13748329877853394,-0.15644190090615373,-56.75814636573435,0.0,0.0
6.3,315,0.3525286018848419,0.9358010292053223,0.3602718114852905,-0.09448135644197464,-1.5732471942901611,1.3748328685760498,0.4785594642162323,0.8780551552772522,0.49901336431503296,0.1260308474302292,-0.057745885103940964,0.13874155282974243,-0.15827456809132806,-56.91642093382568,0.0,0.0
6.32,316,0.35017913579940796,0.9366827607154846,0.35776233673095703,-0.12547384202480316,-1.5496245622634888,1.3874155282974243,0.47772809863090515,0.8785077333450317,0.49806681275367737,0.1275489777326584,-0.05817500501871109,0.14030447602272034,-0.16050024678542568,-57.0769211806111,0.0,0.0
6.34,317,0.3472575545310974,0.9377697706222534,0.3546450734138489,-0.1558629274368286,-1.5194541215896606,1.4030448198318481,0.47661980986595154,0.8791095614433289,0.49680566787719727,0.12936224043369293,-0.05866026505827904,0.1421605795621872,-0.16310708185484074,-57.24002826246594,0.0,0.0
6.36,318,0.3437756597995758,0.9390518069267273,0.3509346544742584,-0.18552088737487793,-1.4828981161117554,1.4216059446334839,0.47523465752601624,0.8798590898513794,0.49523070454597473,0.13145901262760162,-0.0591927208006382,0.1442960500717163,-0.16608064202936584,-57.406108904495305,0.0,0.0
6.38,319,0.33974727988243103,0.9405167698860168,0.3466481864452362,-0.21432392299175262,-1.4401519298553467,1.442960500717163,0.47357288002967834,0.8807546496391296,0.49334296584129333,0.13382558524608612,-0.059762123972177505,0.14669479429721832,-0.1694038723720716,-57.57551277686738,0.0,0.0
6.4,320,0.3351883292198181,0.9421511292457581,0.3418051302433014,-0.24215278029441833,-1.3914425373077393,1.4669477939605713,0.4716346263885498,0.8817940354347229,0.4911436140537262,0.1364462971687317,-0.06035708263516426,0.149338498711586,-0.17305720057955207,-57.74856997744693,0.0,0.0
6.42,321,0.33011674880981445,0.9439401030540466,0.3364272713661194,-0.26889336109161377,-1.3370288610458374,1.493384838104248,0.4694202244281769,0.8829748630523682,0.48863404989242554,0.13930349051952362,-0.06096522882580757,0.15220680832862854,-0.17701834021497953,-57.925588317661905,0.0,0.0
6.44,322,0.324552446603775,0.9458677172660828,0.3305385112762451,-0.29443734884262085,-1.2771995067596436,1.522067904472351,0.46692997217178345,0.8842942714691162,0.4858158528804779,0.14237754046916962,-0.061573415994644165,0.15527735650539398,-0.18126244622770035,-58.106850763889604,0.0,0.0
6.46,323,0.3185172379016876,0.9479170441627502,0.32416486740112305,-0.31868281960487366,-1.212273120880127,1.5527734756469727,0.46416425704956055,0.8857491612434387,0.48269081115722656,0.14564698934555054,-0.06216791644692421,0.1585259586572647,-0.1857620507876682,-58.29261281467727,0.0,0.0
6.48,324,0.31203493475914,0.9500706195831299,0.3173341751098633,-0.34153470396995544,-1.1425954103469849,1.5852595567703247,0.4611234664916992,0.8873359560966492,0.4792608916759491,0.1490885317325592,-0.06273464113473892,0.161926731467247,-0.1904871293327362,-58.48309994401001,0.0,0.0
6.5,325,0.30513104796409607,0.9523103833198547,0.3100760579109192,-0.36290550231933594,-1.068539023399353,1.6192673444747925,0.45780816674232483,0.8890510201454163,0.4755282700061798,0.15267710387706757,-0.06325936317443848,0.16545221209526062,-0.19540510723407908,-58.67850505124409,0.0,0.0
6.5200000000000005,326,0.2978329062461853,0.9546180367469788,0.3024217486381531,-0.38271552324295044,-0.9905011653900146,1.654522180557251,0.45421892404556274,0.8908901214599609,0.47149527072906494,0.15638600289821625,-0.06372790783643723,0.16907352209091187,-0.20048096662829645,-58.878986017872386,0.0,0.0
6.54,327,0.2901694178581238,0.9569752812385559,0.29440388083457947,-0.40089356899261475,-0.9089023470878601,1.6907353401184082,0.4503563940525055,0.8928488492965698,0.46716445684432983,0.1601869761943817,-0.06412641704082489,0.17276060581207275,-0.20567726053209945,-59.084663278404484,0.0,0.0
6.5600000000000005,328,0.28217101097106934,0.959364116191864,0.2860563099384308,-0.417377233505249,-0.8241835832595825,1.727605938911438,0.44622138142585754,0.8949226140975952,0.46253859996795654,0.1640503853559494,-0.06444151699542999,0.17648227512836456,-0.21095435347844907,-59.29561763188293,0.0,0.0
6.58,329,0.27386948466300964,0.9617668390274048,0.2774140536785126,-0.43211331963539124,-0.7368044853210449,1.7648227214813232,0.4418147802352905,0.8971062898635864,0.4576205909252167,0.1679452806711197,-0.06466057151556015,0.1802065223455429,-0.2162705361279764,-59.51188816801091,0.0,0.0
6.6000000000000005,330,0.26529791951179504,0.9641664624214172,0.26851290464401245,-0.4450581669807434,-0.6472415328025818,1.802065372467041,0.43713751435279846,0.899394690990448,0.45241352915763855,0.1718396097421646,-0.06477180868387222,0.1839006245136261,-0.2215820912709791,-59.733470259281894,0.0,0.0
6.62,331,0.2564903795719147,0.9665467739105225,0.25938934087753296,-0.45617786049842834,-0.5559849739074707,1.8390063047409058,0.43219074606895447,0.901782214641571,0.4469207227230072,0.175700381398201,-0.06476457417011261,0.18753138184547424,-0.22684363549541306,-59.96031389477731,0.0,0.0
6.640000000000001,332,0.2474818229675293,0.968892514705658,0.2500803768634796,-0.4654485881328583,-0.4635358154773712,1.8753138780593872,0.42697566747665405,0.9042630791664124,0.4411455988883972,0.17949385941028595,-0.06462942808866501,0.19106525182724,-0.23200837764773433,-60.192322272425045,0.0,0.0
6.66,333,0.23830795288085938,0.9711896181106567,0.24062323570251465,-0.47285664081573486,-0.3704039752483368,1.9106522798538208,0.4214937090873718,0.9068313241004944,0.43509188294410706,0.18318577110767365,-0.06435832381248474,0.1944686472415924,-0.23702828967791034,-60.429350562102954,0.0,0.0
6.68,334,0.2290048599243164,0.9734252691268921,0.23105525970458984,-0.47839874029159546,-0.2771037518978119,1.9446865320205688,0.41574639081954956,0.9094805717468262,0.42876332998275757,0.18674153089523315,-0.06394468992948532,0.19770807027816772,-0.24185468094361368,-60.671205243046565,0.0,0.0
6.7,335,0.21960894763469696,0.9755879640579224,0.22141362726688385,-0.4820817708969116,-0.18415281176567078,1.9770807027816772,0.40973538160324097,0.9122044444084167,0.4221639633178711,0.190126433968544,-0.0633835569024086,0.20075033605098724,-0.24643818943988152,-60.91764343248644,0.0,0.0
6.72,336,0.2101544290781021,0.9776682257652283,0.2117329090833664,-0.4840356707572937,-0.09769482165575027,2.0,0.40346255898475647,0.9149961471557617,0.4152979552745819,0.19330814480781555,-0.06267205625772476,0.20356504619121552,-0.25043105467238036,-61.168074487158826,0.0,0.0
6.74,337,0.20066919922828674,0.9796590805053711,0.20204097032546997,-0.4845968782901764,-0.028059838339686394,2.0,0.3969299793243408,0.9178488850593567,0.40816962718963623,0.19626078009605408,-0.061810169368982315,0.20612865686416626,-0.2532569841961967,-61.421331471355025,0.0,0.0
6.76,338,0.19118152558803558,0.9815546870231628,0.19236573576927185,-0.48376190662384033,0.04174872115254402,2.0,0.3901398777961731,0.9207556247711182,0.4007834792137146,0.19895833730697632,-0.060799092054367065,0.20841775834560394,-0.25580389419008676,-61.67713536554511,0.0,0.0
6.78,339,0.1817198097705841,0.9833503365516663,0.18273510038852692,-0.48153144121170044,0.11152300983667374,2.0,0.3830946385860443,0.9237090945243835,0.3931442201137543,0.2013748288154602,-0.05964125320315361,0.21040910482406616,-0.2580483750899913,-61.935183740635104,0.0,0.0
6.8,340,0.17231258749961853,0.9850423336029053,0.17317689955234528,-0.4779103696346283,0.18105389177799225,2.0,0.37579697370529175,0.9267020225524902,0.3852566182613373,0.20348437130451202,-0.05834029242396355,0.212079718708992,-0.25996732331083633,-62.19515106394594,0.0,0.0
6.82,341,0.1629883348941803,0.986627995967865,0.16371874511241913,-0.4729077219963074,0.250131756067276,2.0,0.36824968457221985,0.9297269582748413,0.37712568044662476,0.20526133477687836,-0.056901056319475174,0.21340695023536682,-0.2615378760794731,-62.456688940025415,0.0,0.0
6.84,342,0.1537754088640213,0.988105833530426,0.15438801050186157,-0.4665367901325226,0.3185473382472992,2.0,0.36045587062835693,0.9327762722969055,0.36875656247138977,0.20668044686317444,-0.05532955378293991,0.2143685519695282,-0.2627376739553116,-62.71942661398073,0.0,0.0
6.86,343,0.14470191299915314,0.9894753098487854,0.14521171152591705,-0.45881494879722595,0.38609251379966736,2.0,0.35241883993148804,0.9358423948287964,0.36015450954437256,0.2077169269323349,-0.053632911294698715,0.2149427980184555,-0.2635448546615998,-62.98297146864233,0.0,0.0
6.88,344,0.13579557836055756,0.9907369017601013,0.1362164318561554,-0.4497637152671814,0.45256122946739197,2.0,0.3441421687602997,0.9389175772666931,0.35132497549057007,0.20834659039974213,-0.0518193244934082,0.21510855853557587,-0.2639380759208735,-63.24690954456321,0.0,0.0
6.9,345,0.1270836740732193,0.9918919801712036,0.12742826342582703,-0.43940871953964233,0.5177502036094666,2.0,0.3356296420097351,0.9419940114021301,0.3422735631465912,0.20854595303535461,-0.049897972494363785,0.21484529972076416,-0.2638967159803316,-63.51080626054354,0.0,0.0
6.92,346,0.11859291046857834,0.9929429888725281,0.11887267231941223,-0.42777952551841736,0.5814597010612488,2.0,0.32688531279563904,0.9450640082359314,0.3330059349536896,0.2082923948764801,-0.0478789396584034,0.21413326263427734,-0.26340089388005783,-63.7742071544236,0.0,0.0
6.94,347,0.11034929007291794,0.9938928484916687,0.11057447642087936,-0.41490963101387024,0.6434944272041321,2.0,0.3179134726524353,0.9481196999549866,0.323527991771698,0.20756419003009796,-0.04577314108610153,0.21295350790023804,-0.262431458165742,-64.03663861258934,0.0,0.0
6.96,348,0.10237806290388107,0.9947455525398254,0.10255774855613708,-0.40083634853363037,0.703664243221283,2.0,0.308718740940094,0.9511533975601196,0.313845694065094,0.20634068548679352,-0.0435921885073185,0.21128793060779572,-0.26097024177078826,-64.29760885436013,0.0,0.0
6.98,349,0.09470359981060028,0.9955055117607117,0.0948457345366478,-0.38560065627098083,0.7617847919464111,2.0,0.29930591583251953,0.9541571736335754,0.30396515130996704,0.20460233092308044,-0.04134831205010414,0.20911940932273865,-0.25899995693440864,-64.55660881129454,0.0,0.0
7.0,350,0.08734933286905289,0.9961777329444885,0.08746079355478287,-0.36924707889556885,0.8176782727241516,2.0,0.2896801233291626,0.9571235179901123,0.29389262199401855,0.2023307979106903,-0.039054229855537415,0.20643183588981628,-0.2565043557353156,-64.81311316702985,0.0,0.0
7.0200000000000005,351,0.08033765107393265,0.9967676997184753,0.08042432367801666,-0.3518235981464386,0.8711740374565125,2.0,0.27984675765037537,0.9600446820259094,0.2836344838142395,0.19950909912586212,-0.036723021417856216,0.20321014523506165,-0.25346829836090295,-65.06658146539075,0.0,0.0
7.04,352,0.07368984073400497,0.9972811937332153,0.07375669479370117,-0.33338141441345215,0.9221091270446777,2.0,0.2698114216327667,0.9629132151603699,0.2731971740722656,0.19612157344818115,-0.03436802327632904,0.19944047927856445,-0.24987778848231743,-65.31645925387308,0.0,0.0
7.0600000000000005,353,0.06742432713508606,0.9977244138717651,0.06747552007436752,-0.314058780670166,0.966132402420044,1.9944047927856445,0.2595800459384918,0.965721607208252,0.262587308883667,0.19215571880340576,-0.03200279548764229,0.19511179625988007,-0.24549815864387678,-65.56195741251696,0.0,0.0
7.08,354,0.061547037214040756,0.9981041550636292,0.061585962772369385,-0.2944779396057129,0.9790410995483398,1.9511178731918335,0.2491588294506073,0.9684626460075378,0.25181159377098083,0.18761180341243744,-0.02964155003428459,0.19022564589977264,-0.2390699579580614,-65.80102737047503,0.0,0.0
7.1000000000000005,355,0.05606095492839813,0.9984273314476013,0.05609036237001419,-0.27477988600730896,0.9849028587341309,1.9022563695907593,0.2385542392730713,0.9711291790008545,0.24087683856487274,0.18249328434467316,-0.027298172935843468,0.18478646874427795,-0.23190702176947653,-66.0329343922445,0.0,0.0
7.12,356,0.05096616968512535,0.9987003803253174,0.05098826065659523,-0.255105197429657,0.9837343096733093,1.8478647470474243,0.22777298092842102,0.973714292049408,0.22978992760181427,0.17680680751800537,-0.024986116215586662,0.17880167067050934,-0.2240346206980069,-66.2569690129425,0.0,0.0
7.140000000000001,357,0.04625988006591797,0.9989294409751892,0.04627639427781105,-0.2355932891368866,0.9755953550338745,1.788016676902771,0.2168220430612564,0.9762111306190491,0.21855787932872772,0.17056216299533844,-0.022718291729688644,0.17228148877620697,-0.21548357077927188,-66.47245258372178,0.0,0.0
7.16,358,0.04193646088242531,0.99912029504776,0.04194876179099083,-0.2163815200328827,0.960588812828064,1.722814917564392,0.20570865273475647,0.9786132574081421,0.20718778669834137,0.16377219557762146,-0.020507000386714935,0.16523902118206024,-0.2062900266575715,-66.67874261037935,0.0,0.0
7.18,359,0.03798753395676613,0.99927818775177,0.037996675819158554,-0.19760432839393616,0.9388594627380371,1.6523902416229248,0.1944403052330017,0.9809143543243408,0.19568683207035065,0.15645277500152588,-0.01836385950446129,0.1576901525259018,-0.19649504513187388,-66.87523765551121,0.0,0.0
7.2,360,0.034402038902044296,0.9994080662727356,0.034408826380968094,-0.179392471909523,0.9105930328369141,1.5769015550613403,0.18302473425865173,0.9831082820892334,0.18406227231025696,0.14862269163131714,-0.016299765557050705,0.14965344965457916,-0.18614419007900881,-67.06138184559022,0.0,0.0
7.22,361,0.031166335567831993,0.9995142221450806,0.03117138333618641,-0.16187216341495514,0.8760150671005249,1.4965344667434692,0.17146988213062286,0.9851893782615662,0.17232146859169006,0.14030355215072632,-0.014324850402772427,0.1411500722169876,-0.1752870421197271,-67.23666888770994,0.0,0.0
7.24,362,0.028264332562685013,0.9996004700660706,0.02826809696853161,-0.1451643705368042,0.8353894948959351,1.4115008115768433,0.1597839742898941,0.9871519804000854,0.1604718118906021,0.1315196305513382,-0.012448477558791637,0.13220371305942535,-0.16397671868926714,-67.40064560639921,0.0,0.0
7.26,363,0.025677593424916267,0.9996702671051025,0.025680415332317352,-0.12938404083251953,0.7890167236328125,1.3220371007919312,0.1479753702878952,0.9889910221099854,0.1485207974910736,0.12229777872562408,-0.010679230093955994,0.12284037470817566,-0.15226921879491065,-67.55291482519412,0.0,0.0
7.28,364,0.02338549494743347,0.9997265338897705,0.02338762767612934,-0.11463940143585205,0.7372318506240845,1.2284038066864014,0.1360526978969574,0.9907016158103943,0.13647596538066864,0.11266721040010452,-0.009024920873343945,0.11308833956718445,-0.1402229295077263,-67.69313775470185,0.0,0.0
7.3,365,0.021365374326705933,0.9997717142105103,0.02136700041592121,-0.1010313481092453,0.6804027557373047,1.1308833360671997,0.12402476370334625,0.9922791123390198,0.12434494495391846,0.10265938937664032,-0.007492611184716225,0.1029779464006424,-0.12789793711310046,-67.82103569181496,0.0,0.0
7.32,366,0.019592691212892532,0.9998080730438232,0.019593944773077965,-0.08865279704332352,0.618927538394928,1.0297794342041016,0.11190052330493927,0.9937193989753723,0.1121353805065155,0.09230783581733704,-0.006088631227612495,0.09254143387079239,-0.11535545753644673,-67.93639114935141,0.0,0.0
7.34,367,0.018041202798485756,0.9998372197151184,0.018042180687189102,-0.07758815586566925,0.5532320141792297,0.9254143834114075,0.09968913346529007,0.9950186610221863,0.09985499083995819,0.08164792507886887,-0.004818612709641457,0.08181280642747879,-0.10265711658230134,-68.03904826593372,0.0,0.0
7.36,368,0.016683151945471764,0.9998608231544495,0.016683924943208694,-0.06791280955076218,0.48376747965812683,0.8181281089782715,0.08739987760782242,0.9961733222007751,0.08751153200864792,0.0707167237997055,-0.003687517251819372,0.07082760334014893,-0.08986440150855664,-68.12891266744228,0.0,0.0
7.38,369,0.01548945251852274,0.9998800158500671,0.015490071848034859,-0.059692658483982086,0.41100749373435974,0.708276093006134,0.07504218071699142,0.9971803426742554,0.07511279731988907,0.05955273285508156,-0.0026996710803359747,0.05962272360920906,-0.07703800994268963,-68.20595067738496,0.0,0.0
7.4,370,0.014429896138608456,0.9998958706855774,0.014430397190153599,-0.05298375338315964,0.33544525504112244,0.59622722864151,0.06262560933828354,0.9980370998382568,0.06266661733388901,0.04819571226835251,-0.001858793548308313,0.04823622107505798,-0.06423726980403552,-68.270187947189,0.0,0.0
7.42,371,0.013473350554704666,0.9999092221260071,0.013473758473992348,-0.047831941395998,0.2575905919075012,0.48236221075057983,0.05015980079770088,0.9987412095069885,0.05018085613846779,0.036686450242996216,-0.0011680253082886338,0.03670709952712059,-0.05151959223401121,-68.32170753942302,0.0,0.0
7.44,372,0.012587973847985268,0.9999207854270935,0.012588306330144405,-0.04427260532975197,0.17796675860881805,0.3670709729194641,0.03765450045466423,0.9992908239364624,0.037663403898477554,0.025066524744033813,-0.00062995043117553,0.025075096637010574,-0.038939961255317214,-68.36064750067834,0.0,0.0
7.46,373,0.011741426773369312,0.9999310374259949,0.01174169685691595,-0.042330458760261536,0.09710744023323059,0.25075098872184753,0.025119516998529434,0.9996844530105591,0.025122158229351044,0.013378089293837547,-0.00024661191855557263,0.013380462303757668,-0.02655046765683253,-68.38719796833517,0.0,0.0
7.48,374,0.010901093482971191,0.9999405741691589,0.010901308618485928,-0.04201939329504967,0.015553303994238377,0.13380461931228638,0.01256471686065197,0.9999210834503174,0.012565047480165958,0.0016636240761727095,-1.9520493879099376e-05,0.001663738745264709,-0.014399886029377269,-68.40159785436455,0.0,0.0
7.5,375,0.010034292005002499,0.9999496340751648,0.010034460574388504,-0.043342411518096924,-0.06615102291107178,0.01663738489151001,1.8369701465288538e-16,1.0,1.8369701465288538e-16,-0.010034292005002499,5.0344777264399454e-05,-0.010034460574388504,-0.002533354798893659,-68.40413120916345,0.0,0.0
7.5200000000000005,376,0.00910850241780281,0.9999585151672363,0.009108628146350384,-0.046291619539260864,-0.14746041595935822,-0.10034460574388504,-0.01256471686065197,0.9999210834503174,-0.012565047480165958,-0.02167321927845478,-3.7455905840033665e-05,-0.021673675626516342,-0.009209318699234869,-68.41334052786269,0.0,0.0
7.54,377,0.008091574534773827,0.9999672770500183,0.008091663010418415,-0.05084826797246933,-0.22783243656158447,-0.21673676371574402,-0.025119516998529434,0.9996844530105591,-0.025122158229351044,-0.03321108967065811,-0.0002828075084835291,-0.033213820308446884,-0.02112645861438407,-68.43446698647708,0.0,0.0
7.5600000000000005,378,0.006951949093490839,0.999975860118866,0.006952005438506603,-0.05698288232088089,-0.30673059821128845,-0.33213821053504944,-0.03765450045466423,0.9992908239364624,-0.037663403898477554,-0.04460644721984863,-0.0006850170320831239,-0.044615406543016434,-0.03317732142817235,-68.46764430790525,0.0,0.0
7.58,379,0.005658866371959448,0.9999839663505554,0.005658896639943123,-0.06465543806552887,-0.38362768292427063,-0.44615408778190613,-0.05015980079770088,0.9987412095069885,-0.05018085613846779,-0.05581866577267647,-0.001242783502675593,-0.05583975464105606,-0.04531283521937929,-68.51295714312462,0.0,0.0
7.6000000000000005,380,0.0041825720109045506,0.999991238117218,0.004182584583759308,-0.07381560653448105,-0.45800867676734924,-0.5583975315093994,-0.06262560933828354,0.9980370998382568,-0.06266661733388901,-0.06680817902088165,-0.001954162959009409,-0.06684920191764832,-0.05748151853700046,-68.57043866166163,0.0,0.0
7.62,381,0.002494520042091608,0.9999969005584717,0.0024945226032286882,-0.08440309017896652,-0.5293741822242737,-0.6684920191764832,-0.07504218071699142,0.9971803426742554,-0.07511279731988907,-0.0775367021560669,-0.002816528547555208,-0.07760731875896454,-0.0696299556714945,-68.64006861733311,0.0,0.0
7.640000000000001,382,0.0005675634020008147,0.9999998211860657,0.0005675634020008147,-0.09634795784950256,-0.5972431898117065,-0.7760732173919678,-0.08739987760782242,0.9961733222007751,-0.08751153200864792,-0.08796744048595428,-0.0038265297189354897,-0.08807909488677979,-0.08170325684584326,-68.72177187417896,0.0,0.0
7.66,383,-0.0016238574171438813,0.9999986886978149,-0.0016238581156358123,-0.10957107692956924,-0.6611559987068176,-0.8807909488677979,-0.09968913346529007,0.9950186610221863,-0.09985499083995819,-0.09806527197360992,-0.004980050027370453,-0.09823112934827805,-0.09364560094510119,-68.81541747512405,0.0,0.0
7.68,384,-0.004103539045900106,0.9999915957450867,-0.004103550687432289,-0.12398461997509003,-0.7206770777702332,-0.9823113083839417,-0.11190052330493927,0.9937193989753723,-0.1121353805065155,-0.10779698193073273,-0.006272166967391968,-0.10803183168172836,-0.10540079579750723,-68.92081827092156,0.0,0.0
7.7,385,-0.006893347483128309,0.9999762177467346,-0.006893401965498924,-0.13949257135391235,-0.775397539138794,-1.0803183317184448,-0.12402476370334625,0.9922791123390198,-0.12434494495391846,-0.11713141202926636,-0.0076971170492470264,-0.11745154112577438,-0.1169128549589858,-69.03773112588054,0.0,0.0
7.72,386,-0.01001306064426899,0.9999498724937439,-0.01001322828233242,-0.155991330742836,-0.8249378204345703,-1.1745154857635498,-0.1360526978969574,0.9907016158103943,-0.13647596538066864,-0.12603963911533356,-0.00924826692789793,-0.12646274268627167,-0.12812658159758825,-69.16585770747812,0.0,0.0
7.74,387,-0.013480226509273052,0.9999091625213623,-0.013480634428560734,-0.17337031662464142,-0.8689497709274292,-1.2646273374557495,-0.1479753702878952,0.9889910221099854,-0.1485207974910736,-0.13449513912200928,-0.010918091051280499,-0.13504014909267426,-0.13898815451663088,-69.30484586199475,0.0,0.0
7.76,388,-0.017310023307800293,0.9998501539230347,-0.017310889437794685,-0.19151270389556885,-0.90711909532547,-1.3504016399383545,-0.1597839742898941,0.9871519804000854,-0.1604718118906021,-0.14247393608093262,-0.012698164209723473,-0.14316090941429138,-0.14944575430792917,-69.45429161630268,0.0,0.0
7.78,389,-0.021515149623155594,0.9997684955596924,-0.02151680923998356,-0.21029603481292725,-0.9391666650772095,-1.4316092729568481,-0.17146988213062286,0.9851893782615662,-0.17232146859169006,-0.14995473623275757,-0.014579161070287228,-0.15080465376377106,-0.1594500523685715,-69.61374166867125,0.0,0.0
7.8,390,-0.02610570378601551,0.9996591806411743,-0.026108670979738235,-0.22959305346012115,-0.9648511409759521,-1.5080466270446777,-0.18302473425865173,0.9831082820892334,-0.18406227231025696,-0.15691903233528137,-0.016550878062844276,-0.15795360505580902,-0.16895484322708104,-69.78269651189834,0.0,0.0
7.82,391,-0.03108910843729973,0.9995166063308716,-0.03109411895275116,-0.2492724508047104,-0.9839695692062378,-1.579535961151123,-0.1944403052330017,0.9809143543243408,-0.19568683207035065,-0.16335119307041168,-0.018602263182401657,-0.1645927131175995,-0.17791749305126228,-69.9606140049496,0.0,0.0
7.84,392,-0.036470022052526474,0.9993347525596619,-0.03647811338305473,-0.2691996395587921,-0.9963595271110535,-1.64592707157135,-0.20570865273475647,0.9786132574081421,-0.20718778669834137,-0.1692386269569397,-0.020721467211842537,-0.17070968449115753,-0.18629948075500075,-70.1469134857046,0.0,0.0
7.86,393,-0.04225028306245804,0.9991070628166199,-0.042262863367795944,-0.2892376184463501,-1.0018993616104126,-1.7070966958999634,-0.2168220430612564,0.9762111306190491,-0.21855787932872772,-0.17457175254821777,-0.02289591170847416,-0.17629501223564148,-0.19406671477111234,-70.34098020047571,0.0,0.0
7.88,394,-0.04842887073755264,0.9988266229629517,-0.04844782128930092,-0.30924782156944275,-1.0005097389221191,-1.7629501819610596,-0.22777298092842102,0.973714292049408,-0.22978992760181427,-0.17934410274028778,-0.025112370029091835,-0.18134211003780365,-0.2011899901936262,-70.54217019066934,0.0,0.0
7.9,395,-0.055001869797706604,0.9984862804412842,-0.05502963811159134,-0.3290908932685852,-0.9921535849571228,-1.8134210109710693,-0.2385542392730713,0.9711291790008545,-0.24087683856487274,-0.18355236947536469,-0.027357077226042747,-0.1858471930027008,-0.20764524801862952,-70.74981543868797,0.0,0.0
7.92,396,-0.06196247413754463,0.998078465461731,-0.06200219318270683,-0.34862762689590454,-0.9768368601799011,-1.8584719896316528,-0.2491588294506073,0.9684626460075378,-0.25181159377098083,-0.18719635903835297,-0.029615845531225204,-0.1898094117641449,-0.21341382841206663,-70.96322926710005,0.0,0.0
7.94,397,-0.06930099427700043,0.9975957870483398,-0.06935659050941467,-0.3677197992801666,-0.9546080827713013,-1.8980940580368042,-0.2595800459384918,0.965721607208252,-0.262587308883667,-0.1902790516614914,-0.03187419846653938,-0.1932307332754135,-0.21848261537615188,-71.1817118824762,0.0,0.0
7.96,398,-0.07700490206480026,0.9970307350158691,-0.07708120346069336,-0.3862309753894806,-0.925558865070343,-1.932307243347168,-0.2698114216327667,0.9629132151603699,-0.2731971740722656,-0.19280651211738586,-0.034117527306079865,-0.19611597061157227,-0.22284421370557936,-71.40455609618178,0.0,0.0
7.98,399,-0.08505885303020477,0.9963759183883667,-0.08516175299882889,-0.40402743220329285,-0.8898225426673889,-1.9611597061157227,-0.27984675765037537,0.9600446820259094,-0.2836344838142395,-0.1947878897190094,-0.03633124381303787,-0.19847272336483002,-0.22649689144026508,-71.63105298762204,0.0,0.0
8.0,400,-0.09344480186700821,0.9956244826316833,-0.09358133375644684,-0.4209789037704468,-0.8475739359855652,-1.9847272634506226,-0.2896801233291626,0.9571235179901123,-0.29389262199401855,-0.19623532891273499,-0.03850094974040985,-0.20031128823757172,-0.22944457464215004,-71.86049756226419,0.0,0.0
8.02,401,-0.10214114934206009,0.9947699308395386,-0.10231959074735641,-0.43691274523735046,-0.7966931462287903,-2.0,-0.29930591583251953,0.9541571736335754,-0.30396515130996704,-0.19716477394104004,-0.04061271622776985,-0.20164555311203003,-0.23157303363275647,-72.09207059589694,0.0,0.0
8.040000000000001,402,-0.11112072318792343,0.9938068985939026,-0.11135068535804749,-0.4515550136566162,-0.7321122884750366,-2.0,-0.308718740940094,0.9511533975601196,-0.313845694065094,-0.19759801030158997,-0.04265354201197624,-0.20249499380588531,-0.2326144628365386,-72.32468505873348,0.0,0.0
8.06,403,-0.1203555092215538,0.9927308559417725,-0.12064798921346664,-0.46486493945121765,-0.6654959321022034,-2.0,-0.3179134726524353,0.9481196999549866,-0.323527991771698,-0.1975579708814621,-0.0446111261844635,-0.20287999510765076,-0.23319770709924728,-72.55788276583273,0.0,0.0
8.08,404,-0.1298166960477829,0.9915379881858826,-0.1301840990781784,-0.4768059551715851,-0.5970519185066223,-2.0,-0.32688531279563904,0.9450640082359314,-0.3330059349536896,-0.19706860184669495,-0.04647399112582207,-0.20282182097434998,-0.23334388555077998,-72.79122665138351,0.0,0.0
8.1,405,-0.1394748091697693,0.990225613117218,-0.13993102312088013,-0.4873458445072174,-0.526993453502655,-2.0,-0.3356296420097351,0.9419940114021301,-0.3422735631465912,-0.19615481793880463,-0.048231590539216995,-0.20234252512454987,-0.23307491209503708,-73.02430156347855,0.0,0.0
8.120000000000001,406,-0.14929986000061035,0.9887919425964355,-0.14986015856266022,-0.4964565932750702,-0.4555386006832123,-2.0,-0.3441421687602997,0.9389175772666931,-0.35132497549057007,-0.19484230875968933,-0.04987441375851631,-0.20146483182907104,-0.2324134082095268,-73.25671497168807,0.0,0.0
8.14,407,-0.15926139056682587,0.9872364401817322,-0.15994244813919067,-0.5041148066520691,-0.3829091787338257,-2.0,-0.35241883993148804,0.9358423948287964,-0.36015450954437256,-0.19315744936466217,-0.05139406770467758,-0.20021206140518188,-0.23138252480112334,-73.48809749648919,0.0,0.0
8.16,408,-0.1693286895751953,0.9855596423149109,-0.17014847695827484,-0.510301411151886,-0.309330016374588,-2.0,-0.36045587062835693,0.9327762722969055,-0.36875656247138977,-0.19112716615200043,-0.052783362567424774,-0.19860808551311493,-0.23000603110131085,-73.7181035275905,0.0,0.0
8.18,409,-0.17946672439575195,0.9837640523910522,-0.18044434487819672,-0.5147931575775146,-0.2245885282754898,-1.9860808849334717,-0.36824968457221985,0.9297269582748413,-0.37712568044662476,-0.1887829601764679,-0.05403710529208183,-0.19668135046958923,-0.2277573919056648,-73.94586091949617,0.0,0.0
8.2,410,-0.1896388977766037,0.9818539023399353,-0.19079436361789703,-0.5175007581710815,-0.1353789120912552,-1.9668134450912476,-0.37579697370529175,0.9267020225524902,-0.3852566182613373,-0.18615806102752686,-0.05515187978744507,-0.19446226954460144,-0.2250148731563067,-74.17087579265248,0.0,0.0
8.22,411,-0.19980792701244354,0.9798350930213928,-0.20116189122200012,-0.5183765888214111,-0.04379250481724739,-1.9446226358413696,-0.3830946385860443,0.9237090945243835,-0.3931442201137543,-0.18328672647476196,-0.05612599104642868,-0.19198232889175415,-0.22191030150273527,-74.39278609415521,0.0,0.0
8.24,412,-0.20993605256080627,0.9777151346206665,-0.2115095555782318,-0.5173833966255188,0.049658432602882385,-1.9198232889175415,-0.3901398777961731,0.9207556247711182,-0.4007834792137146,-0.18020381033420563,-0.05695951357483864,-0.18927393853664398,-0.2184918794998038,-74.61127797365502,0.0,0.0
8.26,413,-0.21998533606529236,0.9755032062530518,-0.22179944813251495,-0.5144943594932556,0.14445197582244873,-1.892739176750183,-0.3969299793243408,0.9178488850593567,-0.40816962718963623,-0.17694464325904846,-0.05765428766608238,-0.18637017905712128,-0.2148086530609683,-74.82608662671599,0.0,0.0
8.28,414,-0.22991788387298584,0.9732100367546082,-0.23199330270290375,-0.5096932053565979,0.24005931615829468,-1.8637018203735352,-0.40346255898475647,0.9149961471557617,-0.4152979552745819,-0.17354469001293182,-0.05821388214826584,-0.18330463767051697,-0.21091016453245823,-75.03699679124846,0.0,0.0
8.3,415,-0.23969608545303345,0.9708479642868042,-0.24205279350280762,-0.5029742121696472,0.33594948053359985,-1.8330464363098145,-0.40973538160324097,0.9122044444084167,-0.4221639633178711,-0.1700393110513687,-0.05864354968070984,-0.18011116981506348,-0.20684575715910677,-75.24384254840756,0.0,0.0
8.32,416,-0.2492828369140625,0.9684306979179382,-0.2519396245479584,-0.4943423569202423,0.431591659784317,-1.8011116981506348,-0.41574639081954956,0.9094805717468262,-0.42876332998275757,-0.16646355390548706,-0.058950137346982956,-0.176823690533638,-0.20266435811778621,-75.44650690652534,0.0,0.0
8.34,417,-0.2586418092250824,0.9659733176231384,-0.26161590218544006,-0.48381319642066956,0.5264586210250854,-1.7682368755340576,-0.4214937090873718,0.9068313241004944,-0.43509188294410706,-0.16285191476345062,-0.05914197862148285,-0.173475980758667,-0.19841404435800775,-75.64492095088335,0.0,0.0
8.36,418,-0.26773762702941895,0.9634918570518494,-0.27104416489601135,-0.4714125990867615,0.6200302243232727,-1.73475980758667,-0.42697566747665405,0.9042630791664124,-0.4411455988883972,-0.1592380702495575,-0.05922875553369522,-0.17010146379470825,-0.1941416434191424,-75.83906259430249,0.0,0.0
8.38,419,-0.2765360176563263,0.9610035419464111,-0.2801876962184906,-0.45717665553092957,0.7117966413497925,-1.7010143995285034,-0.43219074606895447,0.901782214641571,-0.4469207227230072,-0.15565471351146698,-0.05922133848071098,-0.1667330265045166,-0.1898924118325613,-76.02895500613505,0.0,0.0
8.4,420,-0.2850041091442108,0.9585263133049011,-0.2890107035636902,-0.4411514699459076,0.8012601733207703,-1.6673303842544556,-0.43713751435279846,0.899394690990448,-0.45241352915763855,-0.15213340520858765,-0.05913161486387253,-0.16340281069278717,-0.18570991014297933,-76.21466491627802,0.0,0.0
8.42,421,-0.2931104600429535,0.9560785889625549,-0.2974785566329956,-0.423392653465271,0.8879398107528687,-1.6340280771255493,-0.4418147802352905,0.8971062898635864,-0.4576205909252167,-0.14870432019233704,-0.05897228792309761,-0.16014201939105988,-0.1816354375097415,-76.39630035378777,0.0,0.0
8.44,422,-0.3008252680301666,0.9536792635917664,-0.30555787682533264,-0.40396520495414734,0.9713722467422485,-1.6014201641082764,-0.44622138142585754,0.8949226140975952,-0.46253859996795654,-0.1453961431980133,-0.05875667557120323,-0.1569807231426239,-0.17770818278391448,-76.57400853657168,0.0,0.0
8.46,423,-0.308120459318161,0.9513473510742188,-0.3132167458534241,-0.38294291496276855,1.0511150360107422,-1.5698072910308838,-0.4503563940525055,0.8928488492965698,-0.46716445684432983,-0.14223594963550568,-0.058498479425907135,-0.15394774079322815,-0.17396481494921315,-76.7479733515209,0.0,0.0
8.48,424,-0.31496986746788025,0.9491016864776611,-0.320424884557724,-0.3604079484939575,1.1267486810684204,-1.5394772291183472,-0.45421892404556274,0.8908901214599609,-0.47149527072906494,-0.1392490565776825,-0.058211568742990494,-0.15107037127017975,-0.17043946663441123,-76.9184128181553,0.0,0.0
8.5,425,-0.321349173784256,0.9469607472419739,-0.32715389132499695,-0.33645036816596985,1.197878122329712,-1.5107038021087646,-0.45780816674232483,0.8890510201454163,-0.4755282700061798,-0.13645897805690765,-0.0579097643494606,-0.14837436378002167,-0.16716363072578272,-77.08557644888108,0.0,0.0
8.52,426,-0.32723620533943176,0.9449425935745239,-0.33337724208831787,-0.3111676573753357,1.264135718345642,-1.483743667602539,-0.4611234664916992,0.8873359560966492,-0.4792608916759491,-0.13388726115226746,-0.057606592774391174,-0.14588363468647003,-0.16416597128226773,-77.24974242016336,0.0,0.0
8.540000000000001,427,-0.33261069655418396,0.9430642127990723,-0.33907052874565125,-0.2846640348434448,1.3251818418502808,-1.4588364362716675,-0.46416425704956055,0.8857491612434387,-0.48269081115722656,-0.1315535604953766,-0.057315073907375336,-0.14362028241157532,-0.16147239476586295,-77.41121481492922,0.0,0.0
8.56,428,-0.33745455741882324,0.9413418173789978,-0.34421151876449585,-0.25704991817474365,1.3807059526443481,-1.4362027645111084,-0.46692997217178345,0.8842942714691162,-0.4858158528804779,-0.1294754147529602,-0.0570475272834301,-0.14160433411598206,-0.1591060642749696,-77.57032087920419,0.0,0.0
8.58,429,-0.3417518436908722,0.9397902488708496,-0.3487803637981415,-0.22844132781028748,1.4304288625717163,-1.4160431623458862,-0.4694202244281769,0.8829748630523682,-0.48863404989242554,-0.1276683807373047,-0.05681534484028816,-0.13985370099544525,-0.15708727911529913,-77.72740815831949,0.0,0.0
8.6,430,-0.3454887270927429,0.9384229183197021,-0.35275954008102417,-0.19895926117897034,1.4741030931472778,-1.3985369205474854,-0.4716346263885498,0.8817940354347229,-0.4911436140537262,-0.12614589929580688,-0.05662883445620537,-0.13838408887386322,-0.1554335621357713,-77.88284172045526,0.0,0.0
8.620000000000001,431,-0.34865355491638184,0.9372516870498657,-0.3561341166496277,-0.1687289923429489,1.5115138292312622,-1.3838406801223755,-0.47357288002967834,0.8807546496391296,-0.49334296584129333,-0.12491931766271591,-0.056497033685445786,-0.13720884919166565,-0.1541596424513359,-78.0370013629066,0.0,0.0
8.64,432,-0.3512367606163025,0.9362866878509521,-0.35889172554016113,-0.1378794014453888,1.5424795150756836,-1.3720884323120117,-0.47523465752601624,0.8798590898513794,-0.49523070454597473,-0.12399788945913315,-0.05642757937312126,-0.136339008808136,-0.15327752178376425,-78.19027888469036,0.0,0.0
8.66,433,-0.3532310426235199,0.9355360865592957,-0.36102256178855896,-0.10654234886169434,1.5668525695800781,-1.3633899688720703,-0.47661980986595154,0.8791095614433289,-0.49680566787719727,-0.12338873744010925,-0.056426580995321274,-0.1357830911874771,-0.15279646818314377,-78.3430753528735,0.0,0.0
8.68,434,-0.3546311855316162,0.9350062608718872,-0.36251959204673767,-0.07485195249319077,1.5845195055007935,-1.3578311204910278,-0.47772809863090515,0.8785077333450317,-0.49806681275367737,-0.12309691309928894,-0.05649852007627487,-0.1355472058057785,-0.1527231241833592,-78.49579847705685,0.0,0.0
8.700000000000001,435,-0.3554341197013855,0.9347013235092163,-0.36337846517562866,-0.04294391721487045,1.5954018831253052,-1.355472207069397,-0.4785594642162323,0.8780551552772522,-0.49901336431503296,-0.12312532961368561,-0.056646183133125305,-0.1356348842382431,-0.1530613854189285,-78.64885986247577,0.0,0.0
8.72,436,-0.35563889145851135,0.9346234202384949,-0.363597571849823,-0.010954813100397587,1.5994552373886108,-1.3563488721847534,-0.47911372780799866,0.8777528405189514,-0.4996447265148163,-0.1234748363494873,-0.056870609521865845,-0.13604716956615448,-0.1538126161080463,-78.80267247858382,0.0,0.0
8.74,437,-0.35524672269821167,0.9347725510597229,-0.36317798495292664,0.020978594198822975,1.596670389175415,-1.3604716062545776,-0.4793908894062042,0.8776015043258667,-0.4999605119228363,-0.12414416670799255,-0.057171083986759186,-0.13678252696990967,-0.15497555543339014,-78.95764803401721,0.0,0.0
8.76,438,-0.3542609214782715,0.9351466298103333,-0.36212360858917236,0.05272004008293152,1.5870722532272339,-1.3678251504898071,-0.4793908894062042,0.8776015043258667,-0.4999605119228363,-0.12512998282909393,-0.05754513666033745,-0.13783691823482513,-0.156546368906728,-79.11419440292394,0.0,0.0
8.78,439,-0.3526868522167206,0.9357414245605469,-0.3604409098625183,0.08413445204496384,1.5707207918167114,-1.3783690929412842,-0.47911372780799866,0.8777528405189514,-0.4996447265148163,-0.12642689049243927,-0.05798858404159546,-0.13920383155345917,-0.1585186169345684,-79.27271301985851,0.0,0.0
8.8,440,-0.35053205490112305,0.9365507364273071,-0.35813912749290466,0.11508864909410477,1.5477098226547241,-1.3920382261276245,-0.4785594642162323,0.8780551552772522,-0.49901336431503296,-0.12802740931510925,-0.05849558487534523,-0.1408742219209671,-0.16088329252857594,-79.4335963123871,0.0,0.0
8.82,441,-0.34780609607696533,0.9375664591789246,-0.35523009300231934,0.14545199275016785,1.5181670188903809,-1.4087423086166382,-0.47772809863090515,0.8785077333450317,-0.49806681275367737,-0.12992200255393982,-0.059058740735054016,-0.14283670485019684,-0.16362881553447994,-79.59722512792158,0.0,0.0
8.84,442,-0.3445206880569458,0.9387787580490112,-0.3517281413078308,0.17509706318378448,1.4822535514831543,-1.4283671379089355,-0.47661980986595154,0.8791095614433289,-0.49680566787719727,-0.13209912180900574,-0.05966919660568237,-0.14507749676704407,-0.16674098462056558,-79.76396611254214,0.0,0.0
8.86,443,-0.340689480304718,0.9401758909225464,-0.3476501405239105,0.20390033721923828,1.4401633739471436,-1.450775146484375,-0.47523465752601624,0.8798590898513794,-0.49523070454597473,-0.13454517722129822,-0.0603167861700058,-0.1475805640220642,-0.17020300351631587,-79.93416911605846,0.0,0.0
8.88,444,-0.33632826805114746,0.9417448043823242,-0.34301528334617615,0.23174278438091278,1.3921223878860474,-1.4758055210113525,-0.47357288002967834,0.8807546496391296,-0.49334296584129333,-0.13724461197853088,-0.06099017709493637,-0.1503276824951172,-0.17399543156683125,-80.1081645476253,0.0,0.0
8.9,445,-0.3314547538757324,0.9434711337089539,-0.3378450870513916,0.2585105299949646,1.3383872509002686,-1.5032767057418823,-0.4716346263885498,0.8817940354347229,-0.4911436140537262,-0.14017987251281738,-0.06167704984545708,-0.1532985419034958,-0.17809629204275418,-80.28626083966805,0.0,0.0
8.92,446,-0.32608872652053833,0.9453391432762146,-0.3321631848812103,0.28409543633461,1.2792452573776245,-1.5329853296279907,-0.4694202244281769,0.8829748630523682,-0.48863404989242554,-0.14333151280879974,-0.06236428767442703,-0.1564708948135376,-0.18248087936993146,-80.46874171903798,0.0,0.0
8.94,447,-0.32025179266929626,0.9473324418067932,-0.3259952664375305,0.3083956837654114,1.2150126695632935,-1.5647087097167969,-0.46692997217178345,0.8842942714691162,-0.4858158528804779,-0.14667819440364838,-0.063038170337677,-0.15982060134410858,-0.1871219240830681,-80.65586364312105,0.0,0.0
8.96,448,-0.3139674663543701,0.9494337439537048,-0.3193689286708832,0.33131635189056396,1.1460332870483398,-1.5982059240341187,-0.46416425704956055,0.8857491612434387,-0.48269081115722656,-0.15019677579402924,-0.06368459016084671,-0.16332188248634338,-0.19198954078166786,-80.84785318390271,0.0,0.0
8.98,449,-0.30726107954978943,0.9516252279281616,-0.3123135268688202,0.3527698814868927,1.0726772546768188,-1.633218765258789,-0.4611234664916992,0.8873359560966492,-0.4792608916759491,-0.1538623869419098,-0.06428927183151245,-0.1669473648071289,-0.19705131081075555,-81.04490449471346,0.0,0.0
9.0,450,-0.30015963315963745,0.953889012336731,-0.30485999584198,0.37267667055130005,0.9953393340110779,-1.6694735288619995,-0.45780816674232483,0.8890510201454163,-0.4755282700061798,-0.15764851868152618,-0.0648379772901535,-0.17066825926303864,-0.2022723088119512,-81.24717680352542,0.0,0.0
9.02,451,-0.29269179701805115,0.9562068581581116,-0.2970407009124756,0.39096543192863464,0.9144371151924133,-1.7066826820373535,-0.45421892404556274,0.8908901214599609,-0.47149527072906494,-0.1615271270275116,-0.06531673669815063,-0.17445456981658936,-0.20761523351406266,-81.45479203703948,0.0,0.0
9.040000000000001,452,-0.2848876416683197,0.9585608839988708,-0.28888922929763794,0.4075736105442047,0.8304092884063721,-1.744545817375183,-0.4503563940525055,0.8928488492965698,-0.46716445684432983,-0.1654687523841858,-0.06571204215288162,-0.1782752424478531,-0.21304044810935985,-81.66783248514884,0.0,0.0
9.06,453,-0.2767787277698517,0.9609336853027344,-0.2804402709007263,0.4224478602409363,0.7437126040458679,-1.7827523946762085,-0.44622138142585754,0.8949226140975952,-0.46253859996795654,-0.16944265365600586,-0.06601107120513916,-0.18209834396839142,-0.21850625143161906,-81.88633873658046,0.0,0.0
9.08,454,-0.2683977484703064,0.9633081555366516,-0.27172937989234924,0.4355442523956299,0.6548202633857727,-1.8209834098815918,-0.4418147802352905,0.8971062898635864,-0.4576205909252167,-0.17341701686382294,-0.06620188057422638,-0.18589121103286743,-0.22396902411559963,-82.11030776069606,0.0,0.0
9.1,455,-0.2597784996032715,0.965668261051178,-0.26279279589653015,0.4468286633491516,0.5642195343971252,-1.8589121103286743,-0.43713751435279846,0.899394690990448,-0.45241352915763855,-0.17735902965068817,-0.06627355515956879,-0.1896207183599472,-0.22938332695573488,-82.3396910876518,0.0,0.0
9.120000000000001,456,-0.2509555518627167,0.9679986238479614,-0.25366726517677307,0.4562768340110779,0.4724087119102478,-1.8962072134017944,-0.43219074606895447,0.901782214641571,-0.4469207227230072,-0.1812351942062378,-0.06621639430522919,-0.19325344264507294,-0.23470227776310446,-82.5743933654149,0.0,0.0
9.14,457,-0.24196428060531616,0.970285177230835,-0.24438977241516113,0.4638746976852417,0.3798941969871521,-1.9325345754623413,-0.42697566747665405,0.9042630791664124,-0.4411455988883972,-0.18501140177249908,-0.06602205336093903,-0.19675584137439728,-0.23987784412694146,-82.81427120954184,0.0,0.0
9.16,458,-0.23284046351909637,0.9725149273872375,-0.23499740660190582,0.46961846947669983,0.28718820214271545,-1.9675582647323608,-0.4214937090873718,0.9068313241004944,-0.43509188294410706,-0.18865326046943665,-0.06568362563848495,-0.20009447634220123,-0.24486104676417353,-83.05913225630601,0.0,0.0
9.18,459,-0.22361987829208374,0.9746764302253723,-0.225526824593544,0.47352874279022217,0.19551301002502441,-2.0,-0.41574639081954956,0.9094805717468262,-0.42876332998275757,-0.19212651252746582,-0.06519584357738495,-0.20323649048805237,-0.24956505156421505,-83.30869730787023,0.0,0.0
9.200000000000001,460,-0.21432942152023315,0.9767614603042603,-0.21600525081157684,0.4760792553424835,0.12752597033977509,-2.0,-0.40973538160324097,0.9122044444084167,-0.4221639633178711,-0.1954059600830078,-0.06455700844526291,-0.20615871250629425,-0.252758083717491,-83.56145539158773,0.0,0.0
9.22,461,-0.20499640703201294,0.9787627458572388,-0.20646002888679504,0.4772607684135437,0.05907575041055679,-2.0,-0.40346255898475647,0.9149961471557617,-0.4152979552745819,-0.19846616685390472,-0.06376657634973526,-0.20883791148662567,-0.2557039324679609,-83.8171593240557,0.0,0.0
9.24,462,-0.19564847648143768,0.9806740880012512,-0.19691866636276245,0.4770680367946625,-0.00963625404983759,-2.0,-0.3969299793243408,0.9178488850593567,-0.40816962718963623,-0.20128150284290314,-0.06282520294189453,-0.21125096082687378,-0.25837928533857335,-84.07553860939427,0.0,0.0
9.26,463,-0.18631356954574585,0.9824903607368469,-0.1874086707830429,0.4754999279975891,-0.07840633392333984,-2.0,-0.3901398777961731,0.9207556247711182,-0.4007834792137146,-0.20382629334926605,-0.06173472851514816,-0.21337482333183289,-0.2607609556347296,-84.336299565029,0.0,0.0
9.28,464,-0.17701968550682068,0.9842073321342468,-0.17795749008655548,0.4725593328475952,-0.14702916145324707,-2.0,-0.3830946385860443,0.9237090945243835,-0.3931442201137543,-0.20607495307922363,-0.06049821525812149,-0.2151867300271988,-0.26282599437241017,-84.5991255594014,0.0,0.0
9.3,465,-0.16779488325119019,0.9858219027519226,-0.1685924232006073,0.46825337409973145,-0.2152986377477646,-2.0,-0.37579697370529175,0.9267020225524902,-0.3852566182613373,-0.20800207555294037,-0.059119902551174164,-0.21666420996189117,-0.2645518025310996,-84.8636773619325,0.0,0.0
9.32,466,-0.15866714715957642,0.9873321056365967,-0.15934056043624878,0.4625931978225708,-0.2830086052417755,-2.0,-0.36824968457221985,0.9297269582748413,-0.37712568044662476,-0.20958252251148224,-0.05760519206523895,-0.21778513491153717,-0.26591606449856137,-85.12959342643106,0.0,0.0
9.34,467,-0.1496642380952835,0.9887368679046631,-0.15022866427898407,0.45559412240982056,-0.34995371103286743,-2.0,-0.36045587062835693,0.9327762722969055,-0.36875656247138977,-0.21079163253307343,-0.055960606783628464,-0.2185278832912445,-0.2668970090244951,-85.39649043545555,0.0,0.0
9.36,468,-0.14081360399723053,0.990036129951477,-0.14128315448760986,0.4472755193710327,-0.4159301817417145,-2.0,-0.35241883993148804,0.9358423948287964,-0.36015450954437256,-0.2116052359342575,-0.05419374257326126,-0.2188713550567627,-0.2674734013136717,-85.66396383676921,0.0,0.0
9.38,469,-0.1321423202753067,0.9912307262420654,-0.13252994418144226,0.4376607835292816,-0.48073673248291016,-2.0,-0.3441421687602997,0.9389175772666931,-0.35132497549057007,-0.2119998335838318,-0.05231320112943649,-0.218795046210289,-0.26762456396118073,-85.93158840073039,0.0,0.0
9.4,470,-0.12367691844701767,0.992322564125061,-0.12399440258741379,0.42677727341651917,-0.5441751480102539,-2.0,-0.3356296420097351,0.9419940114021301,-0.3422735631465912,-0.21195271611213684,-0.05032850801944733,-0.2182791531085968,-0.26733057542595184,-86.19891897615635,0.0,0.0
9.42,471,-0.11544330418109894,0.9933140873908997,-0.11570127308368683,0.41465625166893005,-0.6060512065887451,-2.0,-0.32688531279563904,0.9450640082359314,-0.3330059349536896,-0.2114419937133789,-0.04825005307793617,-0.21730466187000275,-0.2665722881069787,-86.46549126426333,0.0,0.0
9.44,472,-0.1074666827917099,0.9942086935043335,-0.10767462104558945,0.4013327360153198,-0.6661754846572876,-2.0,-0.3179134726524353,0.9481196999549866,-0.323527991771698,-0.2104468047618866,-0.04608896002173424,-0.21585336327552795,-0.26533131473630156,-86.73082257899964,0.0,0.0
9.46,473,-0.09977144002914429,0.9950103759765625,-0.09993771463632584,0.3868454694747925,-0.7243638634681702,-2.0,-0.308718740940094,0.9511533975601196,-0.313845694065094,-0.2089473009109497,-0.04385700821876526,-0.21390797197818756,-0.2635902808267127,-86.99441285982635,0.0,0.0
9.48,474,-0.0923810675740242,0.9957237243652344,-0.09251298010349274,0.3712366819381714,-0.7804383635520935,-2.0,-0.29930591583251953,0.9541571736335754,-0.30396515130996704,-0.20692485570907593,-0.041566524654626846,-0.2114521712064743,-0.2613327170543099,-87.25574557688067,0.0,0.0
9.5,475,-0.08531808853149414,0.9963537454605103,-0.08542193472385406,0.35455214977264404,-0.8342276811599731,-2.0,-0.2896801233291626,0.9571235179901123,-0.29389262199401855,-0.20436204969882965,-0.03923024982213974,-0.2084706872701645,-0.2585432171692709,-87.51428879404995,0.0,0.0
9.52,476,-0.07860394567251205,0.9969059228897095,-0.07868511974811554,0.33684077858924866,-0.8855679035186768,-2.0,-0.27984675765037537,0.9600446820259094,-0.2836344838142395,-0.20124280452728271,-0.03686123713850975,-0.20494934916496277,-0.2552075035685147,-87.76949629761846,0.0,0.0
9.540000000000001,477,-0.07225899398326874,0.9973859190940857,-0.07232202589511871,0.3181547224521637,-0.9343029856681824,-2.0,-0.2698114216327667,0.9629132151603699,-0.2731971740722656,-0.1975524127483368,-0.034472715109586716,-0.2008751481771469,-0.25131245991424567,-88.0208087575327,0.0,0.0
9.56,478,-0.06630236655473709,0.9977995753288269,-0.0663510411977768,0.29854902625083923,-0.9802852272987366,-2.0,-0.2595800459384918,0.965721607208252,-0.262587308883667,-0.19327767193317413,-0.03207797929644585,-0.1962362676858902,-0.24684613059611607,-88.26765488812882,0.0,0.0
9.58,479,-0.06074070930480957,0.998153567314148,-0.06077812239527702,0.2786460518836975,-0.9951478838920593,-1.9623626470565796,-0.2491588294506073,0.9684626460075378,-0.25181159377098083,-0.18841812014579773,-0.029690943658351898,-0.1910334825515747,-0.2403178585344821,-88.5079727466633,0.0,0.0
9.6,480,-0.05557507276535034,0.9984545111656189,-0.055603720247745514,0.2587200403213501,-0.996300458908081,-1.9103347063064575,-0.2385542392730713,0.9711291790008545,-0.24087683856487274,-0.18297916650772095,-0.027325335890054703,-0.18527311086654663,-0.2327016598877748,-88.74067440655108,0.0,0.0
9.620000000000001,481,-0.05080358311533928,0.9987086653709412,-0.050825461745262146,0.2389129251241684,-0.9903568029403687,-1.8527312278747559,-0.22777298092842102,0.973714292049408,-0.22978992760181427,-0.17696939408779144,-0.024994399398565292,-0.17896446585655212,-0.22437750382348193,-88.96505191037456,0.0,0.0
9.64,482,-0.04642147943377495,0.9989219307899475,-0.04643816500902176,0.21936480700969696,-0.9774053692817688,-1.7896445989608765,-0.2168220430612564,0.9762111306190491,-0.21855787932872772,-0.17040055990219116,-0.02271079458296299,-0.17211972177028656,-0.2153800407037042,-89.18043195107826,0.0,0.0
9.66,483,-0.04242116957902908,0.9990997910499573,-0.042433902621269226,0.2002132534980774,-0.9575780034065247,-1.7211971282958984,-0.20570865273475647,0.9786132574081421,-0.20718778669834137,-0.16328749060630798,-0.020486537367105484,-0.16475388407707214,-0.2057491732974804,-89.38618112437574,0.0,0.0
9.68,484,-0.03879231959581375,0.9992473125457764,-0.03880205750465393,0.18159228563308716,-0.9310483932495117,-1.6475389003753662,-0.1944403052330017,0.9809143543243408,-0.19568683207035065,-0.15564797818660736,-0.018332941457629204,-0.15688477456569672,-0.19552957347342845,-89.58171069784916,0.0,0.0
9.700000000000001,485,-0.03552194684743881,0.9993689060211182,-0.035529423505067825,0.16363166272640228,-0.8980310559272766,-1.5688477754592896,-0.18302473425865173,0.9831082820892334,-0.18406227231025696,-0.14750277996063232,-0.01626058667898178,-0.14853285253047943,-0.18477024241206946,-89.76648094026123,0.0,0.0
9.72,486,-0.032594528049230576,0.9994686841964722,-0.03260030224919319,0.1464560627937317,-0.8587798476219177,-1.4853285551071167,-0.17146988213062286,0.9851893782615662,-0.17232146859169006,-0.13887536525726318,-0.014279295690357685,-0.13972115516662598,-0.17352397839478712,-89.94000491865602,0.0,0.0
9.74,487,-0.0299921166151762,0.9995501637458801,-0.029996614903211594,0.1301843374967575,-0.8135866522789001,-1.3972116708755493,-0.1597839742898941,0.9871519804000854,-0.1604718118906021,-0.12979185581207275,-0.01239812932908535,-0.13047519326210022,-0.16184685848842723,-90.10185177714445,0.0,0.0
9.76,488,-0.027694497257471085,0.9996164441108704,-0.027698040008544922,0.11492875218391418,-0.7627788782119751,-1.304751992225647,-0.1479753702878952,0.9889910221099854,-0.1485207974910736,-0.12028086930513382,-0.010625387541949749,-0.12082275003194809,-0.14979754940064044,-90.25164932654509,0.0,0.0
9.78,489,-0.02567932941019535,0.9996702075004578,-0.025682151317596436,0.10079438984394073,-0.7067182660102844,-1.2082276344299316,-0.1360526978969574,0.9907016158103943,-0.13647596538066864,-0.1103733703494072,-0.00896863080561161,-0.1107938140630722,-0.13743678455090222,-90.38908611109599,0.0,0.0
9.8,490,-0.023922299966216087,0.9997138381004333,-0.023924583569169044,0.08787843585014343,-0.6457977294921875,-1.1079381704330444,-0.12402476370334625,0.9922791123390198,-0.12434494495391846,-0.10010246187448502,-0.0074346973560750484,-0.10042036324739456,-0.12482665145918562,-90.51391276255518,0.0,0.0
9.82,491,-0.022397316992282867,0.9997491240501404,-0.022399190813302994,0.07626964151859283,-0.5804398059844971,-1.0042036771774292,-0.11190052330493927,0.9937193989753723,-0.1121353805065155,-0.0895032063126564,-0.0060297348536551,-0.08973619341850281,-0.11203000376506846,-90.62594276632025,0.0,0.0
9.84,492,-0.02107667364180088,0.9997778534889221,-0.021078234538435936,0.0660477727651596,-0.511093258857727,-0.8973618745803833,-0.09968913346529007,0.9950186610221863,-0.09985499083995819,-0.07861245423555374,-0.004759230650961399,-0.0787767544388771,-0.09910972954436066,-90.72505249586462,0.0,0.0
9.86,493,-0.0199312511831522,0.9998013377189636,-0.019932571798563004,0.057283155620098114,-0.43823084235191345,-0.7877675890922546,-0.08739987760782242,0.9961733222007751,-0.08751153200864792,-0.06746862083673477,-0.0036280436906963587,-0.06757895648479462,-0.08612819647195649,-90.81118069233658,0.0,0.0
9.88,494,-0.018930716440081596,0.9998207688331604,-0.01893184706568718,0.0500362329185009,-0.3623461425304413,-0.6757895946502686,-0.07504218071699142,0.9971803426742554,-0.07511279731988907,-0.056111469864845276,-0.002640437800437212,-0.05618094652891159,-0.07314660091549877,-90.88432729325207,0.0,0.0
9.9,495,-0.018043722957372665,0.9998372197151184,-0.01804470270872116,0.044357217848300934,-0.2839507460594177,-0.5618094801902771,-0.06262560933828354,0.9980370998382568,-0.06266661733388901,-0.04458188638091087,-0.0018001087009906769,-0.04462191462516785,-0.06022439391479708,-90.94455168716686,0.0,0.0
9.92,496,-0.017238132655620575,0.999851405620575,-0.017238985747098923,0.04028579965233803,-0.20357106626033783,-0.44621914625167847,-0.05015980079770088,0.9987412095069885,-0.05018085613846779,-0.03292166814208031,-0.001110207405872643,-0.032941870391368866,-0.047418745986270334,-90.99197043315313,0.0,0.0
9.94,497,-0.016481222584843636,0.9998641610145569,-0.016481969505548477,0.037850894033908844,-0.12174517661333084,-0.32941868901252747,-0.03765450045466423,0.9992908239364624,-0.037663403898477554,-0.021173276007175446,-0.000573357567191124,-0.021181434392929077,-0.0347840541749953,-91.02675448732812,0.0,0.0
9.96,498,-0.015739908441901207,0.9998761415481567,-0.01574055850505829,0.03707050159573555,-0.03901957720518112,-0.21181435883045197,-0.025119516998529434,0.9996844530105591,-0.025122158229351044,-0.009379607625305653,-0.00019166480342391878,-0.00938160065561533,-0.022371498425224883,-91.04912598575335,0.0,0.0
9.98,499,-0.014980966225266457,0.9998877644538879,-0.014981526881456375,0.03795158863067627,0.04405423626303673,-0.09381599724292755,-0.01256471686065197,0.9999210834503174,-0.012565047480165958,0.0024162493646144867,3.3281801734119654e-05,0.002416479168459773,-0.010228645727269642,-91.05935463148062,0.0,0.0
10.0,500,-0.014171252027153969,0.9998995661735535,-0.014171726070344448,0.0404900461435318,0.1269228756427765,0.024164794012904167,-2.4492937051703357e-16,1.0,-2.4492937051703357e-16,0.014171252027153969,0.00010041722998721525,0.014171726070344448,-0.0016125178995692738,-91.06096714938019,0.0,0.0
10.02,501,-0.01327792089432478,0.9999118447303772,-0.013278311118483543,0.04467073455452919,0.20903454720973969,0.14171725511550903,0.01256471686065197,0.9999210834503174,0.012565047480165958,0.025842638686299324,9.216306352755055e-06,0.025843359529972076,-0.013479149098476402,-91.07444629847866,0.0,0.0
10.040000000000001,502,-0.012268652208149433,0.9999247193336487,-0.012268959544599056,0.050467584282159805,0.2898423373699188,0.25843358039855957,0.025119516998529434,0.9996844530105591,0.025122158229351044,0.03738816827535629,-0.00024028209736570716,0.037391118705272675,-0.02550188628921891,-91.09994818476788,0.0,0.0
10.06,503,-0.011111856438219547,0.9999382495880127,-0.011112084612250328,0.057843733578920364,0.36880746483802795,0.37391117215156555,0.03765450045466423,0.9992908239364624,0.037663403898477554,0.0487663559615612,-0.0006474435213021934,0.04877548664808273,-0.037632338894646046,-91.13758052366254,0.0,0.0
10.08,504,-0.009776894003152847,0.9999521970748901,-0.009777049534022808,0.06675178557634354,0.44540250301361084,0.4877548813819885,0.05015980079770088,0.9987412095069885,0.05018085613846779,0.05993669480085373,-0.0012110000243410468,0.05995790660381317,-0.049819501535262475,-91.1874000251978,0.0,0.0
10.1,505,-0.008234274573624134,0.9999660849571228,-0.008234367705881596,0.07713407278060913,0.51911461353302,0.5995790362358093,0.06262560933828354,0.9980370998382568,0.06266661733388901,0.0708598867058754,-0.0019290077034384012,0.07090098410844803,-0.062010174401390464,-91.2494101995992,0.0,0.0
10.120000000000001,506,-0.006455861963331699,0.9999791383743286,-0.006455907132476568,0.08892304450273514,0.5894485116004944,0.7090098261833191,0.07504218071699142,0.9971803426742554,0.07511279731988907,0.08149804919958115,-0.002798800589516759,0.08156870305538177,-0.07414947396591559,-91.32355967356511,0.0,0.0
10.14,507,-0.004415059927850962,0.9999902248382568,-0.004415074363350868,0.10204163938760757,0.655929684638977,0.8156870603561401,0.08739987760782242,0.9961733222007751,0.08751153200864792,0.09181493520736694,-0.0038169443141669035,0.09192660450935364,-0.08618132499667638,-91.40974099856179,0.0,0.0
10.16,508,-0.002086997264996171,0.9999977946281433,-0.002086998661980033,0.11640377342700958,0.7181068062782288,0.9192660450935364,0.09968913346529007,0.9950186610221863,0.09985499083995819,0.1017761304974556,-0.004979190416634083,0.10194198787212372,-0.09804903160816644,-91.50779003016996,0.0,0.0
10.18,509,0.000551298726350069,0.9999998211860657,0.000551298726350069,0.1319148689508438,0.7755548357963562,1.0194199085235596,0.11190052330493927,0.9937193989753723,0.1121353805065155,0.11134922504425049,-0.006280434317886829,0.11158408224582672,-0.10969586131348928,-91.61748589148344,0.0,0.0
10.200000000000001,510,0.0035207399632781744,0.9999938011169434,0.0035207471810281277,0.14847242832183838,0.8278776407241821,1.1158407926559448,0.12402476370334625,0.9922791123390198,0.12434494495391846,0.12050402164459229,-0.0077146789990365505,0.12082419544458389,-0.12106564057355601,-91.738551532057,0.0,0.0
10.22,511,0.006840026471763849,0.999976634979248,0.006840079557150602,0.16596661508083344,0.8747099041938782,1.2082419395446777,0.1360526978969574,0.9907016158103943,0.13647596538066864,0.12921267747879028,-0.009275006130337715,0.12963588535785675,-0.13210335202537282,-91.87065488408237,0.0,0.0
10.24,512,0.010525505989789963,0.9999446272850037,0.010525699704885483,0.18428102135658264,0.9157199263572693,1.2963588237762451,0.1479753702878952,0.9889910221099854,0.1485207974910736,0.13744986057281494,-0.01095355860888958,0.13799509406089783,-0.14275572814812176,-92.01341061223049,0.0,0.0
10.26,513,0.014591047540307045,0.9998935461044312,0.014591565355658531,0.20329324901103973,0.9506112933158875,1.379951000213623,0.1597839742898941,0.9871519804000854,0.1604718118906021,0.1451929211616516,-0.01274153869599104,0.14588023722171783,-0.15297187938054463,-92.16638249161103,0.0,0.0
10.28,514,0.019047927111387253,0.9998185634613037,0.019049080088734627,0.22287574410438538,0.9791247248649597,1.4588024616241455,0.17146988213062286,0.9851893782615662,0.17232146859169006,0.1524219661951065,-0.014629210345447063,0.1532723754644394,-0.1627037784890274,-92.32908627010006,0.0,0.0
10.3,515,0.02390473335981369,0.9997142553329468,0.0239070113748312,0.24289654195308685,1.001039981842041,1.5327239036560059,0.18302473425865173,0.9831082820892334,0.18406227231025696,0.15911999344825745,-0.016605932265520096,0.1601552665233612,-0.17190688312696273,-92.50099315322703,0.0,0.0
10.32,516,0.02916727587580681,0.9995745420455933,0.02917141281068325,0.26322007179260254,1.0161768198013306,1.6015526056289673,0.1944403052330017,0.9809143543243408,0.19568683207035065,0.1652730256319046,-0.01866019144654274,0.16651542484760284,-0.18054056803670604,-92.68153372126373,0.0,0.0
10.34,517,0.03483851999044418,0.9993929266929626,0.03484557196497917,0.28370800614356995,1.0243966579437256,1.665154218673706,0.20570865273475647,0.9786132574081421,0.20718778669834137,0.1708701252937317,-0.020779674872756004,0.1723422110080719,-0.18856864486431155,-92.87010236612805,0.0,0.0
10.36,518,0.04091854766011238,0.999162495136261,0.040929973125457764,0.3042200803756714,1.025603175163269,1.7234221696853638,0.2168220430612564,0.9762111306190491,0.21855787932872772,0.17590349912643433,-0.022951338440179825,0.17762790620326996,-0.1959596518564672,-93.06606201798452,0.0,0.0
10.38,519,0.04740450158715248,0.9988757967948914,0.047422271221876144,0.324614942073822,1.0197428464889526,1.776279091835022,0.22777298092842102,0.973714292049408,0.22978992760181427,0.18036848306655884,-0.025161510333418846,0.18236765265464783,-0.2026872799172947,-93.26874929790182,0.0,0.0
10.4,520,0.054290588945150375,0.9985252022743225,0.05431729182600975,0.3447510302066803,1.0068057775497437,1.823676586151123,0.2385542392730713,0.9711291790008545,0.24087683856487274,0.18426364660263062,-0.027396002784371376,0.1865595430135727,-0.20873059619356432,-93.47747989409538,0.0,0.0
10.42,521,0.06156808137893677,0.9981029033660889,0.06160704419016838,0.36448755860328674,0.9868254065513611,1.8655954599380493,0.2491588294506073,0.9684626460075378,0.25181159377098083,0.18759074807167053,-0.029640251770615578,0.19020456075668335,-0.21407425841410765,-93.69155415250948,0.0,0.0
10.44,522,0.06922534108161926,0.9976010322570801,0.06928074359893799,0.3836851119995117,0.95987868309021,1.902045488357544,0.2595800459384918,0.965721607208252,0.262587308883667,0.19035470485687256,-0.031879451125860214,0.193306565284729,-0.21870861782146475,-93.91026277033095,0.0,0.0
10.46,523,0.07724785059690475,0.9970118999481201,0.07732488214969635,0.4022068381309509,0.9260855913162231,1.93306565284729,0.2698114216327667,0.9629132151603699,0.2731971740722656,0.19256356358528137,-0.03409873694181442,0.19587229192256927,-0.22262985249816408,-94.1328926228291,0.0,0.0
10.48,524,0.08561830967664719,0.9963279962539673,0.08572326600551605,0.4199190139770508,0.8856083750724792,1.9587229490280151,0.27984675765037537,0.9600446820259094,0.2836344838142395,0.19422844052314758,-0.03628332540392876,0.19791121780872345,-0.2258398648527309,-94.35873248768183,0.0,0.0
10.5,525,0.09431670606136322,0.9955422282218933,0.09445710480213165,0.4366919994354248,0.8386504650115967,1.979112148284912,0.2896801233291626,0.9571235179901123,0.29389262199401855,0.19536343216896057,-0.0384187288582325,0.1994355171918869,-0.22834623120349187,-94.58707871888532,0.0,0.0
10.52,526,0.10332041233778,0.9946480989456177,0.10350512713193893,0.45240113139152527,0.7854552865028381,1.9943552017211914,0.29930591583251953,0.9541571736335754,0.30396515130996704,0.19598551094532013,-0.040490925312042236,0.2004600167274475,-0.2301620218099285,-94.81724074069525,0.0,0.0
10.540000000000001,527,0.11260296404361725,0.9936400651931763,0.11284229159355164,0.4668582081794739,0.7228550314903259,2.0,0.308718740940094,0.9511533975601196,0.313845694065094,0.19611577689647675,-0.04248668998479843,0.20100338757038116,-0.23112286079763386,-95.0483636014929,0.0,0.0
10.56,528,0.12213535606861115,0.9925134778022766,0.12244106084108353,0.4799385368824005,0.6540164947509766,2.0,0.3179134726524353,0.9481196999549866,0.323527991771698,0.19577813148498535,-0.04439372569322586,0.20108692348003387,-0.23140463256434932,-95.27976823405724,0.0,0.0
10.58,529,0.13188780844211578,0.9912646412849426,0.13227318227291107,0.49160638451576233,0.5833914279937744,2.0,0.32688531279563904,0.9450640082359314,0.3330059349536896,0.19499748945236206,-0.04620062932372093,0.2007327377796173,-0.23125480271099375,-95.51102303676824,0.0,0.0
10.6,530,0.1418299376964569,0.9898910522460938,0.14230979979038239,0.5018303990364075,0.5112001895904541,2.0,0.3356296420097351,0.9419940114021301,0.3422735631465912,0.193799689412117,-0.047897011041641235,0.1999637633562088,-0.23069613826351257,-95.74171917503175,0.0,0.0
10.620000000000001,531,0.15193070471286774,0.9883911609649658,0.15252135694026947,0.5105782747268677,0.437395840883255,1.9996377229690552,0.3441421687602997,0.9389175772666931,0.35132497549057007,0.19221144914627075,-0.0494735948741436,0.1988036185503006,-0.22973770838626006,-95.97145688341801,0.0,0.0
10.64,532,0.1621553748846054,0.9867652654647827,0.16287454962730408,0.5176593065261841,0.35405024886131287,1.9880361557006836,0.35241883993148804,0.9358423948287964,0.36015450954437256,0.19026346504688263,-0.050922855734825134,0.19727995991706848,-0.22797330324703494,-96.19943018666505,0.0,0.0
10.66,533,0.1724679172039032,0.9850151538848877,0.17333458364009857,0.5230019092559814,0.2671293020248413,1.9727996587753296,0.36045587062835693,0.9327762722969055,0.36875656247138977,0.18798793852329254,-0.052238862961530685,0.1954219788312912,-0.22573930598648512,-96.42516949265153,0.0,0.0
10.68,534,0.18283124268054962,0.9831442832946777,0.1838654726743698,0.5265442728996277,0.17711952328681946,1.9542198181152344,0.36824968457221985,0.9297269582748413,0.37712568044662476,0.18541842699050903,-0.053417373448610306,0.19326022267341614,-0.22308083907064424,-96.64825033172218,0.0,0.0
10.700000000000001,535,0.19320747256278992,0.9811578989028931,0.1944301724433899,0.5282347798347473,0.08452525734901428,1.932602047920227,0.37579697370529175,0.9267020225524902,0.3852566182613373,0.18258948624134064,-0.05445589870214462,0.19082646071910858,-0.22004502079285293,-96.86829535251503,0.0,0.0
10.72,536,0.20355816185474396,0.9790628552436829,0.20499080419540405,0.528032124042511,-0.010134393349289894,1.9082645177841187,0.3830946385860443,0.9237090945243835,0.3931442201137543,0.17953647673130035,-0.055353760719299316,0.18815340101718903,-0.21668054273913237,-97.08497589525416,0.0,0.0
10.74,537,0.21384459733963013,0.97686767578125,0.21550892293453217,0.5259054899215698,-0.10632980614900589,1.8815340995788574,0.3901398777961731,0.9207556247711182,0.4007834792137146,0.17629526555538177,-0.05611208453774452,0.18527457118034363,-0.2130370062173851,-97.29801290147155,0.0,0.0
10.76,538,0.22402805089950562,0.9745826721191406,0.2259456217288971,0.5218350291252136,-0.2035239338874817,1.8527456521987915,0.3969299793243408,0.9178488850593567,0.40816962718963623,0.1729019433259964,-0.05673380568623543,0.18222400546073914,-0.20916452142083777,-97.50717742289238,0.0,0.0
10.78,539,0.23406997323036194,0.9722197651863098,0.23626184463500977,0.5158115029335022,-0.3011751174926758,1.8222401142120361,0.40346255898475647,0.9149961471557617,0.4152979552745819,0.16939260065555573,-0.0572236031293869,0.17903609573841095,-0.20511336534142738,-97.71229078823382,0.0,0.0
10.8,540,0.24393230676651,0.9697922468185425,0.24641858041286469,0.5078366994857788,-0.3987419307231903,1.7903610467910767,0.40973538160324097,0.9122044444084167,0.4221639633178711,0.16580308973789215,-0.05758783593773842,0.1757453829050064,-0.20093329785813607,-97.91322408609196,0.0,0.0
10.82,541,0.25357767939567566,0.9673150181770325,0.25637704133987427,0.49792298674583435,-0.4956854283809662,1.7574537992477417,0.41574639081954956,0.9094805717468262,0.42876332998275757,0.1621687114238739,-0.0578344389796257,0.1723862886428833,-0.19667335795123822,-98.1098974440432,0.0,0.0
10.84,542,0.2629696726799011,0.9648041129112244,0.26609891653060913,0.48609352111816406,-0.5914727449417114,1.723862886428833,0.4214937090873718,0.9068313241004944,0.43509188294410706,0.1585240513086319,-0.057972781360149384,0.16899296641349792,-0.1923814477141588,-98.30227889175735,0.0,0.0
10.86,543,0.2720729112625122,0.9622766375541687,0.2755465507507324,0.47238191962242126,-0.6855805516242981,1.689929723739624,0.42697566747665405,0.9042630791664124,0.4411455988883972,0.15490277111530304,-0.05801353231072426,0.165599063038826,-0.18810395439438996,-98.49038284615175,0.0,0.0
10.88,544,0.28085342049598694,0.9597506523132324,0.2846831977367401,0.4568319618701935,-0.7774979472160339,1.655990481376648,0.43219074606895447,0.901782214641571,0.4469207227230072,0.15133732557296753,-0.057968463748693466,0.1622375249862671,-0.1838854521216103,-98.67426829827336,0.0,0.0
10.9,545,0.2892785966396332,0.9572449326515198,0.29347312450408936,0.4394973814487457,-0.866728663444519,1.6223753690719604,0.43713751435279846,0.899394690990448,0.45241352915763855,0.14785891771316528,-0.05785026773810387,0.158940389752388,-0.17976860085010662,-98.85403689912347,0.0,0.0
10.92,546,0.29731759428977966,0.9547786116600037,0.30188196897506714,0.4204414486885071,-0.9527955651283264,1.5894038677215576,0.4418147802352905,0.8971062898635864,0.4576205909252167,0.14449717104434967,-0.05767234042286873,0.15573862195014954,-0.1757936091106039,-99.02983050823407,0.0,0.0
10.94,547,0.30494120717048645,0.9523711800575256,0.3098767101764679,0.3997366428375244,-1.0352411270141602,1.5573862791061401,0.44622138142585754,0.8949226140975952,0.46253859996795654,0.1412801891565323,-0.05744857341051102,0.15266190469264984,-0.17199840901523025,-99.2018289172493,0.0,0.0
10.96,548,0.3121221661567688,0.9500419497489929,0.3174259662628174,0.37746402621269226,-1.1136308908462524,1.5266189575195312,0.4503563940525055,0.8928488492965698,0.46716445684432983,0.1382342278957367,-0.0571930967271328,0.14973849058151245,-0.1684182743481033,-99.3702471915974,0.0,0.0
10.98,549,0.31883513927459717,0.947810173034668,0.3245002329349518,0.35371291637420654,-1.187555193901062,1.497384786605835,0.45421892404556274,0.8908901214599609,0.47149527072906494,0.13538376986980438,-0.05692008137702942,0.14699502289295197,-0.16508582842384018,-99.53533302002124,0.0,0.0
11.0,550,0.32505685091018677,0.9456944465637207,0.3310718536376953,0.3285802900791168,-1.2566311359405518,1.4699503183364868,0.45780816674232483,0.8890510201454163,0.4755282700061798,0.13275130093097687,-0.056643471121788025,0.1444564163684845,-0.1620309644308073,-99.69736398445205,0.0,0.0
11.02,551,0.33076608180999756,0.9437127709388733,0.33711525797843933,0.3021702170372009,-1.3205044269561768,1.4445642232894897,0.4611234664916992,0.8873359560966492,0.4792608916759491,0.13035736978054047,-0.05637678503990173,0.14214564859867096,-0.1592806788790892,-99.85664466333114,0.0,0.0
11.040000000000001,552,0.3359438180923462,0.9418820142745972,0.3426071107387543,0.27459320425987244,-1.3788505792617798,1.4214564561843872,0.46416425704956055,0.8857491612434387,0.48269081115722656,0.12822042405605316,-0.05613287538290024,0.1400837004184723,-0.15685916153138843,-100.01350382486252,0.0,0.0
11.06,553,0.34057316184043884,0.9402180314064026,0.3475264310836792,0.24596567451953888,-1.4313762187957764,1.4008369445800781,0.46692997217178345,0.8842942714691162,0.4858158528804779,0.1263568252325058,-0.05592373013496399,0.1382894366979599,-0.15478782629926666,-100.1682916511618,0.0,0.0
11.08,554,0.344639390707016,0.9387351274490356,0.3518546223640442,0.21640928089618683,-1.4778200387954712,1.3828942775726318,0.4694202244281769,0.8829748630523682,0.48863404989242554,0.12478084862232208,-0.055760275572538376,0.13677944242954254,-0.15308520550498386,-100.32137685666677,0.0,0.0
11.1,555,0.3481300473213196,0.9374462366104126,0.3555756211280823,0.1860501915216446,-1.517953872680664,1.367794394493103,0.4716346263885498,0.8817940354347229,0.4911436140537262,0.12350460886955261,-0.0556521937251091,0.13556800782680511,-0.1517670477711612,-100.47314390443793,0.0,0.0
11.120000000000001,556,0.3510347902774811,0.9363624453544617,0.3586759865283966,0.15501852333545685,-1.5515836477279663,1.355679988861084,0.47357288002967834,0.8807546496391296,0.49334296584129333,0.12253808230161667,-0.05560777708888054,0.13466697931289673,-0.15084630893047185,-100.6239902133684,0.0,0.0
11.14,557,0.3533455431461334,0.9354928731918335,0.36114493012428284,0.12344753742218018,-1.5785492658615112,1.3466697931289673,0.47523465752601624,0.8798590898513794,0.49523070454597473,0.12188911437988281,-0.0556337870657444,0.1340857744216919,-0.1503332231782459,-100.77432343654665,0.0,0.0
11.16,558,0.35505640506744385,0.9348449110984802,0.3629744052886963,0.09147302061319351,-1.5987259149551392,1.3408576250076294,0.47661980986595154,0.8791095614433289,0.49680566787719727,0.1215633973479271,-0.05573534965515137,0.13383126258850098,-0.1502352991254712,-100.92455873567212,0.0,0.0
11.18,559,0.3561636209487915,0.9344236254692078,0.3641590476036072,0.05923255905508995,-1.6120232343673706,1.3383127450942993,0.47772809863090515,0.8785077333450317,0.49806681275367737,0.12156448513269424,-0.05591586232185364,0.133907750248909,-0.1505574272067596,-101.07511616287889,0.0,0.0
11.200000000000001,560,0.35666564106941223,0.9342321157455444,0.36469635367393494,0.02686482109129429,-1.6183867454528809,1.3390775918960571,0.4785594642162323,0.8780551552772522,0.49901336431503296,0.12189382314682007,-0.05617695301771164,0.13431702554225922,-0.15130175601788273,-101.22641791889677,0.0,0.0
11.22,561,0.3565630316734314,0.9342712759971619,0.3645865321159363,-0.005491121672093868,-1.6177971363067627,1.343170166015625,0.47911372780799866,0.8777528405189514,0.4996447265148163,0.12255071103572845,-0.056518442928791046,0.1350582093000412,-0.15246790238463367,-101.3788858212814,0.0,0.0
11.24,562,0.35585853457450867,0.9345398545265198,0.36383259296417236,-0.03769652172923088,-1.6102700233459473,1.3505820035934448,0.4793908894062042,0.8776015043258667,0.4999605119228363,0.12353234738111496,-0.05693834275007248,0.13612793385982513,-0.15405285180324024,-101.53293867308464,0.0,0.0
11.26,563,0.354557067155838,0.9350343942642212,0.3624403178691864,-0.06961365044116974,-1.5958563089370728,1.3612792491912842,0.4793908894062042,0.8776015043258667,0.4999605119228363,0.12483382225036621,-0.057432886213064194,0.1375202089548111,-0.15605100225270807,-101.68898967533735,0.0,0.0
11.28,564,0.35266557335853577,0.9357494115829468,0.3604182004928589,-0.10110647976398468,-1.5746417045593262,1.375201940536499,0.47911372780799866,0.8777528405189514,0.4996447265148163,0.1264481544494629,-0.05799659341573715,0.1392265409231186,-0.15845412473866616,-101.84744380007602,0.0,0.0
11.3,565,0.35019320249557495,0.9366775155067444,0.35777735710144043,-0.13204140961170197,-1.5467464923858643,1.3922653198242188,0.4785594642162323,0.8780551552772522,0.49901336431503296,0.12836624681949615,-0.0586223378777504,0.14123600721359253,-0.16125139274572797,-102.00869519282175,0.0,0.0
11.32,566,0.34715113043785095,0.93780916929245,0.3545316159725189,-0.1622879058122635,-1.5123249292373657,1.4123600721359253,0.47772809863090515,0.8785077333450317,0.49806681275367737,0.1305769681930542,-0.05930145084857941,0.14353519678115845,-0.164429368702606,-102.17312456152435,0.0,0.0
11.34,567,0.34355267882347107,0.9391334056854248,0.35069721937179565,-0.1917192041873932,-1.4715646505355835,1.435352087020874,0.47661980986595154,0.8791095614433289,0.49680566787719727,0.13306711614131927,-0.06002387776970863,0.14610843360424042,-0.16797194906629076,-102.34109651059063,0.0,0.0
11.36,568,0.3394131660461426,0.9406374096870422,0.34629297256469727,-0.220212921500206,-1.4246859550476074,1.4610844850540161,0.47523465752601624,0.8798590898513794,0.49523070454597473,0.13582149147987366,-0.06077830120921135,0.14893774688243866,-0.17186038504631196,-102.51295689563695,0.0,0.0
11.38,569,0.3347500264644623,0.9423069953918457,0.34133991599082947,-0.24765175580978394,-1.371941328048706,1.4893773794174194,0.47357288002967834,0.8807546496391296,0.49334296584129333,0.13882285356521606,-0.06155233085155487,0.15200304985046387,-0.17607322944325543,-102.68903012508021,0.0,0.0
11.4,570,0.3295826017856598,0.9441267251968384,0.3358614444732666,-0.2739240229129791,-1.3136135339736938,1.5200303792953491,0.4716346263885498,0.8817940354347229,0.4911436140537262,0.1420520395040512,-0.06233267858624458,0.1552821844816208,-0.18058644377616925,-102.86961656885637,0.0,0.0
11.42,571,0.3239322900772095,0.9460802674293518,0.329882949590683,-0.2989243268966675,-1.2500156164169312,1.5528216361999512,0.4694202244281769,0.8829748630523682,0.48863404989242554,0.1454879343509674,-0.06310538202524185,0.15875110030174255,-0.18537320632140114,-103.05498977517777,0.0,0.0
11.44,572,0.3178223669528961,0.9481502771377563,0.3234318792819977,-0.3225541114807129,-1.181489109992981,1.5875109434127808,0.46692997217178345,0.8842942714691162,0.4858158528804779,0.14910762012004852,-0.06385598331689835,0.16238398849964142,-0.19040408143323917,-103.24539385661102,0.0,0.0
11.46,573,0.3112778961658478,0.9503189325332642,0.31653743982315063,-0.3447221517562866,-1.1084023714065552,1.6238397359848022,0.46416425704956055,0.8857491612434387,0.48269081115722656,0.15288634598255157,-0.06456978619098663,0.16615338623523712,-0.19564697448115373,-103.44104083109217,0.0,0.0
11.48,574,0.30432575941085815,0.952567994594574,0.3092305362224579,-0.36534515023231506,-1.0311496257781982,1.6615337133407593,0.4611234664916992,0.8873359560966492,0.4792608916759491,0.15679770708084106,-0.0652320384979248,0.1700303703546524,-0.20106722503586463,-103.64210805612804,0.0,0.0
11.5,575,0.29699447751045227,0.9548792243003845,0.30154356360435486,-0.3843481242656708,-0.9501485824584961,1.700303554534912,0.45780816674232483,0.8890510201454163,0.4755282700061798,0.16081367433071136,-0.06582818925380707,0.17398469150066376,-0.2066276469214403,-103.84873570304948,0.0,0.0
11.52,576,0.2893141508102417,0.9572342038154602,0.2935102581977844,-0.4016649127006531,-0.8658385872840881,1.7398470640182495,0.45421892404556274,0.8908901214599609,0.47149527072906494,0.16490475833415985,-0.06634409725666046,0.17798499763011932,-0.21228867602505144,-104.06102437907454,0.0,0.0
11.540000000000001,577,0.28131628036499023,0.9596151113510132,0.2851654887199402,-0.4172384738922119,-0.7786789536476135,1.7798500061035156,0.4503563940525055,0.8928488492965698,0.46716445684432983,0.16904012858867645,-0.06676623225212097,0.18199896812438965,-0.21800843021255614,-104.27903280928709,0.0,0.0
11.56,578,0.27303361892700195,0.9620044827461243,0.27654507756233215,-0.43102139234542847,-0.6891458630561829,1.819989562034607,0.44622138142585754,0.8949226140975952,0.46253859996795654,0.1731877624988556,-0.06708188354969025,0.18599353730678558,-0.22374300383626738,-104.50277581312335,0.0,0.0
11.58,579,0.26450014114379883,0.9643856287002563,0.26768556237220764,-0.4429759979248047,-0.5977301597595215,1.8599352836608887,0.4418147802352905,0.8971062898635864,0.4576205909252167,0.1773146390914917,-0.06727935373783112,0.18993502855300903,-0.2294466390040531,-104.7322224521274,0.0,0.0
11.6,580,0.2557506263256073,0.9667428135871887,0.25862404704093933,-0.45307469367980957,-0.5049353241920471,1.8993504047393799,0.43713751435279846,0.899394690990448,0.45241352915763855,0.18138690292835236,-0.06734810769557953,0.19378946721553802,-0.2350718505641251,-104.96729430269153,0.0,0.0
11.620000000000001,581,0.24682068824768066,0.9690611958503723,0.24939805269241333,-0.46130019426345825,-0.4112738072872162,1.9378947019577026,0.43219074606895447,0.901782214641571,0.4469207227230072,0.1853700578212738,-0.06727895140647888,0.19752265512943268,-0.24056983252444888,-105.20786413521597,0.0,0.0
11.64,582,0.2377464771270752,0.9713272452354431,0.24004514515399933,-0.46764546632766724,-0.3172644078731537,1.975226640701294,0.42697566747665405,0.9042630791664124,0.4411455988883972,0.18922920525074005,-0.06706413626670837,0.20110046863555908,-0.24589078080371493,-105.45375491601969,0.0,0.0
11.66,583,0.22856125235557556,0.9735295176506042,0.2305995672941208,-0.4722791314125061,-0.23168301582336426,2.0,0.4214937090873718,0.9068313241004944,0.43509188294410706,0.19293245673179626,-0.06669821590185165,0.20449231564998627,-0.25054603541589493,-105.70430095143558,0.0,0.0
11.68,584,0.21929167211055756,0.9756593704223633,0.22108840942382812,-0.47555771470069885,-0.16392898559570312,2.0,0.41574639081954956,0.9094805717468262,0.42876332998275757,0.196454718708992,-0.06617876142263412,0.20767492055892944,-0.2540034736236118,-105.9583044250592,0.0,0.0
11.700000000000001,585,0.20996485650539398,0.9777089357376099,0.21153901517391205,-0.477469801902771,-0.0956050455570221,2.0,0.40973538160324097,0.9122044444084167,0.4221639633178711,0.19977052509784698,-0.06550450623035431,0.21062494814395905,-0.2572243168319634,-106.21552874189116,0.0,0.0
11.72,586,0.20060834288597107,0.9796715378761292,0.20197884738445282,-0.4780080318450928,-0.026911301538348198,2.0,0.40346255898475647,0.9149961471557617,0.4152979552745819,0.2028542160987854,-0.06467537581920624,0.2133190929889679,-0.2601851108573759,-106.47571385274854,0.0,0.0
11.74,587,0.19124998152256012,0.9815413355827332,0.19243547320365906,-0.4771690368652344,0.04194938391447067,2.0,0.3969299793243408,0.9178488850593567,0.40816962718963623,0.2056800127029419,-0.06369247287511826,0.21573415398597717,-0.2628624837511729,-106.73857633649972,0.0,0.0
11.76,588,0.18191775679588318,0.9833137392997742,0.1829364001750946,-0.4749535918235779,0.11077214032411575,2.0,0.3901398777961731,0.9207556247711182,0.4007834792137146,0.20822210609912872,-0.0625581443309784,0.2178470939397812,-0.26523322774654484,-107.00380956424627,0.0,0.0
11.78,589,0.17263978719711304,0.9849850535392761,0.17350906133651733,-0.4713665843009949,0.1793508678674698,2.0,0.3830946385860443,0.9237090945243835,0.3931442201137543,0.21045486629009247,-0.06127593293786049,0.21963514387607574,-0.2672744115013474,-107.27108397574762,0.0,0.0
11.8,590,0.1634441316127777,0.9865525960922241,0.164180725812912,-0.46641701459884644,0.24747903645038605,2.0,0.37579697370529175,0.9267020225524902,0.3852566182613373,0.21235282719135284,-0.05985056608915329,0.2210758924484253,-0.26896349251772983,-107.54004746826534,0.0,0.0
11.82,591,0.15435872972011566,0.9880148768424988,0.15497836470603943,-0.46011799573898315,0.31495043635368347,2.0,0.36824968457221985,0.9297269582748413,0.37712568044662476,0.213890939950943,-0.058287933468818665,0.22214731574058533,-0.2702782506029827,-107.81032571886833,0.0,0.0
11.84,592,0.14541125297546387,0.9893712997436523,0.14592863619327545,-0.4524867832660675,0.3815600872039795,2.0,0.36045587062835693,0.9327762722969055,0.36875656247138977,0.21504460275173187,-0.056595027446746826,0.22282792627811432,-0.27119704868734656,-108.08152276755567,0.0,0.0
11.86,593,0.13662904500961304,0.9906222820281982,0.13705773651599884,-0.4435446858406067,0.44710496068000793,2.0,0.35241883993148804,0.9358423948287964,0.36015450954437256,0.215789794921875,-0.05477989837527275,0.22309677302837372,-0.27169882462945194,-108.35322159218512,0.0,0.0
11.88,594,0.1280389428138733,0.9917691349983215,0.12839139997959137,-0.43331700563430786,0.5113847851753235,2.0,0.3441421687602997,0.9389175772666931,0.35132497549057007,0.2161032110452652,-0.052851587533950806,0.2229335904121399,-0.2717631117134346,-108.62498470389856,0.0,0.0
11.9,595,0.11966726928949356,0.9928140640258789,0.11995474249124527,-0.42183294892311096,0.574202835559845,2.0,0.3356296420097351,0.9419940114021301,0.3422735631465912,0.21596236526966095,-0.05082002282142639,0.22231881320476532,-0.2713702365365679,-108.89635494043513,0.0,0.0
11.92,596,0.11153963953256607,0.9937599897384644,0.11177222430706024,-0.40912559628486633,0.6353667974472046,2.0,0.32688531279563904,0.9450640082359314,0.3330059349536896,0.21534565091133118,-0.048695966601371765,0.22123371064662933,-0.27050133635571233,-109.16685627679084,0.0,0.0
11.94,597,0.10368093103170395,0.994610607624054,0.10386759042739868,-0.39523181319236755,0.6946892738342285,2.0,0.3179134726524353,0.9481196999549866,0.323527991771698,0.21423254907131195,-0.046490881592035294,0.21966038644313812,-0.2691383446115896,-109.43599462140243,0.0,0.0
11.96,598,0.09611514210700989,0.9953702092170715,0.09626375138759613,-0.3801920413970947,0.7519887685775757,2.0,0.308718740940094,0.9511533975601196,0.313845694065094,0.2126035988330841,-0.04421684890985489,0.21758192777633667,-0.26726424237475466,-109.70325886377718,0.0,0.0
11.98,599,0.08886536210775375,0.9960436224937439,0.08898274600505829,-0.3640502393245697,0.8070900440216064,2.0,0.29930591583251953,0.9541571736335754,0.30396515130996704,0.21044056117534637,-0.04188644513487816,0.21498240530490875,-0.264862949600121,-109.9681218133773,0.0,0.0
12.0,600,0.08195365220308304,0.996636152267456,0.08204566687345505,-0.34685373306274414,0.8598249554634094,2.0,0.2896801233291626,0.9571235179901123,0.29389262199401855,0.20772647857666016,-0.03951262682676315,0.2118469625711441,-0.2619194817908092,-110.2300412951681,0.0,0.0
12.02,601,0.07540097832679749,0.9971532821655273,0.07547260820865631,-0.32865309715270996,0.9100330471992493,2.0,0.27984675765037537,0.9600446820259094,0.2836344838142395,0.2044457644224167,-0.03710860759019852,0.208161860704422,-0.2584200142128975,-110.48846130938101,0.0,0.0
12.040000000000001,602,0.06922715902328491,0.9976009130477905,0.06928256899118423,-0.30950185656547546,0.9575617909431458,2.0,0.2698114216327667,0.9629132151603699,0.2731971740722656,0.20058424770832062,-0.03468773886561394,0.2039145976305008,-0.25435191305334653,-110.74281322243435,0.0,0.0
12.06,603,0.06345079094171524,0.9979849457740784,0.06349343806505203,-0.28945648670196533,1.0022674798965454,2.0,0.2595800459384918,0.965721607208252,0.262587308883667,0.19612926244735718,-0.0322633720934391,0.19909387826919556,-0.24970373332730997,-110.99251695576166,0.0,0.0
12.08,604,0.05808648467063904,0.9983115792274475,0.05811920017004013,-0.2687121033668518,1.0372194051742554,1.990938663482666,0.2491588294506073,0.9684626460075378,0.25181159377098083,0.19107234477996826,-0.029848920181393623,0.1936924010515213,-0.24410647870200522,-111.23662343446367,0.0,0.0
12.1,605,0.05313408374786377,0.9985873699188232,0.053159113973379135,-0.24800413846969604,1.0353983640670776,1.9369239807128906,0.2385542392730713,0.9711291790008545,0.24087683856487274,0.18542015552520752,-0.02745821140706539,0.1877177208662033,-0.23616922212920233,-111.47279265659287,0.0,0.0
12.120000000000001,606,0.048590391874313354,0.9988188147544861,0.04860953241586685,-0.22747915983200073,1.0262490510940552,1.8771772384643555,0.22777298092842102,0.973714292049408,0.22978992760181427,0.17918258905410767,-0.025104524567723274,0.18118040263652802,-0.22750524971053793,-111.7002979063034,0.0,0.0
12.14,607,0.044449251145124435,0.9990116357803345,0.044463902711868286,-0.20728157460689545,1.0098795890808105,1.811803936958313,0.2168220430612564,0.9762111306190491,0.21855787932872772,0.17237278819084167,-0.022800495848059654,0.17409397661685944,-0.21815236227165707,-111.91845026857506,0.0,0.0
12.16,608,0.04070160165429115,0.9991713762283325,0.04071284830570221,-0.18755272030830383,0.986442506313324,1.740939736366272,0.20570865273475647,0.9786132574081421,0.20718778669834137,0.16500705480575562,-0.02055806666612625,0.16647493839263916,-0.20815374608547327,-112.12660401466053,0.0,0.0
12.18,609,0.03733556717634201,0.9993028044700623,0.03734424710273743,-0.16843006014823914,0.956133246421814,1.6647493839263916,0.1944403052330017,0.9809143543243408,0.19568683207035065,0.1571047455072403,-0.018388431519269943,0.15834258496761322,-0.19755744694160876,-112.32416146160213,0.0,0.0
12.200000000000001,610,0.03433657065033913,0.9994103312492371,0.03434332087635994,-0.15004627406597137,0.9191890954971313,1.5834258794784546,0.18302473425865173,0.9831082820892334,0.18406227231025696,0.1486881673336029,-0.016302017495036125,0.14971895515918732,-0.1864158868105028,-112.51057734841264,0.0,0.0
12.22,611,0.03168744593858719,0.9994978308677673,0.0316927507519722,-0.13252852857112885,0.8758875727653503,1.4971895217895508,0.17146988213062286,0.9851893782615662,0.17232146859169006,0.13978244364261627,-0.014308465644717216,0.14062871038913727,-0.17478528742583269,-112.68536263583847,0.0,0.0
12.24,612,0.029368573799729347,0.9995686411857605,0.029372796416282654,-0.11599762737751007,0.8265448212623596,1.4062871932983398,0.1597839742898941,0.9871519804000854,0.1604718118906021,0.1304153949022293,-0.012416644021868706,0.13109900057315826,-0.16272510813350616,-112.84808774397197,0.0,0.0
12.26,613,0.0273580364882946,0.9996256828308105,0.027361450716853142,-0.10056736320257187,0.7715132236480713,1.3109900951385498,0.1479753702878952,0.9889910221099854,0.1485207974910736,0.1206173375248909,-0.010634652338922024,0.12115933746099472,-0.15029731370084778,-112.99838505767282,0.0,0.0
12.280000000000001,614,0.025631766766309738,0.999671459197998,0.02563457377254963,-0.08634376525878906,0.7111796140670776,1.211593508720398,0.1360526978969574,0.9907016158103943,0.13647596538066864,0.11042093485593796,-0.008969850838184357,0.11084139347076416,-0.13756581047326127,-113.13595086814608,0.0,0.0
12.3,615,0.024163732305169106,0.9997079968452454,0.024166084825992584,-0.07342451810836792,0.6459625959396362,1.1084139347076416,0.12402476370334625,0.9922791123390198,0.12434494495391846,0.0998610258102417,-0.007428891025483608,0.10017886012792587,-0.12459569507857296,-113.26054656322465,0.0,0.0
12.32,616,0.02292610891163349,0.9997371435165405,0.02292811870574951,-0.061898309737443924,0.5763102173805237,1.00178861618042,0.11190052330493927,0.9937193989753723,0.1121353805065155,0.08897441625595093,-0.006017748732119799,0.08920726180076599,-0.11145263108192248,-113.37199919430657,0.0,0.0
12.34,617,0.02188948169350624,0.9997603893280029,0.02189123071730137,-0.05184437334537506,0.5026968121528625,0.8920726180076599,0.09968913346529007,0.9950186610221863,0.09985499083995819,0.07779964804649353,-0.004741765093058348,0.07796376198530197,-0.09820208567639592,-113.47020127998296,0.0,0.0
12.36,618,0.021023042500019073,0.9997789859771729,0.021024590358138084,-0.04333196580410004,0.42562049627304077,0.7796375751495361,0.08739987760782242,0.9961733222007751,0.08751153200864792,0.06637683510780334,-0.0036056821700185537,0.06648693978786469,-0.08490874754696698,-113.55511002752992,0.0,0.0
12.38,619,0.0202947985380888,0.999794065952301,0.020296191796660423,-0.03641996532678604,0.3455999791622162,0.6648694276809692,0.07504218071699142,0.9971803426742554,0.07511279731988907,0.054747384041547775,-0.0026136792730540037,0.054816603660583496,-0.07163585339387935,-113.6267458809238,0.0,0.0
12.4,620,0.019671792164444923,0.9998064637184143,0.01967306062579155,-0.031156539916992188,0.26317131519317627,0.548166036605835,0.06262560933828354,0.9980370998382568,0.06266661733388901,0.042953815311193466,-0.0017694014823064208,0.04299355670809746,-0.05844459642101625,-113.68519047734482,0.0,0.0
12.42,621,0.019120318815112114,0.9998171925544739,0.019121484830975533,-0.027578841894865036,0.1788848340511322,0.4299355745315552,0.05015980079770088,0.9987412095069885,0.05018085613846779,0.03103948011994362,-0.0010759850265458226,0.031059373170137405,-0.04539357893233162,-113.73058405627715,0.0,0.0
12.44,622,0.0186061542481184,0.9998269081115723,0.018607228994369507,-0.02571280673146248,0.09330175071954727,0.31059372425079346,0.03765450045466423,0.9992908239364624,0.037663403898477554,0.01904834434390068,-0.0005360726499930024,0.019056174904108047,-0.032538312593500186,-113.76312236887065,0.0,0.0
12.46,623,0.018094779923558235,0.999836266040802,0.018095768988132477,-0.025572992861270905,0.006990767549723387,0.19056175649166107,0.025119516998529434,0.9996844530105591,0.025122158229351044,0.007024736143648624,-0.00015182088827714324,0.007026390638202429,-0.019930773452606066,-113.78305314232325,0.0,0.0
12.48,624,0.017551617696881294,0.9998459815979004,0.017552517354488373,-0.027162501588463783,-0.07947544008493423,0.07026389986276627,0.01256471686065197,0.9999210834503174,0.012565047480165958,-0.00498689990490675,7.51023180782795e-05,-0.004987470339983702,-0.007619010123405095,-113.79067215244666,0.0,0.0
12.5,625,0.01694224774837494,0.9998564720153809,0.016943057999014854,-0.030472969636321068,-0.1655234545469284,-0.04987470805644989,3.0616169991140216e-16,1.0,3.0616169991140216e-16,-0.01694224774837494,0.0001435301819583401,-0.016943057999014854,-0.004402886243366864,-113.79507503869003,0.0,0.0
12.52,626,0.016232652589678764,0.9998682141304016,0.01623336598277092,-0.03548462688922882,-0.2505827844142914,-0.16943058371543884,-0.01256471686065197,0.9999210834503174,-0.012565047480165958,-0.028797371312975883,5.281902485876344e-05,-0.028798414394259453,-0.016520433580723855,-113.81159547227075,0.0,0.0
12.540000000000001,627,0.015389430336654186,0.9998815655708313,0.01539003849029541,-0.04216640815138817,-0.3340891897678375,-0.28798413276672363,-0.025119516998529434,0.9996844530105591,-0.025122158229351044,-0.040508948266506195,-0.00019712054927367717,-0.040512196719646454,-0.028784434263361892,-113.84037990653411,0.0,0.0
12.56,628,0.014380019158124924,0.9998965859413147,0.01438051462173462,-0.05047616735100746,-0.41548797488212585,-0.40512195229530334,-0.03765450045466423,0.9992908239364624,-0.037663403898477554,-0.052034519612789154,-0.0006057842983864248,-0.05204391852021217,-0.04114391104947238,-113.88152381758358,0.0,0.0
12.58,629,0.013172915205359459,0.999913215637207,0.013173296116292477,-0.06036091968417168,-0.4942375123500824,-0.5204392075538635,-0.05015980079770088,0.9987412095069885,-0.05018085613846779,-0.06333271414041519,-0.0011720284819602966,-0.06335415691137314,-0.05354526974392777,-113.9350690873275,0.0,0.0
12.6,630,0.0117378830909729,0.9999310970306396,0.011738153174519539,-0.07175716757774353,-0.5698123574256897,-0.6335415244102478,-0.06262560933828354,0.9980370998382568,-0.06266661733388901,-0.07436349242925644,-0.0018940186128020287,-0.0744047686457634,-0.06593275783167306,-114.00100184515918,0.0,0.0
12.620000000000001,631,0.010046157985925674,0.9999495148658752,0.010046327486634254,-0.08459129184484482,-0.6417063474655151,-0.7440477013587952,-0.07504218071699142,0.9971803426742554,-0.07511279731988907,-0.0850883424282074,-0.0027691759169101715,-0.08515912294387817,-0.07824901437459403,-114.07925085953377,0.0,0.0
12.64,632,0.008070639334619045,0.9999674558639526,0.008070726878941059,-0.09878001362085342,-0.7094358801841736,-0.8515912294387817,-0.08739987760782242,0.9961733222007751,-0.08751153200864792,-0.09547051042318344,-0.0037941227201372385,-0.0955822542309761,-0.09043560077506499,-114.16968646030884,0.0,0.0
12.66,633,0.005786077585071325,0.9999832510948181,0.0057861097157001495,-0.11423085629940033,-0.772542417049408,-0.9558225870132446,-0.09968913346529007,0.9950186610221863,-0.09985499083995819,-0.10547520965337753,-0.0049646287225186825,-0.10564109683036804,-0.10243361002469215,-114.27212007033353,0.0,0.0
12.68,634,0.0031692490447312593,0.9999949932098389,0.0031692543998360634,-0.13084277510643005,-0.8305956721305847,-1.0564110279083252,-0.11190052330493927,0.9937193989753723,-0.1121353805065155,-0.11506976932287216,-0.006275564432144165,-0.11530463397502899,-0.11418428731688923,-114.38630435765042,0.0,0.0
12.700000000000001,635,0.00019912052084691823,1.0,0.00019912052084691823,-0.14850668609142303,-0.8831959366798401,-1.1530463695526123,-0.12402476370334625,0.9922791123390198,-0.12434494495391846,-0.12422388046979904,-0.007720856927335262,-0.12454406172037125,-0.12562965984641214,-114.51193401749683,0.0,0.0
12.72,636,-0.0031429987866431475,0.9999950528144836,-0.003143003908917308,-0.16710622608661652,-0.9299765229225159,-1.2454406023025513,-0.1360526978969574,0.9907016158103943,-0.13647596538066864,-0.13290970027446747,-0.009293459355831146,-0.1333329677581787,-0.1367131653037355,-114.64864718280056,0.0,0.0
12.74,637,-0.0068733165971934795,0.999976396560669,-0.006873370613902807,-0.1865183413028717,-0.9706060886383057,-1.3333295583724976,-0.1479753702878952,0.9889910221099854,-0.1485207974910736,-0.14110206067562103,-0.010985332541167736,-0.14164741337299347,-0.1473802732374688,-114.79602745603803,0.0,0.0
12.76,638,-0.011005431413650513,0.9999394416809082,-0.011005653999745846,-0.2066141664981842,-1.0047907829284668,-1.4164742231369019,-0.1597839742898941,0.9871519804000854,-0.1604718118906021,-0.1487785428762436,-0.01278743240982294,-0.1494661569595337,-0.1575791370289234,-114.95360659306695,0.0,0.0
12.780000000000001,639,-0.015550220385193825,0.9998790621757507,-0.015550847165286541,-0.22725968062877655,-1.032275676727295,-1.494661569595337,-0.17146988213062286,0.9851893782615662,-0.17232146859169006,-0.15591967105865479,-0.014689726755023003,-0.15677061676979065,-0.16726109682009963,-115.12086768988705,0.0,0.0
12.8,640,-0.020515739917755127,0.9997895359992981,-0.020517179742455482,-0.24831660091876984,-1.0528466701507568,-1.5677062273025513,-0.18302473425865173,0.9831082820892334,-0.18406227231025696,-0.1625089943408966,-0.01668122038245201,-0.16354510188102722,-0.1763813166680355,-115.29724900655509,0.0,0.0
12.82,641,-0.02590714581310749,0.9996643662452698,-0.025910044088959694,-0.26964324712753296,-1.0663317441940308,-1.6354509592056274,-0.1944403052330017,0.9809143543243408,-0.19568683207035065,-0.16853316128253937,-0.01875000074505806,-0.1697767823934555,-0.18489922523493224,-115.48214823179002,0.0,0.0
12.84,642,-0.03172662481665611,0.999496579170227,-0.03173195198178291,-0.2910952866077423,-1.0726025104522705,-1.6977678537368774,-0.20570865273475647,0.9786132574081421,-0.20718778669834137,-0.17398202419281006,-0.020883304998278618,-0.17545583844184875,-0.19277903942503719,-115.67492727121505,0.0,0.0
12.86,643,-0.03797335550189018,0.999278724193573,-0.03798248618841171,-0.31252676248550415,-1.071574091911316,-1.7545583248138428,-0.2168220430612564,0.9762111306190491,-0.21855787932872772,-0.17884868383407593,-0.02306760475039482,-0.1805754005908966,-0.19999005151305138,-115.87491732272811,0.0,0.0
12.88,644,-0.04464346170425415,0.999002993106842,-0.04465830326080322,-0.3337908983230591,-1.0632067918777466,-1.8057539463043213,-0.22777298092842102,0.973714292049408,-0.22978992760181427,-0.18312951922416687,-0.025288719683885574,-0.18513162434101105,-0.206507048224911,-116.08142437095302,0.0,0.0
12.9,645,-0.05173002555966377,0.9986611008644104,-0.051753126084804535,-0.35474103689193726,-1.0475057363510132,-1.851316213607788,-0.2385542392730713,0.9711291790008545,-0.24087683856487274,-0.18682421743869781,-0.027531931176781654,-0.1891237199306488,-0.2123105213668275,-116.29373489231985,0.0,0.0
12.92,646,-0.059223078191280365,0.9982447624206543,-0.05925775319337845,-0.37523144483566284,-1.0245213508605957,-1.8912371397018433,-0.2491588294506073,0.9684626460075378,-0.25181159377098083,-0.18993575870990753,-0.029782138764858246,-0.19255384802818298,-0.2173868644898366,-116.51112175680969,0.0,0.0
12.94,647,-0.06710964441299438,0.9977456331253052,-0.06716012209653854,-0.3951184153556824,-0.9943488240242004,-1.925538420677185,-0.2595800459384918,0.965721607208252,-0.262587308883667,-0.19247040152549744,-0.03202401101589203,-0.19542719423770905,-0.22172845332101856,-116.7328502101307,0.0,0.0
12.96,648,-0.07537379115819931,0.9971553683280945,-0.07544533908367157,-0.41426098346710205,-0.9571277499198914,-1.954271912574768,-0.2698114216327667,0.9629132151603699,-0.2731971740722656,-0.19443762302398682,-0.034242164343595505,-0.19775183498859406,-0.2253337527394909,-116.9581839628702,0.0,0.0
12.98,649,-0.08399669080972672,0.9964660406112671,-0.0840957760810852,-0.4325218200683594,-0.9130412936210632,-1.9775183200836182,-0.27984675765037537,0.9600446820259094,-0.2836344838142395,-0.19585005939006805,-0.03642134740948677,-0.1995386928319931,-0.22820718361679188,-117.18639114648698,0.0,0.0
13.0,650,-0.09295674413442612,0.9956701397895813,-0.09309113770723343,-0.4497680962085724,-0.8623150587081909,-1.995387077331543,-0.2896801233291626,0.9571235179901123,-0.29389262199401855,-0.19672338664531708,-0.03854663297533989,-0.20080149173736572,-0.23035903912650582,-117.4167501856135,0.0,0.0
13.02,651,-0.10222728550434113,0.994761049747467,-0.10240618139505386,-0.46575218439102173,-0.7992044687271118,-2.0,-0.29930591583251953,0.9541571736335754,-0.30396515130996704,-0.1970786303281784,-0.040603868663311005,-0.20155896246433258,-0.23148643809865563,-117.64823662371215,0.0,0.0
13.040000000000001,652,-0.11177929490804672,0.9937330484390259,-0.11201338469982147,-0.48036015033721924,-0.7303970456123352,-2.0,-0.308718740940094,0.9511533975601196,-0.313845694065094,-0.19693945348262787,-0.042579684406518936,-0.20183229446411133,-0.23195176462928704,-117.88018838834144,0.0,0.0
13.06,653,-0.12158285826444626,0.992581307888031,-0.12188442051410675,-0.4935515522956848,-0.6595703363418579,-2.0,-0.3179134726524353,0.9481196999549866,-0.323527991771698,-0.19633062183856964,-0.044461555778980255,-0.20164355635643005,-0.23196127646621914,-118.11214966480766,0.0,0.0
13.08,654,-0.131607323884964,0.991301953792572,-0.1319902241230011,-0.5052904486656189,-0.5869459509849548,-2.0,-0.32688531279563904,0.9450640082359314,-0.3330059349536896,-0.19527798891067505,-0.04623790830373764,-0.20101571083068848,-0.23153776488390418,-118.34368742969157,0.0,0.0
13.1,655,-0.14182136952877045,0.9898922443389893,-0.14230114221572876,-0.5155454874038696,-0.5127507448196411,-2.0,-0.3356296420097351,0.9419940114021301,-0.3422735631465912,-0.19380827248096466,-0.04789823666214943,-0.19997242093086243,-0.23070479846998798,-118.57439222816156,0.0,0.0
13.120000000000001,656,-0.1521930992603302,0.9883507490158081,-0.15278685092926025,-0.5242856740951538,-0.4370095431804657,-1.999724268913269,-0.3441421687602997,0.9389175772666931,-0.35132497549057007,-0.1919490545988083,-0.04943322390317917,-0.198538139462471,-0.22947568467280893,-118.80386791283436,0.0,0.0
13.14,657,-0.16268609464168549,0.986677885055542,-0.163412407040596,-0.5312779545783997,-0.3496144711971283,-1.9853812456130981,-0.35241883993148804,0.9358423948287964,-0.36015450954437256,-0.18973274528980255,-0.0508354976773262,-0.19674210250377655,-0.22732995370596792,-119.03119786654032,0.0,0.0
13.16,658,-0.17326262593269348,0.9848756790161133,-0.17414143681526184,-0.5364515781402588,-0.2586798667907715,-1.967421054840088,-0.36045587062835693,0.9327762722969055,-0.36875656247138977,-0.18719322979450226,-0.05209938436746597,-0.19461512565612793,-0.22472052338396548,-119.25591838992429,0.0,0.0
13.18,659,-0.18388397991657257,0.9829479455947876,-0.18493635952472687,-0.5397458672523499,-0.1647167056798935,-1.9461512565612793,-0.36824968457221985,0.9297269582748413,-0.37712568044662476,-0.18436568975448608,-0.05322101712226868,-0.19218933582305908,-0.22169525018800118,-119.4776136401123,0.0,0.0
13.200000000000001,660,-0.19451068341732025,0.9809004068374634,-0.19575858116149902,-0.5411109328269958,-0.06825308501720428,-1.9218932390213013,-0.37579697370529175,0.9267020225524902,-0.3852566182613373,-0.1812862753868103,-0.05419837310910225,-0.18949803709983826,-0.21830383893013244,-119.69591747904242,0.0,0.0
13.22,661,-0.20510278642177582,0.9787404537200928,-0.20656873285770416,-0.5405075550079346,0.030168676748871803,-1.8949804306030273,-0.3830946385860443,0.9237090945243835,-0.3931442201137543,-0.1779918521642685,-0.055031344294548035,-0.1865754872560501,-0.2145973971035938,-119.91051487614601,0.0,0.0
13.24,662,-0.21562016010284424,0.976477324962616,-0.21732687950134277,-0.5379076600074768,0.1299966275691986,-1.8657549619674683,-0.3901398777961731,0.9207556247711182,-0.4007834792137146,-0.17451970279216766,-0.0557217113673687,-0.18345661461353302,-0.21062775240454445,-120.12114262855056,0.0,0.0
13.26,663,-0.22602269053459167,0.9741220474243164,-0.22799277305603027,-0.5332942008972168,0.23067235946655273,-1.8345659971237183,-0.3969299793243408,0.9178488850593567,-0.40816962718963623,-0.17090730369091034,-0.05627314746379852,-0.18017685413360596,-0.2064470366988339,-120.32758966524939,0.0,0.0
13.280000000000001,664,-0.23627060651779175,0.9716873168945312,-0.23852600157260895,-0.5266615152359009,0.3316340148448944,-1.8017686605453491,-0.40346255898475647,0.9149961471557617,-0.4152979552745819,-0.16719195246696472,-0.05669114366173744,-0.17677195370197296,-0.2021073325205745,-120.52969699776996,0.0,0.0
13.3,665,-0.24632473289966583,0.9691873788833618,-0.24888630211353302,-0.5180150866508484,0.432321161031723,-1.7677196264266968,-0.40973538160324097,0.9122044444084167,-0.4221639633178711,-0.16341066360473633,-0.05698293074965477,-0.17327766120433807,-0.197659982799899,-120.72735698056987,0.0,0.0
13.32,666,-0.256146639585495,0.966637909412384,-0.259033739566803,-0.5073715448379517,0.5321772694587708,-1.7327766418457031,-0.41574639081954956,0.9094805717468262,-0.42876332998275757,-0.15959975123405457,-0.05715734884142876,-0.16972960531711578,-0.19315538353691264,-120.92051236410678,0.0,0.0
13.34,667,-0.26569899916648865,0.9640560150146484,-0.2689288854598999,-0.4947584867477417,0.6306533217430115,-1.6972960233688354,-0.4214937090873718,0.9068313241004944,-0.43509188294410706,-0.15579473972320557,-0.05722472071647644,-0.16616298258304596,-0.18864256862499335,-121.10915493273178,0.0,0.0
13.36,668,-0.2749456465244293,0.961459755897522,-0.2785331904888153,-0.48021426796913147,0.7272113561630249,-1.6616297960281372,-0.42697566747665405,0.9042630791664124,-0.4411455988883972,-0.15203002095222473,-0.05719665810465813,-0.1626124233007431,-0.18416883629529643,-121.29332376902708,0.0,0.0
13.38,669,-0.2838519811630249,0.9588680863380432,-0.28780892491340637,-0.463787704706192,0.8213276267051697,-1.6261241436004639,-0.43219074606895447,0.901782214641571,-0.4469207227230072,-0.14833876490592957,-0.05708589777350426,-0.15911176800727844,-0.17977945830304443,-121.47310322733013,0.0,0.0
13.4,670,-0.2923848330974579,0.9563007354736328,-0.2967197000980377,-0.445537805557251,0.9124945402145386,-1.5911178588867188,-0.43713751435279846,0.899394690990448,-0.45241352915763855,-0.14475269615650177,-0.05690606310963631,-0.15569382905960083,-0.17551758834339193,-121.64862081567352,0.0,0.0
13.42,671,-0.3005129098892212,0.9537777304649353,-0.30523034930229187,-0.42553332448005676,1.000225305557251,-1.5569382905960083,-0.4418147802352905,0.8971062898635864,-0.4576205909252167,-0.14130187034606934,-0.05667145550251007,-0.1523902267217636,-0.1714237387392299,-121.82004455441276,0.0,0.0
13.44,672,-0.308206707239151,0.9513193964958191,-0.31330740451812744,-0.4038522243499756,1.0840543508529663,-1.5239022970199585,-0.44622138142585754,0.8949226140975952,-0.46253859996795654,-0.13801467418670654,-0.056396808475255966,-0.1492311954498291,-0.16753596817366434,-121.98758052258643,0.0,0.0
13.46,673,-0.31543880701065063,0.948945939540863,-0.3209190368652344,-0.38058140873908997,1.1635414361953735,-1.492311954498291,-0.4503563940525055,0.8928488492965698,-0.46716445684432983,-0.13491758704185486,-0.05609704554080963,-0.14624543488025665,-0.1638895165688573,-122.15147003915529,0.0,0.0
13.48,674,-0.322183758020401,0.9466771483421326,-0.3280353546142578,-0.35581594705581665,1.2382721900939941,-1.4624541997909546,-0.45421892404556274,0.8908901214599609,-0.47149527072906494,-0.13203515112400055,-0.055787041783332825,-0.14345991611480713,-0.1605168288922037,-122.31198686804748,0.0,0.0
13.5,675,-0.3284183144569397,0.9445323944091797,-0.33462852239608765,-0.32965874671936035,1.3078607320785522,-1.4345991611480713,-0.45780816674232483,0.8890510201454163,-0.4755282700061798,-0.12938983738422394,-0.05548136681318283,-0.14089973270893097,-0.15744749232420105,-122.46943436037168,0.0,0.0
13.52,676,-0.3341214060783386,0.9425300359725952,-0.34067291021347046,-0.3022196888923645,1.371951937675476,-1.4089974164962769,-0.4611234664916992,0.8873359560966492,-0.4792608916759491,-0.1270020455121994,-0.055194057524204254,-0.13858796656131744,-0.15470808702327463,-122.62414244739496,0.0,0.0
13.540000000000001,677,-0.33927419781684875,0.9406875371932983,-0.3461452126502991,-0.2736152708530426,1.4302217960357666,-1.3858797550201416,-0.46416425704956055,0.8857491612434387,-0.48269081115722656,-0.1248900443315506,-0.05493837594985962,-0.1365455985069275,-0.1523222914992558,-122.77646473889422,0.0,0.0
13.56,678,-0.34386008977890015,0.9390208721160889,-0.3510245680809021,-0.2439676970243454,1.482378602027893,-1.3654558658599854,-0.46692997217178345,0.8842942714691162,-0.4858158528804779,-0.1230698898434639,-0.054726604372262955,-0.1347912847995758,-0.1503109283213332,-122.92677566721555,0.0,0.0
13.58,679,-0.3478647768497467,0.9375447034835815,-0.3552926778793335,-0.21340438723564148,1.5281648635864258,-1.3479127883911133,-0.4694202244281769,0.8829748630523682,-0.48863404989242554,-0.12155546993017197,-0.05456984043121338,-0.13334138691425323,-0.14869187265445638,-123.07546753987,0.0,0.0
13.6,680,-0.3512761890888214,0.9362719058990479,-0.35893380641937256,-0.1820572465658188,1.5673573017120361,-1.33341383934021,-0.4716346263885498,0.8817940354347229,-0.4911436140537262,-0.12035844475030899,-0.05447781831026077,-0.13220980763435364,-0.14748016165460676,-123.22294770152462,0.0,0.0
13.620000000000001,681,-0.3540845811367035,0.9352133870124817,-0.3619350492954254,-0.15006187558174133,1.5997681617736816,-1.3220980167388916,-0.47357288002967834,0.8807546496391296,-0.49334296584129333,-0.11948828399181366,-0.05445875972509384,-0.13140791654586792,-0.14668799556195822,-123.36963569708658,0.0,0.0
13.64,682,-0.35628241300582886,0.9343783259391785,-0.3642861843109131,-0.11755697429180145,1.625245213508606,-1.3140791654586792,-0.47523465752601624,0.8798590898513794,-0.49523070454597473,-0.11895224452018738,-0.05451922491192818,-0.13094452023506165,-0.14632481648911172,-123.51596051357569,0.0,0.0
13.66,683,-0.3578644394874573,0.9337735772132874,-0.3659798502922058,-0.08468353003263474,1.6436723470687866,-1.3094451427459717,-0.47661980986595154,0.8791095614433289,-0.49680566787719727,-0.11875536292791367,-0.054664019495248795,-0.13082578778266907,-0.14639731027723588,-123.66235782385293,0.0,0.0
13.68,684,-0.3588275909423828,0.9334038496017456,-0.36701154708862305,-0.05158413574099541,1.6549696922302246,-1.308258056640625,-0.47772809863090515,0.8785077333450317,-0.49806681275367737,-0.11890050768852234,-0.05489610880613327,-0.13105526566505432,-0.14690951685143389,-123.80926734070437,0.0,0.0
13.700000000000001,685,-0.3591711223125458,0.9332717061042786,-0.3673795759677887,-0.018402256071567535,1.659093976020813,-1.310552716255188,-0.4785594642162323,0.8780551552772522,-0.49901336431503296,-0.11938834190368652,-0.05521657317876816,-0.13163377344608307,-0.14786270838485757,-123.95713004908923,0.0,0.0
13.72,686,-0.3588963747024536,0.9333773851394653,-0.36708521842956543,0.014718507416546345,1.6560381650924683,-1.3163377046585083,-0.47911372780799866,0.8777528405189514,-0.4996447265148163,-0.12021736800670624,-0.0556245855987072,-0.13255952298641205,-0.14925559739363878,-124.10638564648286,0.0,0.0
13.74,687,-0.3580069839954376,0.9337189197540283,-0.366132527589798,0.047635141760110855,1.645831823348999,-1.3255951404571533,-0.4793908894062042,0.8776015043258667,-0.4999605119228363,-0.1213839203119278,-0.05611742287874222,-0.13382801413536072,-0.15108423472006313,-124.25746988120292,0.0,0.0
13.76,688,-0.356508731842041,0.9342920184135437,-0.3645283877849579,0.08020593971014023,1.6285400390625,-1.3382799625396729,-0.4793908894062042,0.8776015043258667,-0.4999605119228363,-0.1228821724653244,-0.056690506637096405,-0.13543212413787842,-0.1533420484183353,-124.41081192962126,0.0,0.0
13.780000000000001,689,-0.3544095754623413,0.9350903034210205,-0.36228257417678833,0.11229123175144196,1.604264259338379,-1.3543211221694946,-0.47911372780799866,0.8777528405189514,-0.4996447265148163,-0.12470416724681854,-0.05733746662735939,-0.13736216723918915,-0.15601979823270729,-124.56683172785397,0.0,0.0
13.8,690,-0.3517196476459503,0.9361053705215454,-0.3594074845314026,0.1437540501356125,1.57314133644104,-1.3736215829849243,-0.4785594642162323,0.8780551552772522,-0.49901336431503296,-0.1268398016691208,-0.058050233870744705,-0.13960587978363037,-0.15910559756065,-124.72593732541462,0.0,0.0
13.82,691,-0.3484512269496918,0.9373269081115723,-0.3559182584285736,0.17446090281009674,1.5353424549102783,-1.3960586786270142,-0.47772809863090515,0.8785077333450317,-0.49806681275367737,-0.12927687168121338,-0.05881916731595993,-0.14214853942394257,-0.16258489184816768,-124.88852221726279,0.0,0.0
13.84,692,-0.3446187376976013,0.9387427568435669,-0.35183262825012207,0.20428237318992615,1.4910736083984375,-1.421485424041748,-0.47661980986595154,0.8791095614433289,-0.49680566787719727,-0.13200104236602783,-0.059633199125528336,-0.144973024725914,-0.16644039533427502,-125.05496261259707,0.0,0.0
13.86,693,-0.3402387201786041,0.9403390884399414,-0.34717074036598206,0.23309385776519775,1.440574049949646,-1.449730396270752,-0.47523465752601624,0.8798590898513794,-0.49523070454597473,-0.1349959373474121,-0.06048000603914261,-0.14805996417999268,-0.1706521032751247,-125.2256147158722,0.0,0.0
13.88,694,-0.33532974123954773,0.9421008229255676,-0.3419552147388458,0.260776162147522,1.3841156959533691,-1.4805995225906372,-0.47357288002967834,0.8807546496391296,-0.49334296584129333,-0.13824312388896942,-0.061346180737018585,-0.1513877511024475,-0.175197230965298,-125.40081194683749,0.0,0.0
13.9,695,-0.3299125134944916,0.9440115094184875,-0.3362109065055847,0.2872161865234375,1.3220014572143555,-1.5138773918151855,-0.4716346263885498,0.8817940354347229,-0.4911436140537262,-0.14172212779521942,-0.06221744790673256,-0.15493272244930267,-0.18005031372571648,-125.58086226056321,0.0,0.0
13.92,696,-0.3240096867084503,0.9460537433624268,-0.3299647569656372,0.3123075067996979,1.2545653581619263,-1.5493271350860596,-0.4694202244281769,0.8829748630523682,-0.48863404989242554,-0.14541055262088776,-0.06307888776063919,-0.15866930782794952,-0.18518300958285117,-125.76604527014607,0.0,0.0
13.94,697,-0.3176458477973938,0.9482094049453735,-0.32324573397636414,0.33595091104507446,1.1821699142456055,-1.5866930484771729,-0.46692997217178345,0.8842942714691162,-0.4858158528804779,-0.14928412437438965,-0.06391513347625732,-0.16257013380527496,-0.19056426443120034,-125.95660953457727,0.0,0.0
13.96,698,-0.31084755063056946,0.9504597783088684,-0.316084623336792,0.3580550253391266,1.1052054166793823,-1.6257011890411377,-0.46416425704956055,0.8857491612434387,-0.48269081115722656,-0.1533166915178299,-0.06471063196659088,-0.16660618782043457,-0.1961602652006935,-126.15276979977796,0.0,0.0
13.98,699,-0.30364304780960083,0.952785849571228,-0.30851390957832336,0.37853676080703735,1.0240874290466309,-1.6660617589950562,-0.4611234664916992,0.8873359560966492,-0.4792608916759491,-0.15748043358325958,-0.06544988602399826,-0.17074699699878693,-0.20193453354992189,-126.35470433332787,0.0,0.0
14.0,700,-0.29606226086616516,0.9551686644554138,-0.3005674481391907,0.397321879863739,0.9392560124397278,-1.7074699401855469,-0.45780816674232483,0.8890510201454163,-0.4755282700061798,-0.16174589097499847,-0.06611763685941696,-0.17496079206466675,-0.20784796907977768,-126.56255230240765,0.0,0.0
14.02,701,-0.2881368100643158,0.9575892686843872,-0.29228055477142334,0.41434532403945923,0.8511725068092346,-1.7496081590652466,-0.45421892404556274,0.8908901214599609,-0.47149527072906494,-0.16608211398124695,-0.06669914722442627,-0.1792147159576416,-0.21385900316807038,-126.77641130557572,0.0,0.0
14.040000000000001,702,-0.27989959716796875,0.9600293040275574,-0.2836895287036896,0.4295516908168793,0.7603182196617126,-1.792147159576416,-0.4503563940525055,0.8928488492965698,-0.46716445684432983,-0.17045681178569794,-0.06718040257692337,-0.18347495794296265,-0.21992366775180647,-126.99633497332752,0.0,0.0
14.06,703,-0.2713848650455475,0.9624708890914917,-0.2748315930366516,0.4428955316543579,0.6671910285949707,-1.8347493410110474,-0.44622138142585754,0.8949226140975952,-0.46253859996795654,-0.17483653128147125,-0.06754830479621887,-0.18770699203014374,-0.22599590198492112,-127.22233087531244,0.0,0.0
14.08,704,-0.2626279592514038,0.9648971557617188,-0.26574477553367615,0.4543415904045105,0.5723031759262085,-1.8770699501037598,-0.4418147802352905,0.8971062898635864,-0.4576205909252167,-0.17918680608272552,-0.06779087334871292,-0.19187581539154053,-0.2320277385115826,-127.45435861382401,0.0,0.0
14.1,705,-0.25366514921188354,0.967292070388794,-0.25646746158599854,0.46386516094207764,0.4761788845062256,-1.9187581539154053,-0.43713751435279846,0.899394690990448,-0.45241352915763855,-0.18347236514091492,-0.06789740920066833,-0.19594605267047882,-0.23796944602168282,-127.69232805984569,0.0,0.0
14.120000000000001,706,-0.24453337490558624,0.969640851020813,-0.24703842401504517,0.47145217657089233,0.37935101985931396,-1.9594606161117554,-0.43219074606895447,0.901782214641571,-0.4469207227230072,-0.18765737116336823,-0.06785865873098373,-0.19988228380680084,-0.24376995648041622,-127.93609801632611,0.0,0.0
14.14,707,-0.23527008295059204,0.9719300270080566,-0.23749643564224243,0.47709932923316956,0.28235766291618347,-1.9988229274749756,-0.42697566747665405,0.9042630791664124,-0.4411455988883972,-0.1917055994272232,-0.0676669254899025,-0.20364916324615479,-0.24937721095236892,-128.1854752272785,0.0,0.0
14.16,708,-0.22590233385562897,0.9741499423980713,-0.2278692126274109,0.4813615083694458,0.21310842037200928,-2.0,-0.4214937090873718,0.9068313241004944,-0.43509188294410706,-0.19559139013290405,-0.0673186331987381,-0.20722267031669617,-0.2532763860117371,-128.43875161329024,0.0,0.0
14.18,709,-0.21645739674568176,0.976292073726654,-0.21818436682224274,0.4842420220375061,0.14402535557746887,-2.0,-0.41574639081954956,0.9094805717468262,-0.42876332998275757,-0.1992889940738678,-0.06681147962808609,-0.21057894825935364,-0.25690751022629493,-128.69565912351652,0.0,0.0
14.200000000000001,710,-0.20696303248405457,0.9783487915992737,-0.20846976339817047,0.48573052883148193,0.07442623376846313,-2.0,-0.40973538160324097,0.9122044444084167,-0.4221639633178711,-0.2027723491191864,-0.06614433974027634,-0.21369419991970062,-0.26029356791694064,-128.95595269143345,0.0,0.0
14.22,711,-0.19744737446308136,0.9803134799003601,-0.19875334203243256,0.48582085967063904,0.00451564509421587,-2.0,-0.40346255898475647,0.9149961471557617,-0.4152979552745819,-0.2060151994228363,-0.06531734019517899,-0.21654459834098816,-0.2634106181620559,-129.2193633095955,0.0,0.0
14.24,712,-0.18793879449367523,0.9821807146072388,-0.18906313180923462,0.4845108687877655,-0.06549923866987228,-2.0,-0.3969299793243408,0.9178488850593567,-0.40816962718963623,-0.2089911848306656,-0.06433185189962387,-0.2191064953804016,-0.2662348273318345,-129.48559813692734,0.0,0.0
14.26,713,-0.17846587300300598,0.9839460849761963,-0.17942707240581512,0.48180267214775085,-0.1354094296693802,-2.0,-0.3901398777961731,0.9207556247711182,-0.4007834792137146,-0.21167398989200592,-0.06319049745798111,-0.22135642170906067,-0.2687425526851514,-129.7543406896125,0.0,0.0
14.280000000000001,714,-0.1690572053194046,0.9856062531471252,-0.16987302899360657,0.4777025878429413,-0.20500493049621582,-2.0,-0.3830946385860443,0.9237090945243835,-0.3931442201137543,-0.2140374481678009,-0.061897147446870804,-0.2232711911201477,-0.27091045617735854,-130.02525114578984,0.0,0.0
14.3,715,-0.15974131226539612,0.9871588945388794,-0.16042859852313995,0.4722210764884949,-0.2740754783153534,-2.0,-0.37579697370529175,0.9267020225524902,-0.3852566182613373,-0.21605564653873444,-0.060456883162260056,-0.22482801973819733,-0.2727156183498878,-130.29796676413972,0.0,0.0
14.32,716,-0.150546595454216,0.9886029362678528,-0.1511211395263672,0.46537283062934875,-0.34241151809692383,-2.0,-0.36824968457221985,0.9297269582748413,-0.37712568044662476,-0.21770307421684265,-0.058875977993011475,-0.22600454092025757,-0.27413547315677345,-130.5721022372965,0.0,0.0
14.34,717,-0.14150109887123108,0.9899380803108215,-0.14197760820388794,0.45717674493789673,-0.40980491042137146,-2.0,-0.36045587062835693,0.9327762722969055,-0.36875656247138977,-0.21895475685596466,-0.05716182664036751,-0.22677895426750183,-0.2751480700355278,-130.84725030733202,0.0,0.0
14.36,718,-0.1326325237751007,0.991165280342102,-0.13302449882030487,0.44765573740005493,-0.4760497808456421,-2.0,-0.35241883993148804,0.9358423948287964,-0.36015450954437256,-0.21978631615638733,-0.05532290041446686,-0.2271300107240677,-0.275732066845804,-131.1229823741778,0.0,0.0
14.38,719,-0.12396802008152008,0.992286205291748,-0.12428776174783707,0.4368368685245514,-0.5409433245658875,-2.0,-0.3441421687602997,0.9389175772666931,-0.35132497549057007,-0.2201741486787796,-0.05336866155266762,-0.2270372211933136,-0.2758667513738007,-131.3988491255516,0.0,0.0
14.4,720,-0.11553414911031723,0.9933035373687744,-0.11579273641109467,0.4247511327266693,-0.6042866706848145,-2.0,-0.3356296420097351,0.9419940114021301,-0.3422735631465912,-0.22009548544883728,-0.05130947753787041,-0.22648081183433533,-0.27553224009636473,-131.67438136564797,0.0,0.0
14.42,721,-0.10735676437616348,0.9942205548286438,-0.10756406933069229,0.4114334285259247,-0.6658856272697449,-2.0,-0.32688531279563904,0.9450640082359314,-0.3330059349536896,-0.21952854096889496,-0.049156542867422104,-0.22544187307357788,-0.27470949626942287,-131.9490908619174,0.0,0.0
14.44,722,-0.0994608998298645,0.9950414896011353,-0.0996256172657013,0.39692240953445435,-0.7255513668060303,-2.0,-0.3179134726524353,0.9481196999549866,-0.323527991771698,-0.218452587723732,-0.0469217449426651,-0.2239023596048355,-0.273380316057306,-132.2224711779747,0.0,0.0
14.46,723,-0.09187068045139313,0.9957709312438965,-0.09200040996074677,0.38126036524772644,-0.7831010222434998,-2.0,-0.308718740940094,0.9511533975601196,-0.313845694065094,-0.21684806048870087,-0.04461757466197014,-0.22184526920318604,-0.2715275804455812,-132.4939987584203,0.0,0.0
14.48,724,-0.0846092700958252,0.9964141845703125,-0.08471054583787918,0.364493191242218,-0.8383587002754211,-2.0,-0.29930591583251953,0.9541571736335754,-0.30396515130996704,-0.21469666063785553,-0.04225700721144676,-0.21925459802150726,-0.2691351468241227,-132.76313390524442,0.0,0.0
14.5,725,-0.07769875228404999,0.996976912021637,-0.07777714729309082,0.34667009115219116,-0.8911557793617249,-2.0,-0.2896801233291626,0.9571235179901123,-0.29389262199401855,-0.2119813859462738,-0.03985336795449257,-0.21611547470092773,-0.2661880058421302,-133.02932191108656,0.0,0.0
14.52,726,-0.07116008549928665,0.9974648952484131,-0.0712202787399292,0.32784345746040344,-0.9413315653800964,-2.0,-0.27984675765037537,0.9600446820259094,-0.2836344838142395,-0.20868666470050812,-0.03742022067308426,-0.2124142050743103,-0.26267234567856823,-133.29199425676512,0.0,0.0
14.540000000000001,727,-0.06501301378011703,0.9978843927383423,-0.06505890190601349,0.30806878209114075,-0.9887338280677795,-2.0,-0.2698114216327667,0.9629132151603699,-0.2731971740722656,-0.2047984004020691,-0.03497122973203659,-0.20813827216625214,-0.25857558312304907,-133.55056983988817,0.0,0.0
14.56,728,-0.059276044368743896,0.9982416033744812,-0.05931081250309944,0.2874043881893158,-1.033219337463379,-2.0,-0.2595800459384918,0.965721607208252,-0.262587308883667,-0.20030400156974792,-0.03252003341913223,-0.20327650010585785,-0.25388636127684827,-133.804456201165,0.0,0.0
14.58,729,-0.05396635830402374,0.9985427260398865,-0.05399258807301521,0.2659113109111786,-1.0746541023254395,-2.0,-0.2491588294506073,0.9684626460075378,-0.25181159377098083,-0.19519247114658356,-0.030080119147896767,-0.19781900942325592,-0.24859472231928156,-134.05305092348428,0.0,0.0
14.6,730,-0.04909324273467064,0.9987941980361938,-0.04911298304796219,0.24398016929626465,-1.0965567827224731,-1.9781900644302368,-0.2385542392730713,0.9711291790008545,-0.24087683856487274,-0.18946099281311035,-0.027665024623274803,-0.19176384806632996,-0.24183097034776266,-134.29488189383204,0.0,0.0
14.620000000000001,731,-0.04465299844741821,0.9990025758743286,-0.04466785117983818,0.22225669026374817,-1.0861746072769165,-1.9176385402679443,-0.22777298092842102,0.973714292049408,-0.22978992760181427,-0.1831199824810028,-0.0252882931381464,-0.18512208759784698,-0.23298236548584905,-134.52786425931788,0.0,0.0
14.64,732,-0.04063880816102028,0.9991738796234131,-0.04065000265836716,0.200892373919487,-1.0682157278060913,-1.851220726966858,-0.2168220430612564,0.9762111306190491,-0.21855787932872772,-0.17618322372436523,-0.02296275459229946,-0.17790788412094116,-0.22341010944002032,-134.7512743687579,0.0,0.0
14.66,733,-0.03704081475734711,0.9993137717247009,-0.037049293518066406,0.1800355166196823,-1.0428425073623657,-1.779078722000122,-0.20570865273475647,0.9786132574081421,-0.20718778669834137,-0.16866783797740936,-0.020700473338365555,-0.17013849318027496,-0.21315980047656716,-134.96443416923447,0.0,0.0
14.68,734,-0.03384622186422348,0.999427080154419,-0.03385268524289131,0.1598302721977234,-1.0102622509002686,-1.7013849020004272,-0.1944403052330017,0.9809143543243408,-0.19568683207035065,-0.16059409081935883,-0.018512699753046036,-0.16183415055274963,-0.20228220798042676,-135.1667163772149,0.0,0.0
14.700000000000001,735,-0.031039385125041008,0.9995181560516357,-0.0310443714261055,0.1404157429933548,-0.9707261323928833,-1.6183414459228516,-0.18302473425865173,0.9831082820892334,-0.18406227231025696,-0.15198534727096558,-0.016409853473305702,-0.15301790833473206,-0.19083275161460186,-135.3575491288295,0.0,0.0
14.72,736,-0.02860196679830551,0.9995908737182617,-0.028605867177248,0.12192519754171371,-0.9245275855064392,-1.5301790237426758,-0.17146988213062286,0.9851893782615662,-0.17232146859169006,-0.14286792278289795,-0.014401518739759922,-0.14371559023857117,-0.17887088310096602,-135.53642001193046,0.0,0.0
14.74,737,-0.026513056829571724,0.9996484518051147,-0.02651616372168064,0.10448519140481949,-0.8720002174377441,-1.4371559619903564,-0.1597839742898941,0.9871519804000854,-0.1604718118906021,-0.13327090442180634,-0.012496461160480976,-0.13395564258098602,-0.16645947925757507,-135.70287949118804,0.0,0.0
14.76,738,-0.024749338626861572,0.9996936917304993,-0.02475186623632908,0.08821488171815872,-0.8135157227516174,-1.3395564556121826,-0.1479753702878952,0.9889910221099854,-0.1485207974910736,-0.12322603166103363,-0.010702641680836678,-0.12376892566680908,-0.15366406181827696,-135.85654355300633,0.0,0.0
14.780000000000001,739,-0.023285256698727608,0.9997288584709167,-0.02328736148774624,0.0732252448797226,-0.7494817972183228,-1.2376893758773804,-0.1360526978969574,0.9907016158103943,-0.13647596538066864,-0.11276744306087494,-0.009027260355651379,-0.11318860948085785,-0.14055218494890398,-135.99709573795525,0.0,0.0
14.8,740,-0.022093193605542183,0.9997559189796448,-0.02209499105811119,0.05961845815181732,-0.6803392171859741,-1.1318860054016113,-0.12402476370334625,0.9922791123390198,-0.12434494495391846,-0.10193156450986862,-0.0074767922051250935,-0.10224995017051697,-0.12719263372702844,-136.12428837168227,0.0,0.0
14.82,741,-0.02114367112517357,0.9997764229774475,-0.021145246922969818,0.04748726636171341,-0.606559693813324,-1.0224995613098145,-0.11190052330493927,0.9937193989753723,-0.1121353805065155,-0.090756855905056,-0.006057034246623516,-0.09099013358354568,-0.11365475135237654,-136.23794312303465,0.0,0.0
14.84,742,-0.020405542105436325,0.9997918009757996,-0.02040695771574974,0.03691441938281059,-0.5286422371864319,-0.9099013209342957,-0.09968913346529007,0.9950186610221863,-0.09985499083995819,-0.07928358763456345,-0.004773153457790613,-0.07944802939891815,-0.10000762688518253,-136.33795074991983,0.0,0.0
14.86,743,-0.01984621025621891,0.9998030662536621,-0.019847514107823372,0.027972204610705376,-0.44711077213287354,-0.7944803237915039,-0.08739987760782242,0.9961733222007751,-0.08751153200864792,-0.06755366176366806,-0.0036297354381531477,-0.0676640123128891,-0.08631946674876013,-136.4242702166686,0.0,0.0
14.88,744,-0.01943185180425644,0.9998111724853516,-0.019433073699474335,0.02072199434041977,-0.3625105917453766,-0.6766401529312134,-0.07504218071699142,0.9971803426742554,-0.07511279731988907,-0.055610332638025284,-0.0026308237574994564,-0.055679719895124435,-0.07265687721509788,-136.4969270938837,0.0,0.0
14.9,745,-0.019127629697322845,0.9998170733451843,-0.019128795713186264,0.015213890001177788,-0.2754051685333252,-0.556797206401825,-0.06262560933828354,0.9980370998382568,-0.06266661733388901,-0.04349797964096069,-0.0017799601191654801,-0.043537821620702744,-0.059084232575356506,-136.55601132645904,0.0,0.0
14.92,746,-0.018897943198680878,0.9998214244842529,-0.018899068236351013,0.011486437171697617,-0.18637263774871826,-0.43537822365760803,-0.05015980079770088,0.9987412095069885,-0.05018085613846779,-0.031261857599020004,-0.0010802129982039332,-0.031281791627407074,-0.04566309162393751,-136.60167441808298,0.0,0.0
14.94,747,-0.01870664954185486,0.9998250007629395,-0.01870773918926716,0.009566386230289936,-0.09600254148244858,-0.31281787157058716,-0.03765450045466423,0.9992908239364624,-0.037663403898477554,-0.018947850912809372,-0.0005341974319890141,-0.018955662846565247,-0.03245166659930122,-136.6341260846823,0.0,0.0
14.96,748,-0.018517309799790382,0.9998285174369812,-0.018518369644880295,0.009468545205891132,-0.0048920526169240475,-0.18955664336681366,-0.025119516998529434,0.9996844530105591,-0.025122158229351044,-0.006602206267416477,-0.00014408475544769317,-0.006603789981454611,-0.019504352175549473,-136.65363043685784,0.0,0.0
14.98,749,-0.018293434754014015,0.9998326897621155,-0.018294455483555794,0.011195697821676731,0.08635762333869934,-0.06603789329528809,-0.01256471686065197,0.9999210834503174,-0.012565047480165958,0.005728717427700758,8.839969814289361e-05,0.005729407072067261,-0.006871313300606965,-136.66050175015843,0.0,0.0
15.0,750,-0.01799871027469635,0.9998379945755005,-0.01799968257546425,0.014738591387867928,0.17714466154575348,0.057294074445962906,-3.6739402930577075e-16,1.0,-3.6739402930577075e-16,0.01799871027469635,0.0001619899267097935,0.01799968257546425,-0.005467461766128705,-136.66596921192456,0.0,0.0
15.02,751,-0.017597254365682602,0.9998451471328735,-0.017598163336515427,0.020076001062989235,0.2668704390525818,0.17999683320522308,0.01256471686065197,0.9999210834503174,0.012565047480165958,0.030161971226334572,7.590449968120083e-05,0.03016321174800396,-0.01792215172585082,-136.68389136365042,0.0,0.0
15.040000000000001,752,-0.017053838819265366,0.999854564666748,-0.017054665833711624,0.02717486023902893,0.35494303703308105,0.3016321063041687,0.025119516998529434,0.9996844530105591,0.025122158229351044,0.0421733558177948,-0.00017011754971463233,0.04217682406306267,-0.030529532671424678,-136.71442089632185,0.0,0.0
15.06,753,-0.016334129497408867,0.9998666048049927,-0.016334855929017067,0.03599047660827637,0.44078075885772705,0.4217682480812073,0.03765450045466423,0.9992908239364624,0.037663403898477554,0.05398862808942795,-0.0005757713224738836,0.05399825796484947,-0.04323589912689807,-136.75765679544875,0.0,0.0
15.08,754,-0.01540491171181202,0.9998813271522522,-0.015405520796775818,0.04646679013967514,0.5238156914710999,0.5399826169013977,0.05015980079770088,0.9987412095069885,0.05018085613846779,0.06556471437215805,-0.001140132313594222,0.0655863806605339,-0.055984736633922956,-136.81364153208267,0.0,0.0
15.1,755,-0.01423430535942316,0.9998986721038818,-0.014234785921871662,0.058536726981401443,0.6034969687461853,0.6558637619018555,0.06262560933828354,0.9980370998382568,0.06266661733388901,0.07685991376638412,-0.0018615970620885491,0.0769014060497284,-0.06871721500981302,-136.8823587470925,0.0,0.0
15.120000000000001,756,-0.012791984714567661,0.9999181628227234,-0.012792333960533142,0.07212261110544205,0.6792942881584167,0.7690140604972839,0.07504218071699142,0.9971803426742554,0.07511279731988907,0.08783417195081711,-0.002737819217145443,0.08790513128042221,-0.08137277694744154,-136.96373152403993,0.0,0.0
15.14,757,-0.011049375869333744,0.99993896484375,-0.011049601249396801,0.0871366336941719,0.7507008910179138,0.8790513277053833,0.08739987760782242,0.9961733222007751,0.08751153200864792,0.09844925254583359,-0.0037656445056200027,0.098561130464077,-0.09388971051201239,-137.05762123455193,0.0,0.0
15.16,758,-0.008979853242635727,0.9999597072601318,-0.008979973383247852,0.10348136723041534,0.8172366619110107,0.9856113195419312,0.09968913346529007,0.9950186610221863,0.09985499083995819,0.1086689829826355,-0.004941048566251993,0.10883496701717377,-0.10620580277789787,-137.16382703732984,0.0,0.0
15.18,759,-0.006558918859809637,0.9999784827232361,-0.006558965891599655,0.1210503876209259,0.8784509301185608,1.08834969997406,0.11190052330493927,0.9937193989753723,0.1121353805065155,0.11845944076776505,-0.006259076297283173,0.11869435012340546,-0.11825900647930764,-137.28208604380916,0.0,0.0
15.200000000000001,760,-0.0037643793039023876,0.9999929070472717,-0.0037643881514668465,0.13972888886928558,0.933925449848175,1.1869434118270874,0.12402476370334625,0.9922791123390198,0.12434494495391846,0.12778913974761963,-0.007713791448622942,0.12810933589935303,-0.12998811665655555,-137.41207416046572,0.0,0.0
15.22,761,-0.0005764996749348938,0.9999998211860657,-0.0005764997331425548,0.15939442813396454,0.9832766056060791,1.2810933589935303,0.1360526978969574,0.9907016158103943,0.13647596538066864,0.13662920892238617,-0.00929823238402605,0.13705246150493622,-0.14133344592125968,-137.55340760638697,0.0,0.0
15.24,762,0.0030218472238630056,0.9999954104423523,0.0030218518804758787,0.1799175888299942,1.0261577367782593,1.3705246448516846,0.1479753702878952,0.9889910221099854,0.1485207974910736,0.14495351910591125,-0.011004387401044369,0.14549894630908966,-0.15223749165786132,-137.70564509804484,0.0,0.0
15.26,763,0.007045050151646137,0.9999752044677734,0.007045108359307051,0.20116281509399414,1.062261939048767,1.4549894332885742,0.1597839742898941,0.9871519804000854,0.1604718118906021,0.15273891389369965,-0.012823176570236683,0.15342669188976288,-0.16264563233606363,-137.8682907303809,0.0,0.0
15.280000000000001,764,0.011504639871418476,0.9999338388442993,0.011504894122481346,0.2229892760515213,1.091322660446167,1.5342670679092407,0.17146988213062286,0.9851893782615662,0.17232146859169006,0.15996524691581726,-0.01474445778876543,0.16081656515598297,-0.1725066714466495,-138.04079740182755,0.0,0.0
15.3,765,0.016409190371632576,0.9998653531074524,0.016409926116466522,0.2452516108751297,1.1131168603897095,1.6081657409667969,0.18302473425865173,0.9831082820892334,0.18406227231025696,0.1666155457496643,-0.016757050529122353,0.16765235364437103,-0.18177351327988403,-138.22257091510744,0.0,0.0
15.32,766,0.021764226257801056,0.9997631311416626,0.021765943616628647,0.267800897359848,1.127465009689331,1.6765234470367432,0.1944403052330017,0.9809143543243408,0.19568683207035065,0.17267608642578125,-0.018848778679966927,0.1739208847284317,-0.19040363724360565,-138.41297455235105,0.0,0.0
15.34,767,0.027572160586714745,0.9996198415756226,0.02757565677165985,0.29048559069633484,1.134233832359314,1.7392089366912842,0.20570865273475647,0.9786132574081421,0.20718778669834137,0.17813648283481598,-0.02100653573870659,0.17961212992668152,-0.1983596512266012,-138.61133420357766,0.0,0.0
15.36,768,0.03383224457502365,0.9994274973869324,0.033838700503110886,0.3131523132324219,1.1333355903625488,1.79612135887146,0.2168220430612564,0.9762111306190491,0.21855787932872772,0.18298979103565216,-0.023216377943754196,0.18471917510032654,-0.20560960210533774,-138.816943805683,0.0,0.0
15.38,769,0.04054052755236626,0.999177873134613,0.04055164009332657,0.3356468975543976,1.124729871749878,1.8471918106079102,0.22777298092842102,0.973714292049408,0.22978992760181427,0.18723244965076447,-0.025463629513978958,0.1892382949590683,-0.21212741374437527,-139.02907121942738,0.0,0.0
15.4,770,0.04768985137343407,0.9988622069358826,0.047707948833703995,0.35781535506248474,1.1084234714508057,1.8923828601837158,0.2385542392730713,0.9711291790008545,0.24087683856487274,0.19086438417434692,-0.02773301675915718,0.19316889345645905,-0.21789310969803422,-139.2469643291254,0.0,0.0
15.42,771,0.055269863456487656,0.9984714388847351,0.05529804155230522,0.3795047700405121,1.084470510482788,1.931688904762268,0.2491588294506073,0.9684626460075378,0.25181159377098083,0.19388897716999054,-0.030008817091584206,0.1965135633945465,-0.22289301613555956,-139.46985734526098,0.0,0.0
15.44,772,0.0632670447230339,0.9979966282844543,0.06330932676792145,0.4005642235279083,1.0529721975326538,1.9651354551315308,0.2595800459384918,0.965721607208252,0.262587308883667,0.19631299376487732,-0.032275039702653885,0.19927798211574554,-0.22711984204806354,-139.69697718730905,0.0,0.0
15.46,773,0.07166475802659988,0.9974287748336792,0.0717262402176857,0.42084574699401855,1.0140764713287354,1.9927798509597778,0.2698114216327667,0.9629132151603699,0.2731971740722656,0.19814665615558624,-0.034515589475631714,0.20147092640399933,-0.2305727804157643,-139.92754996772481,0.0,0.0
15.48,774,0.08043893426656723,0.9967595338821411,0.08052593469619751,0.43998464941978455,0.9569448232650757,2.0,0.27984675765037537,0.9600446820259094,0.2836344838142395,0.19940781593322754,-0.03671485185623169,0.2031085342168808,-0.23267123875798787,-140.16022120648282,0.0,0.0
15.5,775,0.08956212550401688,0.9959812164306641,0.08968229591846466,0.45781806111335754,0.8916711211204529,2.0,0.2896801233291626,0.9571235179901123,0.29389262199401855,0.20011800527572632,-0.03885772451758385,0.2042103260755539,-0.23395218712454205,-140.39417339360736,0.0,0.0
15.52,776,0.09900574386119843,0.9950868487358093,0.09916821122169495,0.47429564595222473,0.8238784670829773,2.0,0.29930591583251953,0.9541571736335754,0.30396515130996704,0.2003001719713211,-0.04092966020107269,0.2047969400882721,-0.23472441254024487,-140.6288978061476,0.0,0.0
15.540000000000001,777,0.1087401881814003,0.9940702319145203,0.10895563662052155,0.4893712103366852,0.7537791132926941,2.0,0.308718740940094,0.9511533975601196,0.313845694065094,0.1999785602092743,-0.042916830629110336,0.20489004254341125,-0.23500951744054668,-140.86390732358814,0.0,0.0
15.56,778,0.1187349259853363,0.9929260015487671,0.11901569366455078,0.5030030608177185,0.6815926432609558,2.0,0.3179134726524353,0.9481196999549866,0.323527991771698,0.1991785615682602,-0.044806260615587234,0.20451228320598602,-0.23482999871889826,-141.09873732230704,0.0,0.0
15.58,779,0.12895864248275757,0.9916499853134155,0.12931877374649048,0.5151540040969849,0.6075451970100403,2.0,0.32688531279563904,0.9450640082359314,0.3330059349536896,0.19792667031288147,-0.04658595472574234,0.2036871612071991,-0.23420921687408927,-141.33294653918114,0.0,0.0
15.6,780,0.1393793374300003,0.9902390837669373,0.13983459770679474,0.525791347026825,0.531868577003479,2.0,0.3356296420097351,0.9419940114021301,0.3422735631465912,0.1962503045797348,-0.048245035111904144,0.20243895053863525,-0.23317133307931384,-141.56611787226046,0.0,0.0
15.620000000000001,781,0.14996448159217834,0.9886913895606995,0.15053234994411469,0.5348873138427734,0.4547993838787079,2.0,0.3441421687602997,0.9389175772666931,0.35132497549057007,0.19417767226696014,-0.04977383092045784,0.20079264044761658,-0.23174121454230723,-141.79785908680276,0.0,0.0
15.64,782,0.16068114340305328,0.9870063662528992,0.16138072311878204,0.542418897151947,0.37657803297042847,2.0,0.35241883993148804,0.9358423948287964,0.36015450954437256,0.19173769652843475,-0.05116398632526398,0.19877378642559052,-0.22994424893747228,-142.02780333574023,0.0,0.0
15.66,783,0.17149248719215393,0.985185444355011,0.1723444014787674,0.5481839179992676,0.288251131772995,1.987737774848938,0.36045587062835693,0.9327762722969055,0.36875656247138977,0.1889633685350418,-0.052409153431653976,0.19641216099262238,-0.22732112139206037,-142.2551244571323,0.0,0.0
15.68,784,0.1823582500219345,0.9832321405410767,0.18338438868522644,0.5519995093345642,0.19077827036380768,1.9641215801239014,0.36824968457221985,0.9297269582748413,0.37712568044662476,0.18589141964912415,-0.05350521579384804,0.19374129176139832,-0.22394990341972332,-142.47907436055203,0.0,0.0
15.700000000000001,785,0.19323737919330597,0.9811520576477051,0.1944606453180313,0.5538126826286316,0.09065878391265869,1.9374128580093384,0.37579697370529175,0.9267020225524902,0.3852566182613373,0.18255957961082458,-0.054450009018182755,0.19079597294330597,-0.22020071836089888,-142.69927507891293,0.0,0.0
15.72,786,0.2040882706642151,0.9789524674415588,0.2055322825908661,0.5535818338394165,-0.01154219638556242,1.9079596996307373,0.3830946385860443,0.9237090945243835,0.3931442201137543,0.17900636792182922,-0.055243395268917084,0.18761193752288818,-0.21612743631780643,-142.91540251523074,0.0,0.0
15.74,787,0.21486912667751312,0.9766428470611572,0.2165578156709671,0.5512768030166626,-0.11524924635887146,1.8761193752288818,0.3901398777961731,0.9207556247711182,0.4007834792137146,0.17527075111865997,-0.05588724836707115,0.1842256784439087,-0.21178463769012704,-143.12718715292087,0.0,0.0
15.76,788,0.22553816437721252,0.9742343425750732,0.22749540209770203,0.546879231929779,-0.21988001465797424,1.8422565460205078,0.3969299793243408,0.9178488850593567,0.40816962718963623,0.1713918149471283,-0.05638544261455536,0.1806742250919342,-0.20722716684599046,-143.33441431976686,0.0,0.0
15.780000000000001,789,0.2360539734363556,0.9717399477958679,0.2383030503988266,0.5403822660446167,-0.3248484134674072,1.8067421913146973,0.40346255898475647,0.9149961471557617,0.4152979552745819,0.16740860044956207,-0.0567437969148159,0.1769949048757553,-0.20250975072419544,-143.53692407049107,0.0,0.0
15.8,790,0.2463756799697876,0.9691743850708008,0.24893887341022491,0.5317908525466919,-0.42956966161727905,1.7699490785598755,0.40973538160324097,0.9122044444084167,0.4221639633178711,0.16335971653461456,-0.05696997791528702,0.17322508990764618,-0.19768628322453746,-143.7346103537156,0.0,0.0
15.82,791,0.25646325945854187,0.9665539860725403,0.25936129689216614,0.521121621131897,-0.5334630012512207,1.7322509288787842,0.41574639081954956,0.9094805717468262,0.42876332998275757,0.1592831313610077,-0.05707339197397232,0.16940203309059143,-0.19280959640642778,-143.92741995012202,0.0,0.0
15.84,792,0.26627781987190247,0.9638963341712952,0.2695293426513672,0.5084025263786316,-0.6359553337097168,1.6940202713012695,0.4214937090873718,0.9068313241004944,0.43509188294410706,0.15521590411663055,-0.05706500634551048,0.16556252539157867,-0.18793102701701125,-144.11535097713903,0.0,0.0
15.860000000000001,793,0.27578166127204895,0.9612203240394592,0.27940279245376587,0.49367281794548035,-0.7364850640296936,1.655625343322754,0.42697566747665405,0.9042630791664124,0.4411455988883972,0.1511940211057663,-0.056957196444272995,0.16174280643463135,-0.1831000284407212,-144.29845100557975,0.0,0.0
15.88,794,0.2849386930465698,0.9585457444190979,0.28894245624542236,0.4769826829433441,-0.8345053791999817,1.617427945137024,0.43219074606895447,0.901782214641571,0.4469207227230072,0.14725205302238464,-0.056763529777526855,0.15797825157642365,-0.17836386919368785,-144.47681487477342,0.0,0.0
15.9,795,0.29371440410614014,0.9558932185173035,0.29811030626296997,0.4583929777145386,-0.9294862747192383,1.5797826051712036,0.43713751435279846,0.899394690990448,0.45241352915763855,0.14342312514781952,-0.05649854242801666,0.15430320799350739,-0.17376753409351967,-144.65058240886694,0.0,0.0
15.92,796,0.30207616090774536,0.9532837867736816,0.3068698048591614,0.43797457218170166,-1.0209193229675293,1.5430320501327515,0.4418147802352905,0.8971062898635864,0.4576205909252167,0.13973860442638397,-0.056177496910095215,0.1507507711648941,-0.16935319791443337,-144.81993560678137,0.0,0.0
15.94,797,0.30999329686164856,0.9507387280464172,0.3151859641075134,0.41580820083618164,-1.108318567276001,1.5075078010559082,0.44622138142585754,0.8949226140975952,0.46253859996795654,0.13622809946537018,-0.05581614002585411,0.14735262095928192,-0.1651604125394122,-144.9850960193208,0.0,0.0
15.96,798,0.31743717193603516,0.9482793211936951,0.323025643825531,0.3919837474822998,-1.1912237405776978,1.4735262393951416,0.4503563940525055,0.8928488492965698,0.46716445684432983,0.13291922211647034,-0.05543043091893196,0.14413882791996002,-0.1612257452266641,-145.14632176454745,0.0,0.0
15.98,799,0.32438135147094727,0.9459263682365417,0.3303576409816742,0.3665996789932251,-1.2692023515701294,1.4413880109786987,0.45421892404556274,0.8908901214599609,0.47149527072906494,0.12983755767345428,-0.055036284029483795,0.14113762974739075,-0.15758280794465243,-145.30390457249212,0.0,0.0
16.0,800,0.3308016359806061,0.9437003135681152,0.337152898311615,0.3397626578807831,-1.3418511152267456,1.4113762378692627,0.45780816674232483,0.8890510201454163,0.4755282700061798,0.12700653076171875,-0.05464931204915047,0.13837535679340363,-0.15426220257696113,-145.4581667750691,0.0,0.0
16.02,801,0.33667606115341187,0.9416205286979675,0.34338462352752686,0.3115866780281067,-1.4087988138198853,1.383753776550293,0.4611234664916992,0.8873359560966492,0.4792608916759491,0.12444741278886795,-0.05428455397486687,0.13587626814842224,-0.15129138208655593,-145.60945815715564,0.0,0.0
16.04,802,0.3419850170612335,0.9397053718566895,0.34902846813201904,0.28219255805015564,-1.469706654548645,1.3587626218795776,0.46416425704956055,0.8857491612434387,0.48269081115722656,0.12217921763658524,-0.053956251591444016,0.13366234302520752,-0.1486947669587929,-145.75815292411443,0.0,0.0
16.06,803,0.34671127796173096,0.9379718899726868,0.35406261682510376,0.25170716643333435,-1.5242695808410645,1.3366233110427856,0.46692997217178345,0.8842942714691162,0.4858158528804779,0.12021869421005249,-0.05367760732769966,0.13175323605537415,-0.1464938030490996,-145.90464672716354,0.0,0.0
16.080000000000002,804,0.35083991289138794,0.9364354610443115,0.35846787691116333,0.220262810587883,-1.5722180604934692,1.3175323009490967,0.4694202244281769,0.8829748630523682,0.48863404989242554,0.11858031898736954,-0.05346056818962097,0.1301661729812622,-0.14470688338805274,-146.04935361055158,0.0,0.0
16.1,805,0.35435834527015686,0.9351096749305725,0.36222779750823975,0.18799644708633423,-1.6133183240890503,1.301661729812622,0.4716346263885498,0.8817940354347229,0.4911436140537262,0.11727628111839294,-0.05331563949584961,0.12891581654548645,-0.14334947004017567,-146.19270308059174,0.0,0.0
16.12,806,0.3572564125061035,0.9340063333511353,0.3653287887573242,0.15504898130893707,-1.6473729610443115,1.2891579866409302,0.47357288002967834,0.8807546496391296,0.49334296584129333,0.11631646007299423,-0.053251706063747406,0.12801417708396912,-0.14243410765262737,-146.33513718824437,0.0,0.0
16.14,807,0.3595261871814728,0.9331349730491638,0.3677600920200348,0.12156453728675842,-1.6742219924926758,1.2801417112350464,0.47523465752601624,0.8798590898513794,0.49523070454597473,0.11570847034454346,-0.053275905549526215,0.12747062742710114,-0.1419705134215439,-146.47710770166591,0.0,0.0
16.16,808,0.3611621558666229,0.9325030446052551,0.3695138692855835,0.08768968284130096,-1.6937429904937744,1.274706244468689,0.47661980986595154,0.8791095614433289,0.49680566787719727,0.11545763164758682,-0.053393494337797165,0.12729178369045258,-0.1419655892015329,-146.61907329086745,0.0,0.0
16.18,809,0.3621610999107361,0.9321154952049255,0.3705853223800659,0.05357266962528229,-1.7058504819869995,1.2729179859161377,0.47772809863090515,0.8785077333450317,0.49806681275367737,0.11556702107191086,-0.05360777676105499,0.12748147547245026,-0.1424235398762912,-146.76149683074374,0.0,0.0
16.2,810,0.36252203583717346,0.9319751858711243,0.37097257375717163,0.019362710416316986,-1.7104980945587158,1.2748148441314697,0.4785594642162323,0.8780551552772522,0.49901336431503296,0.11603742837905884,-0.05392004922032356,0.12804077565670013,-0.1433457588675613,-146.9048425896113,0.0,0.0
16.22,811,0.3622463047504425,0.9320824146270752,0.37067675590515137,-0.014790810644626617,-1.7076760530471802,1.2804077863693237,0.47911372780799866,0.8777528405189514,0.4996447265148163,0.11686741560697556,-0.05432957410812378,0.12896797060966492,-0.1447310395775125,-147.0495736291888,0.0,0.0
16.240000000000002,812,0.3613375723361969,0.9324350953102112,0.36970198154449463,-0.04873906821012497,-1.6974129676818848,1.2896796464920044,0.4793908894062042,0.8776015043258667,0.4999605119228363,0.11805332452058792,-0.054833583533763885,0.13025853037834167,-0.14657547612426386,-147.19614910531308,0.0,0.0
16.26,813,0.35980165004730225,0.9330288171768188,0.3680552840232849,-0.08233455568552017,-1.679774522781372,1.302585244178772,0.4793908894062042,0.8776015043258667,0.4999605119228363,0.11958924680948257,-0.05542733147740364,0.1319052278995514,-0.14887250181459216,-147.34502160712768,0.0,0.0
16.28,814,0.3576466739177704,0.9338569641113281,0.3657466471195221,-0.11543183773756027,-1.654863953590393,1.3190522193908691,0.47911372780799866,0.8777528405189514,0.4996447265148163,0.12146706879138947,-0.0561041533946991,0.1338980793952942,-0.1516128413017971,-147.49663444842946,0.0,0.0
16.3,815,0.35488298535346985,0.9349107146263123,0.3627888858318329,-0.14788825809955597,-1.6228210926055908,1.3389806747436523,0.4785594642162323,0.8780551552772522,0.49901336431503296,0.12367647886276245,-0.05685557797551155,0.13622447848320007,-0.15478452754335598,-147.65141897597283,0.0,0.0
16.32,816,0.35152316093444824,0.9361791610717773,0.35919758677482605,-0.1795646995306015,-1.5838221311569214,1.362244725227356,0.47772809863090515,0.8785077333450317,0.49806681275367737,0.1262049525976181,-0.0576714426279068,0.13886921107769012,-0.15837287330120195,-147.80979184927403,0.0,0.0
16.34,817,0.34758198261260986,0.9376496076583862,0.35499107837677,-0.21032628417015076,-1.538078784942627,1.3886921405792236,0.47661980986595154,0.8791095614433289,0.49680566787719727,0.1290377974510193,-0.05854006111621857,0.14181458950042725,-0.16236039929838414,-147.97215224857243,0.0,0.0
16.36,818,0.3430764675140381,0.939307451248169,0.3501902222633362,-0.2400430291891098,-1.4858378171920776,1.418146014213562,0.47523465752601624,0.8798590898513794,0.49523070454597473,0.13215817511081696,-0.05944838374853134,0.14504049718379974,-0.1667268358240555,-148.13887908439648,0.0,0.0
16.38,819,0.3380257785320282,0.9411368370056152,0.3448184132575989,-0.26859062910079956,-1.427379846572876,1.4504048824310303,0.47357288002967834,0.8807546496391296,0.49334296584129333,0.13554710149765015,-0.060382213443517685,0.14852456748485565,-0.17144905025221277,-148.3103281346487,0.0,0.0
16.4,820,0.3324511647224426,0.9431204795837402,0.3389013707637787,-0.2958509922027588,-1.3630181550979614,1.485245704650879,0.4716346263885498,0.8817940354347229,0.4911436140537262,0.13918347656726837,-0.06132641062140465,0.1522422432899475,-0.17650113389536384,-148.48682926854406,0.0,0.0
16.42,821,0.3263760507106781,0.9452400207519531,0.33246710896492004,-0.3217129707336426,-1.2930982112884521,1.5224223136901855,0.4694202244281769,0.8829748630523682,0.48863404989242554,0.14304420351982117,-0.06226513162255287,0.1561669409275055,-0.18185419253543322,-148.6686834610795,0.0,0.0
16.44,822,0.31982582807540894,0.947476327419281,0.32554566860198975,-0.34607288241386414,-1.217995524406433,1.5616693496704102,0.46692997217178345,0.8842942714691162,0.4858158528804779,0.1471041440963745,-0.0631820559501648,0.16027019917964935,-0.18747649777214676,-148.85615995885163,0.0,0.0
16.46,823,0.3128279447555542,0.9498097896575928,0.318168967962265,-0.3688351511955261,-1.1381144523620605,1.6027019023895264,0.46416425704956055,0.8857491612434387,0.48269081115722656,0.15133629739284515,-0.06406066566705704,0.16452185809612274,-0.19333342790953645,-149.04949338676118,0.0,0.0
16.48,824,0.3054116368293762,0.9522204399108887,0.31037071347236633,-0.3899129033088684,-1.0538864135742188,1.6452184915542603,0.4611234664916992,0.8873359560966492,0.4792608916759491,0.1557118147611618,-0.06488443166017532,0.16889019310474396,-0.1993875497980351,-149.24888093655923,0.0,0.0
16.5,825,0.29760798811912537,0.9546881318092346,0.30218613147735596,-0.40922823548316956,-0.965768039226532,1.6889019012451172,0.45780816674232483,0.8890510201454163,0.4755282700061798,0.16020016372203827,-0.06563715636730194,0.17334212362766266,-0.205598651911806,-149.45447958847103,0.0,0.0
16.52,826,0.28944969177246094,0.9571932554244995,0.29365187883377075,-0.4267130196094513,-0.8742387294769287,1.7334213256835938,0.45421892404556274,0.8908901214599609,0.47149527072906494,0.1647692173719406,-0.06630311906337738,0.1778433918952942,-0.21192388965519549,-149.66640347812623,0.0,0.0
16.54,827,0.2809709906578064,0.959716260433197,0.28480568528175354,-0.4423089921474457,-0.7797989249229431,1.778433918952942,0.4503563940525055,0.8928488492965698,0.46716445684432983,0.1693854182958603,-0.0668673887848854,0.1823587715625763,-0.21831784826270606,-149.88472132638893,0.0,0.0
16.56,828,0.2722074091434479,0.962238609790802,0.2756863236427307,-0.45596835017204285,-0.6829667091369629,1.8235876560211182,0.44622138142585754,0.8949226140975952,0.46253859996795654,0.17401398718357086,-0.06731599569320679,0.18685227632522583,-0.22473284577382766,-150.10945417216274,0.0,0.0
16.580000000000002,829,0.2631957530975342,0.9647424817085266,0.2663332521915436,-0.4676538407802582,-0.5842751860618591,1.8685227632522583,0.4418147802352905,0.8971062898635864,0.4576205909252167,0.17861902713775635,-0.0676361545920372,0.1912873387336731,-0.23111911915272793,-150.34057329131548,0.0,0.0
16.6,830,0.25397369265556335,0.967211127281189,0.2567864656448364,-0.4773392677307129,-0.4842706322669983,1.912873387336731,0.43713751435279846,0.899394690990448,0.45241352915763855,0.1831638067960739,-0.06781644374132156,0.19562706351280212,-0.23742497000663723,-150.5779982613221,0.0,0.0
16.62,831,0.24457977712154388,0.969629168510437,0.2470862716436386,-0.48500943183898926,-0.3835083246231079,1.9562705755233765,0.43219074606895447,0.901782214641571,0.4469207227230072,0.18761096894741058,-0.06784696131944656,0.1998344361782074,-0.24359719811623798,-150.82159545943836,0.0,0.0
16.64,832,0.23505297303199768,0.9719825387001038,0.23727306723594666,-0.4906603991985321,-0.28254950046539307,1.9983444213867188,0.42697566747665405,0.9042630791664124,0.4411455988883972,0.19192270934581757,-0.06771945208311081,0.20387254655361176,-0.24958145752369462,-151.07117691696206,0.0,0.0
16.66,833,0.22542130947113037,0.9742614030838013,0.22737546265125275,-0.49488046765327454,-0.21100249886512756,2.0,0.4214937090873718,0.9068313241004944,0.43509188294410706,0.19607239961624146,-0.0674300566315651,0.2077164202928543,-0.2537701378189483,-151.324947054781,0.0,0.0
16.68,834,0.21571290493011475,0.9764568209648132,0.21742185950279236,-0.49768003821372986,-0.1399793177843094,2.0,0.41574639081954956,0.9094805717468262,0.42876332998275757,0.20003348588943481,-0.06697624176740646,0.2113414704799652,-0.25767002282294116,-151.58261707760394,0.0,0.0
16.7,835,0.2059563249349594,0.9785611629486084,0.20744088292121887,-0.49904894828796387,-0.06844466179609299,2.0,0.40973538160324097,0.9122044444084167,0.4221639633178711,0.20377907156944275,-0.06635676324367523,0.21472308039665222,-0.26132244867525206,-151.8439395262792,0.0,0.0
16.72,836,0.1961805522441864,0.9805678129196167,0.19746126234531403,-0.4989811182022095,0.0033906905446201563,2.0,0.40346255898475647,0.9149961471557617,0.4152979552745819,0.20728200674057007,-0.06557163596153259,0.21783669292926788,-0.2647027045478324,-152.10864223082703,0.0,0.0
16.740000000000002,837,0.18641485273838043,0.9824711084365845,0.18751175701618195,-0.4974748492240906,0.07531333714723587,2.0,0.3969299793243408,0.9178488850593567,0.40816962718963623,0.21051514148712158,-0.06462223082780838,0.22065787017345428,-0.2677861937067312,-152.37642842453377,0.0,0.0
16.76,838,0.17668861150741577,0.9842668175697327,0.17762111127376556,-0.4945327043533325,0.1471080332994461,2.0,0.3901398777961731,0.9207556247711182,0.4007834792137146,0.21345125138759613,-0.0635111927986145,0.22316238284111023,-0.27054851961102555,-152.6469769441448,0.0,0.0
16.78,839,0.16703128814697266,0.9859516024589539,0.1678178757429123,-0.4901615381240845,0.21855852007865906,2.0,0.3830946385860443,0.9237090945243835,0.3931442201137543,0.21606336534023285,-0.062242500483989716,0.22532634437084198,-0.2729656022152987,-152.9199425463601,0.0,0.0
16.8,840,0.15747223794460297,0.9875234365463257,0.15813042223453522,-0.4843725562095642,0.28944841027259827,2.0,0.37579697370529175,0.9267020225524902,0.3852566182613373,0.2183247208595276,-0.06082138791680336,0.22712619602680206,-0.27501379433196177,-153.19495634069204,0.0,0.0
16.82,841,0.14804065227508545,0.9889812469482422,0.14858679473400116,-0.4771813154220581,0.3595620095729828,2.0,0.36824968457221985,0.9297269582748413,0.37712568044662476,0.2202090173959732,-0.05925433710217476,0.2285388857126236,-0.2766698188941245,-153.47162615958618,0.0,0.0
16.84,842,0.13876540958881378,0.9903252720832825,0.1392146497964859,-0.4686076045036316,0.4286852180957794,2.0,0.36045587062835693,0.9327762722969055,0.36875656247138977,0.22169046103954315,-0.05754901096224785,0.22954191267490387,-0.2779110334124328,-153.74953719299862,0.0,0.0
16.86,843,0.12967492640018463,0.9915565848350525,0.13004113733768463,-0.4586755037307739,0.49660634994506836,2.0,0.35241883993148804,0.9358423948287964,0.36015450954437256,0.2227438986301422,-0.05571417883038521,0.23011337220668793,-0.2787154252358828,-154.0282526182345,0.0,0.0
16.88,844,0.12079714983701706,0.9926772117614746,0.12109287083148956,-0.4474131464958191,0.5631170272827148,2.0,0.3441421687602997,0.9389175772666931,0.35132497549057007,0.22334501147270203,-0.053759656846523285,0.2302321046590805,-0.2790616353019173,-154.30731425353642,0.0,0.0
16.9,845,0.11215931922197342,0.9936902523040771,0.11239581555128098,-0.4348528981208801,0.6280129551887512,2.0,0.3356296420097351,0.9419940114021301,0.3422735631465912,0.2234703153371811,-0.051696207374334335,0.22987774014472961,-0.2789291590580439,-154.58624341259446,0.0,0.0
16.92,846,0.10378795117139816,0.994599461555481,0.10397519916296005,-0.42103099822998047,0.6910948157310486,2.0,0.32688531279563904,0.9450640082359314,0.3330059349536896,0.22309733927249908,-0.04953542724251747,0.22903074324131012,-0.27829836660896007,-154.86454177920342,0.0,0.0
16.94,847,0.09570872038602829,0.995409369468689,0.09585544466972351,-0.40598762035369873,0.7521687746047974,2.0,0.3179134726524353,0.9481196999549866,0.323527991771698,0.2222047597169876,-0.0472896546125412,0.2276725322008133,-0.27715049079627385,-155.1416922699997,0.0,0.0
16.96,848,0.0879463404417038,0.9961252212524414,0.08806011080741882,-0.389766663312912,0.8110476136207581,2.0,0.308718740940094,0.9511533975601196,0.313845694065094,0.2207724004983902,-0.04497184231877327,0.22578556835651398,-0.2754678809452065,-155.4171601509449,0.0,0.0
16.98,849,0.0805245190858841,0.9967526197433472,0.08061179518699646,-0.3724156320095062,0.8675510287284851,2.0,0.29930591583251953,0.9541571736335754,0.30396515130996704,0.21878141164779663,-0.042595427483320236,0.22335335612297058,-0.2732338961580712,-155.69039404710298,0.0,0.0
17.0,850,0.07346583902835846,0.9972977042198181,0.0735320895910263,-0.3539855182170868,0.921506404876709,2.0,0.2896801233291626,0.9571235179901123,0.29389262199401855,0.21621429920196533,-0.0401742197573185,0.22036053240299225,-0.27043306375059206,-155.9608271108536,0.0,0.0
17.02,851,0.06679171323776245,0.99776691198349,0.0668414756655693,-0.3345305323600769,0.9727495312690735,2.0,0.27984675765037537,0.9600446820259094,0.2836344838142395,0.21305502951145172,-0.037722256034612656,0.2167930006980896,-0.26705114497017834,-156.22787825582375,0.0,0.0
17.04,852,0.060522306710481644,0.9981668591499329,0.06055931746959686,-0.3141080439090729,1.0211248397827148,2.0,0.2698114216327667,0.9629132151603699,0.2731971740722656,0.20928910374641418,-0.03525365889072418,0.21263785660266876,-0.2630751673880385,-156.4909534232118,0.0,0.0
17.06,853,0.054676469415426254,0.998504102230072,0.05470374971628189,-0.2927783131599426,1.066486120223999,2.0,0.2595800459384918,0.965721607208252,0.262587308883667,0.20490357279777527,-0.032782528549432755,0.2078835666179657,-0.25849342377284357,-156.74944684698465,0.0,0.0
17.080000000000002,854,0.049271706491708755,0.9987854361534119,0.049291662871837616,-0.27060437202453613,1.1086970567703247,2.0,0.2491588294506073,0.9684626460075378,0.25181159377098083,0.19988712668418884,-0.03032277710735798,0.20251993834972382,-0.25329564589023823,-157.0027424928749,0.0,0.0
17.1,855,0.044324103742837906,0.9990171790122986,0.04433862864971161,-0.24765174090862274,1.147631049156189,2.0,0.2385542392730713,0.9711291790008545,0.24087683856487274,0.19423013925552368,-0.02788802981376648,0.19653820991516113,-0.24747296564594498,-157.25021545852084,0.0,0.0
17.12,856,0.03983793035149574,0.9992061257362366,0.03984847664833069,-0.22450757026672363,1.1572089195251465,1.9653820991516113,0.22777298092842102,0.973714292049408,0.22978992760181427,0.18793505430221558,-0.02549188956618309,0.18994145095348358,-0.2396556298955396,-157.48987108841638,0.0,0.0
17.14,857,0.03580661863088608,0.9993587136268616,0.03581427410244942,-0.20171011984348297,1.1398723125457764,1.8994145393371582,0.2168220430612564,0.9762111306190491,0.21855787932872772,0.18101541697978973,-0.023147590458393097,0.1827436089515686,-0.2300534078502517,-157.71992449626663,0.0,0.0
17.16,858,0.032220371067523956,0.9994807839393616,0.03222595155239105,-0.1794162392616272,1.1146939992904663,1.827436089515686,0.20570865273475647,0.9786132574081421,0.20718778669834137,0.17348827421665192,-0.02086750976741314,0.17496183514595032,-0.21972715474541746,-157.93965165101204,0.0,0.0
17.18,859,0.029066283255815506,0.9995774626731873,0.029070377349853516,-0.15777863562107086,1.0818804502487183,1.749618411064148,0.1944403052330017,0.9809143543243408,0.19568683207035065,0.1653740257024765,-0.018663134425878525,0.16661645472049713,-0.20872905397841812,-158.14838070499047,0.0,0.0
17.2,860,0.02632843516767025,0.9996533393859863,0.026331478729844093,-0.1369449347257614,1.0416849851608276,1.666164517402649,0.18302473425865173,0.9831082820892334,0.18406227231025696,0.15669628977775574,-0.016545036807656288,0.1577308028936386,-0.19711639660195024,-158.34549710159243,0.0,0.0
17.22,861,0.023988040164113045,0.9997122287750244,0.023990342393517494,-0.11705683171749115,0.9944049119949341,1.577307939529419,0.17146988213062286,0.9851893782615662,0.17232146859169006,0.14748184382915497,-0.014522884041070938,0.14833112061023712,-0.1849509337219391,-158.53044803531438,0.0,0.0
17.240000000000002,862,0.022023577243089676,0.9997574687004089,0.02202535793185234,-0.09824921190738678,0.9403810501098633,1.4833112955093384,0.1597839742898941,0.9871519804000854,0.1604718118906021,0.13776038587093353,-0.012605445459485054,0.13844645023345947,-0.17229823404463082,-158.702746269359,0.0,0.0
17.26,863,0.02041095308959484,0.99979168176651,0.020412370562553406,-0.08064932376146317,0.87999427318573,1.3844645023345947,0.1479753702878952,0.9889910221099854,0.1485207974910736,0.1275644153356552,-0.010800627991557121,0.1281084269285202,-0.15922686136454506,-158.86197313072356,0.0,0.0
17.28,864,0.019123684614896774,0.9998171329498291,0.019124850630760193,-0.06437604874372482,0.8136639595031738,1.2810842990875244,0.1360526978969574,0.9907016158103943,0.13647596538066864,0.11692901700735092,-0.009115524590015411,0.11735111474990845,-0.14580771607694615,-159.0077808468005,0.0,0.0
17.3,865,0.018133074045181274,0.9998356103897095,0.018134066835045815,-0.049539145082235336,0.7418449521064758,1.1735111474990845,0.12402476370334625,0.9922791123390198,0.12434494495391846,0.10589168965816498,-0.007556458935141563,0.1062108725309372,-0.13211318221576132,-159.13989402901626,0.0,0.0
17.32,866,0.01740841567516327,0.999848484992981,0.017409294843673706,-0.036238640546798706,0.6650252342224121,1.0621087551116943,0.11190052330493927,0.9937193989753723,0.1121353805065155,0.094492107629776,-0.006129048299044371,0.0947260856628418,-0.11821640093328004,-159.25811042994954,0.0,0.0
17.34,867,0.01691720262169838,0.9998568892478943,0.016918011009693146,-0.024564199149608612,0.5837221741676331,0.947260856628418,0.09968913346529007,0.9950186610221863,0.09985499083995819,0.08277192711830139,-0.004838262218981981,0.08293697983026505,-0.10419040130048633,-159.36230083125002,0.0,0.0
17.36,868,0.016625352203845978,0.9998617768287659,0.01662611775100231,-0.014594594947993755,0.4984801709651947,0.8293697834014893,0.08739987760782242,0.9961733222007751,0.08751153200864792,0.07077452540397644,-0.003688480006530881,0.07088541239500046,-0.09010741486075363,-159.4524082461108,0.0,0.0
17.38,869,0.016497425734996796,0.9998639225959778,0.016498172655701637,-0.006397257559001446,0.4098668694496155,0.7088541388511658,0.07504218071699142,0.9971803426742554,0.07511279731988907,0.05854475870728493,-0.0026835480239242315,0.05861462280154228,-0.0760381003040608,-159.52844634641485,0.0,0.0
17.400000000000002,870,0.016496868804097176,0.9998639225959778,0.016497615724802017,-2.7861973649123684e-05,0.318469762802124,0.5861462354660034,0.06262560933828354,0.9980370998382568,0.06266661733388901,0.046128738671541214,-0.0018268272979184985,0.04616900160908699,-0.0620508551536625,-159.59049720156852,0.0,0.0
17.42,871,0.01658625528216362,0.9998624324798584,0.016587017104029655,0.00446999492123723,0.22489283978939056,0.4616900086402893,0.05015980079770088,0.9987412095069885,0.05018085613846779,0.03357354551553726,-0.0011212336830794811,0.03359384089708328,-0.04821117780367939,-159.6387083793722,0.0,0.0
17.44,872,0.016727536916732788,0.9998601078987122,0.016728317365050316,0.007065050769597292,0.12975279986858368,0.33593839406967163,0.03765450045466423,0.9992908239364624,0.037663403898477554,0.020926961675286293,-0.000569267082028091,0.02093508467078209,-0.034581085014429976,-159.6732894643866,0.0,0.0
17.46,873,0.016882285475730896,0.999857485294342,0.016883088275790215,0.007738558109849691,0.033675357699394226,0.20935086905956268,0.025119516998529434,0.9996844530105591,0.025122158229351044,0.008237230591475964,-0.00017302889318671077,0.008239070884883404,-0.02121859338479815,-159.6945080577714,0.0,0.0
17.48,874,0.01701195538043976,0.9998552799224854,0.01701277680695057,0.006484386045485735,-0.06270859390497208,0.082390695810318,0.01256471686065197,0.9999210834503174,0.012565047480165958,-0.004447238519787788,6.577461317647249e-05,-0.004447728395462036,-0.008177264408692275,-159.7026853221801,0.0,0.0
17.5,875,0.017078127712011337,0.9998541474342346,0.017078956589102745,0.0033090543001890182,-0.15876659750938416,-0.04447728767991066,4.2862638516991895e-16,1.0,4.2862638516991895e-16,-0.017078127712011337,0.00014584184100385755,-0.017078956589102745,-0.00453369199039196,-159.70721901417048,0.0,0.0
17.52,876,0.017042765393853188,0.9998547434806824,0.017043590545654297,-0.0017683173064142466,-0.25386857986450195,-0.17078956961631775,-0.01256471686065197,0.9999210834503174,-0.012565047480165958,-0.029607482254505157,6.62993043079041e-05,-0.02960863895714283,-0.017335281612225657,-159.7245542957827,0.0,0.0
17.54,877,0.0168684683740139,0.9998577237129211,0.01686926744878292,-0.008716129697859287,-0.34739062190055847,-0.2960863709449768,-0.025119516998529434,0.9996844530105591,-0.025122158229351044,-0.041987985372543335,-0.0001732621167320758,-0.041991427540779114,-0.03031098718028907,-159.75486528296298,0.0,0.0
17.56,878,0.01651870645582676,0.9998635649681091,0.01651945896446705,-0.017490502446889877,-0.4387185871601105,-0.41991427540779114,-0.03765450045466423,0.9992908239364624,-0.037663403898477554,-0.05417320504784584,-0.0005727389943785965,-0.054182861000299454,-0.043404896327587414,-159.79827017929057,0.0,0.0
17.580000000000002,879,0.015958070755004883,0.9998726844787598,0.015958746895194054,-0.028035540133714676,-0.5272519588470459,-0.5418286323547363,-0.05015980079770088,0.9987412095069885,-0.05018085613846779,-0.06611786782741547,-0.001131456927396357,-0.0661396011710167,-0.05655793382647638,-159.85482811311704,0.0,0.0
17.6,880,0.015152493491768837,0.9998852014541626,0.015153073705732822,-0.0402836836874485,-0.6124072074890137,-0.6613960266113281,-0.06262560933828354,0.9980370998382568,-0.06266661733388901,-0.07777810096740723,-0.0018481042934581637,-0.07781969010829926,-0.06970837697873421,-159.92453649009576,0.0,0.0
17.62,881,0.01406948734074831,0.9999009966850281,0.014069951139390469,-0.0541561134159565,-0.6936215162277222,-0.7781969308853149,-0.07504218071699142,0.9971803426742554,-0.07511279731988907,-0.08911167085170746,-0.0027206598315387964,-0.08918274939060211,-0.08279247302736377,-160.00732896312311,0.0,0.0
17.64,882,0.01267834659665823,0.9999196529388428,0.012678686529397964,-0.06956323236227036,-0.7703559994697571,-0.8918274641036987,-0.08739987760782242,0.9961733222007751,-0.08751153200864792,-0.10007822513580322,-0.003746317233890295,-0.10019021481275558,-0.09574504666063063,-160.10307400978374,0.0,0.0
17.66,883,0.010950363241136074,0.999940037727356,0.010950582101941109,-0.08640521764755249,-0.8420989513397217,-1.0019022226333618,-0.09968913346529007,0.9950186610221863,-0.09985499083995819,-0.11063949018716812,-0.0049214111641049385,-0.11080557107925415,-0.10850019431179479,-160.21157420409554,0.0,0.0
17.68,884,0.008859015069901943,0.9999607801437378,0.008859130553901196,-0.104572594165802,-0.9083688855171204,-1.1080557107925415,-0.11190052330493927,0.9937193989753723,-0.1121353805065155,-0.12075953930616379,-0.006241344381123781,-0.12099450826644897,-0.12099199642817625,-160.33256620052373,0.0,0.0
17.7,885,0.006380148231983185,0.9999796748161316,0.0063801915384829044,-0.12394694238901138,-0.9687175750732422,-1.2099450826644897,-0.12402476370334625,0.9922791123390198,-0.12434494495391846,-0.13040490448474884,-0.0077005233615636826,-0.13072513043880463,-0.13315524386173774,-160.46572144438548,0.0,0.0
17.72,886,0.0034921527840197086,0.9999939203262329,0.0034921597689390182,-0.14440159499645233,-1.0227324962615967,-1.3072513341903687,-0.1360526978969574,0.9907016158103943,-0.13647596538066864,-0.13954485952854156,-0.0092923017218709,-0.1399681270122528,-0.14492616608999967,-160.61064761047547,0.0,0.0
17.740000000000002,887,0.0001761121820891276,1.0,0.0001761121820891276,-0.16580237448215485,-1.0700393915176392,-1.3996812105178833,-0.1479753702878952,0.9889910221099854,-0.1485207974910736,-0.1481514871120453,-0.01100893784314394,-0.1486968994140625,-0.15624315362458946,-160.76689076410005,0.0,0.0
17.76,888,-0.003584049642086029,0.9999935626983643,-0.0035840573254972696,-0.18800848722457886,-1.1103049516677856,-1.4869691133499146,-0.1597839742898941,0.9871519804000854,-0.1604718118906021,-0.15619991719722748,-0.012841571122407913,-0.15688775479793549,-0.16704751100759233,-160.93393827510764,0.0,0.0
17.78,889,-0.007801443338394165,0.9999695420265198,-0.007801522500813007,-0.21087324619293213,-1.1432381868362427,-1.5688775777816772,-0.17146988213062286,0.9851893782615662,-0.17232146859169006,-0.1636684387922287,-0.01478020753711462,-0.16451993584632874,-0.17728405707647737,-161.11122233218413,0.0,0.0
17.8,890,-0.012486100196838379,0.9999220371246338,-0.012486424297094345,-0.23424509167671204,-1.1685926914215088,-1.6451994180679321,-0.18302473425865173,0.9831082820892334,-0.18406227231025696,-0.17053863406181335,-0.0168137364089489,-0.1715758591890335,-0.18690185702242318,-161.29812418920656,0.0,0.0
17.82,891,-0.01764487847685814,0.9998443126678467,-0.01764579303562641,-0.2579684555530548,-1.1861681938171387,-1.7157584428787231,-0.1944403052330017,0.9809143543243408,-0.19568683207035065,-0.17679542303085327,-0.018929963931441307,-0.17804104089736938,-0.19585475038687228,-161.49397893959343,0.0,0.0
17.84,892,-0.023281384259462357,0.9997289776802063,-0.02328348718583584,-0.28188470005989075,-1.1958117485046387,-1.7804104089736938,-0.20570865273475647,0.9786132574081421,-0.20718778669834137,-0.1824272722005844,-0.02111567184329033,-0.18390430510044098,-0.2041019559553971,-161.69808089554883,0.0,0.0
17.86,893,-0.02939591370522976,0.9995678663253784,-0.02940014936029911,-0.3058330714702606,-1.1974188089370728,-1.8390430212020874,-0.2168220430612564,0.9762111306190491,-0.21855787932872772,-0.1874261200428009,-0.02335670031607151,-0.18915773928165436,-0.21160842896164442,-161.90968932451048,0.0,0.0
17.88,894,-0.03598541393876076,0.9993523359298706,-0.03599318489432335,-0.32965174317359924,-1.1909338235855103,-1.8915772438049316,-0.22777298092842102,0.973714292049408,-0.22978992760181427,-0.19178757071495056,-0.025638051331043243,-0.19379673898220062,-0.2183453422758923,-162.12803466678636,0.0,0.0
17.900000000000002,895,-0.043043456971645355,0.9990732073783875,-0.04305675998330116,-0.3531787693500519,-1.1763509511947632,-1.9379674196243286,-0.2385542392730713,0.9711291790008545,-0.24087683856487274,-0.19551078975200653,-0.02794402651488781,-0.19782008230686188,-0.2242903460488884,-162.35232501283525,0.0,0.0
17.92,896,-0.050560254603624344,0.9987210035324097,-0.05058182030916214,-0.37625303864479065,-1.1537141799926758,-1.9782007932662964,-0.2491588294506073,0.9684626460075378,-0.25181159377098083,-0.19859857857227325,-0.030258378013968468,-0.2012297809123993,-0.22942780185826084,-162.58175281469352,0.0,0.0
17.94,897,-0.05851898714900017,0.9982863068580627,-0.058552440255880356,-0.3985309302806854,-1.1138933897018433,-2.0,-0.2595800459384918,0.965721607208252,-0.262587308883667,-0.20106105506420135,-0.03256469964981079,-0.20403487980365753,-0.23325915491192364,-162.81501196960545,0.0,0.0
17.96,898,-0.06689486652612686,0.9977600574493408,-0.06694485992193222,-0.41962096095085144,-1.0545016527175903,-2.0,-0.2698114216327667,0.9629132151603699,-0.2731971740722656,-0.20291654765605927,-0.034846846014261246,-0.206252321600914,-0.2356424509441539,-163.0506544205496,0.0,0.0
17.98,899,-0.07566173374652863,0.9971335530281067,-0.07573410868644714,-0.43946266174316406,-0.9920852184295654,-2.0,-0.27984675765037537,0.9600446820259094,-0.2836344838142395,-0.20418500900268555,-0.03708885610103607,-0.20790036022663116,-0.2374630629561884,-163.28811748350577,0.0,0.0
18.0,900,-0.08479216694831848,0.9963986873626709,-0.084894098341465,-0.45799943804740906,-0.9268389344215393,-2.0,-0.2896801233291626,0.9571235179901123,-0.29389262199401855,-0.2048879712820053,-0.0392751470208168,-0.20899853110313416,-0.2387403839458571,-163.52685786745164,0.0,0.0
18.02,901,-0.09425754100084305,0.9955478310585022,-0.09439767897129059,-0.4751787781715393,-0.8589666485786438,-2.0,-0.29930591583251953,0.9541571736335754,-0.30396515130996704,-0.20504838228225708,-0.04139064624905586,-0.20956747233867645,-0.23949494670510366,-163.76635281415673,0.0,0.0
18.04,902,-0.10402817279100418,0.9945743680000305,-0.10421672463417053,-0.49095240235328674,-0.788680911064148,-2.0,-0.308718740940094,0.9511533975601196,-0.313845694065094,-0.2046905755996704,-0.043420977890491486,-0.20962895452976227,-0.23974842823024997,-164.006101242387,0.0,0.0
18.06,903,-0.11407338827848434,0.9934723377227783,-0.1143222525715828,-0.5052764415740967,-0.7162020206451416,-2.0,-0.3179134726524353,0.9481196999549866,-0.323527991771698,-0.20384009182453156,-0.045352596789598465,-0.2092057317495346,-0.2395234423955756,-164.24562468478257,0.0,0.0
18.080000000000002,904,-0.12436167150735855,0.9922369718551636,-0.12468448281288147,-0.5181115865707397,-0.6417571902275085,-2.0,-0.32688531279563904,0.9450640082359314,-0.3330059349536896,-0.2025236338376999,-0.04717293754220009,-0.2083214521408081,-0.23884350864686968,-164.48446819342945,0.0,0.0
18.1,905,-0.13486076891422272,0.9908645749092102,-0.13527294993400574,-0.529423177242279,-0.5655798316001892,-2.0,-0.3356296420097351,0.9419940114021301,-0.3422735631465912,-0.2007688581943512,-0.04887052997946739,-0.20700061321258545,-0.23773298844806587,-164.72220118187752,0.0,0.0
18.12,906,-0.1455378383398056,0.9893527030944824,-0.14605657756328583,-0.5391813516616821,-0.4879085123538971,-2.0,-0.3441421687602997,0.9389175772666931,-0.35132497549057007,-0.19860433042049408,-0.050435133278369904,-0.20526841282844543,-0.23621698985101092,-164.95841817172854,0.0,0.0
18.14,907,-0.15635955333709717,0.9877002239227295,-0.15700379014015198,-0.5473610758781433,-0.40898609161376953,-2.0,-0.35241883993148804,0.9358423948287964,-0.36015450954437256,-0.19605927169322968,-0.05185781791806221,-0.20315071940422058,-0.2343211809717064,-165.19273935270024,0.0,0.0
18.16,908,-0.16729231178760529,0.9859073162078857,-0.16808263957500458,-0.5539422035217285,-0.3290584981441498,-2.0,-0.36045587062835693,0.9327762722969055,-0.36875656247138977,-0.19316354393959045,-0.053131066262722015,-0.2006739228963852,-0.23207187040358618,-165.42481122310383,0.0,0.0
18.18,909,-0.17830230295658112,0.9839757680892944,-0.17926083505153656,-0.5589097142219543,-0.24837394058704376,-2.0,-0.36824968457221985,0.9297269582748413,-0.37712568044662476,-0.18994736671447754,-0.05424881726503372,-0.1978648602962494,-0.2294957291328122,-165.65430695223665,0.0,0.0
18.2,910,-0.18934938311576843,0.9819097518920898,-0.19049949944019318,-0.5619331002235413,-0.1511680632829666,-1.9786484241485596,-0.37579697370529175,0.9267020225524902,-0.3852566182613373,-0.18644759058952332,-0.0552077516913414,-0.1947571337223053,-0.22577668340494284,-165.8800836356416,0.0,0.0
18.22,911,-0.2003907561302185,0.9797160625457764,-0.20175674557685852,-0.5628624558448792,-0.046467892825603485,-1.9475712776184082,-0.3830946385860443,0.9237090945243835,-0.3931442201137543,-0.182703897356987,-0.056006960570812225,-0.19138747453689575,-0.22143021207097346,-166.10151384771257,0.0,0.0
18.240000000000002,912,-0.21138323843479156,0.9774032831192017,-0.2129899561405182,-0.561660885810852,0.06007619947195053,-1.9138747453689575,-0.3901398777961731,0.9207556247711182,-0.4007834792137146,-0.17875662446022034,-0.0566476508975029,-0.1877935379743576,-0.21678342493310038,-166.31829727264568,0.0,0.0
18.26,913,-0.22228358685970306,0.9749820828437805,-0.22415603697299957,-0.5583036541938782,0.16786307096481323,-1.8779351711273193,-0.3969299793243408,0.9178488850593567,-0.40816962718963623,-0.17464639246463776,-0.05713316425681114,-0.18401359021663666,-0.21189385021432883,-166.53019112286,0.0,0.0
18.28,914,-0.23304875195026398,0.9724650382995605,-0.2352115958929062,-0.5527779459953308,0.27628594636917114,-1.840135931968689,-0.40346255898475647,0.9149961471557617,-0.4152979552745819,-0.1704138070344925,-0.057468902319669724,-0.18008635938167572,-0.20681903674791213,-166.7370101596079,0.0,0.0
18.3,915,-0.24363619089126587,0.9698666930198669,-0.24611325562000275,-0.5450831651687622,0.38473770022392273,-1.8008636236190796,-0.40973538160324097,0.9122044444084167,-0.4221639633178711,-0.1660992056131363,-0.057662270963191986,-0.17605070769786835,-0.20161579700352716,-166.93862595661145,0.0,0.0
18.32,916,-0.2540040910243988,0.9672031402587891,-0.25681787729263306,-0.5352308750152588,0.4926135540008545,-1.7605071067810059,-0.41574639081954956,0.9094805717468262,-0.42876332998275757,-0.16174231469631195,-0.057722561061382294,-0.1719454526901245,-0.19633994057515403,-167.1349658971866,0.0,0.0
18.34,917,-0.2641116678714752,0.9644920825958252,-0.26728275418281555,-0.5232446193695068,0.5993152856826782,-1.7194545269012451,-0.4214937090873718,0.9068313241004944,-0.43509188294410706,-0.1573820561170578,-0.0576607882976532,-0.1678091138601303,-0.19104580364263613,-167.3260117008292,0.0,0.0
18.36,918,-0.27391940355300903,0.9617526531219482,-0.27746596932411194,-0.509159505367279,0.7042548656463623,-1.6780911684036255,-0.42697566747665405,0.9042630791664124,-0.4411455988883972,-0.1530562788248062,-0.0574895404279232,-0.16367965936660767,-0.18578582659907164,-167.51179752742829,0.0,0.0
18.38,919,-0.28338924050331116,0.9590049982070923,-0.2873263955116272,-0.4930223226547241,0.8068581819534302,-1.636796474456787,-0.43219074606895447,0.901782214641571,-0.4469207227230072,-0.14880149066448212,-0.05722275376319885,-0.1595943123102188,-0.18061022166824608,-167.69240774909653,0.0,0.0
18.400000000000002,920,-0.2924847900867462,0.956270158290863,-0.29682421684265137,-0.47489097714424133,0.9065673351287842,-1.5959432125091553,-0.43713751435279846,0.899394690990448,-0.45241352915763855,-0.14465273916721344,-0.05687549710273743,-0.155589297413826,-0.17556684727267344,-167.8679745963692,0.0,0.0
18.42,921,-0.3011714518070221,0.9535700082778931,-0.30592089891433716,-0.45483407378196716,1.0028454065322876,-1.555893063545227,-0.4418147802352905,0.8971062898635864,-0.4576205909252167,-0.14064332842826843,-0.056463710963726044,-0.15169967710971832,-0.17070065752922609,-168.03867525389845,0.0,0.0
18.44,922,-0.30941665172576904,0.9509265422821045,-0.3145795166492462,-0.43293052911758423,1.0951775312423706,-1.5169968605041504,-0.44622138142585754,0.8949226140975952,-0.46253859996795654,-0.1368047446012497,-0.05600396543741226,-0.14795908331871033,-0.16605387140738806,-168.20472912530585,0.0,0.0
18.46,923,-0.31718990206718445,0.9483620524406433,-0.32276490330696106,-0.4092690348625183,1.183074712753296,-1.479590892791748,-0.4503563940525055,0.8928488492965698,-0.46716445684432983,-0.13316650688648224,-0.0555131733417511,-0.14439958333969116,-0.16166559575753794,-168.3663947210634,0.0,0.0
18.48,924,-0.324462890625,0.9458984136581421,-0.3304438591003418,-0.3839475214481354,1.2660754919052124,-1.4439955949783325,-0.45421892404556274,0.8908901214599609,-0.47149527072906494,-0.12975601851940155,-0.05500831827521324,-0.14105142652988434,-0.15757184464147556,-168.52396656570485,0.0,0.0
18.5,925,-0.331209659576416,0.9435572028160095,-0.33758530020713806,-0.3570725619792938,1.3437480926513672,-1.410514235496521,-0.45780816674232483,0.8890510201454163,-0.4755282700061798,-0.1265985071659088,-0.05450618267059326,-0.13794295489788055,-0.15380547843443723,-168.6777720441393,0.0,0.0
18.52,926,-0.3374064862728119,0.9413590431213379,-0.3441604673862457,-0.32875871658325195,1.415692925453186,-1.3794296979904175,-0.4611234664916992,0.8873359560966492,-0.4792608916759491,-0.12371696531772614,-0.05402306467294693,-0.13510042428970337,-0.15039606299442354,-168.8281681071337,0.0,0.0
18.54,927,-0.3430321514606476,0.9393236637115479,-0.3501430153846741,-0.29912781715393066,1.4815436601638794,-1.3510042428970337,-0.46416425704956055,0.8857491612434387,-0.48269081115722656,-0.12113208323717117,-0.05357450991868973,-0.1325477957725525,-0.14736998791753322,-168.97553809505123,0.0,0.0
18.56,928,-0.3480677604675293,0.9374693632125854,-0.3555091917514801,-0.26830846071243286,1.5409680604934692,-1.3254778385162354,-0.46692997217178345,0.8842942714691162,-0.4858158528804779,-0.11886221170425415,-0.05317508429288864,-0.130306676030159,-0.14475052927109924,-169.12028862432234,0.0,0.0
18.580000000000002,929,-0.352496862411499,0.9358130097389221,-0.36023789644241333,-0.23643507063388824,1.5936702489852905,-1.303066611289978,-0.4694202244281769,0.8829748630523682,-0.48863404989242554,-0.11692336946725845,-0.05283810943365097,-0.1283961683511734,-0.1425577793485191,-169.26284640367086,0.0,0.0
18.6,930,-0.35630545020103455,0.9343695044517517,-0.3643108308315277,-0.20364724099636078,1.6393909454345703,-1.283961534500122,-0.4716346263885498,0.8817940354347229,-0.4911436140537262,-0.11532918363809586,-0.05257547274231911,-0.1268327832221985,-0.1408087786132046,-169.40365518228407,0.0,0.0
18.62,931,-0.35948190093040466,0.9331520795822144,-0.3677126169204712,-0.17008908092975616,1.6779083013534546,-1.2683277130126953,-0.47357288002967834,0.8807546496391296,-0.49334296584129333,-0.11409096419811249,-0.05239741504192352,-0.12563034892082214,-0.13951754120032048,-169.5431727234844,0.0,0.0
18.64,932,-0.36201703548431396,0.9321714639663696,-0.3704307973384857,-0.135908305644989,1.7090388536453247,-1.2563034296035767,-0.47523465752601624,0.8798590898513794,-0.49523070454597473,-0.11321762204170227,-0.05231238901615143,-0.12479992210865021,-0.13869515779291353,-169.6818678812773,0.0,0.0
18.66,933,-0.36390402913093567,0.9314364194869995,-0.372455894947052,-0.10125555098056793,1.7326375246047974,-1.2479991912841797,-0.47661980986595154,0.8791095614433289,-0.49680566787719727,-0.11271575093269348,-0.05232691019773483,-0.12434975057840347,-0.138349821366571,-169.82021770264387,0.0,0.0
18.68,934,-0.3651385009288788,0.9309532046318054,-0.37378156185150146,-0.06628359109163284,1.7485978603363037,-1.243497610092163,-0.47772809863090515,0.8785077333450317,-0.49806681275367737,-0.11258960515260696,-0.052445463836193085,-0.12428522855043411,-0.1384869586781767,-169.95870466132206,0.0,0.0
18.7,935,-0.36571836471557617,0.9307255744934082,-0.3744044899940491,-0.031146535649895668,1.7568528652191162,-1.2428524494171143,-0.4785594642162323,0.8780551552772522,-0.49901336431503296,-0.11284109950065613,-0.052670419216156006,-0.12460885941982269,-0.13910912916326956,-170.09781379048533,0.0,0.0
18.72,936,-0.3656438887119293,0.9307548403739929,-0.3743244707584381,0.004000950139015913,1.7573742866516113,-1.2460886240005493,-0.47911372780799866,0.8777528405189514,-0.4996447265148163,-0.11346986144781113,-0.0530020035803318,-0.12532025575637817,-0.1402162470446466,-170.23803003752997,0.0,0.0
18.740000000000002,937,-0.36491769552230835,0.9310398101806641,-0.3735443949699402,0.039004407823085785,1.7501729726791382,-1.2532024383544922,-0.4793908894062042,0.8776015043258667,-0.4999605119228363,-0.11447320133447647,-0.05343829467892647,-0.1264161318540573,-0.14180549229478884,-170.37983552982476,0.0,0.0
18.76,938,-0.363544762134552,0.9315767288208008,-0.37207019329071045,0.0737103745341301,1.7352983951568604,-1.2641611099243164,-0.4793908894062042,0.8776015043258667,-0.4999605119228363,-0.11584614217281342,-0.05397524684667587,-0.12789033353328705,-0.14387135647049565,-170.52370688629526,0.0,0.0
18.78,939,-0.3615323007106781,0.9323595762252808,-0.3699108362197876,0.10796715319156647,1.712838888168335,-1.2789032459259033,-0.47911372780799866,0.8777528405189514,-0.4996447265148163,-0.11758142709732056,-0.05460675060749054,-0.1297338902950287,-0.1464056000573239,-170.6701124863526,0.0,0.0
18.8,940,-0.35888993740081787,0.9333798885345459,-0.36707833409309387,0.14162558317184448,1.682921051979065,-1.297338843345642,-0.4785594642162323,0.8780551552772522,-0.49901336431503296,-0.11966950446367264,-0.0553247295320034,-0.1319350302219391,-0.14939727129462474,-170.8195097576472,0.0,0.0
18.82,941,-0.3556295335292816,0.9346269965171814,-0.36358752846717834,0.17453975975513458,1.6457090377807617,-1.319350242614746,-0.47772809863090515,0.8785077333450317,-0.49806681275367737,-0.12209858000278473,-0.05611925944685936,-0.13447926938533783,-0.1528326766416651,-170.97234243428886,0.0,0.0
18.84,942,-0.3517652153968811,0.9360882639884949,-0.3594561815261841,0.20656785368919373,1.6014044284820557,-1.3447927236557007,-0.47661980986595154,0.8791095614433289,-0.49680566787719727,-0.12485457211732864,-0.056978724896907806,-0.137349471449852,-0.15669530494671724,-171.12903773923557,0.0,0.0
18.86,943,-0.3473134934902191,0.9377490878105164,-0.35470473766326904,0.23757275938987732,1.5502451658248901,-1.3734948635101318,-0.47523465752601624,0.8798590898513794,-0.49523070454597473,-0.12792116403579712,-0.057889990508556366,-0.14052598178386688,-0.160965821316012,-171.29000356055158,0.0,0.0
18.88,944,-0.34229302406311035,0.9395932555198669,-0.3493562638759613,0.2674228549003601,1.4925051927566528,-1.4052597284317017,-0.47357288002967834,0.8807546496391296,-0.49334296584129333,-0.1312798261642456,-0.0588386096060276,-0.14398670196533203,-0.16562198422205485,-171.45562554477362,0.0,0.0
18.900000000000002,945,-0.33672481775283813,0.9416031241416931,-0.34343641996383667,0.2959927022457123,1.4284924268722534,-1.4398669004440308,-0.4716346263885498,0.8817940354347229,-0.4911436140537262,-0.13490982353687286,-0.059809040278196335,-0.14770720899105072,-0.17063871786823276,-171.62626426264185,0.0,0.0
18.92,946,-0.33063197135925293,0.9437597393989563,-0.3369731307029724,0.3231636881828308,1.3585491180419922,-1.47707200050354,-0.4694202244281769,0.8829748630523682,-0.48863404989242554,-0.13878825306892395,-0.06078488379716873,-0.15166091918945312,-0.1759878876333214,-171.80225215027517,0.0,0.0
18.94,947,-0.32403984665870667,0.9460434317588806,-0.32999664545059204,0.348824679851532,1.2830493450164795,-1.5166090726852417,-0.46692997217178345,0.8842942714691162,-0.4858158528804779,-0.14289012551307678,-0.061749137938022614,-0.15581922233104706,-0.1816384315213142,-171.9838905817965,0.0,0.0
18.96,948,-0.31697583198547363,0.9484336376190186,-0.32253921031951904,0.37287265062332153,1.2023983001708984,-1.5581920146942139,-0.46416425704956055,0.8857491612434387,-0.48269081115722656,-0.14718841016292572,-0.06268446147441864,-0.1601516157388687,-0.18755628080062722,-172.17144686259712,0.0,0.0
18.98,949,-0.3094693422317505,0.950909435749054,-0.31463491916656494,0.39521324634552,1.1170299053192139,-1.6015161275863647,-0.4611234664916992,0.8873359560966492,-0.4792608916759491,-0.15165412425994873,-0.0635734349489212,-0.16462595760822296,-0.19370441934439497,-172.3651512819415,0.0,0.0
19.0,950,-0.3015516996383667,0.9534498453140259,-0.3063197135925293,0.4157613515853882,1.0274055004119873,-1.6462595462799072,-0.45780816674232483,0.8890510201454163,-0.4755282700061798,-0.15625645220279694,-0.06439881771802902,-0.1692085564136505,-0.20004289386816487,-172.56519417580967,0.0,0.0
19.02,951,-0.29325607419013977,0.9560339450836182,-0.2976308763027191,0.43444156646728516,0.9340113997459412,-1.69208562374115,-0.45421892404556274,0.8908901214599609,-0.47149527072906494,-0.16096284985542297,-0.06514382362365723,-0.17386439442634583,-0.20652893562296631,-172.77172311143264,0.0,0.0
19.04,952,-0.28461721539497375,0.9586412310600281,-0.28860709071159363,0.45118871331214905,0.8373569846153259,-1.738644003868103,-0.4503563940525055,0.8928488492965698,-0.46716445684432983,-0.16573919355869293,-0.06579237431287766,-0.1785573661327362,-0.21311700085816113,-172.98484011229078,0.0,0.0
19.06,953,-0.27567145228385925,0.9612519145011902,-0.2792881429195404,0.4659481346607208,0.7379713654518127,-1.7855736017227173,-0.44622138142585754,0.8949226140975952,-0.46253859996795654,-0.17054995894432068,-0.06632932275533676,-0.18325047194957733,-0.21975905121493208,-173.20459916350572,0.0,0.0
19.080000000000002,954,-0.26645636558532715,0.9638469815254211,-0.2697146236896515,0.4786761701107025,0.6364010572433472,-1.8325046300888062,-0.4418147802352905,0.8971062898635864,-0.4576205909252167,-0.17535839974880219,-0.06674068421125412,-0.18790596723556519,-0.2264047201057799,-173.4310038836115,0.0,0.0
19.1,955,-0.2570107877254486,0.9664085507392883,-0.25992780923843384,0.48934030532836914,0.5332075953483582,-1.8790597915649414,-0.43713751435279846,0.899394690990448,-0.45241352915763855,-0.18012672662734985,-0.06701385229825974,-0.1924857199192047,-0.23300144152121288,-173.66400532513273,0.0,0.0
19.12,956,-0.24737432599067688,0.9689199924468994,-0.24996940791606903,0.49791958928108215,0.42896366119384766,-1.924857258796692,-0.43219074606895447,0.901782214641571,-0.4469207227230072,-0.1848164200782776,-0.06713777035474777,-0.19695129990577698,-0.2394948683952286,-173.90350019352798,0.0,0.0
19.14,957,-0.2375873476266861,0.9713661670684814,-0.23988132178783417,0.504404604434967,0.324249804019928,-1.9695130586624146,-0.42697566747665405,0.9042630791664124,-0.4411455988883972,-0.18938833475112915,-0.0671030730009079,-0.20126429200172424,-0.24582921799881194,-174.1493294115268,0.0,0.0
19.16,958,-0.22768695652484894,0.9737343788146973,-0.22970157861709595,0.5089872479438782,0.229133740067482,-2.0,-0.4214937090873718,0.9068313241004944,-0.43509188294410706,-0.19380676746368408,-0.06690306216478348,-0.2053903043270111,-0.25144402151147865,-174.40077343303827,0.0,0.0
19.18,959,-0.2177020013332367,0.9760152697563171,-0.2194593846797943,0.512109637260437,0.156119704246521,-2.0,-0.41574639081954956,0.9094805717468262,-0.42876332998275757,-0.19804438948631287,-0.06653469800949097,-0.20930394530296326,-0.25563249867553733,-174.6564059317138,0.0,0.0
19.2,960,-0.2076619267463684,0.9782006740570068,-0.2091841697692871,0.5137604475021362,0.08253839612007141,-2.0,-0.40973538160324097,0.9122044444084167,-0.4221639633178711,-0.20207345485687256,-0.06599622964859009,-0.21297979354858398,-0.2595791541804885,-174.9159850858943,0.0,0.0
19.22,961,-0.19759654998779297,0.9802834391593933,-0.19890552759170532,0.5139325261116028,0.008606628514826298,-2.0,-0.40346255898475647,0.9149961471557617,-0.4152979552745819,-0.2058660238981247,-0.0652872771024704,-0.2163924276828766,-0.2632584386334123,-175.17924352452772,0.0,0.0
19.240000000000002,962,-0.18753601610660553,0.9822577238082886,-0.18865305185317993,0.5126234292984009,-0.0654558315873146,-2.0,-0.3969299793243408,0.9178488850593567,-0.40816962718963623,-0.2093939632177353,-0.06440883874893188,-0.2195165753364563,-0.26664489937607927,-175.4458884239038,0.0,0.0
19.26,963,-0.17751066386699677,0.9841188788414001,-0.1784563511610031,0.509834885597229,-0.13942711055278778,-2.0,-0.3901398777961731,0.9207556247711182,-0.4007834792137146,-0.21262921392917633,-0.06336327642202377,-0.2223271280527115,-0.26971326923013805,-175.71560169313392,0.0,0.0
19.28,964,-0.16755087673664093,0.985863447189331,-0.1683449000120163,0.5055732131004333,-0.2130841463804245,-2.0,-0.3830946385860443,0.9237090945243835,-0.3931442201137543,-0.21554377675056458,-0.062154337763786316,-0.22479932010173798,-0.2724385855369815,-175.9880402786709,0.0,0.0
19.3,965,-0.1576870083808899,0.9874891638755798,-0.15834790468215942,0.4998491406440735,-0.2862034738063812,-2.0,-0.37579697370529175,0.9267020225524902,-0.3852566182613373,-0.21810996532440186,-0.06078711897134781,-0.22690871357917786,-0.27479630933347005,-176.26283658800438,0.0,0.0
19.32,966,-0.14794921875,0.9889949560165405,-0.14849434792995453,0.4926778972148895,-0.3585622310638428,-2.0,-0.36824968457221985,0.9297269582748413,-0.37712568044662476,-0.22030045092105865,-0.05926802009344101,-0.22863133251667023,-0.27676226548834126,-176.53959885349272,0.0,0.0
19.34,967,-0.1383673995733261,0.9903809428215027,-0.13881276547908783,0.48407912254333496,-0.42993900179862976,-2.0,-0.36045587062835693,0.9327762722969055,-0.36875656247138977,-0.22208845615386963,-0.05760469660162926,-0.22994378209114075,-0.27831291007634307,-176.81791176356907,0.0,0.0
19.36,968,-0.12897099554538727,0.9916483759880066,-0.12933123111724854,0.4740768373012543,-0.5001147985458374,-2.0,-0.35241883993148804,0.9358423948287964,-0.36015450954437256,-0.22344784438610077,-0.055805984884500504,-0.23082327842712402,-0.2794253285834781,-177.09733709215254,0.0,0.0
19.38,969,-0.11978890001773834,0.9927994012832642,-0.12007724493741989,0.46269935369491577,-0.5688738226890564,-2.0,-0.3441421687602997,0.9389175772666931,-0.35132497549057007,-0.22435326874256134,-0.05388183146715164,-0.23124773800373077,-0.2800772626120618,-177.3774143547646,0.0,0.0
19.400000000000002,970,-0.11084938794374466,0.9938372373580933,-0.11107765883207321,0.4499792456626892,-0.6360043883323669,-2.0,-0.3356296420097351,0.9419940114021301,-0.3422735631465912,-0.22478024661540985,-0.05184318870306015,-0.23119589686393738,-0.2802473137514968,-177.65766166851608,0.0,0.0
19.42,971,-0.10217995196580887,0.9947659373283386,-0.10235859453678131,0.4359532594680786,-0.7012998461723328,-2.0,-0.32688531279563904,0.9450640082359314,-0.3330059349536896,-0.22470535337924957,-0.049701910465955734,-0.23064734041690826,-0.27991496665291954,-177.937576635169,0.0,0.0
19.44,972,-0.09380722790956497,0.9955903887748718,-0.09394535422325134,0.4206620752811432,-0.764559268951416,-2.0,-0.3179134726524353,0.9481196999549866,-0.323527991771698,-0.22410625219345093,-0.04747065156698227,-0.22958262264728546,-0.2790605799996915,-178.21663721516867,0.0,0.0
19.46,973,-0.08575688302516937,0.9963160753250122,-0.08586234599351883,0.4041503071784973,-0.8255881667137146,-2.0,-0.308718740940094,0.9511533975601196,-0.313845694065094,-0.22296185791492462,-0.04516271874308586,-0.22798332571983337,-0.27766564309391756,-178.49430285826259,0.0,0.0
19.48,974,-0.0780535489320755,0.9969491958618164,-0.07813302427530289,0.3864663243293762,-0.884199321269989,-2.0,-0.29930591583251953,0.9541571736335754,-0.30396515130996704,-0.22125238180160522,-0.04279196634888649,-0.22583211958408356,-0.2757126719256387,-178.77001553018823,0.0,0.0
19.5,975,-0.07072069495916367,0.9974961280822754,-0.07077977806329727,0.3676620423793793,-0.9402135014533997,-2.0,-0.2896801233291626,0.9571235179901123,-0.29389262199401855,-0.21895943582057953,-0.04037264361977577,-0.22311285138130188,-0.27318537030881007,-179.04320090049706,0.0,0.0
19.52,976,-0.06378059834241867,0.9979639649391174,-0.06382392346858978,0.3477928638458252,-0.9934598207473755,-2.0,-0.27984675765037537,0.9600446820259094,-0.2836344838142395,-0.2160661518573761,-0.03791926056146622,-0.21981054544448853,-0.2700686982124945,-179.31326959870955,0.0,0.0
19.54,977,-0.05725425109267235,0.9983596205711365,-0.057285577058792114,0.3269173204898834,-1.043776512145996,-2.0,-0.2698114216327667,0.9629132151603699,-0.2731971740722656,-0.21255716681480408,-0.035446446388959885,-0.2159115970134735,-0.2663489066698023,-179.57961850537936,0.0,0.0
19.56,978,-0.05116128921508789,0.9986904263496399,-0.051183633506298065,0.3050971031188965,-1.0910112857818604,-2.0,-0.2595800459384918,0.965721607208252,-0.262587308883667,-0.20841875672340393,-0.032968807965517044,-0.21140368282794952,-0.2620135390642671,-179.84163204444363,0.0,0.0
19.580000000000002,979,-0.04551996663212776,0.9989634156227112,-0.045535702258348465,0.28239667415618896,-1.1350219249725342,-2.0,-0.2491588294506073,0.9684626460075378,-0.25181159377098083,-0.20363886654376984,-0.03050079382956028,-0.20627589523792267,-0.25705160723125936,-180.0986836516749,0.0,0.0
19.6,980,-0.040347084403038025,0.9991857409477234,-0.0403580404818058,0.25888311862945557,-1.175676703453064,-2.0,-0.2385542392730713,0.9711291790008545,-0.24087683856487274,-0.19820715487003326,-0.028056550770998,-0.20051880180835724,-0.2514535547867438,-180.35013720646162,0.0,0.0
19.62,981,-0.03565795719623566,0.9993640780448914,-0.035665519535541534,0.23462603986263275,-1.2128545045852661,-2.0,-0.22777298092842102,0.973714292049408,-0.22978992760181427,-0.19211502373218536,-0.025649787858128548,-0.19412441551685333,-0.24521132047062658,-180.59534852693224,0.0,0.0
19.64,982,-0.031448762863874435,0.999505341053009,-0.031453948467969894,0.21057848632335663,-1.2023781538009644,-1.941244125366211,-0.2168220430612564,0.9762111306190491,-0.21855787932872772,-0.18537327647209167,-0.023294217884540558,-0.18710394203662872,-0.23602026551339952,-180.83136879244563,0.0,0.0
19.66,983,-0.027710748836398125,0.9996159672737122,-0.02771429531276226,0.1869826465845108,-1.1797919273376465,-1.8710392713546753,-0.20570865273475647,0.9786132574081421,-0.20718778669834137,-0.1779979020357132,-0.02100270427763462,-0.17947348952293396,-0.2258514646985351,-181.05722025714417,0.0,0.0
19.68,984,-0.024431884288787842,0.9997014999389648,-0.024434315040707588,0.1639990210533142,-1.1491812467575073,-1.7947349548339844,-0.1944403052330017,0.9809143543243408,-0.19568683207035065,-0.17000842094421387,-0.018787143751978874,-0.1712525188922882,-0.2149642055290784,-181.27218446267324,0.0,0.0
19.7,985,-0.021596970036625862,0.9997667670249939,-0.02159865014255047,0.14178329706192017,-1.1107861995697021,-1.7125251293182373,-0.18302473425865173,0.9831082820892334,-0.18406227231025696,-0.16142776608467102,-0.016658449545502663,-0.16246362030506134,-0.20341560731921612,-181.47560006999245,0.0,0.0
19.72,986,-0.019187763333320618,0.9998158812522888,-0.01918894052505493,0.12048541009426117,-1.0648943185806274,-1.624636173248291,-0.17146988213062286,0.9851893782615662,-0.17232146859169006,-0.15228211879730225,-0.014626536518335342,-0.15313251316547394,-0.19126775998098647,-181.66686782997343,0.0,0.0
19.740000000000002,987,-0.017183123156428337,0.9998523592948914,-0.017183968797326088,0.10024864226579666,-1.0118381977081299,-1.5313252210617065,-0.1597839742898941,0.9871519804000854,-0.1604718118906021,-0.14260084927082062,-0.012700352817773819,-0.14328783750534058,-0.17858707130540766,-181.84545490127883,0.0,0.0
19.76,988,-0.015559164807200432,0.9998789429664612,-0.015559792518615723,0.08120878040790558,-0.9519933462142944,-1.4328784942626953,-0.1479753702878952,0.9889910221099854,-0.1485207974910736,-0.13241620361804962,-0.010887902230024338,-0.13296100497245789,-0.165443425324286,-182.01089832660313,0.0,0.0
19.78,989,-0.014289441518485546,0.9998978972434998,-0.014289927668869495,0.06349325180053711,-0.8857762813568115,-1.329609990119934,-0.1360526978969574,0.9907016158103943,-0.13647596538066864,-0.12176325917243958,-0.009196300059556961,-0.12218604236841202,-0.15190949861205105,-182.16280782521517,0.0,0.0
19.8,990,-0.013345123268663883,0.9999109506607056,-0.013345519080758095,0.047220416367053986,-0.8136417269706726,-1.221860408782959,-0.12402476370334625,0.9922791123390198,-0.12434494495391846,-0.11067964136600494,-0.007631826680153608,-0.11099942773580551,-0.13805987385842816,-182.3008676990736,0.0,0.0
19.82,991,-0.01269520167261362,0.9999194145202637,-0.01269554253667593,0.03249882161617279,-0.7360796928405762,-1.1099942922592163,-0.11190052330493927,0.9937193989753723,-0.1121353805065155,-0.09920532256364822,-0.006199999246746302,-0.099439837038517,-0.12397027456492767,-182.42483797363852,0.0,0.0
19.84,992,-0.012306700460612774,0.9999242424964905,-0.012307011522352695,0.01942657120525837,-0.6536125540733337,-0.9943983554840088,-0.09968913346529007,0.9950186610221863,-0.09985499083995819,-0.08738242834806442,-0.004905638284981251,-0.08754798024892807,-0.10971665037634097,-182.53455462401485,0.0,0.0
19.86,993,-0.012144898064434528,0.9999262690544128,-0.01214519701898098,0.008090736344456673,-0.5667917728424072,-0.8754798173904419,-0.08739987760782242,0.9961733222007751,-0.08751153200864792,-0.07525497674942017,-0.0037529387045651674,-0.07536633312702179,-0.09537444282229814,-182.62992906683715,0.0,0.0
19.88,994,-0.01217355951666832,0.9999259114265442,-0.01217386033385992,-0.001433160388842225,-0.476194828748703,-0.7536633610725403,-0.07504218071699142,0.9971803426742554,-0.07511279731988907,-0.0628686249256134,-0.002745539415627718,-0.06293893605470657,-0.08101775658036113,-182.71094682341752,0.0,0.0
19.900000000000002,995,-0.012355177663266659,0.9999236464500427,-0.012355491518974304,-0.009081587195396423,-0.3824213147163391,-0.6293893456459045,-0.06262560933828354,0.9980370998382568,-0.06266661733388901,-0.050270430743694305,-0.0018865817692130804,-0.0503111258149147,-0.06671861549773922,-182.77766543891525,0.0,0.0
19.92,996,-0.012651221826672554,0.9999199509620667,-0.012651558965444565,-0.014803380705416203,-0.2860896587371826,-0.5031112432479858,-0.05015980079770088,0.9987412095069885,-0.05018085613846779,-0.03750857710838318,-0.0011787650873884559,-0.037529297173023224,-0.05254626743228514,-182.83021170634754,0.0,0.0
19.94,997,-0.013022392056882381,0.9999151825904846,-0.013022759929299355,-0.018560044467449188,-0.18783323466777802,-0.37529295682907104,-0.03765450045466423,0.9992908239364624,-0.037663403898477554,-0.024632107466459274,-0.0006243871757760644,-0.02464064210653305,-0.038566544094688224,-182.86877825044223,0.0,0.0
19.96,998,-0.013428876176476479,0.9999098181724548,-0.013429279439151287,-0.020325977355241776,-0.08829657733440399,-0.2464064359664917,-0.025119516998529434,0.9996844530105591,-0.025122158229351044,-0.011690640822052956,-0.00022537342738360167,-0.011692879721522331,-0.02484128552447576,-182.8936195359667,0.0,0.0
19.98,999,-0.013830610550940037,0.9999043345451355,-0.013831051997840405,-0.02008860558271408,0.011868590489029884,-0.11692878603935242,-0.01256471686065197,0.9999210834503174,-0.012565047480165958,0.0012658936902880669,1.6708298062440008e-05,0.0012660040520131588,-0.011427829846385847,-182.9050473658131,0.0,0.0
20.0,1000,-0.014187545515596867,0.9998993277549744,-0.014188021421432495,-0.017848463729023933,0.11200707405805588,0.012660043314099312,-4.898587410340671e-16,1.0,-4.898587410340671e-16,0.014187545515596867,0.00010064828529721126,0.014188021421432495,-0.0016245763422699912,-182.90667194215536,0.0,0.0
20.02,1001,-0.014459900557994843,0.999895453453064,-0.01446040440350771,-0.013619176112115383,0.21146434545516968,0.14188021421432495,0.01256471686065197,0.9999210834503174,0.012565047480165958,0.027024617418646812,2.5610654120100662e-05,0.027025451883673668,-0.0146617045259816,-182.92133364668135,0.0,0.0
20.04,1002,-0.014608432538807392,0.999893307685852,-0.014608952216804028,-0.007427369710057974,0.30959033966064453,0.270254522562027,0.025119516998529434,0.9996844530105591,0.025122158229351044,0.03972794860601425,-0.00020883600518573076,0.039731111377477646,-0.02790437452155179,-182.9492380212029,0.0,0.0
20.06,1003,-0.014594683423638344,0.9998934864997864,-0.014595202170312405,0.0006874980172142386,0.40574339032173157,0.39731109142303467,0.03765450045466423,0.9992908239364624,0.037663403898477554,0.052249182015657425,-0.0006026740302331746,0.052258603274822235,-0.04129592137007586,-182.99053394257297,0.0,0.0
20.080000000000002,1004,-0.014381238259375095,0.9998965859413147,-0.014381734654307365,0.010673381388187408,0.4992941617965698,0.5225860476493835,0.05015980079770088,0.9987412095069885,0.05018085613846779,0.0645410418510437,-0.001155379693955183,0.06456258893013,-0.054776100193475404,-183.04531004276643,0.0,0.0
20.1,1005,-0.01393196452409029,0.9999029636383057,-0.013932415284216404,0.022465962916612625,0.5896291136741638,0.6456258893013,0.06262560933828354,0.9980370998382568,0.06266661733388901,0.07655756920576096,-0.0018658554181456566,0.07659903168678284,-0.06828159936196673,-183.1135916421284,0.0,0.0
20.12,1006,-0.013212249614298344,0.9999127388000488,-0.01321263425052166,0.03598905727267265,0.6761546730995178,0.7659903168678284,0.07504218071699142,0.9971803426742554,0.07511279731988907,0.08825443685054779,-0.0027323542162775993,0.08832542598247528,-0.0817466630786958,-183.1953383052071,0.0,0.0
20.14,1007,-0.012189230881631374,0.9999257326126099,-0.01218953263014555,0.05115506425499916,0.758300244808197,0.8832542896270752,0.08739987760782242,0.9961733222007751,0.08751153200864792,0.09958910197019577,-0.003752399468794465,0.09970106184482574,-0.0951037118399989,-183.2904420170471,0.0,0.0
20.16,1008,-0.010832010768353939,0.999941349029541,-0.010832223109900951,0.06786549836397171,0.835521936416626,0.9970106482505798,0.09968913346529007,0.9950186610221863,0.09985499083995819,0.11052113771438599,-0.004922700580209494,0.11068721115589142,-0.10828405698336861,-183.39872607403046,0.0,0.0
20.18,1009,-0.009111864492297173,0.9999585151672363,-0.009111990220844746,0.0860116183757782,0.9073056578636169,1.1068720817565918,0.11190052330493927,0.9937193989753723,0.1121353805065155,0.12101238965988159,-0.006239072419703007,0.12124737352132797,-0.12121864043952799,-183.51994471447,0.0,0.0
20.2,1010,-0.007002432830631733,0.9999755024909973,-0.007002490106970072,0.10547502338886261,0.9731703996658325,1.212473750114441,0.12402476370334625,0.9922791123390198,0.12434494495391846,0.1310271918773651,-0.007696359418332577,0.1313474327325821,-0.1338387953559447,-183.65378350982596,0.0,0.0
20.22,1011,-0.004479906056076288,0.9999899864196777,-0.004479920957237482,0.1261284351348877,1.0326708555221558,1.3134742975234985,0.1360526978969574,0.9907016158103943,0.13647596538066864,0.14053261280059814,-0.009288364090025425,0.14095589518547058,-0.14607701470675874,-183.7998605245327,0.0,0.0
20.240000000000002,1012,-0.001523191574960947,0.9999988675117493,-0.0015231921570375562,0.14783644676208496,1.0854002237319946,1.409558892250061,0.1479753702878952,0.9889910221099854,0.1485207974910736,0.1494985669851303,-0.011007793247699738,0.15004397928714752,-0.15786771953093942,-183.95772824406365,0.0,0.0
20.26,1013,0.0018859327537938952,0.9999982118606567,0.0018859338015317917,0.17045630514621735,1.1309928894042969,1.5004398822784424,0.1597839742898941,0.9871519804000854,0.1604718118906021,0.15789803862571716,-0.01284621562808752,0.15858587622642517,-0.16914806248249653,-184.12687630654614,0.0,0.0
20.28,1014,0.005762678571045399,0.9999833703041077,0.005762710236012936,0.19383883476257324,1.169126272201538,1.5858588218688965,0.17146988213062286,0.9851893782615662,0.17232146859169006,0.16570721566677094,-0.014794034883379936,0.16655875742435455,-0.17985858218843206,-184.30673488873458,0.0,0.0
20.3,1015,0.010119123384356499,0.9999487996101379,0.010119295679032803,0.21782928705215454,1.199522852897644,1.6655875444412231,0.18302473425865173,0.9831082820892334,0.18406227231025696,0.17290560901165009,-0.016840491443872452,0.17394298315048218,-0.1899439924145049,-184.49667888114908,0.0,0.0
20.32,1016,0.014964104630053043,0.999888002872467,0.014964662492275238,0.24226832389831543,1.2219523191452026,1.7394297122955322,0.1944403052330017,0.9809143543243408,0.19568683207035065,0.17947620153427124,-0.01897367835044861,0.180722177028656,-0.19935376858190595,-184.696032649731,0.0,0.0
20.34,1017,0.02030312642455101,0.9997938871383667,0.020304521545767784,0.26699298620224,1.2362327575683594,1.8072216510772705,0.20570865273475647,0.9786132574081421,0.20718778669834137,0.18540552258491516,-0.021180590614676476,0.18688327074050903,-0.20804281214978385,-184.90407546188078,0.0,0.0
20.36,1018,0.026138298213481903,0.9996583461761475,0.026141274720430374,0.2918376326560974,1.2422319650650024,1.8688325881958008,0.2168220430612564,0.9762111306190491,0.21855787932872772,0.1906837373971939,-0.0234471894800663,0.19241660833358765,-0.2159718662258219,-185.1200473281066,0.0,0.0
20.38,1019,0.032468266785144806,0.9994727373123169,0.03247397392988205,0.31663498282432556,1.2398680448532104,1.9241660833358765,0.22777298092842102,0.973714292049408,0.22978992760181427,0.19530470669269562,-0.02575850300490856,0.19731596112251282,-0.22310805427944194,-185.34315538238604,0.0,0.0
20.400000000000002,1020,0.03928820416331291,0.9992279410362244,0.039298318326473236,0.34121719002723694,1.229110598564148,1.9731595516204834,0.2385542392730713,0.9711291790008545,0.24087683856487274,0.19926603138446808,-0.02809874527156353,0.2015785127878189,-0.22942519420124083,-185.57258057658728,0.0,0.0
20.42,1021,0.04658505320549011,0.9989143013954163,0.04660191759467125,0.36518001556396484,1.19814133644104,2.0,0.2491588294506073,0.9684626460075378,0.25181159377098083,0.2025737762451172,-0.030451692640781403,0.20520968735218048,-0.23427491935756736,-185.80685549594486,0.0,0.0
20.44,1022,0.05433616787195206,0.9985226988792419,0.0543629415333271,0.3880511522293091,1.1435562372207642,2.0,0.2595800459384918,0.965721607208252,0.262587308883667,0.20524387061595917,-0.032801102846860886,0.2082243710756302,-0.23744865154067965,-186.04430414748555,0.0,0.0
20.46,1023,0.0625174343585968,0.9980438947677612,0.06255823373794556,0.4097645580768585,1.085669755935669,2.0,0.2698114216327667,0.9629132151603699,0.2731971740722656,0.20729397237300873,-0.035130687057971954,0.21063894033432007,-0.24002907574433557,-186.28433322322988,0.0,0.0
20.48,1024,0.07110334187746048,0.9974689483642578,0.07116338610649109,0.43025776743888855,1.0246617794036865,2.0,0.27984675765037537,0.9600446820259094,0.2836344838142395,0.2087434083223343,-0.03742427006363869,0.21247108280658722,-0.24203378530969527,-186.52636700853958,0.0,0.0
20.5,1025,0.08006703853607178,0.9967894554138184,0.08015283197164536,0.44947221875190735,0.9607225060462952,2.0,0.2896801233291626,0.9571235179901123,0.29389262199401855,0.20961309969425201,-0.03966596722602844,0.2137397974729538,-0.24348165042290365,-186.76984865896247,0.0,0.0
20.52,1026,0.08938045799732208,0.9959975481033325,0.08949989825487137,0.4673532545566559,0.8940515518188477,2.0,0.29930591583251953,0.9541571736335754,0.30396515130996704,0.20992545783519745,-0.04184035584330559,0.21446524560451508,-0.24439272334910597,-187.01424138231158,0.0,0.0
20.54,1027,0.09901440143585205,0.9950860142707825,0.09917690604925156,0.4838504195213318,0.8248575329780579,2.0,0.308718740940094,0.9511533975601196,0.313845694065094,0.20970433950424194,-0.04393262788653374,0.21466878056526184,-0.2447882444061639,-187.25902962671773,0.0,0.0
20.56,1028,0.10893862694501877,0.9940484762191772,0.10915526002645493,0.4989175498485565,0.7533571720123291,2.0,0.3179134726524353,0.9481196999549866,0.323527991771698,0.20897485315799713,-0.045928750187158585,0.21437272429466248,-0.24469043604327576,-187.503720062761,0.0,0.0
20.580000000000002,1029,0.1191219836473465,0.9928796291351318,0.11940551549196243,0.5125130414962769,0.6797746419906616,2.0,0.32688531279563904,0.9450640082359314,0.3330059349536896,0.20776331424713135,-0.047815609723329544,0.21360041201114655,-0.24412247276954444,-187.74784253553054,0.0,0.0
20.6,1030,0.12953251600265503,0.9915751814842224,0.12989751994609833,0.5245998501777649,0.6043407917022705,2.0,0.3356296420097351,0.9419940114021301,0.3422735631465912,0.20609711110591888,-0.049581144005060196,0.21237604320049286,-0.24310841865496347,-187.9909509541855,0.0,0.0
20.62,1031,0.14013764262199402,0.9901320338249207,0.14060042798519135,0.5351456999778748,0.5272919535636902,2.0,0.3441421687602997,0.9389175772666931,0.35132497549057007,0.20400451123714447,-0.05121447890996933,0.21072454750537872,-0.2416731327644722,-188.23262408694998,0.0,0.0
20.64,1032,0.15090420842170715,0.9885483980178833,0.15148289501667023,0.544123113155365,0.4488693177700043,2.0,0.35241883993148804,0.9358423948287964,0.36015450954437256,0.20151463150978088,-0.05270600691437721,0.20867161452770233,-0.23984208330051404,-188.4724661702505,0.0,0.0
20.66,1033,0.16179868578910828,0.9868237972259521,0.16251307725906372,0.551509439945221,0.3693176805973053,2.0,0.36045587062835693,0.9327762722969055,0.36875656247138977,0.19865716993808746,-0.054047513753175735,0.20624347031116486,-0.2376414284784703,-188.71010759872897,0.0,0.0
20.68,1034,0.17278729379177094,0.9849591851234436,0.1736588180065155,0.5572871565818787,0.28888458013534546,2.0,0.36824968457221985,0.9297269582748413,0.37712568044662476,0.19546237587928772,-0.055232223123311996,0.20346686244010925,-0.23509773869567172,-188.94520533742465,0.0,0.0
20.7,1035,0.18383614718914032,0.9829568862915039,0.18488769233226776,0.5614435076713562,0.20781925320625305,2.0,0.37579697370529175,0.9267020225524902,0.3852566182613373,0.19196081161499023,-0.056254878640174866,0.20036892592906952,-0.23223798626135522,-189.17744332368602,0.0,0.0
20.72,1036,0.194911390542984,0.9808208346366882,0.19616711139678955,0.5639709234237671,0.12637144327163696,2.0,0.3830946385860443,0.9237090945243835,0.3931442201137543,0.1881832480430603,-0.05711175873875618,0.19697710871696472,-0.22908950508791284,-189.40653282877392,0.0,0.0
20.740000000000002,1037,0.20597051084041595,0.9785581827163696,0.20745538175106049,0.56441330909729,0.022118791937828064,1.9697710275650024,0.3901398777961731,0.9207556247711182,0.4007834792137146,0.18416935205459595,-0.05780259519815445,0.1933281123638153,-0.22448882109375748,-189.63102164986768,0.0,0.0
20.76,1038,0.2169695496559143,0.9761783480644226,0.21870899200439453,0.5626806616783142,-0.08663278073072433,1.9332809448242188,0.3969299793243408,0.9178488850593567,0.40816962718963623,0.1799604296684265,-0.05832948163151741,0.1894606351852417,-0.21945024021291448,-189.8504718900806,0.0,0.0
20.78,1039,0.2278645783662796,0.9736928343772888,0.22988401353359222,0.5587506890296936,-0.19649924337863922,1.894606351852417,0.40346255898475647,0.9149961471557617,0.4152979552745819,0.17559798061847687,-0.0586966834962368,0.18541394174098969,-0.21418095230451065,-190.0646528423851,0.0,0.0
20.8,1040,0.23861196637153625,0.971114993095398,0.240936279296875,0.5526134371757507,-0.3068622052669525,1.8541394472122192,0.40973538160324097,0.9122044444084167,0.4221639633178711,0.1711234301328659,-0.05891057103872299,0.1812276840209961,-0.20874001199842043,-190.27339285438353,0.0,0.0
20.82,1041,0.24916861951351166,0.9684601426124573,0.25182169675827026,0.5442714095115662,-0.4171028435230255,1.812276840209961,0.41574639081954956,0.9094805717468262,0.42876332998275757,0.1665777713060379,-0.05897952988743782,0.1769416183233261,-0.20318573487483918,-190.47657858925837,0.0,0.0
20.84,1042,0.25949233770370483,0.9657451510429382,0.2624965012073517,0.5337392687797546,-0.5266060829162598,1.7694162130355835,0.4214937090873718,0.9068313241004944,0.43509188294410706,0.16200138628482819,-0.05891384929418564,0.17259538173675537,-0.1975751807744653,-190.67415377003283,0.0,0.0
20.86,1043,0.26954197883605957,0.9629886150360107,0.27291736006736755,0.5210439562797546,-0.634764552116394,1.7259539365768433,0.42697566747665405,0.9042630791664124,0.4411455988883972,0.15743370354175568,-0.05872553586959839,0.16822823882102966,-0.19196368525215024,-190.86611745528498,0.0,0.0
20.88,1044,0.2792777419090271,0.960210382938385,0.2830418646335602,0.5062243342399597,-0.7409824728965759,1.6822823286056519,0.43219074606895447,0.901782214641571,0.4469207227230072,0.15291298925876617,-0.058428145945072174,0.16387885808944702,-0.1864044823018535,-191.05252193758685,0.0,0.0
20.900000000000002,1045,0.2886614501476288,0.9574312567710876,0.2928284704685211,0.4893307685852051,-0.8446779847145081,1.6387887001037598,0.43713751435279846,0.899394690990448,0.45241352915763855,0.14847607910633087,-0.05803655460476875,0.15958505868911743,-0.180948536730309,-191.23347047431716,0.0,0.0
20.92,1046,0.2976565361022949,0.9546730518341064,0.30223697423934937,0.47042497992515564,-0.9452885389328003,1.5958505868911743,0.4418147802352905,0.8971062898635864,0.4576205909252167,0.1441582441329956,-0.05756673216819763,0.1553836166858673,-0.17564395109788164,-191.40911442541503,0.0,0.0
20.94,1047,0.3062283992767334,0.9519580602645874,0.31122857332229614,0.4495795667171478,-1.042271614074707,1.5538362264633179,0.44622138142585754,0.8949226140975952,0.46253859996795654,0.13999299705028534,-0.05703546479344368,0.1513100415468216,-0.17053610031292735,-191.57965052572794,0.0,0.0
20.96,1048,0.31434452533721924,0.9493089914321899,0.319766104221344,0.42687737941741943,-1.1351094245910645,1.5131003856658936,0.4503563940525055,0.8928488492965698,0.46716445684432983,0.13601186871528625,-0.05646009370684624,0.14739836752414703,-0.165667220164157,-191.7453177458921,0.0,0.0
20.98,1049,0.321974515914917,0.9467483162879944,0.32781434059143066,0.40241116285324097,-1.2233102321624756,1.4739835262298584,0.45421892404556274,0.8908901214599609,0.47149527072906494,0.13224439322948456,-0.05585822835564613,0.14368093013763428,-0.1610763989683086,-191.9063941448604,0.0,0.0
21.0,1050,0.3290902376174927,0.944298505783081,0.3353399932384491,0.3762829601764679,-1.3064109086990356,1.4368094205856323,0.45780816674232483,0.8890510201454163,0.4755282700061798,0.12871791422367096,-0.0552474707365036,0.14018826186656952,-0.15679949302150423,-192.0631936378819,0.0,0.0
21.02,1051,0.33566591143608093,0.9419810771942139,0.3423120677471161,0.34860333800315857,-1.3839799165725708,1.4018827676773071,0.4611234664916992,0.8873359560966492,0.4792608916759491,0.12545756995677948,-0.0546451210975647,0.1369488388299942,-0.15286896676740325,-192.21606260464932,0.0,0.0
21.04,1052,0.34167808294296265,0.9398170709609985,0.3487018644809723,0.3194909691810608,-1.4556182622909546,1.3694883584976196,0.46416425704956055,0.8857491612434387,0.48269081115722656,0.12248614430427551,-0.05406789481639862,0.13398894667625427,-0.1493139982533383,-192.36537660290267,0.0,0.0
21.06,1053,0.34710586071014404,0.9378259778022766,0.35448330640792847,0.2890717685222626,-1.5209604501724243,1.3398892879486084,0.46692997217178345,0.8842942714691162,0.4858158528804779,0.1198241338133812,-0.053531669080257416,0.13133256137371063,-0.14616053352038805,-192.51153713642307,0.0,0.0
21.080000000000002,1054,0.3519306182861328,0.9360260963439941,0.3596328794956207,0.2574782371520996,-1.5796774625778198,1.3133254051208496,0.4694202244281769,0.8829748630523682,0.48863404989242554,0.11748962104320526,-0.05305120721459389,0.129001185297966,-0.14343121244239154,-192.65496834886545,0.0,0.0
21.1,1055,0.3561363220214844,0.9344339966773987,0.36412984132766724,0.2248487025499344,-1.6314761638641357,1.2900117635726929,0.4716346263885498,0.8817940354347229,0.4911436140537262,0.11549830436706543,-0.05263994634151459,0.12701377272605896,-0.14114550187122257,-192.79611385073667,0.0,0.0
21.12,1056,0.35970935225486755,0.9330644011497498,0.36795637011528015,0.19132666289806366,-1.6761016845703125,1.2701376676559448,0.47357288002967834,0.8807546496391296,0.49334296584129333,0.113863505423069,-0.052309758961200714,0.125386580824852,-0.13931972606068108,-192.93543357679735,0.0,0.0
21.14,1057,0.36263853311538696,0.931929886341095,0.371097594499588,0.1570599228143692,-1.7133369445800781,1.2538658380508423,0.47523465752601624,0.8798590898513794,0.49523070454597473,0.11259613931179047,-0.05207078903913498,0.12413313239812851,-0.13796717809522532,-193.0734007548926,0.0,0.0
21.16,1058,0.36491507291793823,0.9310408234596252,0.37354159355163574,0.12219984084367752,-1.7430042028427124,1.2413312196731567,0.47661980986595154,0.8791095614433289,0.49680566787719727,0.11170472949743271,-0.05193128064274788,0.12326407432556152,-0.13709815700360414,-193.2104989118962,0.0,0.0
21.18,1059,0.36653268337249756,0.9304051995277405,0.37527960538864136,0.08690055459737778,-1.7649644613265991,1.2326408624649048,0.47772809863090515,0.8785077333450317,0.49806681275367737,0.11119543015956879,-0.051897432655096054,0.12278721481561661,-0.13672011277864096,-193.34721902467484,0.0,0.0
21.2,1060,0.36748743057250977,0.93002849817276,0.3763059675693512,0.051318179816007614,-1.7791187763214111,1.2278722524642944,0.4785594642162323,0.8780551552772522,0.49901336431503296,0.11107203364372253,-0.051973339170217514,0.12270741164684296,-0.13683756052223764,-193.48405658519707,0.0,0.0
21.22,1061,0.3677777647972107,0.9299136996269226,0.3766181468963623,0.015610028058290482,-1.785407543182373,1.227074146270752,0.47911372780799866,0.8777528405189514,0.4996447265148163,0.11133597791194916,-0.05216088891029358,0.12302657961845398,-0.13745231809417183,-193.62150890329124,0.0,0.0
21.240000000000002,1062,0.3674045205116272,0.9300612211227417,0.3762168288230896,-0.020066190510988235,-1.7838109731674194,1.230265736579895,0.4793908894062042,0.8776015043258667,0.4999605119228363,0.11198636144399643,-0.052459754049777985,0.1237436905503273,-0.1385634329504684,-193.7600723362417,0.0,0.0
21.26,1063,0.36637094616889954,0.9304688572883606,0.37510576844215393,-0.05555316433310509,-1.7743487358093262,1.2374367713928223,0.4793908894062042,0.8776015043258667,0.4999605119228363,0.11301995068788528,-0.05286739021539688,0.12485475093126297,-0.14016724286666601,-193.90023957910836,0.0,0.0
21.28,1064,0.36468255519866943,0.931131899356842,0.37329187989234924,-0.09069477021694183,-1.7570804357528687,1.2485474348068237,0.47911372780799866,0.8777528405189514,0.4996447265148163,0.11443116515874863,-0.05337907373905182,0.12635286152362823,-0.14225734689841749,-194.04249692600678,0.0,0.0
21.3,1065,0.3623473346233368,0.9320431351661682,0.3707851469516754,-0.12533687055110931,-1.7321045398712158,1.26352858543396,0.4785594642162323,0.8780551552772522,0.49901336431503296,0.11621212959289551,-0.05398798733949661,0.12822823226451874,-0.14482463538161852,-194.1873215613884,0.0,0.0
21.32,1066,0.3593754768371582,0.933193027973175,0.3675985634326935,-0.15932802855968475,-1.6995586156845093,1.2822823524475098,0.47772809863090515,0.8785077333450317,0.49806681275367737,0.11835262924432755,-0.054685305804014206,0.1304682344198227,-0.14785726889517534,-194.33517883028355,0.0,0.0
21.34,1067,0.35577964782714844,0.9345698952674866,0.363748162984848,-0.192520409822464,-1.6596184968948364,1.3046823740005493,0.47661980986595154,0.8791095614433289,0.49680566787719727,0.1208401471376419,-0.05546033754944801,0.13305748999118805,-0.15134060787322678,-194.4865194381568,0.0,0.0
21.36,1068,0.3515748083591461,0.9361597895622253,0.3592527508735657,-0.22477036714553833,-1.6124979257583618,1.3305749893188477,0.47523465752601624,0.8798590898513794,0.49523070454597473,0.12365986406803131,-0.056300707161426544,0.13597795367240906,-0.1552572077801616,-194.64177664593694,0.0,0.0
21.38,1069,0.3467782139778137,0.937947154045105,0.3541339635848999,-0.2559393346309662,-1.558448076248169,1.3597794771194458,0.47357288002967834,0.8807546496391296,0.49334296584129333,0.12679466605186462,-0.057192519307136536,0.13920900225639343,-0.15958673389930123,-194.80136337983623,0.0,0.0
21.400000000000002,1070,0.34140950441360474,0.9399146437644958,0.3484160900115967,-0.2858944237232208,-1.497755527496338,1.3920899629592896,0.4716346263885498,0.8817940354347229,0.4911436140537262,0.13022515177726746,-0.058120593428611755,0.1427275389432907,-0.16430602604918054,-194.96566940588542,0.0,0.0
21.42,1071,0.33549052476882935,0.9420436024665833,0.34212589263916016,-0.3145093023777008,-1.430742859840393,1.42727530002594,0.4694202244281769,0.8829748630523682,0.48863404989242554,0.13392969965934753,-0.059068694710731506,0.14650815725326538,-0.16938886414934817,-195.13505827003476,0.0,0.0
21.44,1072,0.32904550433158875,0.9443140625953674,0.33529260754585266,-0.3416646122932434,-1.3577663898468018,1.4650815725326538,0.46692997217178345,0.8842942714691162,0.4858158528804779,0.1378844827413559,-0.060019779950380325,0.15052326023578644,-0.17480608305091563,-195.3098643530857,0.0,0.0
21.46,1073,0.3221007287502289,0.9467054009437561,0.32794761657714844,-0.36724892258644104,-1.2792154550552368,1.5052324533462524,0.46416425704956055,0.8857491612434387,0.48269081115722656,0.14206352829933167,-0.060956258326768875,0.15474319458007812,-0.18052547399255564,-195.49038982707825,0.0,0.0
21.48,1074,0.3146846890449524,0.9491962790489197,0.32012444734573364,-0.39115914702415466,-1.1955102682113647,1.5474318265914917,0.4611234664916992,0.8873359560966492,0.4792608916759491,0.14643877744674683,-0.061860281974077225,0.15913644433021545,-0.18651182000598276,-195.67690164708424,0.0,0.0
21.5,1075,0.30682793259620667,0.9517650008201599,0.3118584156036377,-0.41330114006996155,-1.1071007251739502,1.5913645029067993,0.45780816674232483,0.8890510201454163,0.4755282700061798,0.15098021924495697,-0.06271399557590485,0.16366983950138092,-0.19272687933448293,-195.86962852641872,0.0,0.0
21.52,1076,0.2985629737377167,0.9543899297714233,0.3031866252422333,-0.43359044194221497,-1.0144639015197754,1.6366984844207764,0.45421892404556274,0.8908901214599609,0.47149527072906494,0.15565592050552368,-0.0634998232126236,0.16830866038799286,-0.1991294767057475,-196.06875800312446,0.0,0.0
21.54,1077,0.28992414474487305,0.9570496082305908,0.2941475510597229,-0.4519524872303009,-0.9181026220321655,1.683086633682251,0.4503563940525055,0.8928488492965698,0.46716445684432983,0.16043226420879364,-0.064200758934021,0.17301690578460693,-0.20567551200710216,-196.27443351513156,0.0,0.0
21.56,1078,0.28094735741615295,0.959723174571991,0.2847810983657837,-0.46832332015037537,-0.8185418844223022,1.7301689386367798,0.44622138142585754,0.8949226140975952,0.46253859996795654,0.1652740240097046,-0.06480057537555695,0.17775750160217285,-0.2123182056262318,-196.48675172075778,0.0,0.0
21.580000000000002,1079,0.27167022228240967,0.9623904228210449,0.2751280963420868,-0.48264986276626587,-0.716326892375946,1.7775750160217285,0.4418147802352905,0.8971062898635864,0.4576205909252167,0.17014455795288086,-0.0652841106057167,0.1824924796819687,-0.2190082302843751,-196.70575995104215,0.0,0.0
21.6,1080,0.2621315121650696,0.965032160282135,0.26523029804229736,-0.4948902726173401,-0.6120206117630005,1.8249249458312988,0.43713751435279846,0.899394690990448,0.45241352915763855,0.17500600218772888,-0.06563747674226761,0.1871832311153412,-0.2256938060089876,-196.93145375705114,0.0,0.0
21.62,1081,0.252371221780777,0.9676305055618286,0.25513002276420593,-0.5050142407417297,-0.5062000155448914,1.8718323707580566,0.43219074606895447,0.901782214641571,0.4469207227230072,0.1798195242881775,-0.06584827601909637,0.19179069995880127,-0.23232108361751064,-197.16377484066865,0.0,0.0
21.64,1082,0.24243015050888062,0.9701688885688782,0.24486994743347168,-0.5130033493041992,-0.399452805519104,1.9179071187973022,0.42697566747665405,0.9042630791664124,0.4411455988883972,0.18454553186893463,-0.06590575724840164,0.19627566635608673,-0.23883445811441983,-197.40260929878306,0.0,0.0
21.66,1083,0.23234981298446655,0.9726322889328003,0.2344929277896881,-0.5188508033752441,-0.29237475991249084,1.9627565145492554,0.4214937090873718,0.9068313241004944,0.43509188294410706,0.18914389610290527,-0.06580096483230591,0.20059895515441895,-0.24517680605204822,-197.64778610483512,0.0,0.0
21.68,1084,0.22217035293579102,0.9750078916549683,0.22403988242149353,-0.5226519703865051,-0.19005689024925232,2.0,0.41574639081954956,0.9094805717468262,0.42876332998275757,0.19357603788375854,-0.06552727520465851,0.20472344756126404,-0.25105199593858885,-197.8988381007737,0.0,0.0
21.7,1085,0.21192163228988647,0.9772866368293762,0.21354083716869354,-0.5249523520469666,-0.11501888185739517,2.0,0.40973538160324097,0.9122044444084167,0.4221639633178711,0.1978137493133545,-0.06508223712444305,0.20862312614917755,-0.2552224896519259,-198.15406059042562,0.0,0.0
21.72,1086,0.20163407921791077,0.9794608950614929,0.20302598178386688,-0.5257428884506226,-0.039527732878923416,2.0,0.40346255898475647,0.9149961471557617,0.4152979552745819,0.2018284946680069,-0.06446477025747299,0.21227197349071503,-0.2591379807547951,-198.4131985711804,0.0,0.0
21.740000000000002,1087,0.1913384348154068,0.9815241098403931,0.19252559542655945,-0.5250190496444702,0.03619260713458061,2.0,0.3969299793243408,0.9178488850593567,0.40816962718963623,0.20559154450893402,-0.06367523223161697,0.2156440168619156,-0.26277235343655486,-198.67597092461696,0.0,0.0
21.76,1088,0.18106573820114136,0.9834709763526917,0.18206998705863953,-0.52278071641922,0.11191562563180923,2.0,0.3901398777961731,0.9207556247711182,0.4007834792137146,0.20907413959503174,-0.06271538883447647,0.21871350705623627,-0.2660996398250596,-198.94207056444202,0.0,0.0
21.78,1089,0.170847088098526,0.9852975606918335,0.17168933153152466,-0.5190324783325195,0.18741315603256226,2.0,0.3830946385860443,0.9237090945243835,0.3931442201137543,0.2122475504875183,-0.061588458716869354,0.22145487368106842,-0.2690941410622663,-199.21116470550427,0.0,0.0
21.8,1090,0.16071365773677826,0.9870010614395142,0.16141366958618164,-0.51378333568573,0.2624562382698059,2.0,0.37579697370529175,0.9267020225524902,0.3852566182613373,0.2150833010673523,-0.06029904633760452,0.22384294867515564,-0.2717305486826693,-199.48289525418696,0.0,0.0
21.82,1091,0.15069645643234253,0.9885801076889038,0.1512727290391922,-0.5070469975471497,0.33681610226631165,2.0,0.36824968457221985,0.9297269582748413,0.37712568044662476,0.21755321323871613,-0.0588531456887722,0.22585296630859375,-0.2739838871077232,-199.7568791412947,0.0,0.0
21.84,1092,0.14082621037960052,0.9900343418121338,0.1412958949804306,-0.49884170293807983,0.41026511788368225,2.0,0.36045587062835693,0.9327762722969055,0.36875656247138977,0.21962964534759521,-0.057258058339357376,0.22746066749095917,-0.27582978352014054,-200.03270892481484,0.0,0.0
21.86,1093,0.1311333328485489,0.9913647174835205,0.1315120905637741,-0.48919016122817993,0.48257768154144287,2.0,0.35241883993148804,0.9358423948287964,0.36015450954437256,0.22128550708293915,-0.055522359907627106,0.22864241898059845,-0.2772444686970522,-200.3099533935119,0.0,0.0
21.88,1094,0.1216476634144783,0.9925733208656311,0.121949702501297,-0.47811952233314514,0.5535311698913574,2.0,0.3441421687602997,0.9389175772666931,0.35132497549057007,0.22249449789524078,-0.05365579202771187,0.22937528789043427,-0.27820480645534346,-200.58815819996724,0.0,0.0
21.900000000000002,1095,0.11239846050739288,0.9936631917953491,0.11263647675514221,-0.4656614065170288,0.6229068040847778,2.0,0.3356296420097351,0.9419940114021301,0.3422735631465912,0.22323118150234222,-0.05166918784379959,0.22963707149028778,-0.2786885003589613,-200.8668467003262,0.0,0.0
21.92,1096,0.10341422259807587,0.9946383833885193,0.1035994440317154,-0.45185157656669617,0.6904906630516052,2.0,0.32688531279563904,0.9450640082359314,0.3330059349536896,0.22347107529640198,-0.0495743565261364,0.22940649092197418,-0.27867411970980044,-201.14552082003598,0.0,0.0
21.94,1097,0.09472262114286423,0.9955037236213684,0.09486483782529831,-0.4367300868034363,0.7560743093490601,2.0,0.3179134726524353,0.9481196999549866,0.323527991771698,0.22319085896015167,-0.047383975237607956,0.2286631464958191,-0.2781410934974288,-201.4236619135334,0.0,0.0
21.96,1098,0.08635035157203674,0.9962648153305054,0.08645801991224289,-0.42034098505973816,0.8194556832313538,2.0,0.308718740940094,0.9511533975601196,0.313845694065094,0.22236838936805725,-0.045111458748579025,0.22738765180110931,-0.2770699700112252,-201.70073188354462,0.0,0.0
21.98,1099,0.07832307368516922,0.9969280362129211,0.07840337604284286,-0.4027321934700012,0.8804401159286499,2.0,0.29930591583251953,0.9541571736335754,0.30396515130996704,0.2209828495979309,-0.04277082905173302,0.22556176781654358,-0.2754423159653228,-201.97617419950996,0.0,0.0
22.0,1100,0.07066532224416733,0.9975000619888306,0.07072427123785019,-0.3839553892612457,0.938840389251709,2.0,0.2896801233291626,0.9571235179901123,0.29389262199401855,0.21901480853557587,-0.04037656635046005,0.22316835820674896,-0.27324088070479763,-202.24941508021476,0.0,0.0
22.02,1101,0.06340040266513824,0.9979881644248962,0.06344295293092728,-0.3640657961368561,0.994478166103363,2.0,0.27984675765037537,0.9600446820259094,0.2836344838142395,0.21644634008407593,-0.037943486124277115,0.22019152343273163,-0.2704496676066479,-202.5198647478214,0.0,0.0
22.04,1102,0.05655032768845558,0.9983997344970703,0.05658050999045372,-0.34312212467193604,1.0471839904785156,2.0,0.2698114216327667,0.9629132151603699,0.2731971740722656,0.21326108276844025,-0.03548656404018402,0.2166166603565216,-0.2670539720441622,-202.78691871986555,0.0,0.0
22.06,1103,0.05013576149940491,0.998742401599884,0.050156787037849426,-0.3211861550807953,1.096798062324524,2.0,0.2595800459384918,0.965721607208252,0.262587308883667,0.20944428443908691,-0.03302081674337387,0.21243052184581757,-0.26304038570152116,-203.04995910556707,0.0,0.0
22.080000000000002,1104,0.044175952672958374,0.9990237951278687,0.04419033229351044,-0.29832276701927185,1.1431705951690674,2.0,0.2491588294506073,0.9684626460075378,0.25181159377098083,0.20498287677764893,-0.030561130493879318,0.2076212614774704,-0.25839697566456976,-203.30835608123164,0.0,0.0
22.1,1105,0.03868868574500084,0.9992513060569763,0.03869834169745445,-0.27459949254989624,1.1861625909805298,2.0,0.2385542392730713,0.9711291790008545,0.24087683856487274,0.19986554980278015,-0.02812213823199272,0.202178493142128,-0.25311325068963675,-203.56146933192127,0.0,0.0
22.12,1106,0.033690232783555984,0.9994323253631592,0.03369661048054695,-0.25008660554885864,1.2256454229354858,2.0,0.22777298092842102,0.973714292049408,0.22978992760181427,0.19408275187015533,-0.02571805752813816,0.19609332084655762,-0.24718022742847098,-203.80864955934973,0.0,0.0
22.14,1107,0.02918361686170101,0.9995740652084351,0.0291877593845129,-0.2254425585269928,1.232202172279358,1.9609332084655762,0.2168220430612564,0.9762111306190491,0.21855787932872772,0.18763841688632965,-0.023362919688224792,0.18937012553215027,-0.23905475628492162,-204.04770431563466,0.0,0.0
22.16,1108,0.025161858648061752,0.9996833801269531,0.025164512917399406,-0.20116232335567474,1.214011549949646,1.893701195716858,0.20570865273475647,0.9786132574081421,0.20718778669834137,0.18054679036140442,-0.02107011154294014,0.18202327191829681,-0.2292544077567995,-204.27695872339146,0.0,0.0
22.18,1109,0.021614620462059975,0.9997663497924805,0.02161630243062973,-0.1774105280637741,1.1875897645950317,1.8202327489852905,0.1944403052330017,0.9809143543243408,0.19568683207035065,0.1728256791830063,-0.018852023407816887,0.1740705370903015,-0.21870395553435124,-204.4956626789258,0.0,0.0
22.2,1110,0.018528293818235397,0.9998283386230469,0.01852935366332531,-0.1543474793434143,1.153152346611023,1.7407052516937256,0.18302473425865173,0.9831082820892334,0.18406227231025696,0.16449643671512604,-0.01672002673149109,0.1655329167842865,-0.2074580276435126,-204.70312070656934,0.0,0.0
22.22,1111,0.01588612049818039,0.9998738169670105,0.015886789187788963,-0.13212822377681732,1.110962986946106,1.6553292274475098,0.17146988213062286,0.9851893782615662,0.17232146859169006,0.15558376908302307,-0.014684446156024933,0.15643467009067535,-0.1955766304585187,-204.89869733702787,0.0,0.0
22.240000000000002,1112,0.013668332248926163,0.999906599521637,0.013668757863342762,-0.11090156435966492,1.0613328218460083,1.5643467903137207,0.1597839742898941,0.9871519804000854,0.1604718118906021,0.14611563086509705,-0.012754577212035656,0.14680305123329163,-0.1831245197894763,-205.08182185681736,0.0,0.0
22.26,1113,0.011852296069264412,0.9999297857284546,0.011852573603391647,-0.09080922603607178,1.0046169757843018,1.468030571937561,0.1479753702878952,0.9889910221099854,0.1485207974910736,0.13612307608127594,-0.010938712395727634,0.13666822016239166,-0.17017037535526067,-205.25199223217263,0.0,0.0
22.28,1114,0.010412686504423618,0.9999457597732544,0.01041287463158369,-0.07198495417833328,0.9412137866020203,1.3666822910308838,0.1360526978969574,0.9907016158103943,0.13647596538066864,0.12564001977443695,-0.009244185872375965,0.12606309354305267,-0.15678612679225837,-205.4087783589649,0.0,0.0
22.3,1115,0.009321664460003376,0.9999565482139587,0.009321799501776695,-0.05455372482538223,0.8715612888336182,1.2606309652328491,0.12402476370334625,0.9922791123390198,0.12434494495391846,0.11470309644937515,-0.007677428890019655,0.11502314358949661,-0.1430460686195025,-205.5518244275844,0.0,0.0
22.32,1116,0.008549075573682785,0.9999634623527527,0.008549178950488567,-0.03863102197647095,0.7961351871490479,1.1502314805984497,0.11190052330493927,0.9937193989753723,0.1121353805065155,0.10335145145654678,-0.006244042422622442,0.10358620434999466,-0.1290260896032916,-205.68085051718768,0.0,0.0
22.34,1117,0.008062649518251419,0.9999675154685974,0.008062737062573433,-0.024322114884853363,0.715445339679718,1.0358619689941406,0.09968913346529007,0.9950186610221863,0.09985499083995819,0.09162648022174835,-0.004948864690959454,0.09179225564002991,-0.11480274457928205,-205.79565326176697,0.0,0.0
22.36,1118,0.007828228175640106,0.9999693632125854,0.007828308269381523,-0.011721453629434109,0.630033016204834,0.9179225564002991,0.08739987760782242,0.9961733222007751,0.08751153200864792,0.07957164943218231,-0.0037960498593747616,0.07968322187662125,-0.10045250076061736,-205.89610576252758,0.0,0.0
22.38,1119,0.007809986360371113,0.999969482421875,0.0078100659884512424,-0.0009121024049818516,0.5404675602912903,0.796832263469696,0.07504218071699142,0.9971803426742554,0.07511279731988907,0.06723219901323318,-0.0027891413774341345,0.06730272620916367,-0.08605088231130345,-205.98215664483888,0.0,0.0
22.400000000000002,1120,0.007970676757395267,0.9999682307243347,0.007970760576426983,0.008034751750528812,0.44734272360801697,0.6730273365974426,0.06262560933828354,0.9980370998382568,0.06266661733388901,0.054654933512210846,-0.00193114357534796,0.05469585582613945,-0.07167169404443786,-206.0538283388833,0.0,0.0
22.42,1121,0.008271871134638786,0.9999657869338989,0.008271965198218822,0.01506021898239851,0.3512733578681946,0.5469585657119751,0.05015980079770088,0.9987412095069885,0.05018085613846779,0.041887927800416946,-0.0012245825491845608,0.04190889373421669,-0.057386288723922936,-206.11121462760724,0.0,0.0
22.44,1122,0.008674217388033867,0.9999623894691467,0.008674326352775097,0.020118052139878273,0.2528916299343109,0.4190889000892639,0.03765450045466423,0.9992908239364624,0.037663403898477554,0.028980281203985214,-0.0006715604104101658,0.028989076614379883,-0.043262884913312136,-206.15447751252054,0.0,0.0
22.46,1123,0.009137697517871857,0.9999582767486572,0.009137824177742004,0.023174913600087166,0.15284310281276703,0.28989076614379883,0.025119516998529434,0.9996844530105591,0.025122158229351044,0.015981819480657578,-0.00027379521634429693,0.01598433405160904,-0.029365945883178243,-206.18384345840371,0.0,0.0
22.48,1124,0.009621887467801571,0.9999536871910095,0.00962203647941351,0.024210570380091667,0.05178283527493477,0.1598433405160904,0.01256471686065197,0.9999210834503174,0.012565047480165958,0.0029428296256810427,-3.2647742045810446e-05,0.00294301169924438,-0.015755621107218128,-206.19959907951093,0.0,0.0
22.5,1125,0.010086225345730782,0.9999491572380066,0.010086395777761936,0.023218004032969475,-0.04962834715843201,0.02943011373281479,5.510910704284357e-16,1.0,5.510910704284357e-16,-0.010086225345730782,5.0867263780673966e-05,-0.010086395777761936,-0.002487312682609774,-206.20208639219354,0.0,0.0
22.52,1126,0.01049027219414711,0.9999449849128723,0.010490464977920055,0.020203443244099617,-0.1507280468940735,-0.10086396336555481,-0.01256471686065197,0.9999210834503174,-0.012565047480165958,-0.02305498905479908,-2.3914750272524543e-05,-0.023055512458086014,-0.010592200352802339,-206.21267859254633,0.0,0.0
22.54,1127,0.010793982073664665,0.9999417662620544,0.010794191621243954,0.015186319127678871,-0.2508561611175537,-0.23055511713027954,-0.025119516998529434,0.9996844530105591,-0.025122158229351044,-0.03591349720954895,-0.00025728813488967717,-0.03591635078191757,-0.023890795491820903,-206.23656938803813,0.0,0.0
22.56,1128,0.010957954451441765,0.9999399781227112,0.010958174243569374,0.008199143223464489,-0.34935882687568665,-0.3591634929180145,-0.03765450045466423,0.9992908239364624,-0.037663403898477554,-0.048612453043460846,-0.0006491419044323266,-0.04862157627940178,-0.03737031661390535,-206.27393970465204,0.0,0.0
22.580000000000002,1129,0.01094370149075985,0.9999400973320007,0.010943920351564884,-0.0007127061835490167,-0.44559246301651,-0.4862157702445984,-0.05015980079770088,0.9987412095069885,-0.05018085613846779,-0.06110350042581558,-0.0011989109916612506,-0.0611247792840004,-0.050971381850461704,-206.3249110865025,0.0,0.0
22.6,1130,0.010713890194892883,0.9999426007270813,0.010714095085859299,-0.011491253972053528,-0.5389273762702942,-0.6112477779388428,-0.06262560933828354,0.9980370998382568,-0.06266661733388901,-0.07333949953317642,-0.0019055145094171166,-0.07338070869445801,-0.0646311894260575,-206.38954227592856,0.0,0.0
22.62,1131,0.010232591070234776,0.9999476671218872,0.010232768952846527,-0.024066291749477386,-0.6287518739700317,-0.7338071465492249,-0.07504218071699142,0.9971803426742554,-0.07511279731988907,-0.08527477830648422,-0.0027672855649143457,-0.0853455662727356,-0.0782841154753518,-206.46782639140392,0.0,0.0
22.64,1132,0.00946551188826561,0.9999551773071289,0.009465653449296951,-0.03835580125451088,-0.7144755721092224,-0.853455662727356,-0.08739987760782242,0.9961733222007751,-0.08751153200864792,-0.09686538577079773,-0.003781891893595457,-0.09697718173265457,-0.09186231619862008,-206.55968870760253,0.0,0.0
22.66,1133,0.008380225859582424,0.9999648928642273,0.008380323648452759,-0.054266463965177536,-0.7955330610275269,-0.9697718620300293,-0.09968913346529007,0.9950186610221863,-0.09985499083995819,-0.10806935280561447,-0.004946253728121519,-0.10823531448841095,-0.10529643034457514,-206.6649851379471,0.0,0.0
22.68,1134,0.006946383975446224,0.999975860118866,0.006946439854800701,-0.07169421017169952,-0.8713873624801636,-1.082353115081787,-0.11190052330493927,0.9937193989753723,-0.1121353805065155,-0.11884690821170807,-0.006256460212171078,-0.11908181756734848,-0.11851631387628556,-206.78350145182338,0.0,0.0
22.7,1135,0.0051359194330871105,0.9999868273735046,0.005135942250490189,-0.09052487462759018,-0.9415331482887268,-1.190818190574646,-0.12402476370334625,0.9922791123390198,-0.12434494495391846,-0.12916068732738495,-0.007707687560468912,-0.12948088347911835,-0.13145180261863307,-206.91495325444203,0.0,0.0
22.72,1136,0.0029232408851385117,0.9999957084655762,0.0029232448432594538,-0.11063486337661743,-1.0054994821548462,-1.2948088645935059,-0.1360526978969574,0.9907016158103943,-0.13647596538066864,-0.13897594809532166,-0.009294126182794571,-0.1393992155790329,-0.1440334900407041,-207.05898674448272,0.0,0.0
22.740000000000002,1137,0.0002854064805433154,0.9999999403953552,0.0002854064805433154,-0.13189192116260529,-1.0628529787063599,-1.3939920663833618,-0.1479753702878952,0.9889910221099854,-0.1485207974910736,-0.14826077222824097,-0.011008912697434425,-0.14880619943141937,-0.1561935116920406,-207.21518025617476,0.0,0.0
22.76,1138,-0.0027977086137980223,0.9999960660934448,-0.002797712106257677,-0.1541559398174286,-1.1132004261016846,-1.4880620241165161,-0.1597839742898941,0.9871519804000854,-0.1604718118906021,-0.156986266374588,-0.012844080105423927,-0.15767408907413483,-0.1678663716431722,-207.38304662781795,0.0,0.0
22.78,1139,-0.006343264598399401,0.9999798536300659,-0.006343306973576546,-0.1772797554731369,-1.1561907529830933,-1.5767409801483154,-0.17146988213062286,0.9851893782615662,-0.17232146859169006,-0.16512662172317505,-0.014790520071983337,-0.16597814857959747,-0.17898962646102162,-207.56203625427898,0.0,0.0
22.8,1140,-0.010365323163568974,0.9999462962150574,-0.010365509428083897,-0.2011100947856903,-1.1915175914764404,-1.659781575202942,-0.18302473425865173,0.9831082820892334,-0.18406227231025696,-0.17265941202640533,-0.016837969422340393,-0.17369677126407623,-0.1895047094989176,-207.7515409637779,0.0,0.0
22.82,1141,-0.014874731190502644,0.9998893737792969,-0.014875279739499092,-0.22548852860927582,-1.218921184539795,-1.73696768283844,-0.1944403052330017,0.9809143543243408,-0.19568683207035065,-0.17956557869911194,-0.018975012004375458,-0.1808115541934967,-0.19935755815408793,-207.95089852193198,0.0,0.0
22.84,1142,-0.019879017025232315,0.9998024106025696,-0.019880326464772224,-0.2502523362636566,-1.238189935684204,-1.8081154823303223,-0.20570865273475647,0.9786132574081421,-0.20718778669834137,-0.18582963943481445,-0.021189114078879356,-0.1873074620962143,-0.20849932335739763,-208.15939784528936,0.0,0.0
22.86,1143,-0.025382310152053833,0.999677836894989,-0.025385037064552307,-0.2752355635166168,-1.2491616010665894,-1.8730746507644653,-0.2168220430612564,0.9762111306190491,-0.21855787932872772,-0.19143973290920258,-0.023466670885682106,-0.19317284226417542,-0.21688683411146542,-208.37628467940084,0.0,0.0
22.88,1144,-0.031385283917188644,0.9995073676109314,-0.031390439718961716,-0.30027005076408386,-1.2517246007919312,-1.9317283630371094,-0.22777298092842102,0.973714292049408,-0.22978992760181427,-0.19638769328594208,-0.02579309605062008,-0.19839949905872345,-0.2244831878484786,-208.60076786724932,0.0,0.0
22.900000000000002,1145,-0.03788509964942932,0.9992821216583252,-0.03789416700601578,-0.32518643140792847,-1.245818853378296,-1.9839948415756226,-0.2385542392730713,0.9711291790008545,-0.24087683856487274,-0.20066913962364197,-0.02815292775630951,-0.20298266410827637,-0.2312581180372925,-208.8320259852866,0.0,0.0
22.92,1146,-0.04486645385622978,0.9989929795265198,-0.04488152265548706,-0.34936773777008057,-1.2090659141540527,-2.0,-0.2491588294506073,0.9684626460075378,-0.25181159377098083,-0.2042923867702484,-0.030530359596014023,-0.20693008601665497,-0.23599531677189048,-209.0680213020585,0.0,0.0
22.94,1147,-0.05230771005153656,0.9986310005187988,-0.05233159288764,-0.3725036084651947,-1.1567937135696411,-2.0,-0.2595800459384918,0.965721607208252,-0.262587308883667,-0.20727233588695526,-0.032909419387578964,-0.2102557271718979,-0.23947999957599955,-209.3075013016345,0.0,0.0
22.96,1148,-0.060185741633176804,0.9981871843338013,-0.060222137719392776,-0.3945271670818329,-1.1011770963668823,-2.0,-0.2698114216327667,0.9629132151603699,-0.2731971740722656,-0.20962566137313843,-0.03527401015162468,-0.21297504007816315,-0.24236517143628156,-209.54986647307078,0.0,0.0
22.98,1149,-0.06847600638866425,0.9976527690887451,-0.0685296356678009,-0.4153749346733093,-1.042388677597046,-2.0,-0.27984675765037537,0.9600446820259094,-0.2836344838142395,-0.21137073636054993,-0.037608079612255096,-0.2151048332452774,-0.24466753792073465,-209.79453401099153,0.0,0.0
23.0,1150,-0.07715263217687607,0.9970192909240723,-0.07722938060760498,-0.4349871575832367,-0.9806112051010132,-2.0,-0.2896801233291626,0.9571235179901123,-0.29389262199401855,-0.21252749860286713,-0.03989578038454056,-0.21666324138641357,-0.24640510447805256,-210.04093911546957,0.0,0.0
23.02,1151,-0.08618847280740738,0.9962788224220276,-0.08629553765058517,-0.4533078968524933,-0.9160374999046326,-2.0,-0.29930591583251953,0.9541571736335754,-0.30396515130996704,-0.21311745047569275,-0.04212164878845215,-0.21766960620880127,-0.24759708447469017,-210.28853619994425,0.0,0.0
23.04,1152,-0.09555522352457047,0.9954241514205933,-0.09570124000310898,-0.4702852964401245,-0.848869264125824,-2.0,-0.308718740940094,0.9511533975601196,-0.313845694065094,-0.21316350996494293,-0.04427075758576393,-0.21814443171024323,-0.24826390789746958,-210.5368001078417,0.0,0.0
23.06,1153,-0.10522352904081345,0.9944486021995544,-0.10541867464780807,-0.48587164282798767,-0.7793167233467102,-2.0,-0.3179134726524353,0.9481196999549866,-0.323527991771698,-0.21268995106220245,-0.046328868716955185,-0.21810930967330933,-0.24842701807098264,-210.78522712591268,0.0,0.0
23.080000000000002,1154,-0.11516305804252625,0.9933465719223022,-0.11541914939880371,-0.500023603439331,-0.7075976729393005,-2.0,-0.32688531279563904,0.9450640082359314,-0.3330059349536896,-0.2117222398519516,-0.04828258231282234,-0.21758678555488586,-0.2481088441185905,-211.0333359700313,0.0,0.0
23.1,1155,-0.12534265220165253,0.9921135306358337,-0.12567318975925446,-0.5127023458480835,-0.6339369416236877,-2.0,-0.3356296420097351,0.9419940114021301,-0.3422735631465912,-0.21028698980808258,-0.05011948198080063,-0.21660035848617554,-0.2473327408732416,-211.28066871090454,0.0,0.0
23.12,1156,-0.13573041558265686,0.9907457828521729,-0.13615067303180695,-0.5238736271858215,-0.5585651397705078,-2.0,-0.3441421687602997,0.9389175772666931,-0.35132497549057007,-0.20841173827648163,-0.051828254014253616,-0.21517431735992432,-0.2461228965828034,-211.52679160748733,0.0,0.0
23.14,1157,-0.14629390835762024,0.9892411828041077,-0.1468208283185959,-0.5335080027580261,-0.48171818256378174,-2.0,-0.35241883993148804,0.9358423948287964,-0.36015450954437256,-0.2061249315738678,-0.05339878797531128,-0.21333368122577667,-0.24450414916999355,-211.7712957566573,0.0,0.0
23.16,1158,-0.15700019896030426,0.9875985980033875,-0.15765243768692017,-0.5415807366371155,-0.40363603830337524,-2.0,-0.36045587062835693,0.9327762722969055,-0.36875656247138977,-0.20345565676689148,-0.054822299629449844,-0.2111041247844696,-0.2425020690568537,-212.01379782571416,0.0,0.0
23.18,1159,-0.16781604290008545,0.9858183264732361,-0.16861388087272644,-0.5480719208717346,-0.3245617747306824,-2.0,-0.36824968457221985,0.9297269582748413,-0.37712568044662476,-0.2004336267709732,-0.056091390550136566,-0.2085118144750595,-0.24014268310125902,-212.25394050881542,0.0,0.0
23.2,1160,-0.1787080615758896,0.9839021563529968,-0.1796732097864151,-0.5529667735099792,-0.24474072456359863,-2.0,-0.37579697370529175,0.9267020225524902,-0.3852566182613373,-0.19708889722824097,-0.0572001188993454,-0.20558340847492218,-0.23745246590112792,-212.49139297471655,0.0,0.0
23.22,1161,-0.1896427869796753,0.9818531274795532,-0.1907983124256134,-0.5562551617622375,-0.16441920399665833,-2.0,-0.3830946385860443,0.9237090945243835,-0.3931442201137543,-0.1934518665075302,-0.05814405903220177,-0.20234589278697968,-0.23445830085673844,-212.7258512755733,0.0,0.0
23.240000000000002,1162,-0.20058690011501312,0.9796758890151978,-0.20195695757865906,-0.5579320192337036,-0.08384363353252411,-2.0,-0.3901398777961731,0.9207556247711182,-0.4007834792137146,-0.18955296277999878,-0.05892030894756317,-0.19882653653621674,-0.2311872623957619,-212.95703853796905,0.0,0.0
23.26,1163,-0.21150386333465576,0.97737717628479,-0.21311338245868683,-0.5578211545944214,0.005541641265153885,-1.9882651567459106,-0.3969299793243408,0.9178488850593567,-0.40816962718963623,-0.18542611598968506,-0.05952826887369156,-0.1950562447309494,-0.22720208348899215,-213.18424062145806,0.0,0.0
23.28,1164,-0.22235000133514404,0.9749668836593628,-0.22422415018081665,-0.5555384755134583,0.11413615942001343,-1.9505624771118164,-0.40346255898475647,0.9149961471557617,-0.4152979552745819,-0.18111257255077362,-0.05997076258063316,-0.19107380509376526,-0.22199241565274735,-213.4062330371108,0.0,0.0
23.3,1165,-0.2330816686153412,0.9724571704864502,-0.23524543642997742,-0.5510640740394592,0.2237192988395691,-1.9107379913330078,-0.40973538160324097,0.9122044444084167,-0.4221639633178711,-0.17665372788906097,-0.06025274097919464,-0.18691852688789368,-0.2165617220753172,-213.62279475918612,0.0,0.0
23.32,1166,-0.24365557730197906,0.9698618054389954,-0.2461332380771637,-0.5443905591964722,0.33367425203323364,-1.8691853284835815,-0.41574639081954956,0.9094805717468262,-0.42876332998275757,-0.1720908135175705,-0.060381241142749786,-0.18263007700443268,-0.21096925683764683,-213.83376401602376,0.0,0.0
23.34,1167,-0.2540290653705597,0.9671965837478638,-0.2568437159061432,-0.5355228781700134,0.4433848559856415,-1.826300859451294,-0.4214937090873718,0.9068313241004944,-0.43509188294410706,-0.16746465861797333,-0.06036526709794998,-0.17824818193912506,-0.20527337671917967,-214.03903739274296,0.0,0.0
23.36,1168,-0.2641603648662567,0.9644787907600403,-0.2673332691192627,-0.5244780778884888,0.5522395968437195,-1.7824817895889282,-0.42697566747665405,0.9042630791664124,-0.4411455988883972,-0.16281531751155853,-0.06021566316485405,-0.17381234467029572,-0.1995310334483796,-214.23856842619134,0.0,0.0
23.38,1169,-0.2740088701248169,0.9617271423339844,-0.27755898237228394,-0.5112853646278381,0.6596353054046631,-1.7381232976913452,-0.43219074606895447,0.901782214641571,-0.4469207227230072,-0.15818187594413757,-0.05994495004415512,-0.16936174035072327,-0.19379735527282166,-214.43236578146417,0.0,0.0
23.400000000000002,1170,-0.28353527188301086,0.9589617848396301,-0.2874786853790283,-0.4959857761859894,0.7649802565574646,-1.6936174631118774,-0.43713751435279846,0.899394690990448,-0.45241352915763855,-0.1536022275686264,-0.05956712365150452,-0.16493484377861023,-0.18812543824417152,-214.62049121970836,0.0,0.0
23.42,1171,-0.29270195960998535,0.9562036991119385,-0.2970513105392456,-0.47863179445266724,0.8676990270614624,-1.6493483781814575,-0.4418147802352905,0.8971062898635864,-0.4576205909252167,-0.14911282062530518,-0.05909743160009384,-0.16056926548480988,-0.182565707830368,-214.80305692753873,0.0,0.0
23.44,1172,-0.30147290229797363,0.953474760055542,-0.3062370717525482,-0.4592871367931366,0.9672337770462036,-1.6056926250457764,-0.44622138142585754,0.8949226140975952,-0.46253859996795654,-0.1447484791278839,-0.05855213850736618,-0.15630154311656952,-0.17716601455956166,-214.9802229420983,0.0,0.0
23.46,1173,-0.3098141849040985,0.9507971405982971,-0.3149975836277008,-0.43802616000175476,1.0630487203598022,-1.563015341758728,-0.4503563940525055,0.8928488492965698,-0.46716445684432983,-0.14054222404956818,-0.05794825032353401,-0.15216688811779022,-0.17197118029825334,-215.15219412239654,0.0,0.0
23.48,1174,-0.3176937699317932,0.948193371295929,-0.3232962489128113,-0.4149335026741028,1.154632329940796,-1.5216686725616455,-0.45421892404556274,0.8908901214599609,-0.47149527072906494,-0.13652513921260834,-0.05730326473712921,-0.14819900691509247,-0.1670229530604801,-215.319217075457,0.0,0.0
23.5,1175,-0.32508188486099243,0.945685863494873,-0.3310983180999756,-0.3901035189628601,1.2414993047714233,-1.481990098953247,-0.45780816674232483,0.8890510201454163,-0.4755282700061798,-0.1327262669801712,-0.05663486197590828,-0.14442992210388184,-0.16235988780834842,-215.48157696326535,0.0,0.0
23.52,1176,-0.3319510221481323,0.9432966113090515,-0.3383711278438568,-0.36363962292671204,1.3231943845748901,-1.4442994594573975,-0.4611234664916992,0.8873359560966492,-0.4792608916759491,-0.1291724443435669,-0.05596064031124115,-0.14088977873325348,-0.1580171550126219,-215.63959411827798,0.0,0.0
23.54,1177,-0.3382759094238281,0.941046953201294,-0.34508419036865234,-0.33565378189086914,1.3992928266525269,-1.4088976383209229,-0.46416425704956055,0.8857491612434387,-0.48269081115722656,-0.12588833272457123,-0.05529782548546791,-0.13760662078857422,-0.15402662052480934,-215.7936207388028,0.0,0.0
23.56,1178,-0.34403374791145325,0.9389572739601135,-0.35120952129364014,-0.3062657415866852,1.4694024324417114,-1.3760660886764526,-0.46692997217178345,0.8842942714691162,-0.4858158528804779,-0.1228962391614914,-0.05466299504041672,-0.13460634648799896,-0.1504168783059218,-215.9440376171087,0.0,0.0
23.580000000000002,1179,-0.34920406341552734,0.9370467066764832,-0.35672155022621155,-0.27560243010520935,1.533165693283081,-1.3460633754730225,-0.4694202244281769,0.8829748630523682,-0.48863404989242554,-0.12021617591381073,-0.0540718212723732,-0.131912499666214,-0.14721315854579492,-216.0912507756545,0.0,0.0
23.6,1180,-0.35376888513565063,0.9353328943252563,-0.3615975081920624,-0.2437972128391266,1.59026038646698,-1.3191249370574951,-0.4716346263885498,0.8817940354347229,-0.4911436140537262,-0.11786575615406036,-0.05353880673646927,-0.129546120762825,-0.14443744924705804,-216.23568822490154,0.0,0.0
23.62,1181,-0.35771262645721436,0.9338316917419434,-0.36581727862358093,-0.21098919212818146,1.6404011249542236,-1.2954610586166382,-0.47357288002967834,0.8807546496391296,-0.49334296584129333,-0.11586024612188339,-0.05307707563042641,-0.1275256872177124,-0.1421085192466182,-216.37779674414816,0.0,0.0
23.64,1182,-0.36102214455604553,0.932557225227356,-0.3693637251853943,-0.1773223876953125,1.6833401918411255,-1.2752567529678345,-0.47523465752601624,0.8798590898513794,-0.49523070454597473,-0.1142125055193901,-0.052698150277137756,-0.12586697936058044,-0.1402420272889305,-216.5180387714371,0.0,0.0
23.66,1183,-0.36368677020072937,0.9315212965011597,-0.3722226321697235,-0.14294502139091492,1.7188677787780762,-1.2586697340011597,-0.47661980986595154,0.8791095614433289,-0.49680566787719727,-0.11293303221464157,-0.052411772310733795,-0.12458302080631256,-0.13885056077373303,-216.65688933221082,0.0,0.0
23.68,1184,-0.3656981587409973,0.9307335019111633,-0.3743828237056732,-0.10800876468420029,1.7468130588531494,-1.2458302974700928,-0.47772809863090515,0.8785077333450317,-0.49806681275367737,-0.11202993988990784,-0.052225757390260696,-0.12368398904800415,-0.13794378669067522,-216.7948331189015,0.0,0.0
23.7,1185,-0.3670504689216614,0.9302010536193848,-0.37583616375923157,-0.07266787439584732,1.7670445442199707,-1.236840009689331,-0.4785594642162323,0.8780551552772522,-0.49901336431503296,-0.11150898784399033,-0.05214587599039078,-0.1231771931052208,-0.13752837442922985,-216.93236149333072,0.0,0.0
23.72,1186,-0.3677401840686798,0.9299286007881165,-0.3765777349472046,-0.03707847744226456,1.7794698476791382,-1.2317719459533691,-0.47911372780799866,0.8777528405189514,-0.4996447265148163,-0.11137356609106064,-0.05217575281858444,-0.12306699901819229,-0.1376082457029194,-217.06996973903364,0.0,0.0
23.740000000000002,1187,-0.3677661716938019,0.9299182891845703,-0.37660568952560425,-0.001397751155309379,1.78403639793396,-1.2306698560714722,-0.4793908894062042,0.8776015043258667,-0.4999605119228363,-0.11162472516298294,-0.052316814661026,-0.12335482984781265,-0.1381845149572827,-217.20815425399093,0.0,0.0
23.76,1188,-0.36712971329689026,0.9301697611808777,-0.375921368598938,0.03421686589717865,1.7807308435440063,-1.2335481643676758,-0.4793908894062042,0.8776015043258667,-0.4999605119228363,-0.11226119101047516,-0.05256827175617218,-0.1240391656756401,-0.13925556537067635,-217.34740981936162,0.0,0.0
23.78,1189,-0.36583438515663147,0.930679976940155,-0.3745291829109192,0.06960846483707428,1.7695800065994263,-1.240391492843628,-0.47911372780799866,0.8777528405189514,-0.4996447265148163,-0.11327934265136719,-0.05292713642120361,-0.1251155436038971,-0.14081703562301512,-217.48822685498462,0.0,0.0
23.8,1190,-0.3638862073421478,0.9314433932304382,-0.3724367618560791,0.10462146252393723,1.7506496906280518,-1.2511553764343262,-0.4785594642162323,0.8780551552772522,-0.49901336431503296,-0.11467323452234268,-0.05338825657963753,-0.12657660245895386,-0.14286186552399602,-217.63108872050861,0.0,0.0
23.82,1191,-0.3612934947013855,0.9324521422386169,-0.36965471506118774,0.13910235464572906,1.724044919013977,-1.2657660245895386,-0.47772809863090515,0.8785077333450317,-0.49806681275367737,-0.11643461883068085,-0.05394440516829491,-0.12841209769248962,-0.14538028960305688,-217.77646901011167,0.0,0.0
23.84,1192,-0.3580669164657593,0.933695912361145,-0.3661966919898987,0.17290055751800537,1.6899096965789795,-1.284121036529541,-0.47661980986595154,0.8791095614433289,-0.49680566787719727,-0.11855289340019226,-0.05458639934659004,-0.1306089609861374,-0.14835977978921128,-217.9248287899009,0.0,0.0
23.86,1193,-0.3542194962501526,0.9351623058319092,-0.36207932233810425,0.20586907863616943,1.6484261751174927,-1.3060896396636963,-0.47523465752601624,0.8798590898513794,-0.49523070454597473,-0.12101516127586365,-0.055303219705820084,-0.13315139710903168,-0.15178505112923207,-218.0766138410301,0.0,0.0
23.88,1194,-0.34976664185523987,0.936836838722229,-0.35732200741767883,0.2378653734922409,1.599814534187317,-1.3315138816833496,-0.47357288002967834,0.8807546496391296,-0.49334296584129333,-0.12380621582269669,-0.056082211434841156,-0.1360209584236145,-0.15563798430690556,-218.23225182533702,0.0,0.0
23.900000000000002,1195,-0.3447260856628418,0.9387032985687256,-0.35194697976112366,0.26875197887420654,1.5443310737609863,-1.360209584236145,-0.4716346263885498,0.8817940354347229,-0.4911436140537262,-0.1269085556268692,-0.05690925940871239,-0.13919664919376373,-0.1598976939036685,-218.3921495192407,0.0,0.0
23.92,1196,-0.3391178548336029,0.9407439231872559,-0.3459790349006653,0.29839736223220825,1.4822691679000854,-1.391966462135315,-0.4694202244281769,0.8829748630523682,-0.48863404989242554,-0.13030238449573517,-0.05776901915669441,-0.14265502989292145,-0.16454029479607274,-218.55668981403676,0.0,0.0
23.94,1197,-0.3329642713069916,0.9429394602775574,-0.3394455015659332,0.32667651772499084,1.4139569997787476,-1.426550269126892,-0.46692997217178345,0.8842942714691162,-0.4858158528804779,-0.13396570086479187,-0.05864515155553818,-0.14637036621570587,-0.16953901199503596,-218.7262288260318,0.0,0.0
23.96,1198,-0.32628995180130005,0.9452697038650513,-0.33237606287002563,0.35347163677215576,1.3397566080093384,-1.4637036323547363,-0.46416425704956055,0.8857491612434387,-0.48269081115722656,-0.1378742754459381,-0.05952057987451553,-0.15031476318836212,-0.17486407350839828,-218.90109289954017,0.0,0.0
23.98,1199,-0.31912171840667725,0.9477137327194214,-0.32480260729789734,0.37867289781570435,1.260062575340271,-1.5031474828720093,-0.4611234664916992,0.8873359560966492,-0.4792608916759491,-0.14200174808502197,-0.060377754271030426,-0.15445828437805176,-0.1804827318636271,-219.0815756314038,0.0,0.0
24.0,1200,-0.31148847937583923,0.9502499103546143,-0.31675902009010315,0.40217891335487366,1.1753005981445312,-1.5445828437805176,-0.45780816674232483,0.8890510201454163,-0.4755282700061798,-0.1463196873664856,-0.06119892746210098,-0.15876923501491547,-0.1863592293965089,-219.26793486080032,0.0,0.0
24.02,1201,-0.3034211993217468,0.9528565406799316,-0.3082810640335083,0.4238974153995514,1.0859253406524658,-1.5876924991607666,-0.45421892404556274,0.8908901214599609,-0.47149527072906494,-0.15079770982265472,-0.0619664303958416,-0.16321419179439545,-0.1924548663500912,-219.4603897271504,0.0,0.0
24.04,1202,-0.2949528396129608,0.9555118083953857,-0.29940617084503174,0.44374579191207886,0.9924188852310181,-1.6321419477462769,-0.4503563940525055,0.8928488492965698,-0.46716445684432983,-0.15540356934070587,-0.06266293674707413,-0.16775831580162048,-0.19872798294353475,-219.65911771009394,0.0,0.0
24.060000000000002,1203,-0.28611811995506287,0.958194375038147,-0.29017314314842224,0.4616515636444092,0.895287811756134,-1.6775829792022705,-0.44622138142585754,0.8949226140975952,-0.46253859996795654,-0.16010327637195587,-0.06327175348997116,-0.1723654717206955,-0.20513417282623253,-219.86425188292017,0.0,0.0
24.080000000000002,1204,-0.27695342898368835,0.9608833193778992,-0.28062206506729126,0.47755277156829834,0.7950611114501953,-1.7236547470092773,-0.4418147802352905,0.8971062898635864,-0.4576205909252167,-0.16486133635044098,-0.06377704441547394,-0.17699851095676422,-0.21162638083022994,-220.0758782637504,0.0,0.0
24.1,1205,-0.26749667525291443,0.9635587930679321,-0.2707940936088562,0.49139854311943054,0.6922878623008728,-1.7699851989746094,-0.43713751435279846,0.899394690990448,-0.45241352915763855,-0.16964082419872284,-0.06416410207748413,-0.18161942064762115,-0.21815496195825873,-220.29403322570866,0.0,0.0
24.12,1206,-0.2577870190143585,0.9662017822265625,-0.26073113083839417,0.5031492114067078,0.587533712387085,-1.8161942958831787,-0.43219074606895447,0.901782214641571,-0.4469207227230072,-0.17440371215343475,-0.06441954523324966,-0.18618959188461304,-0.2246680251054854,-220.51870125081413,0.0,0.0
24.14,1207,-0.2478647381067276,0.9687946438789368,-0.25047558546066284,0.512776792049408,0.4813779592514038,-1.86189603805542,-0.42697566747665405,0.9042630791664124,-0.4411455988883972,-0.17911094427108765,-0.06453154236078262,-0.19067002832889557,-0.23111170655716923,-220.7498129573713,0.0,0.0
24.16,1208,-0.2377709001302719,0.9713212847709656,-0.24007028341293335,0.5202649831771851,0.3744105100631714,-1.9067001342773438,-0.4214937090873718,0.9068313241004944,-0.43509188294410706,-0.1837228238582611,-0.06448994576931,-0.1950215995311737,-0.23743036835473086,-220.987243325726,0.0,0.0
24.18,1209,-0.22754722833633423,0.9737670421600342,-0.2295580953359604,0.52560955286026,0.267227441072464,-1.9502159357070923,-0.41574639081954956,0.9094805717468262,-0.42876332998275757,-0.18819916248321533,-0.06428645551204681,-0.19920523464679718,-0.24356721215216792,-221.23081053787817,0.0,0.0
24.2,1210,-0.21723578870296478,0.9761191606521606,-0.21898172795772552,0.5288181304931641,0.16042913496494293,-1.9920523166656494,-0.40973538160324097,0.9122044444084167,-0.4221639633178711,-0.19249960780143738,-0.06391473114490509,-0.20318223536014557,-0.2494643234818523,-221.48027486136002,0.0,0.0
24.22,1211,-0.20686931908130646,0.9783685803413391,-0.20837397873401642,0.5303877592086792,0.07848161458969116,-2.0,-0.40346255898475647,0.9149961471557617,-0.4152979552745819,-0.19659323990345,-0.06337243318557739,-0.2069239765405655,-0.2537899857333297,-221.73406484709335,0.0,0.0
24.240000000000002,1212,-0.1964787393808365,0.9805080890655518,-0.19776536524295807,0.530430793762207,0.002151516964659095,-2.0,-0.3969299793243408,0.9178488850593567,-0.40816962718963623,-0.20045123994350433,-0.06265919655561447,-0.21040426194667816,-0.2575325930657239,-221.99159744015907,0.0,0.0
24.26,1213,-0.1860952526330948,0.982531726360321,-0.18718646466732025,0.5289447903633118,-0.07429880648851395,-2.0,-0.3901398777961731,0.9207556247711182,-0.4007834792137146,-0.2040446251630783,-0.06177610531449318,-0.21359702944755554,-0.26098316083489354,-222.25258060099395,0.0,0.0
24.28,1214,-0.1757502406835556,0.9844347834587097,-0.17666782438755035,0.5259320139884949,-0.1506396383047104,-2.0,-0.3830946385860443,0.9237090945243835,-0.3931442201137543,-0.2073443979024887,-0.06072569265961647,-0.21647639572620392,-0.26411565285949234,-222.51669625385344,0.0,0.0
24.3,1215,-0.16547520458698273,0.9862139225006104,-0.16623984277248383,0.521399199962616,-0.2266400009393692,-2.0,-0.37579697370529175,0.9267020225524902,-0.3852566182613373,-0.21032175421714783,-0.059511926025152206,-0.21901677548885345,-0.2669043777585977,-222.78360063161205,0.0,0.0
24.32,1216,-0.1553015410900116,0.9878671169281006,-0.15593267977237701,0.5153578519821167,-0.3020686209201813,-2.0,-0.36824968457221985,0.9297269582748413,-0.37712568044662476,-0.21294812858104706,-0.05814017355442047,-0.22119300067424774,-0.26932393245347563,-223.05292456406553,0.0,0.0
24.34,1217,-0.14526045322418213,0.9893934726715088,-0.14577621221542358,0.5078239440917969,-0.37669485807418823,-2.0,-0.36045587062835693,0.9327762722969055,-0.36875656247138977,-0.2151954174041748,-0.05661717802286148,-0.2229803502559662,-0.27134947324010344,-223.32427403730563,0.0,0.0
24.36,1218,-0.13538283109664917,0.9907933473587036,-0.135799840092659,0.49881812930107117,-0.45028966665267944,-2.0,-0.35241883993148804,0.9358423948287964,-0.36015450954437256,-0.21703600883483887,-0.054950982332229614,-0.22435466945171356,-0.2729567180048985,-223.59723075531053,0.0,0.0
24.38,1219,-0.12569914758205414,0.9920684099197388,-0.1260325312614441,0.48836562037467957,-0.5226264595985413,-2.0,-0.3441421687602997,0.9389175772666931,-0.35132497549057007,-0.21844302117824554,-0.053150855004787445,-0.22529245913028717,-0.27412197722872367,-223.87135273253926,0.0,0.0
24.400000000000002,1220,-0.11623924970626831,0.9932212233543396,-0.11650261282920837,0.4764959514141083,-0.593482255935669,-2.0,-0.3356296420097351,0.9419940114021301,-0.3422735631465912,-0.2193903774023056,-0.05122721567749977,-0.22577093541622162,-0.2748223624192016,-224.14617509495847,0.0,0.0
24.42,1221,-0.10703232884407043,0.994255542755127,-0.10723774880170822,0.46324318647384644,-0.6626383662223816,-2.0,-0.32688531279563904,0.9450640082359314,-0.3330059349536896,-0.2198529690504074,-0.04919152334332466,-0.22576817870140076,-0.2750358139818712,-224.42121090894034,0.0,0.0
24.44,1222,-0.09810677170753479,0.9951758980751038,-0.09826483577489853,0.44864556193351746,-0.729881227016449,-2.0,-0.3179134726524353,0.9481196999549866,-0.323527991771698,-0.2198067009449005,-0.0470561645925045,-0.22526314854621887,-0.27474109719329254,-224.69595200613364,0.0,0.0
24.46,1223,-0.08949004858732224,0.9959877133369446,-0.08960992842912674,0.43274548649787903,-0.7950035929679871,-2.0,-0.308718740940094,0.9511533975601196,-0.313845694065094,-0.21922869980335236,-0.04483434557914734,-0.22423575818538666,-0.27391806396668344,-224.9698700701003,0.0,0.0
24.48,1224,-0.08120861649513245,0.9966971278190613,-0.08129814267158508,0.4155893921852112,-0.8578048944473267,-2.0,-0.29930591583251953,0.9541571736335754,-0.30396515130996704,-0.21809731423854828,-0.04253992438316345,-0.22266700863838196,-0.27254755424691224,-225.2424176243472,0.0,0.0
24.5,1225,-0.07328782230615616,0.9973108172416687,-0.0733535885810852,0.39722755551338196,-0.9180922508239746,-2.0,-0.2896801233291626,0.9571235179901123,-0.29389262199401855,-0.21639230847358704,-0.04018731787800789,-0.22053903341293335,-0.2706115625893855,-225.5130291869366,0.0,0.0
24.52,1226,-0.06575184315443039,0.9978359937667847,-0.06579931080341339,0.3777139484882355,-0.9756808876991272,-2.0,-0.27984675765037537,0.9600446820259094,-0.2836344838142395,-0.21409490704536438,-0.03779131919145584,-0.21783515810966492,-0.2680933120223975,-225.78112249895898,0.0,0.0
24.54,1227,-0.05862355977296829,0.9982801675796509,-0.05865718796849251,0.3571060299873352,-1.0303951501846313,-2.0,-0.2698114216327667,0.9629132151603699,-0.2731971740722656,-0.21118785440921783,-0.0353669747710228,-0.21453998982906342,-0.264977294547708,-226.0460997935067,0.0,0.0
24.560000000000002,1228,-0.051924534142017365,0.9986510276794434,-0.05194789543747902,0.3354646563529968,-1.082068681716919,-2.0,-0.2595800459384918,0.965721607208252,-0.262587308883667,-0.20765550434589386,-0.03292941674590111,-0.21063941717147827,-0.26124927805272885,-226.30734907155943,0.0,0.0
24.580000000000002,1229,-0.045674923807382584,0.9989563822746277,-0.04569081962108612,0.31285375356674194,-1.1305451393127441,-2.0,-0.2491588294506073,0.9684626460075378,-0.25181159377098083,-0.20348390936851501,-0.03049372136592865,-0.20612077414989471,-0.2568964880473392,-226.56424555960677,0.0,0.0
24.6,1230,-0.03989342972636223,0.9992039203643799,-0.03990401700139046,0.28934019804000854,-1.1756787300109863,-2.0,-0.2385542392730713,0.9711291790008545,-0.24087683856487274,-0.19866080582141876,-0.02807476557791233,-0.20097282528877258,-0.2519075766150048,-226.81615313622177,0.0,0.0
24.62,1231,-0.0345972403883934,0.999401330947876,-0.03460414707660675,0.26499348878860474,-1.2173343896865845,-2.0,-0.22777298092842102,0.973714292049408,-0.22978992760181427,-0.19317573308944702,-0.025687072426080704,-0.19518578052520752,-0.24627269134489962,-227.06242582756667,0.0,0.0
24.64,1232,-0.029787583276629448,0.9995562434196472,-0.02979199029505253,0.2406078726053238,-1.2192814350128174,-1.9518578052520752,-0.2168220430612564,0.9762111306190491,-0.21855787932872772,-0.1870344579219818,-0.023345105350017548,-0.18876589834690094,-0.23809542661933192,-227.300521254186,0.0,0.0
24.66,1233,-0.025459323078393936,0.9996758699417114,-0.02546207420527935,0.21649576723575592,-1.2056047916412354,-1.887658953666687,-0.20570865273475647,0.9786132574081421,-0.20718778669834137,-0.18024933338165283,-0.02106257900595665,-0.18172571063041687,-0.22872836595978357,-227.5292496201458,0.0,0.0
24.68,1234,-0.02160397544503212,0.9997665882110596,-0.021605657413601875,0.19282087683677673,-1.1837444305419922,-1.8172571659088135,-0.1944403052330017,0.9809143543243408,-0.19568683207035065,-0.1728363335132599,-0.01885225437581539,-0.17408117651939392,-0.2186063644663134,-227.74785598461213,0.0,0.0
24.7,1235,-0.01820978708565235,0.9998341798782349,-0.018210794776678085,0.1697431206703186,-1.1538883447647095,-1.7408117055892944,-0.18302473425865173,0.9831082820892334,-0.18406227231025696,-0.16481494903564453,-0.016725879162549973,-0.16585148870944977,-0.2077802932531753,-227.9556362778653,0.0,0.0
24.72,1236,-0.015261848457157612,0.9998835325241089,-0.015262441709637642,0.14741766452789307,-1.1162729263305664,-1.6585147380828857,-0.17146988213062286,0.9851893782615662,-0.17232146859169006,-0.15620803833007812,-0.014694170095026493,-0.15705901384353638,-0.19630654375378917,-228.1519428216191,0.0,0.0
24.740000000000002,1237,-0.012742215767502785,0.9999188184738159,-0.012742561288177967,0.1259940266609192,-1.0711817741394043,-1.5705902576446533,-0.1597839742898941,0.9871519804000854,-0.1604718118906021,-0.14704175293445587,-0.012766808271408081,-0.14772924780845642,-0.1842464457993232,-228.3361892674184,0.0,0.0
24.76,1238,-0.010630057193338871,0.9999434947967529,-0.010630257427692413,0.10561515390872955,-1.0189433097839355,-1.477292537689209,-0.1479753702878952,0.9889910221099854,-0.1485207974910736,-0.1373453140258789,-0.010952453128993511,-0.1378905326128006,-0.17166548574690102,-228.5078547531653,0.0,0.0
24.78,1239,-0.00890180841088295,0.9999603629112244,-0.008901926688849926,0.0864165723323822,-0.9599289894104004,-1.3789054155349731,-0.1360526978969574,0.9907016158103943,-0.13647596538066864,-0.12715089321136475,-0.009258776903152466,-0.12757404148578644,-0.15863267219568414,-228.666487425361,0.0,0.0
24.8,1240,-0.007531343959271908,0.9999716281890869,-0.007531415205448866,0.06852556020021439,-0.8945508599281311,-1.275740385055542,-0.12402476370334625,0.9922791123390198,-0.12434494495391846,-0.11649341881275177,-0.007692515850067139,-0.116813525557518,-0.14521968576676733,-228.81170711112776,0.0,0.0
24.82,1241,-0.0064901621080935,0.9999789595603943,-0.006490207742899656,0.05206037312746048,-0.8232592940330505,-1.1681352853775024,-0.11190052330493927,0.9937193989753723,-0.1121353805065155,-0.10541035979986191,-0.006259525194764137,-0.10564517229795456,-0.13150013808142774,-228.9432072492092,0.0,0.0
24.84,1242,-0.005747584626078606,0.9999834895133972,-0.005747616291046143,0.03712957724928856,-0.7465397119522095,-1.056451678276062,-0.09968913346529007,0.9950186610221863,-0.09985499083995819,-0.09394154697656631,-0.004964850842952728,-0.09410737454891205,-0.11754866698560752,-229.0607559161948,0.0,0.0
24.86,1243,-0.005270964000374079,0.9999861121177673,-0.005270988214761019,0.023831382393836975,-0.664909839630127,-0.9410737752914429,-0.08739987760782242,0.9961733222007751,-0.08751153200864792,-0.08212891221046448,-0.0038127992302179337,-0.08224054425954819,-0.10344020038994835,-229.16419611658475,0.0,0.0
24.88,1244,-0.00502590648829937,0.9999873638153076,-0.005025927443057299,0.012253048829734325,-0.578916609287262,-0.8224054574966431,-0.07504218071699142,0.9971803426742554,-0.07511279731988907,-0.0700162798166275,-0.0028070099651813507,-0.07008686661720276,-0.08924911156195738,-229.25344522814672,0.0,0.0
24.900000000000002,1245,-0.004976498894393444,0.9999876022338867,-0.004976519849151373,0.002470390871167183,-0.48913291096687317,-0.7008687257766724,-0.06262560933828354,0.9980370998382568,-0.06266661733388901,-0.05764910951256752,-0.0019505270756781101,-0.0576900988817215,-0.07504844701242167,-229.32849367515914,0.0,0.0
24.92,1246,-0.005085551179945469,0.9999870657920837,-0.00508557353168726,-0.0054526845924556255,-0.3961537778377533,-0.5769009590148926,-0.05015980079770088,0.9987412095069885,-0.05018085613846779,-0.04507424682378769,-0.0012458635028451681,-0.045095283538103104,-0.060909191377946606,-229.3894028665371,0.0,0.0
24.94,1247,-0.005314839072525501,0.9999858736991882,-0.005314864218235016,-0.011464548297226429,-0.30059319734573364,-0.45095282793045044,-0.03765450045466423,0.9992908239364624,-0.037663403898477554,-0.032339658588171005,-0.0006950582610443234,-0.03234853968024254,-0.046899576368020654,-229.43630244290512,0.0,0.0
24.96,1248,-0.00562535785138607,0.9999842047691345,-0.005625387188047171,-0.015526152215898037,-0.2030801922082901,-0.323485404253006,-0.025119516998529434,0.9996844530105591,-0.025122158229351044,-0.019494159147143364,-0.0002997223928105086,-0.019496772438287735,-0.03308444455804711,-229.46938688746317,0.0,0.0
24.98,1249,-0.005977576598525047,0.9999821186065674,-0.00597761245444417,-0.017611252143979073,-0.10425498336553574,-0.19496770203113556,-0.01256471686065197,0.9999210834503174,-0.012565047480165958,-0.006587140262126923,-6.107330409577116e-05,-0.006587435491383076,-0.019524669904505958,-229.4889115573677,0.0,0.0
25.0,1250,-0.006331701297312975,0.9999799728393555,-0.00633174367249012,-0.017706558108329773,-0.004765319637954235,-0.06587435305118561,-6.123233998228043e-16,1.0,-6.123233998228043e-16,0.006331701297312975,2.0045421479153447e-05,0.00633174367249012,-0.006276698208833262,-229.49518825557652,0.0,0.0
25.02,1251,-0.006647930946201086,0.9999778866767883,-0.006647979840636253,-0.015811806544661522,0.09473756700754166,0.0633174329996109,0.01256471686065197,0.9999210834503174,0.012565047480165958,0.019212648272514343,-5.684143616235815e-05,0.019213028252124786,-0.0066880706959043384,-229.50187632627242,0.0,0.0
25.04,1252,-0.0068867201916873455,0.9999762773513794,-0.0068867746740579605,-0.011939750984311104,0.1936028003692627,0.19213026762008667,0.025119516998529434,0.9996844530105591,0.025122158229351044,0.03200623765587807,-0.00029183109290897846,0.03200893476605415,-0.01982096264162693,-229.52169728891405,0.0,0.0
25.060000000000002,1253,-0.0070090387016534805,0.9999754428863525,-0.007009096443653107,-0.006116075906902552,0.2911837697029114,0.32008934020996094,0.03765450045466423,0.9992908239364624,0.037663403898477554,0.04466353729367256,-0.0006846184842288494,0.04467250034213066,-0.033155826281932595,-229.55485311519598,0.0,0.0
25.080000000000002,1254,-0.006976624485105276,0.9999756813049316,-0.00697668083012104,0.0016207663575187325,0.38684210181236267,0.4467250108718872,0.05015980079770088,0.9987412095069885,0.05018085613846779,0.057136423885822296,-0.0012344580609351397,0.05715753883123398,-0.04663571710332997,-229.6014888322993,0.0,0.0
25.1,1255,-0.006752233952283859,0.9999772310256958,-0.006752285175025463,0.011219792068004608,0.47995126247406006,0.5715753436088562,0.06262560933828354,0.9980370998382568,0.06266661733388901,0.0693778395652771,-0.0019401133758947253,0.06941889971494675,-0.0602001252837408,-229.66168895758304,0.0,0.0
25.12,1256,-0.00629988731816411,0.9999801516532898,-0.006299929227679968,0.022617803886532784,0.5699005722999573,0.6941890120506287,0.07504218071699142,0.9971803426742554,0.07511279731988907,0.08134207129478455,-0.002799795474857092,0.08141272515058517,-0.07378553038255405,-229.7354744879656,0.0,0.0
25.14,1257,-0.00558510422706604,0.9999843835830688,-0.00558513356372714,0.035739775747060776,0.6560987234115601,0.8141272664070129,0.08739987760782242,0.9961733222007751,0.08751153200864792,0.09298498183488846,-0.0038110939785838127,0.09309666603803635,-0.08732596281738315,-229.82280045078298,0.0,0.0
25.16,1258,-0.004575130995362997,0.9999895095825195,-0.004575147293508053,0.0504993200302124,0.737977147102356,0.9309666752815247,0.09968913346529007,0.9950186610221863,0.09985499083995819,0.1042642593383789,-0.00497090257704258,0.10443013906478882,-0.10075366820955954,-229.92355411899254,0.0,0.0
25.18,1259,-0.0032391573768109083,0.9999947547912598,-0.0032391631975769997,0.06679919362068176,0.8149938583374023,1.0443013906478882,0.11190052330493927,0.9937193989753723,0.1121353805065155,0.1151396781206131,-0.00627534044906497,0.11537454277276993,-0.1139998076745059,-230.03755392666704,0.0,0.0
25.2,1260,-0.0015485241310670972,0.9999988079071045,-0.0015485247131437063,0.08453191816806793,0.8866361975669861,1.153745412826538,0.12402476370334625,0.9922791123390198,0.12434494495391846,0.1255732923746109,-0.007719677872955799,0.1258934736251831,-0.1269951905268534,-230.1645491171939,0.0,0.0
25.22,1261,0.0005230834358371794,0.9999998807907104,0.0005230834358371794,0.10358040779829025,0.9524243474006653,1.258934736251831,0.1360526978969574,0.9907016158103943,0.13647596538066864,0.13552962243556976,-0.009298262186348438,0.135952889919281,-0.1396710271917024,-230.3042201443856,0.0,0.0
25.240000000000002,1262,0.002999452641233802,0.9999955296516418,0.0029994570650160313,0.12381868064403534,1.011913776397705,1.3595287799835205,0.1479753702878952,0.9889910221099854,0.1485207974910736,0.1449759155511856,-0.011004455387592316,0.14552132785320282,-0.1519596943479882,-230.4561798387336,0.0,0.0
25.26,1263,0.005901675671339035,0.9999825954437256,0.005901710130274296,0.14511264860630035,1.064698338508606,1.4552134275436401,0.1597839742898941,0.9871519804000854,0.1604718118906021,0.15388229489326477,-0.012830578722059727,0.1545700877904892,-0.16379554783437678,-230.61997538656797,0.0,0.0
25.28,1264,0.009247995913028717,0.999957263469696,0.009248128160834312,0.16732090711593628,1.1104124784469604,1.545701026916504,0.17146988213062286,0.9851893782615662,0.17232146859169006,0.16222189366817474,-0.014767874963581562,0.16307333111763,-0.17511560007975394,-230.79509098664772,0.0,0.0
25.3,1265,0.013053668662905693,0.999914824962616,0.01305403932929039,0.19029556214809418,1.148733377456665,1.6307333707809448,0.18302473425865173,0.9831082820892334,0.18406227231025696,0.1699710637331009,-0.01680648699402809,0.17100824415683746,-0.18586034343007862,-230.9809513300778,0.0,0.0
25.32,1266,0.0173308365046978,0.999849796295166,0.01733170449733734,0.21388323605060577,1.1793832778930664,1.7100822925567627,0.1944403052330017,0.9809143543243408,0.19568683207035065,0.1771094650030136,-0.01893545687198639,0.1783551275730133,-0.19597438379387166,-231.17692571387167,0.0,0.0
25.34,1267,0.02208842523396015,0.9997560381889343,0.02209022082388401,0.23792585730552673,1.2021311521530151,1.7835513353347778,0.20570865273475647,0.9786132574081421,0.20718778669834137,0.18362022936344147,-0.021142741665244102,0.1850975751876831,-0.20540716234987086,-231.38233287622154,0.0,0.0
25.36,1268,0.02733205258846283,0.9996263980865479,0.027335455641150475,0.2622617483139038,1.2167938947677612,1.8509756326675415,0.2168220430612564,0.9762111306190491,0.21855787932872772,0.18948999047279358,-0.02341526187956333,0.1912224292755127,-0.21411343929963325,-231.59644631552118,0.0,0.0
25.38,1269,0.03306395933032036,0.9994532465934753,0.03306998685002327,0.2867265045642853,1.2232377529144287,1.9122241735458374,0.22777298092842102,0.973714292049408,0.22978992760181427,0.19470901787281036,-0.025738973170518875,0.1967199444770813,-0.2220539085339991,-231.81850022405519,0.0,0.0
25.400000000000002,1270,0.03928295895457268,0.9992281198501587,0.039293065667152405,0.3111540675163269,1.221379280090332,1.967199444770813,0.2385542392730713,0.9711291790008545,0.24087683856487274,0.1992712765932083,-0.028098952025175095,0.20158377289772034,-0.22919559555853916,-232.04769581961372,0.0,0.0
25.42,1271,0.04597965627908707,0.9989423751831055,0.04599587246775627,0.3351402282714844,1.1993073225021362,2.0,0.2491588294506073,0.9684626460075378,0.25181159377098083,0.20317918062210083,-0.03047974221408367,0.20581573247909546,-0.2348809665826072,-232.28257678619633,0.0,0.0
25.44,1272,0.053133297711610794,0.998587429523468,0.05315833166241646,0.35812297463417053,1.1491369009017944,2.0,0.2595800459384918,0.965721607208252,0.262587308883667,0.20644675195217133,-0.03286583349108696,0.20942898094654083,-0.2386532625252796,-232.5212300487216,0.0,0.0
25.46,1273,0.06072166934609413,0.9981547594070435,0.0607590489089489,0.3800358176231384,1.09564208984375,2.0,0.2698114216327667,0.9629132151603699,0.2731971740722656,0.2090897411108017,-0.03524155169725418,0.21243812143802643,-0.24182826151766457,-232.76305831023927,0.0,0.0
25.48,1274,0.06872115284204483,0.9976359009742737,0.06877535581588745,0.40081557631492615,1.0389889478683472,2.0,0.27984675765037537,0.9600446820259094,0.2836344838142395,0.21112559735774994,-0.037591222673654556,0.21485911309719086,-0.24442181499969587,-233.00748012523897,0.0,0.0
25.5,1275,0.07710680365562439,0.9970228672027588,0.07718341052532196,0.4204026460647583,0.9793535470962524,2.0,0.2896801233291626,0.9571235179901123,0.29389262199401855,0.2125733345746994,-0.039899326860904694,0.2167092114686966,-0.2464510716233755,-233.25393119686234,0.0,0.0
25.52,1276,0.08585242182016373,0.9963078498840332,0.08595823496580124,0.4387410879135132,0.9169216156005859,2.0,0.29930591583251953,0.9541571736335754,0.30396515130996704,0.2134535014629364,-0.04215066507458687,0.2180069088935852,-0.2479343880405104,-233.50186558490284,0.0,0.0
25.54,1277,0.09493064880371094,0.9954838752746582,0.09507381170988083,0.4557788372039795,0.8518880605697632,2.0,0.308718740940094,0.9511533975601196,0.313845694065094,0.21378809213638306,-0.04433051496744156,0.21877187490463257,-0.24889134037659413,-233.75075692527943,0.0,0.0
25.560000000000002,1278,0.10431306064128876,0.994544506072998,0.10450316965579987,0.4714679718017578,0.7844560742378235,2.0,0.3179134726524353,0.9481196999549866,0.323527991771698,0.21360041201114655,-0.046424783766269684,0.21902480721473694,-0.24934252372720553,-234.00009944900663,0.0,0.0
25.580000000000002,1279,0.11397027969360352,0.9934841394424438,0.11421846598386765,0.4857647120952606,0.714836597442627,2.0,0.32688531279563904,0.9450640082359314,0.3330059349536896,0.21291501820087433,-0.04842013865709305,0.21878747642040253,-0.2493095273918143,-234.24940897639843,0.0,0.0
25.6,1280,0.1238720640540123,0.9922981858253479,0.12419106066226959,0.4986296594142914,0.6432474851608276,2.0,0.3356296420097351,0.9419940114021301,0.3422735631465912,0.2117575705051422,-0.050304166972637177,0.2180825024843216,-0.24881487753644219,-234.49822385393486,0.0,0.0
25.62,1281,0.1339874416589737,0.9909830093383789,0.13439162075519562,0.5100278854370117,0.5699126720428467,2.0,0.3441421687602997,0.9389175772666931,0.35132497549057007,0.210154727101326,-0.05206547677516937,0.21693336963653564,-0.2478819476144484,-234.7461058015493,0.0,0.0
25.64,1282,0.14428482949733734,0.9895362257957458,0.14479020237922668,0.5199291110038757,0.49506139755249023,2.0,0.35241883993148804,0.9358423948287964,0.36015450954437256,0.2081340104341507,-0.05369381606578827,0.21536430716514587,-0.24653477728967224,-234.99264057883897,0.0,0.0
25.66,1283,0.15473216772079468,0.9879564642906189,0.15535634756088257,0.5283076763153076,0.41892704367637634,2.0,0.36045587062835693,0.9327762722969055,0.36875656247138977,0.20572368800640106,-0.055180180817842484,0.213400200009346,-0.2447981578558539,-235.23743873669483,0.0,0.0
25.68,1284,0.16529706120491028,0.9862438440322876,0.166059210896492,0.5351426005363464,0.3417465388774872,2.0,0.36824968457221985,0.9297269582748413,0.37712568044662476,0.20295260846614838,-0.05651688575744629,0.21106648445129395,-0.24269735868390624,-235.48013609537873,0.0,0.0
25.7,1285,0.17594686150550842,0.984399676322937,0.1768675595521927,0.5404177904129028,0.263759046792984,2.0,0.37579697370529175,0.9267020225524902,0.3852566182613373,0.19985009729862213,-0.057697638869285583,0.2083890587091446,-0.24025812093716212,-235.7203942163159,0.0,0.0
25.72,1286,0.1866489052772522,0.9824267029762268,0.18774999678134918,0.5441218614578247,0.18520525097846985,2.0,0.3830946385860443,0.9237090945243835,0.3931442201137543,0.19644573330879211,-0.05871758610010147,0.2053942233324051,-0.2375066209301272,-235.95790083724603,0.0,0.0
25.740000000000002,1287,0.1973705291748047,0.9803289771080017,0.19867496192455292,0.5462484359741211,0.10632609575986862,2.0,0.3901398777961731,0.9207556247711182,0.4007834792137146,0.19276933372020721,-0.05957335606217384,0.20210853219032288,-0.2344692545214075,-236.19237009176743,0.0,0.0
25.76,1288,0.20807930827140808,0.978111982345581,0.20961087942123413,0.546795666217804,0.027361974120140076,2.0,0.3969299793243408,0.9178488850593567,0.40816962718963623,0.18885067105293274,-0.06026306748390198,0.1985587477684021,-0.23117260057044395,-236.42354269233786,0.0,0.0
25.78,1289,0.21873889863491058,0.9757834076881409,0.22052188217639923,0.545550525188446,-0.06225775554776192,1.985587477684021,0.40346255898475647,0.9149961471557617,0.4152979552745819,0.18472367525100708,-0.060787275433540344,0.19477605819702148,-0.22707331522221394,-236.65061600756007,0.0,0.0
25.8,1290,0.2293066531419754,0.9733542203903198,0.23136529326438904,0.5421702861785889,-0.16900911927223206,1.9477607011795044,0.40973538160324097,0.9122044444084167,0.4221639633178711,0.18042872846126556,-0.061149805784225464,0.19079867005348206,-0.22187037653604522,-236.8724863840961,0.0,0.0
25.82,1291,0.23974007368087769,0.9708371162414551,0.2420981079339981,0.536641001701355,-0.2764650583267212,1.9079866409301758,0.41574639081954956,0.9094805717468262,0.42876332998275757,0.17600631713867188,-0.061356522142887115,0.18666520714759827,-0.21646998002855214,-237.08895636412467,0.0,0.0
25.84,1292,0.24999716877937317,0.968246579170227,0.252677321434021,0.5289605855941772,-0.3840225636959076,1.8666521310806274,0.4214937090873718,0.9068313241004944,0.43509188294410706,0.17149655520915985,-0.06141524761915207,0.18241454660892487,-0.21092990600009923,-237.29988627012477,0.0,0.0
25.86,1293,0.2600365877151489,0.9655987620353699,0.2630600929260254,0.5191389322280884,-0.49108096957206726,1.8241455554962158,0.42697566747665405,0.9042630791664124,0.4411455988883972,0.16693907976150513,-0.06133565306663513,0.17808550596237183,-0.20530684812409378,-237.50519311824885,0.0,0.0
25.88,1294,0.2698180377483368,0.9629113078117371,0.2732040584087372,0.5071980357170105,-0.5970457792282104,1.7808549404144287,0.43219074606895447,0.901782214641571,0.4469207227230072,0.16237269341945648,-0.06112911179661751,0.17371664941310883,-0.1996559761362024,-237.70484909438505,0.0,0.0
25.900000000000002,1295,0.2793023884296417,0.9602031707763672,0.2830674946308136,0.4931713938713074,-0.7013312578201294,1.7371665239334106,0.43713751435279846,0.899394690990448,0.45241352915763855,0.15783514082431793,-0.060808517038822174,0.16934603452682495,-0.19403070579979845,-237.89887980018486,0.0,0.0
25.92,1296,0.2884518504142761,0.9574943780899048,0.2926095724105835,0.4771040976047516,-0.8033658862113953,1.6934603452682495,0.4418147802352905,0.8971062898635864,0.4576205909252167,0.1533629149198532,-0.06038810312747955,0.16501100361347198,-0.18848203335741684,-238.08736183354227,0.0,0.0
25.94,1297,0.2972303628921509,0.9548057913780212,0.30179062485694885,0.4590522050857544,-0.9025933146476746,1.650110125541687,0.44622138142585754,0.8949226140975952,0.46253859996795654,0.14899101853370667,-0.05988318845629692,0.16074799001216888,-0.18305860632227913,-238.27042043986455,0.0,0.0
25.96,1298,0.30560359358787537,0.9521588087081909,0.3105722665786743,0.43908268213272095,-0.9984771013259888,1.6074798107147217,0.4503563940525055,0.8928488492965698,0.46716445684432983,0.14475281536579132,-0.05930996313691139,0.1565922051668167,-0.17780623977729745,-238.44822667964186,0.0,0.0
25.98,1299,0.313539057970047,0.9495753049850464,0.31891772150993347,0.4172726273536682,-1.0905026197433472,1.5659217834472656,0.45421892404556274,0.8908901214599609,0.47149527072906494,0.14067986607551575,-0.05868520215153694,0.15257754921913147,-0.17276784301194928,-238.6209945226538,0.0,0.0
26.0,1300,0.3210063874721527,0.9470770359039307,0.326791912317276,0.3937090337276459,-1.1781796216964722,1.52577543258667,0.45780816674232483,0.8890510201454163,0.4755282700061798,0.13680177927017212,-0.0580260306596756,0.1487363576889038,-0.16798327157399484,-238.7889777942278,0.0,0.0
26.02,1301,0.32797732949256897,0.9446855783462524,0.3341616690158844,0.3684881031513214,-1.2610458135604858,1.487363576889038,0.4611234664916992,0.8873359560966492,0.4792608916759491,0.13314613699913025,-0.057349611073732376,0.1450992226600647,-0.16348910719101256,-238.95246690141883,0.0,0.0
26.04,1302,0.3344258666038513,0.9424220323562622,0.3409959673881531,0.3417147696018219,-1.3386672735214233,1.450992226600647,0.46416425704956055,0.8857491612434387,0.48269081115722656,0.12973836064338684,-0.05667290836572647,0.14169485867023468,-0.15931871213091242,-239.11178561354976,0.0,0.0
26.060000000000002,1303,0.34032827615737915,0.9403066635131836,0.34726598858833313,0.3135019540786743,-1.4106413125991821,1.4169484376907349,0.46692997217178345,0.8842942714691162,0.4858158528804779,0.1266016960144043,-0.05601239204406738,0.13854986429214478,-0.15550223794789939,-239.26728785149766,0.0,0.0
26.080000000000002,1304,0.3456631600856781,0.9383586645126343,0.3529454171657562,0.2839699983596802,-1.476597785949707,1.3854985237121582,0.4694202244281769,0.8829748630523682,0.48863404989242554,0.12375708669424057,-0.05538378655910492,0.1356886625289917,-0.15206651118850645,-239.41935436268616,0.0,0.0
26.1,1305,0.35041141510009766,0.9365958571434021,0.35801032185554504,0.2532459795475006,-1.5362006425857544,1.3568865060806274,0.4716346263885498,0.8817940354347229,0.4911436140537262,0.12122323364019394,-0.0548018217086792,0.13313330709934235,-0.14903513680252672,-239.5683894994887,0.0,0.0
26.12,1306,0.3545563817024231,0.9350346326828003,0.3624395728111267,0.22146299481391907,-1.589148998260498,1.3313329219818115,0.47357288002967834,0.8807546496391296,0.49334296584129333,0.11901649087667465,-0.05427999421954155,0.13090339303016663,-0.14642850550275943,-239.71481800499146,0.0,0.0
26.14,1307,0.3580837845802307,0.9336894750595093,0.366214781999588,0.1887594312429428,-1.6351780891418457,1.3090338706970215,0.47523465752601624,0.8798590898513794,0.49523070454597473,0.11715088039636612,-0.05383037030696869,0.1290159374475479,-0.14426389109377627,-239.85908189608523,0.0,0.0
26.16,1308,0.36098167300224304,0.9325729012489319,0.3693203330039978,0.15527822077274323,-1.674060344696045,1.2901593446731567,0.47661980986595154,0.8791095614433289,0.49680566787719727,0.1156381145119667,-0.053463373333215714,0.12748531997203827,-0.14255548056254727,-240.00163737664778,0.0,0.0
26.18,1309,0.3632405400276184,0.9316954016685486,0.37174364924430847,0.12116611003875732,-1.7056056261062622,1.2748533487319946,0.47772809863090515,0.8785077333450317,0.49806681275367737,0.11448756605386734,-0.05318764969706535,0.1263231486082077,-0.14131452047523663,-240.14295189712303,0.0,0.0
26.2,1310,0.364853173494339,0.9310650825500488,0.3734751045703888,0.08657286316156387,-1.729662299156189,1.2632315158843994,0.4785594642162323,0.8780551552772522,0.49901336431503296,0.11370626091957092,-0.05300990864634514,0.12553824484348297,-0.14054923752878432,-240.2835011346518,0.0,0.0
26.22,1311,0.36581480503082275,0.930687665939331,0.3745081126689911,0.051650527864694595,-1.7461168766021729,1.2553825378417969,0.47911372780799866,0.8777528405189514,0.4996447265148163,0.1132989451289177,-0.05293484032154083,0.1251366138458252,-0.1402650910563955,-240.4237662257082,0.0,0.0
26.240000000000002,1312,0.36612287163734436,0.9305664896965027,0.374839186668396,0.01655263453722,-1.754894733428955,1.2513660192489624,0.4793908894062042,0.8776015043258667,0.4999605119228363,0.11326801776885986,-0.05296502634882927,0.1251213401556015,-0.1404647174361955,-240.5642309431444,0.0,0.0
26.26,1313,0.36577731370925903,0.9307023882865906,0.3744678497314453,-0.018566561862826347,-1.7559597492218018,1.2512133121490479,0.4793908894062042,0.8776015043258667,0.4999605119228363,0.11361359059810638,-0.053100913763046265,0.12549267709255219,-0.1411480133312002,-240.70537895647558,0.0,0.0
26.28,1314,0.3647802472114563,0.9310936331748962,0.37339678406715393,-0.053552865982055664,-1.7493152618408203,1.2549266815185547,0.47911372780799866,0.8777528405189514,0.4996447265148163,0.11433347314596176,-0.05334080755710602,0.12624794244766235,-0.142312131494495,-240.84769108797008,0.0,0.0
26.3,1315,0.36313626170158386,0.9317360520362854,0.3716317415237427,-0.08825292438268661,-1.7350029945373535,1.2624794244766235,0.4785594642162323,0.8780551552772522,0.49901336431503296,0.11542319506406784,-0.053680893033742905,0.12738163769245148,-0.1439515372562171,-240.9916426252263,0.0,0.0
26.32,1316,0.36085212230682373,0.932623028755188,0.36918142437934875,-0.1225149929523468,-1.7131032943725586,1.2738163471221924,0.47772809863090515,0.8785077333450317,0.49806681275367737,0.11687596887350082,-0.05411529541015625,0.12888537347316742,-0.14605801384153616,-241.13770063906782,0.0,0.0
26.34,1317,0.3579370677471161,0.9337457418441772,0.3660576343536377,-0.1561896950006485,-1.6837348937988281,1.2888537645339966,0.47661980986595154,0.8791095614433289,0.49680566787719727,0.11868273466825485,-0.05463618412613869,0.13074801862239838,-0.14862061720316785,-241.28632125627098,0.0,0.0
26.36,1318,0.3544025123119354,0.9350929856300354,0.36227503418922424,-0.1891307830810547,-1.6470545530319214,1.3074803352355957,0.47523465752601624,0.8798590898513794,0.49523070454597473,0.12083215266466141,-0.05523388087749481,0.13295568525791168,-0.15162569389127828,-241.43794695016226,0.0,0.0
26.38,1319,0.35026228427886963,0.9366516470909119,0.35785111784935,-0.22119590640068054,-1.6032564640045166,1.3295568227767944,0.47357288002967834,0.8807546496391296,0.49334296584129333,0.12331058830022812,-0.05589701980352402,0.13549186289310455,-0.15505681489940604,-241.59300376506167,0.0,0.0
26.400000000000002,1320,0.34553247690200806,0.938406765460968,0.3528061509132385,-0.25224733352661133,-1.5525708198547363,1.3549185991287231,0.4716346263885498,0.8817940354347229,0.4911436140537262,0.12610216438770294,-0.05661273002624512,0.13833746314048767,-0.1588948539344862,-241.75189861899617,0.0,0.0
26.42,1321,0.3402315378189087,0.9403417110443115,0.3471631109714508,-0.28215262293815613,-1.495265007019043,1.383374571800232,0.4694202244281769,0.8829748630523682,0.48863404989242554,0.12918870151042938,-0.05736681446433067,0.14147095382213593,-0.16311776201459632,-241.91501638101076,0.0,0.0
26.44,1322,0.3343800902366638,0.9424383044242859,0.34094738960266113,-0.3107854425907135,-1.431640625,1.414709448814392,0.46692997217178345,0.8842942714691162,0.4858158528804779,0.13254988193511963,-0.05814400687813759,0.14486847817897797,-0.1677006830896085,-242.08271706410036,0.0,0.0
26.46,1323,0.32800114154815674,0.9446773529052734,0.3341868817806244,-0.33802610635757446,-1.362033724784851,1.448684573173523,0.46416425704956055,0.8857491612434387,0.48269081115722656,0.1361631155014038,-0.05892818048596382,0.14850394427776337,-0.17261584992450374,-242.25533291402488,0.0,0.0
26.48,1324,0.3211197555065155,0.9470385909080505,0.3269116282463074,-0.36376237869262695,-1.2868127822875977,1.4850393533706665,0.4611234664916992,0.8873359560966492,0.4792608916759491,0.14000371098518372,-0.059702612459659576,0.15234926342964172,-0.17783260533014703,-242.43316551935501,0.0,0.0
26.5,1325,0.31376323103904724,0.9495012760162354,0.3191538155078888,-0.38788992166519165,-1.2063779830932617,1.523492693901062,0.45780816674232483,0.8890510201454163,0.4755282700061798,0.1440449357032776,-0.06045025214552879,0.15637442469596863,-0.18331736377216098,-242.61648288312716,0.0,0.0
26.52,1326,0.30596089363098145,0.9520440697669983,0.31094756722450256,-0.41031309962272644,-1.1211587190628052,1.5637444257736206,0.45421892404556274,0.8908901214599609,0.47149527072906494,0.1482580155134201,-0.06115397438406944,0.16054770350456238,-0.1890336718628086,-242.80551655498996,0.0,0.0
26.54,1327,0.2977440655231476,0.9546457529067993,0.3023286461830139,-0.43094536662101746,-1.031612753868103,1.6054770946502686,0.4503563940525055,0.8928488492965698,0.46716445684432983,0.1526123434305191,-0.06179685890674591,0.16483581066131592,-0.1949421793249354,-243.0004587343149,0.0,0.0
26.560000000000002,1328,0.2891458570957184,0.9572850465774536,0.2933344542980194,-0.44970983266830444,-0.9382229447364807,1.6483579874038696,0.44622138142585754,0.8949226140975952,0.46253859996795654,0.15707553923130035,-0.06236245110630989,0.16920414566993713,-0.20100083676768477,-243.20145957108258,0.0,0.0
26.580000000000002,1329,0.28020116686820984,0.9599413275718689,0.28400367498397827,-0.46653974056243896,-0.8414954543113708,1.6920413970947266,0.4418147802352905,0.8971062898635864,0.4576205909252167,0.1616135984659195,-0.06283500790596008,0.1736169159412384,-0.20716497443203327,-243.4086245455146,0.0,0.0
26.6,1330,0.2709464132785797,0.9625944495201111,0.2743760943412781,-0.4813788831233978,-0.7419579029083252,1.7361692190170288,0.43713751435279846,0.899394690990448,0.45241352915763855,0.16619110107421875,-0.06319975107908249,0.17803743481636047,-0.21338733906903512,-243.62201188458366,0.0,0.0
26.62,1331,0.2614193856716156,0.9652252793312073,0.2644924521446228,-0.4941820204257965,-0.6401557326316833,1.7803744077682495,0.43219074606895447,0.901782214641571,0.4469207227230072,0.17077134549617767,-0.06344309449195862,0.1824282705783844,-0.2196184111884797,-243.84163029577215,0.0,0.0
26.64,1332,0.251659095287323,0.9678159356117249,0.25439414381980896,-0.5049149990081787,-0.5366493463516235,1.8242827653884888,0.42697566747665405,0.9042630791664124,0.4411455988883972,0.17531657218933105,-0.06355283409357071,0.18675146996974945,-0.22580664961788366,-244.06743694539003,0.0,0.0
26.66,1333,0.24170546233654022,0.9703496694564819,0.24412304162979126,-0.5135552287101746,-0.4320116639137268,1.8675144910812378,0.4214937090873718,0.9068313241004944,0.43509188294410706,0.1797882616519928,-0.06351834535598755,0.1909688264131546,-0.23189865923974767,-244.2993356046298,0.0,0.0
26.68,1334,0.23159915208816528,0.9728112816810608,0.23372121155261993,-0.520091712474823,-0.32682332396507263,1.9096883535385132,0.41574639081954956,0.9094805717468262,0.42876332998275757,0.18414723873138428,-0.06333071738481522,0.19504211843013763,-0.23783977038471324,-244.5371753750145,0.0,0.0
26.7,1335,0.2213813215494156,0.9751873016357422,0.22323070466518402,-0.5245251059532166,-0.2216714322566986,1.9504212141036987,0.40973538160324097,0.9122044444084167,0.4221639633178711,0.18835407495498657,-0.06298289448022842,0.19893325865268707,-0.24357405091726486,-244.78074942593176,0.0,0.0
26.72,1336,0.21109332144260406,0.9774659276008606,0.21269334852695465,-0.5268679857254028,-0.11714393645524979,1.9893325567245483,0.40346255898475647,0.9149961471557617,0.4152979552745819,0.1923692524433136,-0.062469761818647385,0.20260460674762726,-0.24904505593198545,-245.02979448186375,0.0,0.0
26.740000000000002,1337,0.20076879858970642,0.9796386361122131,0.2021426409482956,-0.5275352597236633,-0.033361535519361496,2.0,0.3969299793243408,0.9178488850593567,0.40816962718963623,0.1961611807346344,-0.06178976222872734,0.20602698624134064,-0.25315531228343957,-245.28294979414719,0.0,0.0
26.76,1338,0.19043868780136108,0.9816991090774536,0.1916089951992035,-0.5266827344894409,0.04262608289718628,2.0,0.3901398777961731,0.9207556247711182,0.4007834792137146,0.199701189994812,-0.06094348803162575,0.2091744989156723,-0.25656063838508164,-245.53951043253227,0.0,0.0
26.78,1339,0.18013408780097961,0.983642041683197,0.1811227798461914,-0.5243107676506042,0.11859798431396484,2.0,0.3830946385860443,0.9237090945243835,0.3931442201137543,0.2029605507850647,-0.05993296578526497,0.21202144026756287,-0.2596607054010954,-245.79917113793337,0.0,0.0
26.8,1340,0.1698862910270691,0.9854636788368225,0.17071428894996643,-0.5204242467880249,0.1943250596523285,2.0,0.37579697370529175,0.9267020225524902,0.3852566182613373,0.20591066777706146,-0.05876164510846138,0.21454232931137085,-0.26242993127130293,-246.06160106920467,0.0,0.0
26.82,1341,0.15972654521465302,0.9871612787246704,0.16041363775730133,-0.5150327086448669,0.2695774734020233,2.0,0.36824968457221985,0.9297269582748413,0.37712568044662476,0.20852312445640564,-0.057434361428022385,0.21671205759048462,-0.2648429834004882,-246.32644405260515,0.0,0.0
26.84,1342,0.14968594908714294,0.9887335896492004,0.1502506285905838,-0.5081501603126526,0.3441256880760193,2.0,0.36045587062835693,0.9327762722969055,0.36875656247138977,0.2107699066400528,-0.05595732107758522,0.21850593388080597,-0.26687504929763006,-246.59331910190278,0.0,0.0
26.86,1343,0.13979534804821014,0.9901804327964783,0.14025472104549408,-0.4997953474521637,0.4177412986755371,2.0,0.35241883993148804,0.9358423948287964,0.36015450954437256,0.2126234918832779,-0.054338037967681885,0.21989978849887848,-0.2685018385164493,-246.86182094041922,0.0,0.0
26.88,1344,0.13008518517017365,0.9915028214454651,0.1304548978805542,-0.4899913966655731,0.4901981055736542,2.0,0.3441421687602997,0.9389175772666931,0.35132497549057007,0.21405696868896484,-0.05258526653051376,0.22087009251117706,-0.26969961354415306,-247.13152055396338,0.0,0.0
26.900000000000002,1345,0.12058541178703308,0.9927029609680176,0.12087957561016083,-0.47876593470573425,0.561272919178009,2.0,0.3356296420097351,0.9419940114021301,0.3422735631465912,0.21504421532154083,-0.05070892721414566,0.22139397263526917,-0.27044539827865466,-247.40196595224205,0.0,0.0
26.92,1346,0.11132531613111496,0.9937840104103088,0.11155655980110168,-0.46615099906921387,0.6307465434074402,2.0,0.32688531279563904,0.9450640082359314,0.3330059349536896,0.21555998921394348,-0.04871999844908714,0.2214493751525879,-0.27071700610352417,-247.67268295834558,0.0,0.0
26.94,1347,0.1023334413766861,0.9947501420974731,0.1025128960609436,-0.45218291878700256,0.6984046697616577,2.0,0.3179134726524353,0.9481196999549866,0.323527991771698,0.2155800312757492,-0.04663042351603508,0.2210150808095932,-0.2704930362210626,-247.94317599456664,0.0,0.0
26.96,1348,0.09363748133182526,0.9956063628196716,0.09377485513687134,-0.43690213561058044,0.7640385627746582,2.0,0.308718740940094,0.9511533975601196,0.313845694065094,0.21508125960826874,-0.04445298761129379,0.22007082402706146,-0.269753135930041,-248.2129291304967,0.0,0.0
26.98,1349,0.08526413887739182,0.9963583946228027,0.08536779135465622,-0.4203532338142395,0.8274461030960083,2.0,0.29930591583251953,0.9541571736335754,0.30396515130996704,0.2140417844057083,-0.04220118373632431,0.21859735250473022,-0.26847790267969396,-248.4814070331764,0.0,0.0
27.0,1350,0.07723909616470337,0.9970126152038574,0.07731609791517258,-0.40258458256721497,0.8884323239326477,2.0,0.2896801233291626,0.9571235179901123,0.29389262199401855,0.21244104206562042,-0.03988908603787422,0.21657653152942657,-0.26664905144824064,-248.74805608462464,0.0,0.0
27.02,1351,0.0695868507027626,0.9975758790969849,0.06964313238859177,-0.3836483657360077,0.9468103051185608,2.0,0.27984675765037537,0.9600446820259094,0.2836344838142395,0.21025989949703217,-0.03753121197223663,0.21399134397506714,-0.26424948953837013,-249.012305574163,0.0,0.0
27.04,1352,0.0623306930065155,0.9980555772781372,0.06237112730741501,-0.36360034346580505,1.00240159034729,2.0,0.2698114216327667,0.9629132151603699,0.2731971740722656,0.20748071372509003,-0.03514236584305763,0.2108260542154312,-0.26126335813664997,-249.27356893229967,0.0,0.0
27.060000000000002,1353,0.05549261346459389,0.9984591007232666,0.05552113428711891,-0.34249961376190186,1.0550369024276733,2.0,0.2595800459384918,0.965721607208252,0.262587308883667,0.20408743619918823,-0.032737500965595245,0.20706617832183838,-0.25767604040193987,-249.53124497270161,0.0,0.0
27.080000000000002,1354,0.04909322410821915,0.9987941980361938,0.049112964421510696,-0.3204084634780884,1.1045567989349365,2.0,0.2491588294506073,0.9684626460075378,0.25181159377098083,0.20006561279296875,-0.03033156506717205,0.20269863307476044,-0.25347434448722694,-249.78471931718883,0.0,0.0
27.1,1355,0.04315171763300896,0.999068558216095,0.04316512122750282,-0.29739221930503845,1.1508119106292725,2.0,0.2385542392730713,0.9711291790008545,0.24087683856487274,0.19540251791477203,-0.02793935500085354,0.19771172106266022,-0.24864647387583078,-250.03336579106465,0.0,0.0
27.12,1356,0.037678953260183334,0.999289870262146,0.03768787533044815,-0.27386221289634705,1.1765013933181763,1.9771171808242798,0.22777298092842102,0.973714292049408,0.22978992760181427,0.1900940239429474,-0.025575632229447365,0.19210205972194672,-0.24227888633331982,-250.27564467739796,0.0,0.0
27.14,1357,0.032674338668584824,0.999466061592102,0.03268015757203102,-0.25038594007492065,1.1738122701644897,1.9210205078125,0.2168220430612564,0.9762111306190491,0.21855787932872772,0.1841477006673813,-0.02325490489602089,0.185877725481987,-0.23401296896717672,-250.50965764636513,0.0,0.0
27.16,1358,0.028133952990174294,0.9996041655540466,0.02813766710460186,-0.22712452709674835,1.1630709171295166,1.8587771654129028,0.20570865273475647,0.9786132574081421,0.20718778669834137,0.17757469415664673,-0.020990882068872452,0.17905011773109436,-0.22497074080322496,-250.73462838716836,0.0,0.0
27.18,1359,0.02405061572790146,0.999710738658905,0.02405293472111225,-0.20423658192157745,1.144397497177124,1.7905012369155884,0.1944403052330017,0.9809143543243408,0.19568683207035065,0.17038969695568085,-0.018796389922499657,0.17163389921188354,-0.21519379777819442,-250.94982218494656,0.0,0.0
27.2,1360,0.020413968712091446,0.9997916221618652,0.02041538804769516,-0.18187737464904785,1.1179606914520264,1.7163389921188354,0.18302473425865173,0.9831082820892334,0.18406227231025696,0.1626107543706894,-0.016683304682374,0.1636468917131424,-0.20472963966428961,-251.15455182461085,0.0,0.0
27.22,1361,0.01721058040857315,0.9998518824577332,0.0172114297747612,-0.16019783914089203,1.0839762687683105,1.6364688873291016,0.17146988213062286,0.9851893782615662,0.17232146859169006,0.1542593091726303,-0.014662525616586208,0.15511003136634827,-0.1936311450200948,-251.34818296963095,0.0,0.0
27.240000000000002,1362,0.014424055814743042,0.9998959898948669,0.01442455593496561,-0.139343723654747,1.0427058935165405,1.5511003732681274,0.1597839742898941,0.9871519804000854,0.1604718118906021,0.14535991847515106,-0.012743961066007614,0.14604724943637848,-0.18195603679962113,-251.53013900643057,0.0,0.0
27.26,1363,0.012035172432661057,0.9999275803565979,0.012035463005304337,-0.11945462971925735,0.9944548010826111,1.460472583770752,0.1479753702878952,0.9889910221099854,0.1485207974910736,0.13594019412994385,-0.010936528444290161,0.13648532330989838,-0.169766149745245,-251.69990515617582,0.0,0.0
27.28,1364,0.010022031143307686,0.9999497532844543,0.010022198781371117,-0.1006632149219513,0.9395707845687866,1.3648533821105957,0.1360526978969574,0.9907016158103943,0.13647596538066864,0.12603066861629486,-0.009248177520930767,0.12645377218723297,-0.1571268451060825,-251.8570320012819,0.0,0.0
27.3,1365,0.008360213600099087,0.9999650716781616,0.008360311388969421,-0.08309439569711685,0.8784410357475281,1.2645376920700073,0.12402476370334625,0.9922791123390198,0.12434494495391846,0.11566454917192459,-0.007685929536819458,0.11598463356494904,-0.1441062094588592,-252.00113821074078,0.0,0.0
27.32,1366,0.007022961508482695,0.999975323677063,0.007023019250482321,-0.06686458736658096,0.811490535736084,1.159846305847168,0.11190052330493927,0.9937193989753723,0.1121353805065155,0.10487756133079529,-0.006255925167351961,0.10511235892772675,-0.1307743609595743,-252.13191257170035,0.0,0.0
27.34,1367,0.005981363356113434,0.9999821186065674,0.0059813992120325565,-0.05208101123571396,0.7391787171363831,1.0511236190795898,0.09968913346529007,0.9950186610221863,0.09985499083995819,0.09370777010917664,-0.004963479936122894,0.09387359023094177,-0.11720258987063938,-252.24911516157098,0.0,0.0
27.36,1368,0.005204554181545973,0.999986469745636,0.0052045779302716255,-0.038841068744659424,0.6619970798492432,0.9387359023094177,0.08739987760782242,0.9961733222007751,0.08751153200864792,0.08219531923532486,-0.0038131470791995525,0.08230695128440857,-0.1034626643131294,-252.3525778258841,0.0,0.0
27.38,1369,0.004659926053136587,0.9999891519546509,0.00465994281694293,-0.027231743559241295,0.5804662108421326,0.8230695128440857,0.07504218071699142,0.9971803426742554,0.07511279731988907,0.070382259786129,-0.002808782272040844,0.07045285403728485,-0.0896260238627434,-252.44220384974685,0.0,0.0
27.400000000000002,1370,0.004313347395509481,0.999990701675415,0.004313360899686813,-0.017329100519418716,0.4951322078704834,0.7045285701751709,0.06262560933828354,0.9980370998382568,0.06266661733388901,0.05831225961446762,-0.001953607425093651,0.058353256434202194,-0.07576304116390661,-252.51796689091074,0.0,0.0
27.42,1371,0.004129392560571432,0.9999914765357971,0.004129404202103615,-0.009197824634611607,0.40656381845474243,0.5835325717926025,0.05015980079770088,0.9987412095069885,0.05018085613846779,0.04603040590882301,-0.0012502690078690648,0.04605145379900932,-0.061942315502573154,-252.5799092064133,0.0,0.0
27.44,1372,0.004071576055139303,0.9999917149543762,0.004071587231010199,-0.0028908480890095234,0.3153488039970398,0.46051451563835144,0.03765450045466423,0.9992908239364624,0.037663403898477554,0.03358292207121849,-0.0007008932298049331,0.03359181433916092,-0.04823000493928043,-252.6281392113526,0.0,0.0
27.46,1373,0.004102595150470734,0.9999915957450867,0.004102606792002916,0.001550960005261004,0.22209040820598602,0.3359181582927704,0.025119516998529434,0.9996844530105591,0.025122158229351044,0.0210169218480587,-0.00030712917214259505,0.021019551903009415,-0.034689207424960344,-252.66282841877754,0.0,0.0
27.48,1374,0.004184574820101261,0.999991238117218,0.0041845873929560184,0.0040990328416228294,0.1274036318063736,0.21019551157951355,0.01256471686065197,0.9999210834503174,0.012565047480165958,0.008380142040550709,-7.018379983492196e-05,0.008380460552871227,-0.02137939251834717,-252.6842078112959,0.0,0.0
27.5,1375,0.004279319662600756,0.9999908208847046,0.0042793327011168,0.004737267270684242,0.03191172704100609,0.08380459994077682,-1.1028011101830775e-15,1.0,-1.1028011101830775e-15,-0.004279319662600756,9.156329724646639e-06,-0.0042793327011168,-0.008355946988748942,-252.69256375828465,0.0,0.0
27.52,1376,0.00434856116771698,0.9999905228614807,0.004348574671894312,0.003462112508714199,-0.06375773251056671,-0.04279332607984543,-0.01256471686065197,0.9999210834503174,-0.012565047480165958,-0.01691327802836895,-6.948413647478446e-05,-0.016913622617721558,-0.00436688754175156,-252.6969306458264,0.0,0.0
27.54,1377,0.004354212898761034,0.9999905228614807,0.004354226402938366,0.0002825817500706762,-0.15897653996944427,-0.16913622617721558,-0.025119516998529434,0.9996844530105591,-0.025122158229351044,-0.02947372943162918,-0.00030606522341258824,-0.029476385563611984,-0.017205344590009677,-252.7141359904164,0.0,0.0
27.560000000000002,1378,0.004258617293089628,0.9999909400939941,0.004258630331605673,-0.004779810085892677,-0.2531195878982544,-0.29476383328437805,-0.03765450045466423,0.9992908239364624,-0.037663403898477554,-0.04191311448812485,-0.0007001141784712672,-0.041922032833099365,-0.030249645769025658,-252.74438563618543,0.0,0.0
27.580000000000002,1379,0.004024795722216368,0.9999918937683105,0.004024806432425976,-0.011691185645759106,-0.34556880593299866,-0.41922032833099365,-0.05015980079770088,0.9987412095069885,-0.05018085613846779,-0.05418459698557854,-0.0012506955536082387,-0.05420566350221634,-0.04344566740980963,-252.78783130359523,0.0,0.0
27.6,1380,0.003616688307374716,0.9999934434890747,0.0036166962236166,-0.020405516028404236,-0.4357164800167084,-0.5420566201210022,-0.06262560933828354,0.9980370998382568,-0.06266661733388901,-0.06624229997396469,-0.0019563697278499603,-0.06628331542015076,-0.05673580625230926,-252.84456710984753,0.0,0.0
27.62,1381,0.0029993937350809574,0.9999955296516418,0.002999398158863187,-0.030864903703331947,-0.5229694247245789,-0.6628331542015076,-0.07504218071699142,0.9971803426742554,-0.07511279731988907,-0.07804157584905624,-0.0028151418082416058,-0.07811219245195389,-0.0700594931499128,-252.91462660299746,0.0,0.0
27.64,1382,0.0021393976639956236,0.9999977350234985,0.002139399293810129,-0.04299994558095932,-0.6067520976066589,-0.7811219692230225,-0.08739987760782242,0.9961733222007751,-0.08751153200864792,-0.08953927457332611,-0.0038244023453444242,-0.08965092897415161,-0.08335371164261549,-252.99798031464007,0.0,0.0
27.66,1383,0.0010047961259260774,0.9999995231628418,0.0010047962423413992,-0.05673014745116234,-0.6865100860595703,-0.8965092897415161,-0.09968913346529007,0.9950186610221863,-0.09985499083995819,-0.10069392621517181,-0.0049808635376393795,-0.10085978358983994,-0.09655361776476468,-253.09453393240483,0.0,0.0
27.68,1384,-0.0004344921908341348,0.9999998807907104,-0.0004344921908341348,-0.07196442782878876,-0.7617138028144836,-1.0085978507995605,-0.11190052330493927,0.9937193989753723,-0.1121353805065155,-0.11146602779626846,-0.0062804920598864555,-0.1117008849978447,-0.10959319529823948,-253.20412712770306,0.0,0.0
27.7,1385,-0.002206523437052965,0.9999975562095642,-0.0022065250668674707,-0.08860164880752563,-0.8318611979484558,-1.117008924484253,-0.12402476370334625,0.9922791123390198,-0.12434494495391846,-0.12181823700666428,-0.007718442473560572,-0.12213841825723648,-0.12240594378451458,-253.32653307148757,0.0,0.0
27.72,1386,-0.004337137099355459,0.9999905824661255,-0.004337150603532791,-0.10653126984834671,-0.8964810967445374,-1.2213841676712036,-0.1360526978969574,0.9907016158103943,-0.13647596538066864,-0.1317155659198761,-0.009288993664085865,-0.13213881850242615,-0.13492558796396273,-253.46145865945152,0.0,0.0
27.740000000000002,1387,-0.006849776487797499,0.9999765157699585,-0.006849830038845539,-0.12563398480415344,-0.955135703086853,-1.3213881254196167,-0.1479753702878952,0.9889910221099854,-0.1485207974910736,-0.14112558960914612,-0.010985493659973145,-0.14167095720767975,-0.14708680149325634,-253.60854546094478,0.0,0.0
27.76,1388,-0.0097653241828084,0.9999523162841797,-0.00976547971367836,-0.1457824558019638,-1.007423758506775,-1.4167096614837646,-0.1597839742898941,0.9871519804000854,-0.1604718118906021,-0.15001864731311798,-0.012800311669707298,-0.15070632100105286,-0.1588259809937143,-253.7673714419385,0.0,0.0
27.78,1389,-0.01310194656252861,0.9999141693115234,-0.01310232188552618,-0.16684210300445557,-1.0529823303222656,-1.5070632696151733,-0.17146988213062286,0.9851893782615662,-0.17232146859169006,-0.15836794674396515,-0.014724805019795895,-0.1592191457748413,-0.17008188897735405,-253.93745333091587,0.0,0.0
27.8,1390,-0.01687495782971382,0.9998576045036316,-0.01687575876712799,-0.18867188692092896,-1.0914894342422485,-1.592191457748413,-0.18302473425865173,0.9831082820892334,-0.18406227231025696,-0.16614976525306702,-0.016749298200011253,-0.16718651354312897,-0.18079644594726482,-254.11824977686314,0.0,0.0
27.82,1391,-0.021096698939800262,0.9997774362564087,-0.021098263561725616,-0.2111252099275589,-1.1226661205291748,-1.6718651056289673,-0.1944403052330017,0.9809143543243408,-0.19568683207035065,-0.17334361374378204,-0.01886308752000332,-0.17458857595920563,-0.19091533863436175,-254.3091651154975,0.0,0.0
27.84,1392,-0.025776423513889313,0.9996677041053772,-0.025779278948903084,-0.23405078053474426,-1.1462781429290771,-1.7458857297897339,-0.20570865273475647,0.9786132574081421,-0.20718778669834137,-0.17993222177028656,-0.021054454147815704,-0.18140850961208344,-0.20038872090871382,-254.5095538364062,0.0,0.0
27.86,1393,-0.03092022053897381,0.9995218515396118,-0.030925149098038673,-0.2572935223579407,-1.1621369123458862,-1.8140851259231567,-0.2168220430612564,0.9762111306190491,-0.21855787932872772,-0.18590182065963745,-0.0233107078820467,-0.1876327395439148,-0.20917168357078209,-254.718725519977,0.0,0.0
27.88,1394,-0.036530930548906326,0.9993325471878052,-0.03653905913233757,-0.2806955575942993,-1.1701014041900635,-1.8763272762298584,-0.22777298092842102,0.973714292049408,-0.22978992760181427,-0.191242054104805,-0.025618258863687515,-0.1932508647441864,-0.2172248600003191,-254.93595037997733,0.0,0.0
27.900000000000002,1395,-0.042608100920915604,0.9990918636322021,-0.04262100160121918,-0.30409711599349976,-1.1700791120529175,-1.9325087070465088,-0.2385542392730713,0.9711291790008545,-0.24087683856487274,-0.19594614207744598,-0.027962688356637955,-0.19825583696365356,-0.2245148221028379,-255.16046520208016,0.0,0.0
27.92,1396,-0.04914794862270355,0.998791515827179,-0.049167755991220474,-0.3273376524448395,-1.162026047706604,-1.9825583696365356,-0.2491588294506073,0.9684626460075378,-0.25181159377098083,-0.20001088082790375,-0.03032887540757656,-0.20264384150505066,-0.2310144587996409,-255.3914796608798,0.0,0.0
27.94,1397,-0.05613543093204498,0.998423159122467,-0.05616495758295059,-0.3498600125312805,-1.126118779182434,-2.0,-0.2595800459384918,0.965721607208252,-0.262587308883667,-0.20344461500644684,-0.03270156681537628,-0.206422358751297,-0.23564663723966453,-255.62712629811946,0.0,0.0
27.96,1398,-0.06354884803295135,0.9979787468910217,-0.06359170377254486,-0.37133729457855225,-1.0738638639450073,-2.0,-0.2698114216327667,0.9629132151603699,-0.2731971740722656,-0.20626255869865417,-0.03506554290652275,-0.20960547029972076,-0.23899560635693562,-255.8661219044764,0.0,0.0
27.98,1399,-0.07136514037847519,0.9974502325057983,-0.07142585515975952,-0.39170756936073303,-1.0185141563415527,-2.0,-0.27984675765037537,0.9600446820259094,-0.2836344838142395,-0.20848160982131958,-0.03740557283163071,-0.2122086137533188,-0.2417713198792719,-256.1078932243557,0.0,0.0
28.0,1400,-0.07955992966890335,0.9968301057815552,-0.0796441063284874,-0.410912424325943,-0.960241973400116,-2.0,-0.2896801233291626,0.9571235179901123,-0.29389262199401855,-0.21012020111083984,-0.03970657289028168,-0.21424852311611176,-0.24399038116996427,-256.35188360552564,0.0,0.0
28.02,1401,-0.0881076455116272,0.9961109757423401,-0.08822204172611237,-0.4288969933986664,-0.899228572845459,-2.0,-0.29930591583251953,0.9541571736335754,-0.30396515130996704,-0.21119828522205353,-0.04195375740528107,-0.21574310958385468,-0.2456705794582726,-256.5975541849839,0.0,0.0
28.04,1402,-0.09698157757520676,0.9952861666679382,-0.09713424742221832,-0.44561028480529785,-0.8356643319129944,-2.0,-0.308718740940094,0.9511533975601196,-0.313845694065094,-0.21173717081546783,-0.04413280263543129,-0.21671143174171448,-0.2468309031412486,-256.84438508812514,0.0,0.0
28.060000000000002,1403,-0.10615396499633789,0.9943497180938721,-0.10635435581207275,-0.46100524067878723,-0.7697476744651794,-2.0,-0.3179134726524353,0.9481196999549866,-0.323527991771698,-0.2117595076560974,-0.046229977160692215,-0.21717362105846405,-0.2474913411946145,-257.09187642931977,0.0,0.0
28.080000000000002,1404,-0.11559613049030304,0.9932963252067566,-0.1158551350235939,-0.47503891587257385,-0.7016844749450684,-2.0,-0.32688531279563904,0.9450640082359314,-0.3330059349536896,-0.2112891674041748,-0.04823227971792221,-0.21715080738067627,-0.24767286040036837,-257.33954928972014,0.0,0.0
28.1,1405,-0.1252785474061966,0.9921216368675232,-0.12560857832431793,-0.48767268657684326,-0.6316875219345093,-2.0,-0.3356296420097351,0.9419940114021301,-0.3422735631465912,-0.21035107970237732,-0.050127580761909485,-0.21666496992111206,-0.24739735007415103,-257.5869466397943,0.0,0.0
28.12,1406,-0.13517098128795624,0.9908223152160645,-0.13558602333068848,-0.49887219071388245,-0.5599753856658936,-2.0,-0.3441421687602997,0.9389175772666931,-0.35132497549057007,-0.20897117257118225,-0.05190473422408104,-0.2157389521598816,-0.24668753461208223,-257.83363417440637,0.0,0.0
28.14,1407,-0.1452426165342331,0.9893960952758789,-0.14575818181037903,-0.5086076259613037,-0.48677176237106323,-2.0,-0.35241883993148804,0.9358423948287964,-0.36015450954437256,-0.20717622339725494,-0.053553689271211624,-0.21439632773399353,-0.24556679459067962,-258.07920096899704,0.0,0.0
28.16,1408,-0.1554621309041977,0.9878418445587158,-0.1560952514410019,-0.5168536901473999,-0.41230469942092896,-2.0,-0.36045587062835693,0.9327762722969055,-0.36875656247138977,-0.20499372482299805,-0.0550655797123909,-0.21266129612922668,-0.24405925440221798,-258.32326022339925,0.0,0.0
28.18,1409,-0.1657979041337967,0.9861597418785095,-0.16656705737113953,-0.5235897898674011,-0.3368053436279297,-2.0,-0.36824968457221985,0.9297269582748413,-0.37712568044662476,-0.20245178043842316,-0.0564328134059906,-0.21055863797664642,-0.2421895109447404,-258.565449734344,0.0,0.0
28.2,1410,-0.17621806263923645,0.9843511581420898,-0.17714305222034454,-0.5287999510765076,-0.26050734519958496,-2.0,-0.37579697370529175,0.9267020225524902,-0.3852566182613373,-0.1995789110660553,-0.05764912813901901,-0.20811356604099274,-0.23998262959385885,-258.8054323639378,0.0,0.0
28.22,1411,-0.18669067323207855,0.9824187755584717,-0.18779250979423523,-0.5324729084968567,-0.18364566564559937,-2.0,-0.3830946385860443,0.9237090945243835,-0.3931442201137543,-0.19640398025512695,-0.05870965123176575,-0.20535171031951904,-0.2374641098184531,-259.0428964737563,0.0,0.0
28.240000000000002,1412,-0.19718386232852936,0.9803665280342102,-0.19848455488681793,-0.5346019864082336,-0.10645566135644913,-2.0,-0.3901398777961731,0.9207556247711182,-0.4007834792137146,-0.19295600056648254,-0.05961092188954353,-0.20229893922805786,-0.23465967181729275,-259.27755614557356,0.0,0.0
28.26,1413,-0.20766592025756836,0.9781997799873352,-0.20918825268745422,-0.5351854562759399,-0.029172178357839584,-2.0,-0.3969299793243408,0.9178488850593567,-0.40816962718963623,-0.18926405906677246,-0.060350917279720306,-0.198981374502182,-0.23159522219256665,-259.5091513677661,0.0,0.0
28.28,1414,-0.21810248494148254,0.975925862789154,-0.2198697179555893,-0.5340732336044312,0.05561119690537453,-1.9898136854171753,-0.40346255898475647,0.9149961471557617,-0.4152979552745819,-0.18536008894443512,-0.06092972308397293,-0.19542822241783142,-0.22789349159601774,-259.73704485936213,0.0,0.0
28.3,1415,-0.22845223546028137,0.9735551476478577,-0.23048758506774902,-0.530893087387085,0.15900500118732452,-1.954282283782959,-0.40973538160324097,0.9122044444084167,-0.4221639633178711,-0.1812831461429596,-0.06135069578886032,-0.19167637825012207,-0.2230025664095646,-259.9600474257717,0.0,0.0
28.32,1416,-0.23867401480674744,0.9710997343063354,-0.24100017547607422,-0.5256296396255493,0.26317301392555237,-1.9167637825012207,-0.41574639081954956,0.9094805717468262,-0.42876332998275757,-0.17707237601280212,-0.06161915883421898,-0.18776315450668335,-0.21790362133686259,-260.17795104710854,0.0,0.0
28.34,1417,-0.24872702360153198,0.9685736298561096,-0.2513657510280609,-0.5182790160179138,0.36753153800964355,-1.8776315450668335,-0.4214937090873718,0.9068313241004944,-0.43509188294410706,-0.17276670038700104,-0.061742305755615234,-0.18372611701488495,-0.21265257478250957,-260.39060362189105,0.0,0.0
28.36,1418,-0.2585711181163788,0.9659922122955322,-0.26154273748397827,-0.508849024772644,0.47149860858917236,-1.8372613191604614,-0.42697566747665405,0.9042630791664124,-0.4411455988883972,-0.16840454936027527,-0.06172911077737808,-0.17960287630558014,-0.20730443433886192,-260.5979080562299,0.0,0.0
28.38,1419,-0.26816707849502563,0.9633724093437195,-0.2714899182319641,-0.49735909700393677,0.5744974613189697,-1.7960286140441895,-0.43219074606895447,0.901782214641571,-0.4469207227230072,-0.16402365267276764,-0.061590202152729034,-0.1754307895898819,-0.20191286658859148,-260.7998209228185,0.0,0.0
28.400000000000002,1420,-0.2774767279624939,0.9607323408126831,-0.2811667323112488,-0.4838399291038513,0.6759592294692993,-1.7543079853057861,-0.43713751435279846,0.899394690990448,-0.45241352915763855,-0.15966077148914337,-0.0613376758992672,-0.17124681174755096,-0.19652997104541056,-260.99635089386396,0.0,0.0
28.42,1421,-0.28646329045295715,0.9580911993980408,-0.2905333936214447,-0.46833336353302,0.7753280401229858,-1.712468147277832,-0.4418147802352905,0.8971062898635864,-0.4576205909252167,-0.15535147488117218,-0.06098492071032524,-0.16708719730377197,-0.1912056140970048,-261.18755650796095,0.0,0.0
28.44,1422,-0.295091450214386,0.955469012260437,-0.29955121874809265,-0.4508921205997467,0.8720621466636658,-1.6708720922470093,-0.44622138142585754,0.8949226140975952,-0.46253859996795654,-0.15112994611263275,-0.06054640933871269,-0.1629873812198639,-0.18598749769114614,-261.3735440056521,0.0,0.0
28.46,1423,-0.3033275604248047,0.9528863430023193,-0.30818280577659607,-0.4315793514251709,0.9656385183334351,-1.6298737525939941,-0.4503563940525055,0.8928488492965698,-0.46716445684432983,-0.1470288336277008,-0.06003747135400772,-0.15898165106773376,-0.1809206692258471,-261.5544646748779,0.0,0.0
28.48,1424,-0.311139851808548,0.9503641128540039,-0.316392183303833,-0.4104682505130768,1.0555545091629028,-1.5898164510726929,-0.45421892404556274,0.8908901214599609,-0.47149527072906494,-0.14307905733585358,-0.05947403237223625,-0.15510308742523193,-0.17604744016639612,-261.7305121150443,0.0,0.0
28.5,1425,-0.318498432636261,0.9479233622550964,-0.32414501905441284,-0.38764163851737976,1.1413308382034302,-1.5510308742523193,-0.45780816674232483,0.8890510201454163,-0.4755282700061798,-0.13930971920490265,-0.05887237936258316,-0.15138325095176697,-0.17140722766255326,-261.90191934270683,0.0,0.0
28.52,1426,-0.3253755271434784,0.9455848932266235,-0.331408828496933,-0.3631913363933563,1.2225143909454346,-1.5138325691223145,-0.4611234664916992,0.8873359560966492,-0.4792608916759491,-0.13574793934822083,-0.05824889615178108,-0.14785204827785492,-0.16703632184581885,-262.0689556645527,0.0,0.0
28.54,1427,-0.331745445728302,0.9433689713478088,-0.3381531834602356,-0.3372177481651306,1.2986797094345093,-1.4785205125808716,-0.46416425704956055,0.8857491612434387,-0.48269081115722656,-0.13241881132125854,-0.05761979520320892,-0.14453762769699097,-0.16296792717073594,-262.2319235917234,0.0,0.0
28.560000000000002,1428,-0.3375847041606903,0.9412951469421387,-0.34434977173805237,-0.30982914566993713,1.369430661201477,-1.4453761577606201,-0.46692997217178345,0.8842942714691162,-0.4858158528804779,-0.12934528291225433,-0.057000864297151566,-0.14146609604358673,-0.15923215713460373,-262.391155748858,0.0,0.0
28.580000000000002,1429,-0.3428720533847809,0.9393821358680725,-0.34997260570526123,-0.28114110231399536,1.4344024658203125,-1.4146608114242554,-0.4694202244281769,0.8829748630523682,-0.48863404989242554,-0.126548171043396,-0.056407228112220764,-0.1386614590883255,-0.15585590493952872,-262.54701165379754,0.0,0.0
28.6,1430,-0.34758859872817993,0.9376471638679504,-0.3549981117248535,-0.25127583742141724,1.4932631254196167,-1.3866145610809326,-0.4716346263885498,0.8817940354347229,-0.4911436140537262,-0.12404604256153107,-0.05585308372974396,-0.13614551723003387,-0.15286293276634683,-262.6998745865639,0.0,0.0
28.62,1431,-0.35171765089035034,0.9361061453819275,-0.3594053387641907,-0.22036153078079224,1.5457147359848022,-1.361454963684082,-0.47357288002967834,0.8807546496391296,-0.49334296584129333,-0.121855229139328,-0.05535149574279785,-0.13393762707710266,-0.15027386503346754,-262.85014845159736,0.0,0.0
28.64,1432,-0.35524484515190125,0.9347732663154602,-0.36317598819732666,-0.18853165209293365,1.5914939641952515,-1.3393762111663818,-0.47523465752601624,0.8798590898513794,-0.49523070454597473,-0.11998981982469559,-0.0549141988158226,-0.13205473124980927,-0.1481062728824977,-262.99825472447986,0.0,0.0
28.66,1433,-0.3581581711769104,0.9336609244346619,-0.3662944734096527,-0.15592418611049652,1.6303733587265015,-1.3205472230911255,-0.47661980986595154,0.8791095614433289,-0.49680566787719727,-0.11846161633729935,-0.0545513890683651,-0.13051119446754456,-0.14637469232881423,-263.1446294168087,0.0,0.0
28.68,1434,-0.3604479432106018,0.9327793121337891,-0.3687480688095093,-0.12268094718456268,1.662161946296692,-1.3051120042800903,-0.47772809863090515,0.8785077333450317,-0.49806681275367737,-0.11728015542030334,-0.05427158251404762,-0.1293187290430069,-0.145090760807971,-263.2897201776167,0.0,0.0
28.7,1435,-0.3621067404747009,0.9321366548538208,-0.3705270290374756,-0.08894683420658112,1.6867058277130127,-1.2931872606277466,-0.4785594642162323,0.8780551552772522,-0.49901336431503296,-0.11645271629095078,-0.05408148467540741,-0.12848635017871857,-0.144263128582184,-263.43398330619885,0.0,0.0
28.72,1436,-0.3631294369697571,0.9317387342453003,-0.3716244101524353,-0.054869066923856735,1.703888177871704,-1.2848634719848633,-0.47911372780799866,0.8777528405189514,-0.4996447265148163,-0.11598430573940277,-0.05398587882518768,-0.12802033126354218,-0.14389770569937868,-263.5778810118982,0.0,0.0
28.740000000000002,1437,-0.36351320147514343,0.9315890669822693,-0.372036337852478,-0.020596468821167946,1.7136298418045044,-1.2802032232284546,-0.4793908894062042,0.8776015043258667,-0.4999605119228363,-0.11587768793106079,-0.05398755893111229,-0.12792418897151947,-0.14399760148949742,-263.72187861338773,0.0,0.0
28.76,1438,-0.3632575273513794,0.9316887855529785,-0.37176188826560974,0.013721318915486336,1.7158894538879395,-1.2792418003082275,-0.4793908894062042,0.8776015043258667,-0.4999605119228363,-0.11613335460424423,-0.054087281227111816,-0.12819862365722656,-0.14456320574907008,-263.8664418191368,0.0,0.0
28.78,1439,-0.36236417293548584,0.9320365786552429,-0.37080320715904236,0.04793458431959152,1.7106631994247437,-1.281986117362976,-0.47911372780799866,0.8777528405189514,-0.4996447265148163,-0.11674956232309341,-0.05428376421332359,-0.12884151935577393,-0.14559218426679574,-264.0120340034036,0.0,0.0
28.8,1440,-0.36083710193634033,0.932628870010376,-0.3691653311252594,0.08189429342746735,1.6979855298995972,-1.2884151935577393,-0.4785594642162323,0.8780551552772522,-0.49901336431503296,-0.11772233247756958,-0.054573699831962585,-0.12984803318977356,-0.1470795374219836,-264.15911354082556,0.0,0.0
28.82,1441,-0.35868266224861145,0.9334595799446106,-0.36685627698898315,0.1154528483748436,1.6779277324676514,-1.2984803915023804,-0.47772809863090515,0.8785077333450317,-0.49806681275367737,-0.1190454438328743,-0.05495181307196617,-0.1312105357646942,-0.14901760933743768,-264.308131150163,0.0,0.0
28.84,1442,-0.3559093773365021,0.9345204830169678,-0.3638869822025299,0.14846482872962952,1.6505991220474243,-1.312105417251587,-0.47661980986595154,0.8791095614433289,-0.49680566787719727,-0.12071042507886887,-0.05541094392538071,-0.13291868567466736,-0.15139604811395965,-264.45952719827693,0.0,0.0
28.86,1443,-0.35252806544303894,0.9358012676239014,-0.3602712154388428,0.18078774213790894,1.6161454916000366,-1.3291869163513184,-0.47523465752601624,0.8798590898513794,-0.49523070454597473,-0.12270660698413849,-0.05594215542078018,-0.13495948910713196,-0.1542018308732499,-264.6137290291502,0.0,0.0
28.88,1444,-0.34855180978775024,0.9372895359992981,-0.3560255765914917,0.21228273212909698,1.57474946975708,-1.3495948314666748,-0.47357288002967834,0.8807546496391296,-0.49334296584129333,-0.1250210702419281,-0.05653487890958786,-0.13731740415096283,-0.157419205649965,-264.77114823480014,0.0,0.0
28.900000000000002,1445,-0.34399592876434326,0.9389711618423462,-0.35116925835609436,0.242815300822258,1.5266287326812744,-1.3731740713119507,-0.4716346263885498,0.8817940354347229,-0.4911436140537262,-0.12763869762420654,-0.05717707425355911,-0.13997437059879303,-0.1610297790311971,-264.93217801383133,0.0,0.0
28.92,1446,-0.3388780653476715,0.9408302903175354,-0.3457241356372833,0.2722560465335846,1.4720368385314941,-1.3997435569763184,-0.4694202244281769,0.8829748630523682,-0.48863404989242554,-0.13054218888282776,-0.05785542353987694,-0.1429099291563034,-0.16501229960596397,-265.0971903134373,0.0,0.0
28.94,1447,-0.33321791887283325,0.9428498148918152,-0.33971449732780457,0.30048125982284546,1.4112613201141357,-1.429099202156067,-0.46692997217178345,0.8842942714691162,-0.4858158528804779,-0.1337120532989502,-0.058555543422698975,-0.14610135555267334,-0.16934278361310587,-265.2665330970504,0.0,0.0
28.96,1448,-0.3270375430583954,0.94501131772995,-0.33316704630851746,0.3273737132549286,1.3446228504180908,-1.4610134363174438,-0.46416425704956055,0.8857491612434387,-0.48269081115722656,-0.13712669909000397,-0.059262197464704514,-0.1495237797498703,-0.17399441980170352,-265.4405275168521,0.0,0.0
28.98,1449,-0.32036101818084717,0.9472955465316772,-0.3261105716228485,0.3528231978416443,1.272473931312561,-1.4952377080917358,-0.4611234664916992,0.8873359560966492,-0.4792608916759491,-0.14076244831085205,-0.059959542006254196,-0.15315032005310059,-0.17893759922063074,-265.6194651160727,0.0,0.0
29.0,1450,-0.31321457028388977,0.9496824145317078,-0.31857603788375854,0.3767271637916565,1.1951979398727417,-1.5315032005310059,-0.45780816674232483,0.8890510201454163,-0.4755282700061798,-0.14459359645843506,-0.06063138321042061,-0.15695223212242126,-0.1841398840714245,-265.80360500014416,0.0,0.0
29.02,1451,-0.30562636256217957,0.9521515369415283,-0.31059619784355164,0.39899131655693054,1.1132069826126099,-1.5695223808288574,-0.45421892404556274,0.8908901214599609,-0.47149527072906494,-0.14859254658222198,-0.06126141920685768,-0.1608990728855133,-0.18956607406222512,-265.9931710742064,0.0,0.0
29.04,1452,-0.2976265847682953,0.9546823501586914,-0.3022055923938751,0.41953012347221375,1.0269408226013184,-1.6089906692504883,-0.4503563940525055,0.8928488492965698,-0.46716445684432983,-0.1527298241853714,-0.061833493411540985,-0.1649588644504547,-0.19517818120616662,-266.18834925541256,0.0,0.0
29.060000000000002,1453,-0.2892471253871918,0.9572544693946838,-0.2934402525424957,0.43826737999916077,0.9368637204170227,-1.6495885848999023,-0.44622138142585754,0.8949226140975952,-0.46253859996795654,-0.15697427093982697,-0.06233185529708862,-0.16909834742546082,-0.20093562942516532,-266.3892848848377,0.0,0.0
29.080000000000002,1454,-0.2805216312408447,0.9598476886749268,-0.28433752059936523,0.45513665676116943,0.843463122844696,-1.690983533859253,-0.4418147802352905,0.8971062898635864,-0.4576205909252167,-0.1612931340932846,-0.06274140626192093,-0.17328307032585144,-0.20679533242594825,-266.59608021726365,0.0,0.0
29.1,1455,-0.27148523926734924,0.9624425768852234,-0.27493590116500854,0.4700815975666046,0.7472472190856934,-1.7328307628631592,-0.43713751435279846,0.899394690990448,-0.45241352915763855,-0.1656522899866104,-0.06304792314767838,-0.1774776428937912,-0.21271172713362907,-266.8087919443973,0.0,0.0
29.12,1456,-0.26217442750930786,0.965020477771759,-0.2652747631072998,0.4830564558506012,0.6487421989440918,-1.7747764587402344,-0.43219074606895447,0.901782214641571,-0.4469207227230072,-0.1700163185596466,-0.06323828548192978,-0.1816459596157074,-0.21863708468871357,-267.027429029086,0.0,0.0
29.14,1457,-0.25262686610221863,0.9675637483596802,-0.25539422035217285,0.49402621388435364,0.548488974571228,-1.8164596557617188,-0.42697566747665405,0.9042630791664124,-0.4411455988883972,-0.17434880137443542,-0.06330066919326782,-0.18575137853622437,-0.2245217457123702,-267.2519507747984,0.0,0.0
29.16,1458,-0.24288120865821838,0.9700560569763184,-0.24533489346504211,0.5029670596122742,0.44704100489616394,-1.857513666152954,-0.4214937090873718,0.9068313241004944,-0.43509188294410706,-0.17861251533031464,-0.06322471797466278,-0.18975698947906494,-0.230314275979134,-267.4822650507775,0.0,0.0
29.18,1459,-0.2329767644405365,0.9724823236465454,-0.23513756692409515,0.5098662376403809,0.3449597656726837,-1.8975698947906494,-0.41574639081954956,0.9094805717468262,-0.42876332998275757,-0.18276962637901306,-0.06300171464681625,-0.19362576305866241,-0.23596203043762962,-267.71822708121516,0.0,0.0
29.2,1460,-0.2229534387588501,0.9748290777206421,-0.2248431146144867,0.5147225260734558,0.242813378572464,-1.9362576007843018,-0.40973538160324097,0.9122044444084167,-0.4221639633178711,-0.18678195774555206,-0.06262467056512833,-0.1973208487033844,-0.24141114799006183,-267.9596382292052,0.0,0.0
29.22,1461,-0.21285128593444824,0.9770845770835876,-0.21449220180511475,0.5175459384918213,0.1411714404821396,-1.9732084274291992,-0.40346255898475647,0.9149961471557617,-0.4152979552745819,-0.19061127305030823,-0.06208845600485802,-0.20080575346946716,-0.24660728037267504,-268.2062455095779,0.0,0.0
29.240000000000002,1462,-0.20270808041095734,0.9792392253875732,-0.2041226178407669,0.5184788703918457,0.046645402908325195,-2.0,-0.3969299793243408,0.9178488850593567,-0.40816962718963623,-0.19422191381454468,-0.06139032170176506,-0.20404700934886932,-0.25117533309556067,-268.45742084267346,0.0,0.0
29.26,1463,-0.1925540566444397,0.981286346912384,-0.19376425445079803,0.5179184675216675,-0.028018292039632797,-2.0,-0.3901398777961731,0.9207556247711182,-0.4007834792137146,-0.1975858062505722,-0.06053076311945915,-0.20701923966407776,-0.2544053745571684,-268.7118262172306,0.0,0.0
29.28,1464,-0.1824197769165039,0.9832207560539246,-0.1834469586610794,0.515864372253418,-0.1027054414153099,-2.0,-0.3830946385860443,0.9237090945243835,-0.3931442201137543,-0.2006748616695404,-0.05951164662837982,-0.20969724655151367,-0.2573365139499508,-268.9691627311806,0.0,0.0
29.3,1465,-0.1723358929157257,0.9850382208824158,-0.1732005476951599,0.5123205184936523,-0.17719139158725739,-2.0,-0.37579697370529175,0.9267020225524902,-0.3852566182613373,-0.20346106588840485,-0.05833621695637703,-0.21205607056617737,-0.25994366566031973,-269.2291063968409,0.0,0.0
29.32,1466,-0.16233308613300323,0.986735999584198,-0.16305464506149292,0.507295548915863,-0.251250684261322,-2.0,-0.36824968457221985,0.9297269582748413,-0.37712568044662476,-0.20591658353805542,-0.057009078562259674,-0.21407105028629303,-0.2622019743487663,-269.4913083711897,0.0,0.0
29.34,1467,-0.15244191884994507,0.9883124232292175,-0.15303859114646912,0.5008023977279663,-0.3246578872203827,-2.0,-0.36045587062835693,0.9327762722969055,-0.36875656247138977,-0.20801393687725067,-0.05553615838289261,-0.21571795642375946,-0.26408708391543256,-269.75539545510514,0.0,0.0
29.36,1468,-0.1426927000284195,0.9897670149803162,-0.1431814283132553,0.4928585886955261,-0.3971886932849884,-2.0,-0.35241883993148804,0.9358423948287964,-0.36015450954437256,-0.20972613990306854,-0.05392465740442276,-0.21697308123111725,-0.2655751378399194,-270.02097059294505,0.0,0.0
29.38,1469,-0.13311541080474854,0.991100549697876,-0.1335117071866989,0.4834861755371094,-0.4686206579208374,-2.0,-0.3441421687602997,0.9389175772666931,-0.35132497549057007,-0.21102675795555115,-0.052182991057634354,-0.21781328320503235,-0.2666428085518627,-270.2876134014969,0.0,0.0
29.400000000000002,1470,-0.12373950332403183,0.9923147559165955,-0.12405747175216675,0.4727115035057068,-0.5387341380119324,-2.0,-0.3356296420097351,0.9419940114021301,-0.3422735631465912,-0.21189013123512268,-0.05032070726156235,-0.21821607649326324,-0.26726750448127423,-270.55488090597817,0.0,0.0
29.42,1471,-0.11459387093782425,0.993412435054779,-0.11484616994857788,0.4605652391910553,-0.6073132753372192,-2.0,-0.32688531279563904,0.9450640082359314,-0.3330059349536896,-0.2122914344072342,-0.048348404467105865,-0.2181597650051117,-0.2674273968055857,-270.82230830278377,0.0,0.0
29.44,1472,-0.10570666193962097,0.9943973422050476,-0.10590451955795288,0.4470823109149933,-0.674146831035614,-2.0,-0.3179134726524353,0.9481196999549866,-0.323527991771698,-0.21220681071281433,-0.04627762734889984,-0.21762345731258392,-0.2671014145603588,-271.08940971734415,0.0,0.0
29.46,1473,-0.0971052274107933,0.9952741265296936,-0.09725848585367203,0.43230172991752625,-0.739028811454773,-2.0,-0.308718740940094,0.9511533975601196,-0.313845694065094,-0.2116135209798813,-0.04412074759602547,-0.21658720076084137,-0.2662695058056046,-271.35567922314976,0.0,0.0
29.48,1474,-0.08881597220897675,0.9960480332374573,-0.08893315494060516,0.416266530752182,-0.8017596006393433,-2.0,-0.29930591583251953,0.9541571736335754,-0.30396515130996704,-0.21048995852470398,-0.04189085215330124,-0.21503199636936188,-0.2649125386835145,-271.6205917618333,0.0,0.0
29.5,1475,-0.08086429536342621,0.9967251420021057,-0.08095268160104752,0.3990235924720764,-0.8621464967727661,-2.0,-0.2896801233291626,0.9571235179901123,-0.29389262199401855,-0.20881584286689758,-0.039601609110832214,-0.21293994784355164,-0.2630124679189056,-271.88360422975217,0.0,0.0
29.52,1476,-0.07327448576688766,0.9973118305206299,-0.07334021478891373,0.3806235194206238,-0.9200043678283691,-2.0,-0.27984675765037537,0.9600446820259094,-0.2836344838142395,-0.2065722644329071,-0.03726712614297867,-0.21029426157474518,-0.2605524088566943,-272.1441566386089,0.0,0.0
29.54,1477,-0.06606964021921158,0.9978150129318237,-0.06611780822277069,0.3611203730106354,-0.9751563668251038,-2.0,-0.2698114216327667,0.9629132151603699,-0.2731971740722656,-0.20374177396297455,-0.034901827573776245,-0.20707936584949493,-0.257516678384142,-272.401673316993,0.0,0.0
29.560000000000002,1478,-0.05927161127328873,0.9982419013977051,-0.059306371957063675,0.34057170152664185,-1.0274345874786377,-2.0,-0.2595800459384918,0.965721607208252,-0.262587308883667,-0.2003084272146225,-0.03252029791474342,-0.20328094065189362,-0.2538908025027284,-272.65556411949575,0.0,0.0
29.580000000000002,1479,-0.05290090665221214,0.9985997676849365,-0.052925609052181244,0.3190380930900574,-1.0766805410385132,-2.0,-0.2491588294506073,0.9684626460075378,-0.25181159377098083,-0.19625793397426605,-0.030137132853269577,-0.1988859921693802,-0.24966169895292856,-272.9052258184487,0.0,0.0
29.6,1480,-0.04697331413626671,0.9988961219787598,-0.04699060320854187,0.2967502772808075,-1.1143903732299805,-1.9888598918914795,-0.2385542392730713,0.9711291790008545,-0.24087683856487274,-0.19158092141151428,-0.027766969054937363,-0.19388623535633087,-0.24437662388748974,-273.1496024423362,0.0,0.0
29.62,1481,-0.0414915531873703,0.9991388320922852,-0.04150346666574478,0.2743569016456604,-1.11966872215271,-1.9388623237609863,-0.22777298092842102,0.973714292049408,-0.22978992760181427,-0.18628142774105072,-0.025424590334296227,-0.18828646838665009,-0.23696524387448015,-273.38656768621064,0.0,0.0
29.64,1482,-0.03645511344075203,0.9993352890014648,-0.03646319359540939,0.2520136535167694,-1.1171627044677734,-1.8828645944595337,-0.2168220430612564,0.9762111306190491,-0.21855787932872772,-0.18036691844463348,-0.023124143481254578,-0.18209469318389893,-0.22877852546274888,-273.6153462116734,0.0,0.0
29.66,1483,-0.03186030313372612,0.999492347240448,-0.03186569735407829,0.22987480461597443,-1.1069421768188477,-1.8209468126296997,-0.20570865273475647,0.9786132574081421,-0.20718778669834137,-0.17384834587574005,-0.020879052579402924,-0.17532208561897278,-0.21985065634279946,-273.83519686801617,0.0,0.0
29.68,1484,-0.027700306847691536,0.999616265296936,-0.027703851461410522,0.2080923318862915,-1.0891237258911133,-1.7532209157943726,-0.1944403052330017,0.9809143543243408,-0.19568683207035065,-0.16674000024795532,-0.01870192028582096,-0.16798298060894012,-0.21022177058646652,-274.04541863860265,0.0,0.0
29.7,1485,-0.0239652581512928,0.9997127652168274,-0.023967552930116653,0.18681490421295166,-1.0638707876205444,-1.6798298358917236,-0.18302473425865173,0.9831082820892334,-0.18406227231025696,-0.15905946493148804,-0.016604483127593994,-0.1600947231054306,-0.19993756111926317,-274.2453561997219,0.0,0.0
29.72,1486,-0.020642345771193504,0.999786913394928,-0.02064381167292595,0.1661870777606964,-1.0313916206359863,-1.6009471416473389,-0.17146988213062286,0.9851893782615662,-0.17232146859169006,-0.1508275419473648,-0.014597563073039055,-0.15167765319347382,-0.1890487802026721,-274.4344049799246,0.0,0.0
29.740000000000002,1487,-0.01771591790020466,0.9998430609703064,-0.017716845497488976,0.14634831249713898,-0.9919384121894836,-1.5167765617370605,-0.1597839742898941,0.9871519804000854,-0.1604718118906021,-0.1420680433511734,-0.012691054493188858,-0.1427549570798874,-0.17761073521432477,-274.6120157151389,0.0,0.0
29.76,1488,-0.015167619101703167,0.9998849630355835,-0.015168201178312302,0.1274321973323822,-0.9458054304122925,-1.4275497198104858,-0.1479753702878952,0.9889910221099854,-0.1485207974910736,-0.13280774652957916,-0.010893918573856354,-0.133352592587471,-0.16568259136308974,-274.777698306502,0.0,0.0
29.78,1489,-0.012976523488759995,0.9999157786369324,-0.01297688763588667,0.10956565290689468,-0.8933274149894714,-1.3335260152816772,-0.1360526978969574,0.9907016158103943,-0.13647596538066864,-0.1230761781334877,-0.00921420007944107,-0.1234990805387497,-0.15332682444994145,-274.9310251309519,0.0,0.0
29.8,1490,-0.01111929677426815,0.9999381899833679,-0.011119525879621506,0.09286811202764511,-0.8348770141601562,-1.2349907159805298,-0.12402476370334625,0.9922791123390198,-0.12434494495391846,-0.11290546506643295,-0.007659055292606354,-0.11322541534900665,-0.14060846172942704,-275.07163359268134,0.0,0.0
29.82,1491,-0.009570362977683544,0.9999542236328125,-0.009570508264005184,0.07745085656642914,-0.7708629965782166,-1.1322542428970337,-0.11190052330493927,0.9937193989753723,-0.1121353805065155,-0.10233016312122345,-0.00623478926718235,-0.10256487131118774,-0.12759443180498664,-275.19922802448633,0.0,0.0
29.84,1492,-0.008302086964249611,0.9999655485153198,-0.008302182890474796,0.06341630965471268,-0.7017269730567932,-1.0256487131118774,-0.09968913346529007,0.9950186610221863,-0.09985499083995819,-0.09138704091310501,-0.00494690565392375,-0.09155280888080597,-0.11435275099572206,-275.3135807754821,0.0,0.0
29.86,1493,-0.007284968160092831,0.999973475933075,-0.0072850328870117664,0.050857480615377426,-0.6279415488243103,-0.9155280590057373,-0.08739987760782242,0.9961733222007751,-0.08751153200864792,-0.08011490851640701,-0.0038001551292836666,-0.08022649586200714,-0.10095187475955233,-275.41453265024165,0.0,0.0
29.88,1494,-0.006487840320914984,0.9999789595603943,-0.00648788595572114,0.039857346564531326,-0.5500067472457886,-0.8022649884223938,-0.07504218071699142,0.9971803426742554,-0.07511279731988907,-0.0685543417930603,-0.0027985936030745506,-0.06862490624189377,-0.08745993731156969,-275.5019925875532,0.0,0.0
29.900000000000002,1495,-0.005878083873540163,0.9999827146530151,-0.0058781178668141365,0.030488403514027596,-0.468447208404541,-0.6862491369247437,-0.06262560933828354,0.9980370998382568,-0.06266661733388901,-0.05674752593040466,-0.0019456337904557586,-0.056788500398397446,-0.07394405797461426,-275.5759366455278,0.0,0.0
29.92,1496,-0.005421846639364958,0.9999852776527405,-0.005421873182058334,0.022812221199274063,-0.38380905985832214,-0.5678849816322327,-0.05015980079770088,0.9987412095069885,-0.05018085613846779,-0.04473795369267464,-0.0012440966675058007,-0.044758982956409454,-0.06046967762595969,-275.6364063231538,0.0,0.0
29.94,1497,-0.005084269680082798,0.9999870657920837,-0.0050842915661633015,0.016879089176654816,-0.2966565787792206,-0.44758981466293335,-0.03765450045466423,0.9992908239364624,-0.037663403898477554,-0.03257022798061371,-0.0006962571060284972,-0.03257911279797554,-0.04709993108506243,-275.68350625423886,0.0,0.0
29.96,1498,-0.004829718731343746,0.999988317489624,-0.0048297373577952385,0.012727714143693447,-0.20756879448890686,-0.3257911205291748,-0.025119516998529434,0.9996844530105591,-0.025122158229351044,-0.020289797335863113,-0.00030388167942874134,-0.02029242180287838,-0.03389506514402528,-275.7174013193829,0.0,0.0
29.98,1499,-0.00462202075868845,0.9999893307685852,-0.004622037522494793,0.0103849982842803,-0.11713579297065735,-0.2029242068529129,-0.01256471686065197,0.9999210834503174,-0.012565047480165958,-0.00794269610196352,-6.825757736805826e-05,-0.007943009957671165,-0.020911903223227404,-275.7383132226061,0.0,0.0
30.0,1500,-0.004424705170094967,0.9999902248382568,-0.004424719605594873,0.009865888394415379,-0.02595549449324608,-0.07943010330200195,-7.347880586115415e-16,1.0,-7.347880586115415e-16,0.004424705170094967,9.789056093723048e-06,0.004424719605594873,-0.008203419299900587,-275.746516641906,0.0,0.0
30.02,1501,-0.0042012413032352924,0.9999911785125732,-0.00420125387609005,0.011173292063176632,0.06537019461393356,0.04424719512462616,0.01256471686065197,0.9999210834503174,0.012565047480165958,0.016765957698225975,-7.011392153799534e-05,0.016766302287578583,-0.0042208318932774325,-275.7507374737993,0.0,0.0
30.04,1502,-0.003915282431989908,0.999992311000824,-0.003915292210876942,0.014298070222139359,0.15623889863491058,0.16766300797462463,0.025119516998529434,0.9996844530105591,0.025122158229351044,0.029034798964858055,-0.0003078801091760397,0.02903745137155056,-0.016761448688882033,-275.7674989224882,0.0,0.0
30.060000000000002,1503,-0.003530903020873666,0.9999937415122986,-0.0035309104714542627,0.01921909861266613,0.2460513859987259,0.2903745174407959,0.03765450045466423,0.9992908239364624,0.037663403898477554,0.0411854013800621,-0.0007029484841041267,0.041194312274456024,-0.029496242162691862,-275.79699516465087,0.0,0.0
30.080000000000002,1504,-0.003012837842106819,0.9999954700469971,-0.0030128422658890486,0.025903403759002686,0.3342152535915375,0.41194313764572144,0.05015980079770088,0.9987412095069885,0.05018085613846779,0.05317263677716255,-0.001254256465472281,0.053193699568510056,-0.04237321776702948,-275.8393683824179,0.0,0.0
30.1,1505,-0.002326712943613529,0.9999973177909851,-0.002326715039089322,0.034306369721889496,0.4201483130455017,0.5319370031356812,0.06262560933828354,0.9980370998382568,0.06266661733388901,0.0649523213505745,-0.0019602030515670776,0.06499332934617996,-0.05533714064957944,-275.89470552306744,0.0,0.0
30.12,1506,-0.0014392741722986102,0.9999989867210388,-0.0014392746379598975,0.044372014701366425,0.5032823085784912,0.6499333381652832,0.07504218071699142,0.9971803426742554,0.07511279731988907,0.07648146152496338,-0.0028186042327433825,0.07655207067728043,-0.06833002522713687,-275.96303554829456,0.0,0.0
30.14,1507,-0.000318607926601544,0.9999999403953552,-0.000318607926601544,0.056033335626125336,0.5830660462379456,0.7655206918716431,0.08739987760782242,0.9961733222007751,0.08751153200864792,0.08771847933530807,-0.0038266400806605816,0.08783013373613358,-0.08129162497285325,-276.0443271732674,0.0,0.0
30.16,1508,0.0010656461818143725,0.9999994039535522,0.0010656464146450162,0.06921271234750748,0.658968985080719,0.8783013820648193,0.09968913346529007,0.9950186610221863,0.09985499083995819,0.09862348437309265,-0.004980800673365593,0.09878934174776077,-0.09416001911566203,-276.138487192383,0.0,0.0
30.18,1509,0.0027420909609645605,0.9999962449073792,0.0027420942205935717,0.08382239937782288,0.730484127998352,0.9878934621810913,0.11190052330493927,0.9937193989753723,0.1121353805065155,0.10915843397378922,-0.006276826839894056,0.10939328372478485,-0.10687223109480165,-276.24535942347785,0.0,0.0
30.2,1510,0.004737377166748047,0.9999887943267822,0.004737394861876965,0.09976502507925034,0.797131359577179,1.093932867050171,0.12402476370334625,0.9922791123390198,0.12434494495391846,0.1192873865365982,-0.007709655445069075,0.11960754543542862,-0.11936487674350148,-276.3647243002213,0.0,0.0
30.22,1511,0.0070760203525424,0.9999749660491943,0.0070760794915258884,0.11693422496318817,0.8584601879119873,1.1960755586624146,0.1360526978969574,0.9907016158103943,0.13647596538066864,0.12897668778896332,-0.009273363277316093,0.12939989566802979,-0.13157483160352573,-276.49629913182486,0.0,0.0
30.240000000000002,1512,0.009780229069292545,0.9999521970748901,0.009780384600162506,0.13521526753902435,0.9140523076057434,1.2939988374710083,0.1479753702878952,0.9889910221099854,0.1485207974910736,0.13819514214992523,-0.01096112560480833,0.1387404054403305,-0.1434399109842071,-276.6397390428091,0.0,0.0
30.26,1513,0.012869744561612606,0.999917209148407,0.01287010032683611,0.1544857621192932,0.9635244607925415,1.3874040842056274,0.1597839742898941,0.9871519804000854,0.1604718118906021,0.14691422879695892,-0.012765174731612206,0.14760170876979828,-0.1548995994062267,-276.7946386422153,0.0,0.0
30.28,1514,0.016361696645617485,0.9998661279678345,0.016362426802515984,0.17461636662483215,1.006530523300171,1.4760171175003052,0.17146988213062286,0.9851893782615662,0.17232146859169006,0.15510818362236023,-0.014676777645945549,0.15595903992652893,-0.1658956495436415,-276.96053429175896,0.0,0.0
30.3,1515,0.020270472392439842,0.9997945427894592,0.02027186006307602,0.1954716444015503,1.0427634716033936,1.559590458869934,0.18302473425865173,0.9831082820892334,0.18406227231025696,0.16275425255298615,-0.016686223447322845,0.16379041969776154,-0.17637283051881966,-277.13690712227776,0.0,0.0
30.32,1516,0.024607593193650246,0.999697208404541,0.02461007609963417,0.21691080927848816,1.0719579458236694,1.637904167175293,0.1944403052330017,0.9809143543243408,0.19568683207035065,0.16983270645141602,-0.018782833591103554,0.17107675969600677,-0.18627949474100275,-277.3231866170188,0.0,0.0
30.34,1517,0.02938161976635456,0.9995682835578918,0.029385849833488464,0.23878861963748932,1.0938911437988281,1.7107675075531006,0.20570865273475647,0.9786132574081421,0.20718778669834137,0.17632703483104706,-0.020954987034201622,0.1778019368648529,-0.1955682392860971,-277.5187548563049,0.0,0.0
30.36,1518,0.03459806740283966,0.999401330947876,0.03460497409105301,0.2609563171863556,1.1083847284317017,1.7780194282531738,0.2168220430612564,0.9762111306190491,0.21855787932872772,0.18222397565841675,-0.02319016121327877,0.1839529126882553,-0.20419634029373784,-277.7229511965986,0.0,0.0
30.38,1519,0.04025933891534805,0.9991892576217651,0.04027022421360016,0.2832624316215515,1.1153056621551514,1.839529037475586,0.22777298092842102,0.973714292049408,0.22978992760181427,0.18751363456249237,-0.025474999099969864,0.1895197033882141,-0.21212632612537285,-277.935077522724,0.0,0.0
30.400000000000002,1520,0.0463646724820137,0.9989245533943176,0.04638129845261574,0.30555376410484314,1.1145672798156738,1.8951970338821411,0.2385542392730713,0.9711291790008545,0.24087683856487274,0.19218957424163818,-0.02779540605843067,0.1944955438375473,-0.2193263460220304,-278.15440386874604,0.0,0.0
30.42,1521,0.052910108119249344,0.9985992908477783,0.05293482542037964,0.327676385641098,1.1061302423477173,1.9449553489685059,0.2491588294506073,0.9684626460075378,0.25181159377098083,0.19624872505664825,-0.03013664484024048,0.1988767683506012,-0.2257705259874668,-278.3801743947335,0.0,0.0
30.44,1522,0.05988849699497223,0.9982050657272339,0.05992435663938522,0.3494764268398285,1.0900017023086548,1.9887676239013672,0.2595800459384918,0.965721607208252,0.262587308883667,0.1996915489435196,-0.032483477145433426,0.20266295969486237,-0.23143920644313132,-278.61161360117666,0.0,0.0
30.46,1523,0.06728152185678482,0.997734010219574,0.06733238697052002,0.3704017102718353,1.0462650060653687,2.0,0.2698114216327667,0.9629132151603699,0.2731971740722656,0.2025298923254013,-0.03482084721326828,0.2058647871017456,-0.23525491895001208,-278.8468685201267,0.0,0.0
30.48,1524,0.07506617903709412,0.9971785545349121,0.07513685524463654,0.3902234435081482,0.9910861253738403,2.0,0.27984675765037537,0.9600446820259094,0.2836344838142395,0.20478056371212006,-0.03713386878371239,0.20849761366844177,-0.23806031534717423,-279.0849288354739,0.0,0.0
30.5,1525,0.08321820199489594,0.9965313673019409,0.08331455290317535,0.40888479351997375,0.9330672025680542,2.0,0.2896801233291626,0.9571235179901123,0.29389262199401855,0.20646193623542786,-0.03940783813595772,0.2105780690908432,-0.24031992941869593,-279.3252487648926,0.0,0.0
30.52,1526,0.09171214699745178,0.9957855343818665,0.0918412059545517,0.42633256316185,0.8723888993263245,2.0,0.29930591583251953,0.9541571736335754,0.30396515130996704,0.20759376883506775,-0.041628360748291016,0.21212394535541534,-0.24205141636948227,-279.56730018126206,0.0,0.0
30.54,1527,0.10052148997783661,0.9949349164962769,0.1006915494799614,0.44251736998558044,0.8092404007911682,2.0,0.308718740940094,0.9511533975601196,0.313845694065094,0.20819725096225739,-0.04378151521086693,0.2131541222333908,-0.24327359830110293,-279.8105737795632,0.0,0.0
30.560000000000002,1528,0.10961870104074478,0.9939737319946289,0.10983942449092865,0.45739373564720154,0.7438187003135681,2.0,0.3179134726524353,0.9481196999549866,0.323527991771698,0.20829477906227112,-0.045853983610868454,0.21368855237960815,-0.2440062661799938,-280.0545800457432,0.0,0.0
30.580000000000002,1529,0.11897534877061844,0.9928972125053406,0.1192578375339508,0.47092029452323914,0.676328182220459,2.0,0.32688531279563904,0.9450640082359314,0.3330059349536896,0.20790995657444,-0.047833189368247986,0.21374809741973877,-0.24427015774411448,-280.2988502034873,0.0,0.0
30.6,1530,0.12856222689151764,0.9917014241218567,0.12891903519630432,0.4830598831176758,0.6069793701171875,2.0,0.3356296420097351,0.9419940114021301,0.3422735631465912,0.20706741511821747,-0.04970741644501686,0.21335452795028687,-0.244086903030332,-280.5429371065176,0.0,0.0
30.62,1531,0.13834942877292633,0.990383505821228,0.13879463076591492,0.49377965927124023,0.5359886884689331,2.0,0.3441421687602997,0.9389175772666931,0.35132497549057007,0.20579272508621216,-0.051465924829244614,0.21253035962581635,-0.24347893784033348,-280.78641604435796,0.0,0.0
30.64,1532,0.14830653369426727,0.9889414310455322,0.14885565638542175,0.503051221370697,0.4635773003101349,2.0,0.35241883993148804,0.9358423948287964,0.36015450954437256,0.20411230623722076,-0.05309905856847763,0.211298868060112,-0.24246932587558187,-281.0288853702335,0.0,0.0
30.66,1533,0.15840265154838562,0.9873746037483215,0.1590726673603058,0.5108506083488464,0.38997024297714233,2.0,0.36045587062835693,0.9327762722969055,0.36875656247138977,0.2020532190799713,-0.05459832772612572,0.20968389511108398,-0.241081847519358,-281.2699672177529,0.0,0.0
30.68,1534,0.16860657930374146,0.9856834411621094,0.16941583156585693,0.5171585083007812,0.31539565324783325,2.0,0.36824968457221985,0.9297269582748413,0.37712568044662476,0.1996430903673172,-0.05595649033784866,0.20770986378192902,-0.23934072977957452,-281.5093079475325,0.0,0.0
30.7,1535,0.17888695001602173,0.9838696122169495,0.17985503375530243,0.5219601988792419,0.2400836944580078,2.0,0.37579697370529175,0.9267020225524902,0.3852566182613373,0.19691000878810883,-0.05716760829091072,0.20540158450603485,-0.2372706436127983,-281.7465785911453,0.0,0.0
30.72,1536,0.1892123520374298,0.9819362163543701,0.1903599500656128,0.5252455472946167,0.16426575183868408,2.0,0.3830946385860443,0.9237090945243835,0.3931442201137543,0.1938822865486145,-0.05822709575295448,0.20278427004814148,-0.23489667098377606,-281.9814752621291,0.0,0.0
30.740000000000002,1537,0.19955143332481384,0.9798873662948608,0.2009001225233078,0.5270090103149414,0.08817341178655624,2.0,0.3901398777961731,0.9207556247711182,0.4007834792137146,0.19058842957019806,-0.05913174897432327,0.199883371591568,-0.2322440930286556,-282.21371935515776,0.0,0.0
30.76,1538,0.20987270772457123,0.9777287244796753,0.21144476532936096,0.5272322297096252,0.011162622831761837,1.9988335371017456,0.3969299793243408,0.9178488850593567,0.40816962718963623,0.1870572715997696,-0.05987982824444771,0.19672484695911407,-0.22929206172993682,-282.4430114168877,0.0,0.0
30.78,1539,0.2201361358165741,0.975469172000885,0.22195403277873993,0.525462806224823,-0.08847328275442123,1.967248558998108,0.40346255898475647,0.9149961471557617,0.4152979552745819,0.18332643806934357,-0.0604730099439621,0.19334392249584198,-0.2249162683765303,-282.66792768526426,0.0,0.0
30.8,1540,0.23030157387256622,0.97311931848526,0.23238757252693176,0.5216772556304932,-0.18927700817584991,1.9334392547607422,0.40973538160324097,0.9122044444084167,0.4221639633178711,0.17943382263183594,-0.06091488152742386,0.18977639079093933,-0.2202922574644506,-282.8882199427287,0.0,0.0
30.82,1541,0.2403290718793869,0.9706915020942688,0.242704838514328,0.5158635377883911,-0.290683776140213,1.897763967514038,0.41574639081954956,0.9094805717468262,0.42876332998275757,0.17541731894016266,-0.061210885643959045,0.18605849146842957,-0.21547419848081553,-283.10369414120953,0.0,0.0
30.84,1542,0.25017914175987244,0.9681995511054993,0.2528652548789978,0.5080209970474243,-0.3921273648738861,1.8605848550796509,0.4214937090873718,0.9068313241004944,0.43509188294410706,0.17131459712982178,-0.061368245631456375,0.18222661316394806,-0.21051582665656388,-283.3142099678661,0.0,0.0
30.86,1543,0.2598129212856293,0.965658962726593,0.2628284692764282,0.49816012382507324,-0.49304407835006714,1.8222662210464478,0.42697566747665405,0.9042630791664124,0.4411455988883972,0.16716276109218597,-0.06139586120843887,0.1783171445131302,-0.20546995731093176,-283.519679925177,0.0,0.0
30.88,1544,0.26919254660606384,0.9630863666534424,0.27255451679229736,0.48630261421203613,-0.5928760766983032,1.78317129611969,0.43219074606895447,0.901782214641571,0.4469207227230072,0.16299819946289062,-0.06130416691303253,0.17436619102954865,-0.20038808003911818,-283.7200680052161,0.0,0.0
30.900000000000002,1545,0.27828118205070496,0.96049964427948,0.28200414776802063,0.4724811315536499,-0.6910738945007324,1.7436619997024536,0.43713751435279846,0.899394690990448,0.45241352915763855,0.1588563323020935,-0.061104971915483475,0.17040938138961792,-0.19532015461232144,-283.9153881598284,0.0,0.0
30.92,1546,0.28704339265823364,0.9579175710678101,0.2911389172077179,0.4567390978336334,-0.7871014475822449,1.7040939331054688,0.4418147802352905,0.8971062898635864,0.4576205909252167,0.1547713726758957,-0.06081128120422363,0.16648165881633759,-0.19031396530825573,-284.10570212513665,0.0,0.0
30.94,1547,0.2954452335834503,0.955359697341919,0.29992154240608215,0.43913036584854126,-0.8804370760917664,1.6648166179656982,0.44622138142585754,0.8949226140975952,0.46253859996795654,0.15077614784240723,-0.060437072068452835,0.16261707246303558,-0.18541520597725805,-284.2911173311139,0.0,0.0
30.96,1548,0.3034543991088867,0.9528459906578064,0.3083159029483795,0.41971880197525024,-0.9705777168273926,1.6261706352233887,0.4503563940525055,0.8928488492965698,0.46716445684432983,0.14690200984477997,-0.05999709293246269,0.1588485687971115,-0.1806670044650047,-284.47178433557895,0.0,0.0
30.98,1549,0.31104034185409546,0.950396716594696,0.31628745794296265,0.3985779881477356,-1.0570409297943115,1.5884854793548584,0.45421892404556274,0.8908901214599609,0.47149527072906494,0.14317858219146729,-0.059506606310606,0.1552077978849411,-0.17610985217997266,-284.64789418775894,0.0,0.0
31.0,1550,0.31817448139190674,0.9480322003364563,0.32380327582359314,0.37579065561294556,-1.1393673419952393,1.5520780086517334,0.45780816674232483,0.8890510201454163,0.4755282700061798,0.1396336704492569,-0.058981165289878845,0.15172497928142548,-0.1717814538658854,-284.8196756416248,0.0,0.0
31.02,1551,0.3248302638530731,0.9457723498344421,0.33083224296569824,0.3514481782913208,-1.2171235084533691,1.5172499418258667,0.4611234664916992,0.8873359560966492,0.4792608916759491,0.1362932175397873,-0.05843634903430939,0.14842864871025085,-0.1677165000259171,-284.98739214165073,0.0,0.0
31.04,1552,0.33098313212394714,0.9436366558074951,0.3373452425003052,0.32565009593963623,-1.2899030447006226,1.4842865467071533,0.46416425704956055,0.8857491612434387,0.48269081115722656,0.1331811100244522,-0.057887520641088486,0.1453455686569214,-0.16394671050854775,-285.15133885215926,0.0,0.0
31.060000000000002,1553,0.3366107940673828,0.9416438937187195,0.3433153033256531,0.2985035479068756,-1.3573285341262817,1.4534556865692139,0.46692997217178345,0.8842942714691162,0.4858158528804779,0.13031919300556183,-0.05734958127140999,0.14250054955482483,-0.1605008289937799,-285.31183968115306,0.0,0.0
31.080000000000002,1554,0.34169304370880127,0.9398115873336792,0.3487177789211273,0.2701224684715271,-1.4190536737442017,1.425005316734314,0.4694202244281769,0.8829748630523682,0.48863404989242554,0.127727210521698,-0.05683673545718193,0.1399163007736206,-0.1574044908772069,-285.46924417203024,0.0,0.0
31.1,1555,0.3462119400501251,0.9381563067436218,0.35353031754493713,0.24062718451023102,-1.4747638702392578,1.3991628885269165,0.4716346263885498,0.8817940354347229,0.4911436140537262,0.12542270123958588,-0.05636226385831833,0.13761331140995026,-0.15468030782591846,-285.62392447985616,0.0,0.0
31.12,1556,0.35015180706977844,0.9366929531097412,0.35773319005966187,0.21014362573623657,-1.5241780281066895,1.3761330842971802,0.47357288002967834,0.8807546496391296,0.49334296584129333,0.12342104315757751,-0.055938318371772766,0.13560979068279266,-0.15234785449640742,-285.77627233435254,0.0,0.0
31.14,1557,0.35349923372268677,0.9354348182678223,0.3613092303276062,0.17880263924598694,-1.5670490264892578,1.3560978174209595,0.47523465752601624,0.8798590898513794,0.49523070454597473,0.12173541635274887,-0.055575720965862274,0.13392147421836853,-0.15042374526137078,-285.9266960796139,0.0,0.0
31.16,1558,0.3562430143356323,0.9343933463096619,0.3642440140247345,0.14673934876918793,-1.6031646728515625,1.3392146825790405,0.47661980986595154,0.8791095614433289,0.49680566787719727,0.12037678062915802,-0.0552838072180748,0.13256163895130157,-0.14892164351213477,-286.0756177231261,0.0,0.0
31.18,1559,0.3583742380142212,0.9335780143737793,0.3665258586406708,0.1140923798084259,-1.6323482990264893,1.325616478919983,0.47772809863090515,0.8785077333450317,0.49806681275367737,0.11935387551784515,-0.05507026985287666,0.1315409392118454,-0.14785238912350926,-286.2234701122496,0.0,0.0
31.2,1560,0.35988619923591614,0.9329962134361267,0.3681459426879883,0.08100318908691406,-1.6544597148895264,1.3154094219207764,0.4785594642162323,0.8780551552772522,0.49901336431503296,0.11867323517799377,-0.054941050708293915,0.13086743652820587,-0.14722389999103624,-286.3706940122406,0.0,0.0
31.220000000000002,1561,0.36077454686164856,0.9326530694961548,0.3690982460975647,0.04761529341340065,-1.6693947315216064,1.3086743354797363,0.47911372780799866,0.8777528405189514,0.4996447265148163,0.1183391883969307,-0.05490022897720337,0.13054649531841278,-0.14704141043320623,-286.5177354226738,0.0,0.0
31.240000000000002,1562,0.3610370457172394,0.9325514435768127,0.3693796992301941,0.014073580503463745,-1.6770856380462646,1.3054648637771606,0.4793908894062042,0.8776015043258667,0.4999605119228363,0.11835384368896484,-0.054949983954429626,0.1305808126926422,-0.14730740187110758,-286.6650428245449,0.0,0.0
31.26,1563,0.3606737554073334,0.9326920509338379,0.3689901828765869,-0.019476456567645073,-1.6775017976760864,1.3058080673217773,0.4793908894062042,0.8776015043258667,0.4999605119228363,0.11871712654829025,-0.05509054660797119,0.13097034394741058,-0.1480216766637527,-286.81306450120866,0.0,0.0
31.28,1564,0.3596869707107544,0.9330730438232422,0.36793237924575806,-0.052889443933963776,-1.6706494092941284,1.3097033500671387,0.47911372780799866,0.8777528405189514,0.4996447265148163,0.11942676454782486,-0.05532020330429077,0.13171234726905823,-0.149181347316632,-286.9622458485253,0.0,0.0
31.3,1565,0.3580811619758606,0.9336904883384705,0.36621198058128357,-0.08602086454629898,-1.6565710306167603,1.317123293876648,0.4785594642162323,0.8780551552772522,0.49901336431503296,0.12047828733921051,-0.05563530698418617,0.1328013837337494,-0.150780890643987,-287.1130267391693,0.0,0.0
31.32,1566,0.3558630645275116,0.9345381259918213,0.36383742094039917,-0.11872778087854385,-1.6353459358215332,1.3280138969421387,0.47772809863090515,0.8785077333450317,0.49806681275367737,0.12186504900455475,-0.05603036656975746,0.1342293918132782,-0.15281215414111907,-287.26583889331044,0.0,0.0
31.34,1567,0.3530415892601013,0.9356076121330261,0.3608200252056122,-0.15086957812309265,-1.6070897579193115,1.3422939777374268,0.47661980986595154,0.8791095614433289,0.49680566787719727,0.12357822060585022,-0.056498102843761444,0.1359856277704239,-0.15526431520349204,-287.42110320851395,0.0,0.0
31.36,1568,0.34962785243988037,0.9368886351585388,0.3571738600730896,-0.1823086440563202,-1.571953535079956,1.359856367111206,0.47523465752601624,0.8798590898513794,0.49523070454597473,0.12560680508613586,-0.05702957138419151,0.13805685937404633,-0.15812390754512676,-287.5792271160591,0.0,0.0
31.38,1569,0.34563520550727844,0.9383689761161804,0.3529156446456909,-0.21291112899780273,-1.5301239490509033,1.380568504333496,0.47357288002967834,0.8807546496391296,0.49334296584129333,0.1279376596212387,-0.057614315301179886,0.1404273360967636,-0.16137476619952476,-287.7406018822586,0.0,0.0
31.400000000000002,1570,0.3410791754722595,0.9400345683097839,0.34806469082832336,-0.24254757165908813,-1.481821894645691,1.4042733907699585,0.4716346263885498,0.8817940354347229,0.4911436140537262,0.13055545091629028,-0.058240506798028946,0.14307893812656403,-0.16499812105141376,-287.90560000331004,0.0,0.0
31.42,1571,0.3359774351119995,0.9418700337409973,0.34264281392097473,-0.27109360694885254,-1.4273024797439575,1.4307893514633179,0.4694202244281769,0.8829748630523682,0.48863404989242554,0.13344278931617737,-0.05889515206217766,0.145991250872612,-0.16897238665863093,-288.0745723899687,0.0,0.0
31.44,1572,0.3303498327732086,0.9438585638999939,0.33667418360710144,-0.2984306812286377,-1.3668537139892578,1.4599124193191528,0.46692997217178345,0.8842942714691162,0.4858158528804779,0.13658013939857483,-0.059564270079135895,0.14914166927337646,-0.17327329773079259,-288.2478456876995,0.0,0.0
31.46,1573,0.3242183029651642,0.9459822773933411,0.33018526434898376,-0.32444658875465393,-1.300795316696167,1.491416573524475,0.46416425704956055,0.8857491612434387,0.48269081115722656,0.13994595408439636,-0.06023314595222473,0.152505561709404,-0.1778738242991052,-288.42571951199864,0.0,0.0
31.48,1574,0.3176068067550659,0.9482225179672241,0.32320454716682434,-0.34903615713119507,-1.2294776439666748,1.5250555276870728,0.4611234664916992,0.8873359560966492,0.4792608916759491,0.1435166597366333,-0.06088652089238167,0.15605635941028595,-0.1827442136799587,-288.6084637256786,0.0,0.0
31.5,1575,0.3105413615703583,0.9505598545074463,0.3157624900341034,-0.372101753950119,-1.1532806158065796,1.560563564300537,0.45780816674232483,0.8890510201454163,0.4755282700061798,0.14726679027080536,-0.06150886043906212,0.15976575016975403,-0.1878519721265506,-288.79631569780514,0.0,0.0
31.52,1576,0.30304989218711853,0.9529746770858765,0.3078914284706116,-0.3935539722442627,-1.0726110935211182,1.5976576805114746,0.45421892404556274,0.8908901214599609,0.47149527072906494,0.15116901695728302,-0.062084585428237915,0.16360384225845337,-0.19316194496820327,-288.98947764277335,0.0,0.0
31.54,1577,0.2951621115207672,0.9554471969604492,0.2996251881122589,-0.41331201791763306,-0.9879024624824524,1.6360384225845337,0.4503563940525055,0.8928488492965698,0.46716445684432983,0.15519428253173828,-0.06259831041097641,0.16753928363323212,-0.1986363049042805,-289.1881139476776,0.0,0.0
31.560000000000002,1578,0.28690946102142334,0.9579576849937439,0.29099908471107483,-0.43130427598953247,-0.8996114730834961,1.675392746925354,0.44622138142585754,0.8949226140975952,0.46253859996795654,0.1593119353055954,-0.06303510069847107,0.17153950035572052,-0.20423476575525923,-289.39234871343285,0.0,0.0
31.580000000000002,1579,0.2783249616622925,0.9604869484901428,0.2820497155189514,-0.4474685788154602,-0.8082162141799927,1.7153949737548828,0.4418147802352905,0.8971062898635864,0.4576205909252167,0.16348980367183685,-0.06338067352771759,0.17557086050510406,-0.20991467313363207,-289.6022633865665,0.0,0.0
31.6,1580,0.2694430649280548,0.9630163311958313,0.27281466126441956,-0.46175286173820496,-0.7142143845558167,1.7557086944580078,0.43713751435279846,0.899394690990448,0.45241352915763855,0.16769444942474365,-0.0636216402053833,0.1795988529920578,-0.21563104934899613,-289.8178944359155,0.0,0.0
31.62,1581,0.2602994740009308,0.9655279517173767,0.2633323669433594,-0.4741152822971344,-0.6181202530860901,1.7959885597229004,0.43219074606895447,0.901782214641571,0.4469207227230072,0.1718912571668625,-0.06374571472406387,0.18358834087848663,-0.22133691528623653,-290.03923135120175,0.0,0.0
31.64,1582,0.2509309649467468,0.9680050015449524,0.25364187359809875,-0.48452451825141907,-0.5204614400863647,1.835883617401123,0.42697566747665405,0.9042630791664124,0.4411455988883972,0.17604471743106842,-0.06374187767505646,0.18750374019145966,-0.22698353409828292,-290.26621488530003,0.0,0.0
31.66,1583,0.2413751780986786,0.9704318642616272,0.2437826693058014,-0.49296003580093384,-0.42177698016166687,1.8750371932983398,0.4214937090873718,0.9068313241004944,0.43509188294410706,0.18011854588985443,-0.063600555062294,0.19130919873714447,-0.2325205726540042,-290.498735457954,0.0,0.0
31.68,1584,0.23167037963867188,0.9727943539619446,0.2337944209575653,-0.49941229820251465,-0.3226127326488495,1.9130921363830566,0.41574639081954956,0.9094805717468262,0.42876332998275757,0.18407601118087769,-0.06331375986337662,0.19496889412403107,-0.23789666969641043,-290.7366321276504,0.0,0.0
31.7,1585,0.2218552976846695,0.9750795960426331,0.22371676564216614,-0.5038827061653137,-0.22352008521556854,1.9496890306472778,0.40973538160324097,0.9122044444084167,0.4221639633178711,0.18788008391857147,-0.0628751739859581,0.19844718277454376,-0.24305943015142292,-290.97969155780186,0.0,0.0
31.720000000000002,1586,0.211968794465065,0.9772764444351196,0.21358910202980042,-0.5063837170600891,-0.12505081295967102,1.9844719171524048,0.40346255898475647,0.9149961471557617,0.4152979552745819,0.19149377942085266,-0.062280286103487015,0.2017088532447815,-0.24795615213711342,-291.227647709939,0.0,0.0
31.740000000000002,1587,0.20204466581344604,0.9793763160705566,0.2034451961517334,-0.5071951150894165,-0.040571048855781555,2.0,0.3969299793243408,0.9178488850593567,0.40816962718963623,0.19488531351089478,-0.06152741611003876,0.20472443103790283,-0.2518527595535399,-291.4795004694925,0.0,0.0
31.76,1588,0.1921124905347824,0.9813728928565979,0.19331428408622742,-0.5065456032752991,0.032476186752319336,2.0,0.3901398777961731,0.9207556247711182,0.4007834792137146,0.1980273723602295,-0.06061730533838272,0.20746921002864838,-0.2548553438187448,-291.73435581331125,0.0,0.0
31.78,1589,0.18220210075378418,0.9832611083984375,0.1832255870103836,-0.5044350624084473,0.10552780330181122,2.0,0.3830946385860443,0.9237090945243835,0.3931442201137543,0.20089253783226013,-0.05955200642347336,0.20991863310337067,-0.25755789707286664,-291.9919137103841,0.0,0.0
31.8,1590,0.172343447804451,0.9850369095802307,0.17320822179317474,-0.5008677840232849,0.1783643215894699,2.0,0.37579697370529175,0.9267020225524902,0.3852566182613373,0.20345351099967957,-0.058334894478321075,0.21204839646816254,-0.2599359934726974,-292.2518497038568,0.0,0.0
31.82,1591,0.16256648302078247,0.9866976141929626,0.16329117119312286,-0.4958524703979492,0.2507655918598175,2.0,0.36824968457221985,0.9297269582748413,0.37712568044662476,0.20568318665027618,-0.05697065591812134,0.2138345092535019,-0.26196544088349677,-292.5138151447403,0.0,0.0
31.84,1592,0.15290100872516632,0.9882414937019348,0.15350313484668732,-0.48940223455429077,0.32251161336898804,2.0,0.36045587062835693,0.9327762722969055,0.36875656247138977,0.20755484700202942,-0.05546523630619049,0.21525342762470245,-0.2636225476897949,-292.7774376924301,0.0,0.0
31.86,1593,0.14337661862373352,0.9896681904792786,0.1438724398612976,-0.48153457045555115,0.3933834433555603,2.0,0.35241883993148804,0.9358423948287964,0.36015450954437256,0.20904222130775452,-0.05382581800222397,0.21628206968307495,-0.26488412095921426,-293.0423218133893,0.0,0.0
31.88,1594,0.134022518992424,0.9909783005714417,0.134427011013031,-0.47227129340171814,0.4631641209125519,2.0,0.3441421687602997,0.9389175772666931,0.35132497549057007,0.21011964976787567,-0.05206073448061943,0.21689796447753906,-0.26572749362844933,-293.30804930701777,0.0,0.0
31.900000000000002,1595,0.12486746162176132,0.992173433303833,0.125194251537323,-0.461638480424881,0.5316395163536072,2.0,0.3356296420097351,0.9419940114021301,0.3422735631465912,0.2107621729373932,-0.05017940327525139,0.2170793116092682,-0.2661307293729206,-293.5741800363907,0.0,0.0
31.92,1596,0.11593958735466003,0.9932562708854675,0.11620091646909714,-0.44966650009155273,0.5985990762710571,2.0,0.32688531279563904,0.9450640082359314,0.3330059349536896,0.2109457105398178,-0.04819224774837494,0.21680501103401184,-0.2660726471892871,-293.84025268358,0.0,0.0
31.94,1597,0.10726634413003922,0.994230329990387,0.10747312009334564,-0.4363897740840912,0.6638369560241699,2.0,0.3179134726524353,0.9481196999549866,0.323527991771698,0.21064713597297668,-0.046110592782497406,0.21605485677719116,-0.2655328143695715,-294.10578549794957,0.0,0.0
31.96,1598,0.09887437522411346,0.9950999021530151,0.09903618693351746,-0.4218467175960541,0.7271524667739868,2.0,0.308718740940094,0.9511533975601196,0.313845694065094,0.20984436571598053,-0.04394655302166939,0.21480949223041534,-0.2644918055700201,-294.3702773035196,0.0,0.0
31.98,1599,0.09078940004110336,0.9958701133728027,0.09091459214687347,-0.4060797095298767,0.7883510589599609,2.0,0.29930591583251953,0.9541571736335754,0.30396515130996704,0.20851652324199677,-0.041712913662195206,0.21305055916309357,-0.26293110182092944,-294.6332084053405,0.0,0.0
32.0,1600,0.08303617686033249,0.9965465068817139,0.08313189446926117,-0.38913479447364807,0.8472449779510498,2.0,0.2896801233291626,0.9571235179901123,0.29389262199401855,0.2066439539194107,-0.03942301869392395,0.21076072752475739,-0.2608332550383028,-294.8940416603788,0.0,0.0
32.02,1601,0.07563835382461548,0.99713534116745,0.07571066170930862,-0.3710617125034332,0.9036538600921631,2.0,0.27984675765037537,0.9600446820259094,0.2836344838142395,0.2042083889245987,-0.03709062933921814,0.20792381465435028,-0.25818196014025835,-295.152223620519,0.0,0.0
32.04,1602,0.06861842423677444,0.997642993927002,0.06867238879203796,-0.35191360116004944,0.9574056267738342,2.0,0.2698114216327667,0.9629132151603699,0.2731971740722656,0.20119298994541168,-0.034729793667793274,0.20452478528022766,-0.2549620941235238,-295.40718571464254,0.0,0.0
32.06,1603,0.0619976669549942,0.998076319694519,0.062037453055381775,-0.3317468762397766,1.0083366632461548,2.0,0.2595800459384918,0.965721607208252,0.262587308883667,0.19758237898349762,-0.032354697585105896,0.20054985582828522,-0.2511597218714149,-295.65834543651397,0.0,0.0
32.08,1604,0.05579604208469391,0.9984421730041504,0.05582503229379654,-0.3106210231781006,1.0562926530838013,2.0,0.2491588294506073,0.9684626460075378,0.25181159377098083,0.1933627873659134,-0.029979553073644638,0.1959865689277649,-0.24676227710206666,-295.905107713616,0.0,0.0
32.1,1605,0.050020139664411545,0.9987481832504272,0.05004102364182472,-0.28920045495033264,1.0710281133651733,1.9598655700683594,0.2385542392730713,0.9711291790008545,0.24087683856487274,0.18853409588336945,-0.02761903405189514,0.19083581864833832,-0.24018130363483933,-296.14528901725083,0.0,0.0
32.12,1606,0.04467177763581276,0.9990017414093018,0.04468664899468422,-0.267718642950058,1.0740904808044434,1.9083582162857056,0.22777298092842102,0.973714292049408,0.22978992760181427,0.18310120701789856,-0.025287453085184097,0.18510328233242035,-0.23260849758101534,-296.37789751483183,0.0,0.0
32.14,1607,0.03974965959787369,0.9992096424102783,0.039760131388902664,-0.24632582068443298,1.0696414709091187,1.8510327339172363,0.2168220430612564,0.9762111306190491,0.21855787932872772,0.17707237601280212,-0.022998522967100143,0.17879775166511536,-0.22429301789933087,-296.6021905327312,0.0,0.0
32.160000000000004,1608,0.03524941951036453,0.9993785619735718,0.03525672107934952,-0.2251705825328827,1.0577621459960938,1.7879774570465088,0.20570865273475647,0.9786132574081421,0.20718778669834137,0.17045924067497253,-0.020765267312526703,0.17193107306957245,-0.21526979165900026,-296.8174603243902,0.0,0.0
32.18,1609,0.031163696199655533,0.9995142817497253,0.0311687421053648,-0.2043989896774292,1.0385793447494507,1.7193106412887573,0.1944403052330017,0.9809143543243408,0.19568683207035065,0.16327661275863647,-0.018599940463900566,0.1645180881023407,-0.20557933594751743,-297.0230396603377,0.0,0.0
32.2,1610,0.027482207864522934,0.9996222853660583,0.027485666796565056,-0.1841537207365036,1.0122637748718262,1.6451809406280518,0.18302473425865173,0.9831082820892334,0.18406227231025696,0.1555425226688385,-0.01651398278772831,0.15657660365104675,-0.1952673665231835,-297.2183070268609,0.0,0.0
32.22,1611,0.02419184520840645,0.9997073411941528,0.024194205179810524,-0.16457311809062958,0.9790299534797668,1.5657660961151123,0.17146988213062286,0.9851893782615662,0.17232146859169006,0.1472780406475067,-0.01451797317713499,0.1481272578239441,-0.1843843002487603,-297.40269132710966,0.0,0.0
32.24,1612,0.021276790648698807,0.9997736215591431,0.021278396248817444,-0.14579042792320251,0.9391344785690308,1.481272578239441,0.1597839742898941,0.9871519804000854,0.1604718118906021,0.1385071724653244,-0.012621616944670677,0.13919341564178467,-0.17298475807081332,-297.5756760851805,0.0,0.0
32.26,1613,0.018718644976615906,0.9998247623443604,0.018719738349318504,-0.12793295085430145,0.8928737640380859,1.3919341564178467,0.1479753702878952,0.9889910221099854,0.1485207974910736,0.1292567253112793,-0.010833744890987873,0.12980104982852936,-0.16112688109318282,-297.7368029662737,0.0,0.0
32.28,1614,0.0164965633302927,0.9998639225959778,0.016497312113642693,-0.1111212894320488,0.8405830264091492,1.2980105876922607,0.1360526978969574,0.9907016158103943,0.13647596538066864,0.11955613642930984,-0.00916232168674469,0.1199786588549614,-0.14887180082825802,-297.88567476710193,0.0,0.0
32.3,1615,0.014587421901524067,0.9998936057090759,0.014587939716875553,-0.09546862542629242,0.7826334834098816,1.1997865438461304,0.12402476370334625,0.9922791123390198,0.12434494495391846,0.10943733900785446,-0.00761447474360466,0.10975700616836548,-0.13628290333400417,-298.02195767043594,0.0,0.0
32.32,1616,0.012965976260602474,0.9999159574508667,0.012966339476406574,-0.08108001202344894,0.719430685043335,1.0975700616836548,0.11190052330493927,0.9937193989753723,0.1121353805065155,0.09893454611301422,-0.006196524482220411,0.0991690382361412,-0.12342520604705981,-298.145382876483,0.0,0.0
32.34,1617,0.011605042964220047,0.9999326467514038,0.01160530373454094,-0.0680517852306366,0.6514111161231995,0.9916903972625732,0.09968913346529007,0.9950186610221863,0.09985499083995819,0.08808408677577972,-0.004914027638733387,0.08824968338012695,-0.11036457580038353,-298.25574745228334,0.0,0.0
32.36,1618,0.010475692339241505,0.9999451041221619,0.010475884191691875,-0.056470975279808044,0.5790404677391052,0.8824968934059143,0.08739987760782242,0.9961733222007751,0.08751153200864792,0.07692418247461319,-0.0037718191742897034,0.07703564316034317,-0.09716711422202783,-298.3529145665054,0.0,0.0
32.38,1619,0.009547443129122257,0.9999544024467468,0.009547588415443897,-0.04641477391123772,0.5028101205825806,0.7703564763069153,0.07504218071699142,0.9971803426742554,0.07511279731988907,0.06549473851919174,-0.0027740621007978916,0.06556520611047745,-0.08389843461862029,-298.436813001124,0.0,0.0
32.4,1620,0.008788473904132843,0.9999613761901855,0.008788586594164371,-0.03795008733868599,0.42323431372642517,0.6556521058082581,0.06262560933828354,0.9980370998382568,0.06266661733388901,0.053837135434150696,-0.0019242905545979738,0.05387803167104721,-0.07062300722336601,-298.5074360083474,0.0,0.0
32.42,1621,0.008165832608938217,0.9999666810035706,0.00816592387855053,-0.031133145093917847,0.3408471643924713,0.5387803316116333,0.05015980079770088,0.9987412095069885,0.05018085613846779,0.041993968188762665,-0.0012254540342837572,0.04201493412256241,-0.0574035356979794,-298.56483954404536,0.0,0.0
32.44,1622,0.007645666133612394,0.9999707937240601,0.007645740639418364,-0.026009157299995422,0.25619935989379883,0.4201493263244629,0.03765450045466423,0.9992908239364624,0.037663403898477554,0.0300088319927454,-0.0006799536058679223,0.030017662793397903,-0.04430036999784306,-298.6091399140432,0.0,0.0
32.46,1623,0.007193437311798334,0.9999741315841675,0.007193499244749546,-0.022612061351537704,0.16985483467578888,0.30017662048339844,0.025119516998529434,0.9996844530105591,0.025122158229351044,0.017926078289747238,-0.0002896717342082411,0.017928659915924072,-0.03137096453546911,-298.6405108785787,0.0,0.0
32.480000000000004,1624,0.006774161476641893,0.9999770522117615,0.0067742131650447845,-0.02096431702375412,0.08238717913627625,0.17928658425807953,0.01256471686065197,0.9999210834503174,0.012565047480165958,0.005790555849671364,-5.599427822744474e-05,0.005790834780782461,-0.01866938190543174,-298.65918026048416,0.0,0.0
32.5,1625,0.006352634634822607,0.9999797940254211,0.006352677475661039,-0.021076787263154984,-0.005623472388833761,0.05790834501385689,2.5723772274061606e-15,1.0,2.5723772274061606e-15,-0.006352634634822607,2.0178187696728855e-05,-0.006352677475661039,-0.006245903842018542,-298.66542616432616,0.0,0.0
32.52,1626,0.00589367002248764,0.9999826550483704,0.005893704015761614,-0.022948671132326126,-0.09359420835971832,-0.06352677196264267,-0.01256471686065197,0.9999210834503174,-0.012565047480165958,-0.01845838688313961,-6.157135067041963e-05,-0.01845875196158886,-0.005934060498281565,-298.67136022482447,0.0,0.0
32.54,1627,0.005362327676266432,0.9999856352806091,0.005362353287637234,-0.026567526161670685,-0.18094274401664734,-0.1845875084400177,-0.025119516998529434,0.9996844530105591,-0.025122158229351044,-0.030481845140457153,-0.00030116745620034635,-0.030484512448310852,-0.01826812646678445,-298.6896283512913,0.0,0.0
32.56,1628,0.004724149126559496,0.999988853931427,0.004724166821688414,-0.03190934285521507,-0.26709088683128357,-0.3048451244831085,-0.03765450045466423,0.9992908239364624,-0.037663403898477554,-0.04237864911556244,-0.0006980232428759336,-0.042387571185827255,-0.03077563030422471,-298.7204039815955,0.0,0.0
32.58,1629,0.003945382311940193,0.9999921917915344,0.003945392556488514,-0.03893870487809181,-0.35146811604499817,-0.42387571930885315,-0.05015980079770088,0.9987412095069885,-0.05018085613846779,-0.054105181246995926,-0.0012510119704529643,-0.054126251488924026,-0.043405502551408716,-298.7638094841469,0.0,0.0
32.6,1630,0.002993208123371005,0.9999955296516418,0.0029932125471532345,-0.04760900139808655,-0.433514803647995,-0.5412625074386597,-0.06262560933828354,0.9980370998382568,-0.06266661733388901,-0.06561881303787231,-0.001958430279046297,-0.06565982848405838,-0.05610371942285032,-298.81991320356974,0.0,0.0
32.62,1631,0.001835957053117454,0.9999983310699463,0.0018359581008553505,-0.057862721383571625,-0.5126858949661255,-0.6565982699394226,-0.07504218071699142,0.9971803426742554,-0.07511279731988907,-0.0768781378865242,-0.002817954635247588,-0.07694875448942184,-0.06881378868384116,-298.88872699225357,0.0,0.0
32.64,1632,0.00044332214747555554,0.9999998807907104,0.00044332214747555554,-0.06963180005550385,-0.5884538888931274,-0.7694875597953796,-0.08739987760782242,0.9961733222007751,-0.08751153200864792,-0.08784319460391998,-0.003826592583209276,-0.08795484900474548,-0.08147723043704681,-298.9702042226906,0.0,0.0
32.660000000000004,1633,-0.0012134382268413901,0.9999992847442627,-0.0012134385760873556,-0.0828380361199379,-0.6603119373321533,-0.8795485496520996,-0.09968913346529007,0.9950186610221863,-0.09985499083995819,-0.09847569465637207,-0.0049806321039795876,-0.09864155203104019,-0.09403414981375685,-299.06423837250435,0.0,0.0
32.68,1634,-0.0031613048631697893,0.9999949932098389,-0.0031613102182745934,-0.09739357978105545,-0.727777361869812,-0.9864155054092407,-0.11190052330493927,0.9937193989753723,-0.1121353805065155,-0.1087392196059227,-0.00627558957785368,-0.10897406935691833,-0.10642383644824431,-299.1706622089526,0.0,0.0
32.7,1635,-0.005425313021987677,0.9999852776527405,-0.005425339564681053,-0.11320146173238754,-0.7903939485549927,-1.0897407531738281,-0.12402476370334625,0.9922791123390198,-0.12434494495391846,-0.11859945207834244,-0.007706159725785255,-0.11891960352659225,-0.11858538902605432,-299.28924759797866,0.0,0.0
32.72,1636,-0.00802837684750557,0.9999677538871765,-0.008028462529182434,-0.13015617430210114,-0.8477352261543274,-1.1891961097717285,-0.1360526978969574,0.9907016158103943,-0.13647596538066864,-0.12802432477474213,-0.009266170673072338,-0.1284475028514862,-0.1304583547017719,-299.41970595268043,0.0,0.0
32.74,1637,-0.010991127230226994,0.9999396204948425,-0.010991348884999752,-0.14814430475234985,-0.8994066119194031,-1.2844749689102173,-0.1479753702878952,0.9889910221099854,-0.1485207974910736,-0.13698424398899078,-0.010948549024760723,-0.13752944767475128,-0.14198337747633155,-299.56168933015675,0.0,0.0
32.76,1638,-0.014331763610243797,0.999897301197052,-0.01433225441724062,-0.16704526543617249,-0.9450482130050659,-1.3752944469451904,-0.1597839742898941,0.9871519804000854,-0.1604718118906021,-0.14545220136642456,-0.012745288200676441,-0.14613954722881317,-0.15310289263271193,-299.71479222278947,0.0,0.0
32.78,1639,-0.018065910786390305,0.999836802482605,-0.0180668942630291,-0.1867319941520691,-0.9843365550041199,-1.4613956212997437,-0.17146988213062286,0.9851893782615662,-0.17232146859169006,-0.15340398252010345,-0.014647437259554863,-0.15425457060337067,-0.1637616882215887,-299.87855391101107,0.0,0.0
32.8,1640,-0.02220650389790535,0.9997534155845642,-0.022208329290151596,-0.20707173645496368,-1.0169869661331177,-1.5425457954406738,-0.18302473425865173,0.9831082820892334,-0.18406227231025696,-0.16081823408603668,-0.016645096242427826,-0.16185395419597626,-0.1739076136778163,-300.0524615246889,0.0,0.0
32.82,1641,-0.0267636701464653,0.9996417760848999,-0.026766864582896233,-0.2279268354177475,-1.0427550077438354,-1.6185394525527954,-0.1944403052330017,0.9809143543243408,-0.19568683207035065,-0.167676642537117,-0.018727436661720276,-0.16891996562480927,-0.18349210599442034,-300.23595363068335,0.0,0.0
32.84,1642,-0.03174464404582977,0.9994959831237793,-0.03174997866153717,-0.24915561079978943,-1.061438798904419,-1.689199686050415,-0.20570865273475647,0.9786132574081421,-0.20718778669834137,-0.1739640086889267,-0.020882733166217804,-0.1754378080368042,-0.19247080962691715,-300.42842444031027,0.0,0.0
32.86,1643,-0.037153687328100204,0.9993095397949219,-0.03716224059462547,-0.2706131935119629,-1.0728790760040283,-1.754378080368042,-0.2168220430612564,0.9762111306190491,-0.21855787932872772,-0.1796683520078659,-0.0230984166264534,-0.18139563500881195,-0.20080397015726795,-300.62922841046753,0.0,0.0
32.88,1644,-0.04299203306436539,0.9990754127502441,-0.04300529137253761,-0.29215240478515625,-1.0769610404968262,-1.813956379890442,-0.22777298092842102,0.973714292049408,-0.22978992760181427,-0.18478094041347504,-0.02536115050315857,-0.18678463995456696,-0.20845696715291295,-300.83768537762046,0.0,0.0
32.9,1645,-0.04925784096121788,0.9987860918045044,-0.04927778244018555,-0.31362470984458923,-1.0736151933670044,-1.8678463697433472,-0.2385542392730713,0.9711291790008545,-0.24087683856487274,-0.1892963945865631,-0.0276569202542305,-0.1915990561246872,-0.21540064465292796,-301.05308602227336,0.0,0.0
32.92,1646,-0.05594617873430252,0.9984337687492371,-0.055975403636693954,-0.334881067276001,-1.0628174543380737,-1.9159905910491943,-0.2491588294506073,0.9684626460075378,-0.25181159377098083,-0.19321265816688538,-0.029971150681376457,-0.19583620131015778,-0.2216116311134687,-301.27469765338685,0.0,0.0
32.94,1647,-0.06304901838302612,0.9980104565620422,-0.06309086084365845,-0.35577285289764404,-1.0445894002914429,-1.9583618640899658,-0.2595800459384918,0.965721607208252,-0.262587308883667,-0.1965310275554657,-0.03228883445262909,-0.19949644804000854,-0.22707254433759094,-301.50177019772445,0.0,0.0
32.96,1648,-0.07055524736642838,0.9975078701972961,-0.07061392068862915,-0.37615281343460083,-1.0189987421035767,-1.9949644804000854,-0.2698114216327667,0.9629132151603699,-0.2731971740722656,-0.19925616681575775,-0.034594688564538956,-0.20258325338363647,-0.23177222243595186,-301.7335424201604,0.0,0.0
32.980000000000004,1649,-0.0784430205821991,0.9969186186790466,-0.07852368801832199,-0.3954885005950928,-0.9667840003967285,-2.0,-0.27984675765037537,0.9600446820259094,-0.2836344838142395,-0.20140372216701508,-0.036873914301395416,-0.20511078834533691,-0.23467348527465312,-301.96821590543504,0.0,0.0
33.0,1650,-0.08668772876262665,0.9962355494499207,-0.08679667115211487,-0.4136489927768707,-0.9080246686935425,-2.0,-0.2896801233291626,0.9571235179901123,-0.29389262199401855,-0.20299240946769714,-0.039112020283937454,-0.2070959508419037,-0.23683781503858956,-302.20505372047364,0.0,0.0
33.02,1651,-0.09526364505290985,0.9954521059989929,-0.09540832042694092,-0.4305826723575592,-0.8466832041740417,-2.0,-0.29930591583251953,0.9541571736335754,-0.30396515130996704,-0.20404228568077087,-0.041294876486063004,-0.20855683088302612,-0.23848429995596462,-302.4435380204296,0.0,0.0
33.04,1652,-0.10414397716522217,0.9945622086524963,-0.10433315485715866,-0.44624167680740356,-0.7829508781433105,-2.0,-0.308718740940094,0.9511533975601196,-0.313845694065094,-0.20457476377487183,-0.04340885952115059,-0.20951253175735474,-0.2396319956466431,-302.68317001607625,0.0,0.0
33.06,1653,-0.11330097913742065,0.9935607314109802,-0.11354479938745499,-0.4605822265148163,-0.7170266509056091,-2.0,-0.3179134726524353,0.9481196999549866,-0.323527991771698,-0.20461250841617584,-0.04544098302721977,-0.20998318493366241,-0.24030089411673536,-302.923470910193,0.0,0.0
33.08,1654,-0.12270605564117432,0.9924430847167969,-0.12301608920097351,-0.4735645353794098,-0.6491162180900574,-2.0,-0.32688531279563904,0.9450640082359314,-0.3330059349536896,-0.20417924225330353,-0.047379039227962494,-0.20998984575271606,-0.24051190105350492,-303.16398281124646,0.0,0.0
33.1,1655,-0.13232986629009247,0.9912057518959045,-0.13271915912628174,-0.4851531684398651,-0.5794314742088318,-2.0,-0.3356296420097351,0.9419940114021301,-0.3422735631465912,-0.20329976081848145,-0.04921170324087143,-0.20955440402030945,-0.2402867808658525,-303.4042695921123,0.0,0.0
33.12,1656,-0.1421424299478531,0.9898462295532227,-0.14262549579143524,-0.4953169524669647,-0.5081897377967834,-2.0,-0.3441421687602997,0.9389175772666931,-0.35132497549057007,-0.2019997239112854,-0.05092865973711014,-0.20869949460029602,-0.23964806979295755,-303.6439176619053,0.0,0.0
33.14,1657,-0.15211327373981476,0.9883630871772766,-0.1527060717344284,-0.5040292143821716,-0.43561264872550964,-2.0,-0.35241883993148804,0.9358423948287964,-0.36015450954437256,-0.20030556619167328,-0.05252068489789963,-0.20744843780994415,-0.23861889781539652,-303.8825365597207,0.0,0.0
33.160000000000004,1658,-0.16221150755882263,0.9867560267448425,-0.162931427359581,-0.5112677216529846,-0.36192548274993896,-2.0,-0.36045587062835693,0.9327762722969055,-0.36875656247138977,-0.1982443481683731,-0.05397973954677582,-0.20582512021064758,-0.23722307734949052,-304.11975963707016,0.0,0.0
33.18,1659,-0.17240600287914276,0.9850260019302368,-0.17327173054218292,-0.5170148611068726,-0.28735628724098206,-2.0,-0.36824968457221985,0.9297269582748413,-0.37712568044662476,-0.1958436667919159,-0.05529903620481491,-0.20385396480560303,-0.23548483324007943,-304.35524447031025,0.0,0.0
33.2,1660,-0.18266549706459045,0.9831750988960266,-0.18369688093662262,-0.5212575197219849,-0.21213476359844208,-2.0,-0.37579697370529175,0.9267020225524902,-0.3852566182613373,-0.1931314617395401,-0.05647309496998787,-0.20155973732471466,-0.233428800272392,-304.58867327058266,0.0,0.0
33.22,1661,-0.19295869767665863,0.9812068939208984,-0.19417662918567657,-0.523987352848053,-0.13649146258831024,-2.0,-0.3830946385860443,0.9237090945243835,-0.3931442201137543,-0.19013594090938568,-0.0574977844953537,-0.1989675909280777,-0.23107999055621112,-304.8197532611389,0.0,0.0
33.24,1662,-0.2032514363527298,0.9791265726089478,-0.2046775370836258,-0.52504563331604,-0.052913766354322433,-1.9896758794784546,-0.3901398777961731,0.9207556247711182,-0.4007834792137146,-0.1868884265422821,-0.05837097018957138,-0.19610595703125,-0.2280547821997388,-305.04780804333865,0.0,0.0
33.26,1663,-0.21350444853305817,0.9769420623779297,-0.21516072750091553,-0.52415931224823,0.04431715980172157,-1.961059331893921,-0.3969299793243408,0.9178488850593567,-0.40816962718963623,-0.18342553079128265,-0.05909319967031479,-0.1930088996887207,-0.22408029139987257,-305.27188833473855,0.0,0.0
33.28,1664,-0.22367826104164124,0.9746630191802979,-0.22558672726154327,-0.5213003158569336,0.1429482251405716,-1.930088996887207,-0.40346255898475647,0.9149961471557617,-0.4152979552745819,-0.17978429794311523,-0.05966688692569733,-0.18971121311187744,-0.21983532897302888,-305.4917236637116,0.0,0.0
33.3,1665,-0.23373349010944366,0.9723007082939148,-0.23591576516628265,-0.5164517760276794,0.24242746829986572,-1.897112250328064,-0.40973538160324097,0.9122044444084167,-0.4221639633178711,-0.1760019063949585,-0.06009627878665924,-0.18624819815158844,-0.21537253312761806,-305.7070961968392,0.0,0.0
33.32,1666,-0.2436310201883316,0.969868004322052,-0.24610792100429535,-0.5096077919006348,0.3421996235847473,-1.862481951713562,-0.41574639081954956,0.9094805717468262,-0.42876332998275757,-0.17211537063121796,-0.06038740649819374,-0.18265540897846222,-0.2107444271928046,-305.917840624032,0.0,0.0
33.34,1667,-0.25333231687545776,0.9673793315887451,-0.2561233937740326,-0.5007736086845398,0.441709965467453,-1.8265540599822998,-0.4214937090873718,0.9068313241004944,-0.43509188294410706,-0.16816140711307526,-0.06054799258708954,-0.17896847426891327,-0.20600292885975535,-306.12384355289174,0.0,0.0
33.36,1668,-0.2627996504306793,0.9648504257202148,-0.2659226953983307,-0.48996543884277344,0.5404078960418701,-1.7896848917007446,-0.42697566747665405,0.9042630791664124,-0.4411455988883972,-0.16417603194713593,-0.0605873167514801,-0.17522290349006653,-0.20119889489389944,-306.3250424477856,0.0,0.0
33.38,1669,-0.27199628949165344,0.9622982740402222,-0.2754669189453125,-0.4772104322910309,0.6377504467964172,-1.7522289752960205,-0.43219074606895447,0.901782214641571,-0.4469207227230072,-0.16019445657730103,-0.06051608920097351,-0.1714538037776947,-0.196381745396307,-306.52142419318193,0.0,0.0
33.4,1670,-0.2808866500854492,0.959740936756134,-0.2847178280353546,-0.46254634857177734,0.7332044839859009,-1.7145380973815918,-0.43713751435279846,0.899394690990448,-0.45241352915763855,-0.15625084936618805,-0.06034626439213753,-0.16769568622112274,-0.19159928839334686,-306.71302348157525,0.0,0.0
33.42,1671,-0.2894366681575775,0.9571971893310547,-0.2936382591724396,-0.44602131843566895,0.8262514472007751,-1.6769568920135498,-0.4418147802352905,0.8971062898635864,-0.4576205909252167,-0.15237809717655182,-0.060090869665145874,-0.1639823168516159,-0.186897103818794,-306.89992058539406,0.0,0.0
33.44,1672,-0.2976137399673462,0.9546863436698914,-0.30219215154647827,-0.42769354581832886,0.9163886904716492,-1.6398231983184814,-0.44622138142585754,0.8949226140975952,-0.46253859996795654,-0.14860767126083374,-0.059763770550489426,-0.16034646332263947,-0.18231865335638953,-307.08223923875045,0.0,0.0
33.46,1673,-0.3053869307041168,0.9522283673286438,-0.31034475564956665,-0.40763089060783386,1.0031330585479736,-1.6034646034240723,-0.4503563940525055,0.8928488492965698,-0.46716445684432983,-0.14496946334838867,-0.059379469603300095,-0.15681971609592438,-0.17790483011853392,-307.26014406886895,0.0,0.0
33.480000000000004,1674,-0.31272727251052856,0.9498429894447327,-0.318062961101532,-0.38591042160987854,1.0860228538513184,-1.5681970119476318,-0.45421892404556274,0.8908901214599609,-0.47149527072906494,-0.14149163663387299,-0.05895285680890083,-0.15343230962753296,-0.1736939093167582,-307.4338379781857,0.0,0.0
33.5,1675,-0.31960758566856384,0.9475499987602234,-0.32531532645225525,-0.36261802911758423,1.164620280265808,-1.5343230962753296,-0.45780816674232483,0.8890510201454163,-0.4755282700061798,-0.1382005661725998,-0.058498989790678024,-0.15021292865276337,-0.16972141681791597,-307.60355939500363,0.0,0.0
33.52,1676,-0.3260028064250946,0.9453688263893127,-0.33207228779792786,-0.3378477394580841,1.2385139465332031,-1.5021294355392456,-0.4611234664916992,0.8873359560966492,-0.4792608916759491,-0.1351206749677658,-0.058032821863889694,-0.14718861877918243,-0.16601991754430465,-307.76957931254793,0.0,0.0
33.54,1677,-0.3318898677825928,0.9433181285858154,-0.3383063077926636,-0.31170132756233215,1.307320237159729,-1.471886157989502,-0.46416425704956055,0.8857491612434387,-0.48269081115722656,-0.13227435946464539,-0.0575689896941185,-0.14438451826572418,-0.16261907110520835,-307.93219838365314,0.0,0.0
33.56,1678,-0.33724796772003174,0.9414158463478088,-0.34399205446243286,-0.28428763151168823,1.3706848621368408,-1.4438450336456299,-0.46692997217178345,0.8842942714691162,-0.4858158528804779,-0.1296820193529129,-0.05712156370282173,-0.14182381331920624,-0.15954563550381423,-308.091744019157,0.0,0.0
33.58,1679,-0.34205833077430725,0.9396787285804749,-0.34910649061203003,-0.25572195649147034,1.4282841682434082,-1.4182379245758057,-0.4694202244281769,0.8829748630523682,-0.48863404989242554,-0.12736189365386963,-0.0567038357257843,-0.1395275592803955,-0.15682334135069484,-308.24856736050765,0.0,0.0
33.6,1680,-0.3463045358657837,0.9381221532821655,-0.3536289930343628,-0.22612541913986206,1.4798271656036377,-1.3952754735946655,-0.4716346263885498,0.8817940354347229,-0.4911436140537262,-0.1253301054239273,-0.05632808804512024,-0.1375146210193634,-0.15447297931486764,-308.4030403398225,0.0,0.0
33.62,1681,-0.3499722480773926,0.9367600679397583,-0.3575415015220642,-0.19562429189682007,1.5250557661056519,-1.3751460313796997,-0.47357288002967834,0.8807546496391296,-0.49334296584129333,-0.12360060214996338,-0.05600542202591896,-0.13580147922039032,-0.15251238716218785,-308.5555527269847,0.0,0.0
33.64,1682,-0.35304948687553406,0.9356046319007874,-0.3608284890651703,-0.16434937715530396,1.5637457370758057,-1.358014702796936,-0.47523465752601624,0.8798590898513794,-0.49523070454597473,-0.12218517065048218,-0.05574556067585945,-0.13440223038196564,-0.1509565242149746,-308.70650925119963,0.0,0.0
33.660000000000004,1683,-0.3555263876914978,0.9346662163734436,-0.3634772002696991,-0.13243521749973297,1.5957080125808716,-1.344022274017334,-0.47661980986595154,0.8791095614433289,-0.49680566787719727,-0.12109341472387314,-0.05555671453475952,-0.13332846760749817,-0.14981747627198558,-308.85632672747164,0.0,0.0
33.68,1684,-0.35739538073539734,0.9339531660079956,-0.3654775619506836,-0.10001946240663528,1.6207880973815918,-1.333284854888916,-0.47772809863090515,0.8785077333450317,-0.49806681275367737,-0.1203327402472496,-0.055445440113544464,-0.13258923590183258,-0.1491045769570889,-309.0054313044287,0.0,0.0
33.7,1685,-0.3586510717868805,0.9334716796875,-0.36682242155075073,-0.0672421008348465,1.6388678550720215,-1.3258923292160034,-0.4785594642162323,0.8780551552772522,-0.49901336431503296,-0.11990838497877121,-0.055416546761989594,-0.13219094276428223,-0.14882430163101748,-309.15425560605973,0.0,0.0
33.72,1686,-0.35929030179977417,0.9332258701324463,-0.36750730872154236,-0.03424480929970741,1.649864673614502,-1.3219094276428223,-0.47911372780799866,0.8777528405189514,-0.4996447265148163,-0.11982342600822449,-0.05547301471233368,-0.13213741779327393,-0.14898049759533472,-309.3032361036551,0.0,0.0
33.74,1687,-0.35931214690208435,0.9332174062728882,-0.3675307035446167,-0.001170167699456215,1.6537320613861084,-1.3213741779327393,-0.4793908894062042,0.8776015043258667,-0.4999605119228363,-0.12007874250411987,-0.055615946650505066,-0.1324298083782196,-0.14957430589564885,-309.45281040955075,0.0,0.0
33.76,1688,-0.35871782898902893,0.9334460496902466,-0.3668939471244812,0.031839024275541306,1.6504595279693604,-1.3242979049682617,-0.4793908894062042,0.8776015043258667,-0.4999605119228363,-0.12067306786775589,-0.05584456026554108,-0.1330665796995163,-0.15060422648318833,-309.60341463603396,0.0,0.0
33.78,1689,-0.3575107455253601,0.933908998966217,-0.365601122379303,0.06464048475027084,1.6400730609893799,-1.3306657075881958,-0.47911372780799866,0.8777528405189514,-0.4996447265148163,-0.12160298228263855,-0.05615619197487831,-0.1340436041355133,-0.15206609910713612,-309.7554807351411,0.0,0.0
33.8,1690,-0.35569655895233154,0.9346014857292175,-0.3636592626571655,0.09709317237138748,1.6226344108581543,-1.3404359817504883,-0.4785594642162323,0.8780551552772522,-0.49901336431503296,-0.12286289036273956,-0.056546345353126526,-0.13535410165786743,-0.1539531503016275,-309.9094338854427,0.0,0.0
33.82,1691,-0.35328301787376404,0.9355164766311646,-0.3610781133174896,0.12905798852443695,1.5982407331466675,-1.3535410165786743,-0.47772809863090515,0.8785077333450317,-0.49806681275367737,-0.12444508075714111,-0.05700874701142311,-0.13698869943618774,-0.156255993871544,-310.0656898793142,0.0,0.0
33.84,1692,-0.35028010606765747,0.936644971370697,-0.3578701317310333,0.1603984832763672,1.567024827003479,-1.369887113571167,-0.47661980986595154,0.8791095614433289,-0.49680566787719727,-0.12633968889713287,-0.05753546580672264,-0.13893552124500275,-0.15896258577141983,-310.2246524650856,0.0,0.0
33.86,1693,-0.34669992327690125,0.9379761219024658,-0.35405048727989197,0.19098156690597534,1.5291544198989868,-1.3893553018569946,-0.47523465752601624,0.8798590898513794,-0.49523070454597473,-0.12853474915027618,-0.058117013424634933,-0.14118021726608276,-0.16205824848589281,-310.3867107135715,0.0,0.0
33.88,1694,-0.34255674481391907,0.939497172832489,-0.3496369421482086,0.2206781953573227,1.4848313331604004,-1.411802053451538,-0.47357288002967834,0.8807546496391296,-0.49334296584129333,-0.13101613521575928,-0.058742500841617584,-0.1437060385942459,-0.1655256159634067,-310.55223632953494,0.0,0.0
33.9,1695,-0.33786696195602417,0.9411938786506653,-0.34464967250823975,0.2493640035390854,1.4342905282974243,-1.4370602369308472,-0.4716346263885498,0.8817940354347229,-0.4911436140537262,-0.13376767933368683,-0.059399817138910294,-0.14649397134780884,-0.16934473025468258,-310.7215810597896,0.0,0.0
33.92,1696,-0.3326490819454193,0.9430506825447083,-0.3391112685203552,0.27692002058029175,1.3778003454208374,-1.4649395942687988,-0.4694202244281769,0.8829748630523682,-0.48863404989242554,-0.13677114248275757,-0.0600757971405983,-0.1495228111743927,-0.17349283553008868,-310.89507389531974,0.0,0.0
33.94,1697,-0.3269237279891968,0.9450507164001465,-0.3330465853214264,0.30323320627212524,1.3156602382659912,-1.4952279329299927,-0.46692997217178345,0.8842942714691162,-0.4858158528804779,-0.14000625908374786,-0.060756437480449677,-0.1527692675590515,-0.17794452199369204,-311.07301841731345,0.0,0.0
33.96,1698,-0.32071346044540405,0.9471762776374817,-0.3264826536178589,0.3281972408294678,1.2482006549835205,-1.5276925563812256,-0.46416425704956055,0.8857491612434387,-0.48269081115722656,-0.1434507817029953,-0.06142711266875267,-0.15620817244052887,-0.18267165092174706,-311.2556900682352,0.0,0.0
33.980000000000004,1699,-0.3140428960323334,0.949408769607544,-0.3194483816623688,0.3517128527164459,1.1757807731628418,-1.5620815753936768,-0.4611234664916992,0.8873359560966492,-0.4792608916759491,-0.14708055555820465,-0.06207280606031418,-0.15981251001358032,-0.18764340950038222,-311.44333347773556,0.0,0.0
34.0,1700,-0.3069385290145874,0.9517293572425842,-0.3119746148586273,0.37368860840797424,1.0987876653671265,-1.5981249809265137,-0.45780816674232483,0.8890510201454163,-0.4755282700061798,-0.15086962282657623,-0.06267833709716797,-0.1635536402463913,-0.1928263071525546,-311.6361597848881,0.0,0.0
34.02,1701,-0.29942867159843445,0.9541186690330505,-0.3040938079357147,0.3940412998199463,1.017634630203247,-1.635536551475525,-0.45421892404556274,0.8908901214599609,-0.47149527072906494,-0.1547902375459671,-0.06322858482599258,-0.1674014776945114,-0.19818427272632044,-311.83434405761443,0.0,0.0
34.04,1702,-0.2915433347225189,0.9565576314926147,-0.2958398759365082,0.4126964807510376,0.9327588081359863,-1.6740148067474365,-0.4503563940525055,0.8928488492965698,-0.46716445684432983,-0.15881307423114777,-0.06370874494314194,-0.17132461071014404,-0.20367866076658098,-312.038022718381,0.0,0.0
34.06,1703,-0.28331413865089417,0.9590271711349487,-0.28724807500839233,0.42958885431289673,0.8446195125579834,-1.7132458686828613,-0.44622138142585754,0.8949226140975952,-0.46253859996795654,-0.16290725767612457,-0.06410455703735352,-0.17529051005840302,-0.20926848555656297,-312.24729120393755,0.0,0.0
34.08,1704,-0.2747741639614105,0.9615088105201721,-0.27835482358932495,0.44466277956962585,0.7536953687667847,-1.7529051303863525,-0.4418147802352905,0.8971062898635864,-0.4576205909252167,-0.1670406013727188,-0.0644024908542633,-0.17926575243473053,-0.21491053189614862,-312.4622017358337,0.0,0.0
34.1,1705,-0.2659578025341034,0.9639846682548523,-0.26919737458229065,0.4578724205493927,0.6604829430580139,-1.7926576137542725,-0.43713751435279846,0.899394690990448,-0.45241352915763855,-0.17117971181869507,-0.06458999216556549,-0.1832161396741867,-0.22055941987499364,-312.68276115570865,0.0,0.0
34.12,1706,-0.2569005489349365,0.966437816619873,-0.25981372594833374,0.4691822826862335,0.5654932856559753,-1.8321614265441895,-0.43219074606895447,0.901782214641571,-0.4469207227230072,-0.17529019713401794,-0.06465563178062439,-0.18710698187351227,-0.22616794765741896,-312.90892910336606,0.0,0.0
34.14,1707,-0.24763880670070648,0.9688524007797241,-0.2502423822879791,0.4785672724246979,0.46924903988838196,-1.8710699081420898,-0.42697566747665405,0.9042630791664124,-0.4411455988883972,-0.17933687567710876,-0.06458931416273117,-0.1909032166004181,-0.23168735450289557,-313.140616457869,0.0,0.0
34.160000000000004,1708,-0.2382097691297531,0.9712137579917908,-0.2405221313238144,0.48601290583610535,0.3722822070121765,-1.9090321063995361,-0.4214937090873718,0.9068313241004944,-0.43509188294410706,-0.1832839548587799,-0.0643824115395546,-0.19456973671913147,-0.237067499465834,-313.3776839573348,0.0,0.0
34.18,1709,-0.22865107655525208,0.9735084176063538,-0.2306918203830719,0.49151551723480225,0.2751297354698181,-1.945697546005249,-0.41574639081954956,0.9094805717468262,-0.42876332998275757,-0.18709531426429749,-0.06402785331010818,-0.19807150959968567,-0.24225744668034477,-313.61994140401515,0.0,0.0
34.2,1710,-0.2190006971359253,0.9757246971130371,-0.22079017758369446,0.49508213996887207,0.1783321499824524,-1.980715036392212,-0.40973538160324097,0.9122044444084167,-0.4221639633178711,-0.19073469936847687,-0.06352028250694275,-0.20137378573417664,-0.2472054711725529,-313.8671468751877,0.0,0.0
34.22,1711,-0.20929256081581116,0.9778530597686768,-0.21085144579410553,0.4969367980957031,0.09273199737071991,-2.0,-0.40346255898475647,0.9149961471557617,-0.4152979552745819,-0.1941700130701065,-0.06285692006349564,-0.20444650948047638,-0.2513125187316923,-314.1184593939194,0.0,0.0
34.24,1712,-0.199555441737175,0.979886531829834,-0.2009042203426361,0.4973614811897278,0.02123490534722805,-2.0,-0.3969299793243408,0.9178488850593567,-0.40816962718963623,-0.19737455248832703,-0.062037646770477295,-0.20726540684700012,-0.2543937405333279,-314.3728531344527,0.0,0.0
34.26,1713,-0.1898183673620224,0.981819212436676,-0.19097715616226196,0.49635306000709534,-0.050421904772520065,-2.0,-0.3901398777961731,0.9207556247711182,-0.4007834792137146,-0.2003214955329895,-0.06106361746788025,-0.20980633795261383,-0.2571924735311522,-314.6300456079839,0.0,0.0
34.28,1714,-0.1801106184720993,0.9836463332176208,-0.18109890818595886,0.49391257762908936,-0.12202455848455429,-2.0,-0.3830946385860443,0.9237090945243835,-0.3931442201137543,-0.2029840350151062,-0.05993726849555969,-0.2120453119277954,-0.25968457681596047,-314.8897301847999,0.0,0.0
34.300000000000004,1715,-0.1704614907503128,0.9853643178939819,-0.17129799723625183,0.4900453984737396,-0.19335788488388062,-2.0,-0.37579697370529175,0.9267020225524902,-0.3852566182613373,-0.20533546805381775,-0.05866231396794319,-0.21395862102508545,-0.2618462258232394,-315.15157641062314,0.0,0.0
34.32,1716,-0.1609002947807312,0.9869706630706787,-0.16160276532173157,0.4847612679004669,-0.26420629024505615,-2.0,-0.36824968457221985,0.9297269582748413,-0.37712568044662476,-0.20734937489032745,-0.05724372714757919,-0.2155229151248932,-0.2636538495608439,-315.415230260184,0.0,0.0
34.34,1717,-0.15145617723464966,0.9884639978408813,-0.15204128623008728,0.47807419300079346,-0.33435460925102234,-2.0,-0.36045587062835693,0.9327762722969055,-0.36875656247138977,-0.20899967849254608,-0.05568769946694374,-0.2167152762413025,-0.2650843954948373,-315.68031465567884,0.0,0.0
34.36,1718,-0.14215801656246185,0.9898439645767212,-0.14264123141765594,0.4700024127960205,-0.4035889208316803,-2.0,-0.35241883993148804,0.9358423948287964,-0.36015450954437256,-0.21026082336902618,-0.054001595824956894,-0.2175132781267166,-0.26611532570280577,-315.94642998138164,0.0,0.0
34.38,1719,-0.13303430378437042,0.9911114573478699,-0.1334298700094223,0.46056845784187317,-0.47169744968414307,-2.0,-0.3441421687602997,0.9389175772666931,-0.35132497549057007,-0.21110786497592926,-0.05219388008117676,-0.21789512038230896,-0.26672464197502616,-316.2131546233567,0.0,0.0
34.4,1720,-0.12411301583051682,0.9922680854797363,-0.12443388998508453,0.4497990310192108,-0.5384714603424072,-2.0,-0.3356296420097351,0.9419940114021301,-0.3422735631465912,-0.2115166187286377,-0.05027405917644501,-0.21783967316150665,-0.26689108853677596,-316.48004571189347,0.0,0.0
34.42,1721,-0.11542156338691711,0.9933165907859802,-0.11567939072847366,0.43772491812705994,-0.6037059426307678,-2.0,-0.32688531279563904,0.9450640082359314,-0.3330059349536896,-0.21146373450756073,-0.04825257882475853,-0.2173265516757965,-0.2665941744330761,-316.74663988632653,0.0,0.0
34.44,1722,-0.10698661208152771,0.9942604899406433,-0.1071917712688446,0.424380898475647,-0.66720050573349,-2.0,-0.3179134726524353,0.9481196999549866,-0.323527991771698,-0.2109268605709076,-0.04614073410630226,-0.2163362056016922,-0.26581416426687215,-317.0124540505934,0.0,0.0
34.46,1723,-0.09883403778076172,0.9951039552688599,-0.09899565577507019,0.40980568528175354,-0.7287602424621582,-2.0,-0.308718740940094,0.9511533975601196,-0.313845694065094,-0.20988470315933228,-0.043950557708740234,-0.2148500233888626,-0.2645323350059788,-317.2769863855994,0.0,0.0
34.480000000000004,1724,-0.09098879992961884,0.9958519339561462,-0.0911148190498352,0.3940417766571045,-0.7881962656974792,-2.0,-0.29930591583251953,0.9541571736335754,-0.30396515130996704,-0.2083171159029007,-0.04169471561908722,-0.21285033226013184,-0.2627308727169951,-317.5397172583164,0.0,0.0
34.5,1725,-0.08347486704587936,0.9965099096298218,-0.08357211947441101,0.3771352469921112,-0.8453264236450195,-2.0,-0.2896801233291626,0.9571235179901123,-0.29389262199401855,-0.20620526373386383,-0.03938636928796768,-0.21032050251960754,-0.26039303479863785,-317.80011029311504,0.0,0.0
34.52,1726,-0.07631512731313705,0.9970837235450745,-0.07638940215110779,0.3591357171535492,-0.8999762535095215,-2.0,-0.27984675765037537,0.9600446820259094,-0.2836344838142395,-0.20353162288665771,-0.03703906387090683,-0.20724506676197052,-0.25750321982845764,-318.0576135129435,0.0,0.0
34.54,1727,-0.06953132897615433,0.9975797533988953,-0.06958747655153275,0.3400961458683014,-0.9519790410995483,-2.0,-0.2698114216327667,0.9629132151603699,-0.2731971740722656,-0.2002800852060318,-0.03466658294200897,-0.20360969007015228,-0.25404700438865185,-318.31166051733214,0.0,0.0
34.56,1728,-0.06314399093389511,0.9980044364929199,-0.06318602710962296,0.32007259130477905,-1.0011768341064453,-2.0,-0.2595800459384918,0.965721607208252,-0.262587308883667,-0.1964360475540161,-0.03228282928466797,-0.19940128922462463,-0.25001114665198343,-318.5616716639841,0.0,0.0
34.58,1729,-0.0571705587208271,0.9983644485473633,-0.057201746851205826,0.2992140054702759,-1.0429303646087646,-1.9940128326416016,-0.2491588294506073,0.9684626460075378,-0.25181159377098083,-0.1919882744550705,-0.029901791363954544,-0.1946098506450653,-0.24514643235019642,-318.80681809633427,0.0,0.0
34.6,1730,-0.051614586263895035,0.9986670613288879,-0.05163753405213356,0.27821075916290283,-1.0501619577407837,-1.9460984468460083,-0.2385542392730713,0.9711291790008545,-0.24087683856487274,-0.18693965673446655,-0.027537904679775238,-0.18923930823802948,-0.23804705346385516,-319.0448651497981,0.0,0.0
34.62,1731,-0.04647655785083771,0.9989193677902222,-0.04649330675601959,0.257211297750473,-1.0499733686447144,-1.8923931121826172,-0.22777298092842102,0.973714292049408,-0.22978992760181427,-0.1812964230775833,-0.025205116719007492,-0.18329662084579468,-0.23019504666295232,-319.2750601964611,0.0,0.0
34.64,1732,-0.04175390675663948,0.9991279244422913,-0.04176604747772217,0.23636290431022644,-1.0424188375473022,-1.8329662084579468,-0.2168220430612564,0.9762111306190491,-0.21855787932872772,-0.17506812512874603,-0.022916778922080994,-0.17679183185100555,-0.2216215301097016,-319.4966817265708,0.0,0.0
34.660000000000004,1733,-0.03744107484817505,0.9992988109588623,-0.037449829280376434,0.21581095457077026,-1.0275980234146118,-1.767918348312378,-0.20570865273475647,0.9786132574081421,-0.20718778669834137,-0.16826757788658142,-0.020685557276010513,-0.16973796486854553,-0.21236340102964443,-319.7090451276004,0.0,0.0
34.68,1734,-0.03352958709001541,0.9994377493858337,-0.03353587165474892,0.1956978589296341,-1.0056548118591309,-1.6973795890808105,-0.1944403052330017,0.9809143543243408,-0.19568683207035065,-0.1609107255935669,-0.01852337270975113,-0.16215096414089203,-0.2024628881025264,-319.9115080157029,0.0,0.0
34.7,1735,-0.030008120462298393,0.9995496273040771,-0.030012626200914383,0.17616231739521027,-0.9767769575119019,-1.6215095520019531,-0.18302473425865173,0.9831082820892334,-0.18406227231025696,-0.1530166119337082,-0.01644134521484375,-0.15404964983463287,-0.19196713933348777,-320.1034751550364,0.0,0.0
34.72,1736,-0.026862625032663345,0.9996391534805298,-0.02686585672199726,0.1573384404182434,-0.941193699836731,-1.5404964685440063,-0.17146988213062286,0.9851893782615662,-0.17232146859169006,-0.14460726082324982,-0.014449773356318474,-0.14545559883117676,-0.18092770813788647,-320.28440286317425,0.0,0.0
34.74,1737,-0.0240764319896698,0.9997101426124573,-0.02407875843346119,0.13935492932796478,-0.8991755247116089,-1.4545561075210571,-0.1597839742898941,0.9871519804000854,-0.1604718118906021,-0.1357075423002243,-0.01255811471492052,-0.13639304041862488,-0.16940004437462047,-320.4538029075489,0.0,0.0
34.76,1738,-0.021630385890603065,0.9997660517692566,-0.02163207344710827,0.1223343014717102,-0.8510313630104065,-1.363930583000183,-0.1479753702878952,0.9889910221099854,-0.1485207974910736,-0.1263449788093567,-0.010774989612400532,-0.1268887221813202,-0.1574428038301027,-320.611245711379,0.0,0.0
34.78,1739,-0.019502993673086166,0.9998098015785217,-0.019504230469465256,0.10639215260744095,-0.7971073985099792,-1.2688872814178467,-0.1360526978969574,0.9907016158103943,-0.13647596538066864,-0.11654970794916153,-0.009108197875320911,-0.11697173863649368,-0.1451173160577339,-320.75636302743675,0.0,0.0
34.800000000000004,1740,-0.017670581117272377,0.9998438358306885,-0.017671501263976097,0.09163646399974823,-0.7377844452857971,-1.1697173118591309,-0.12402476370334625,0.9922791123390198,-0.12434494495391846,-0.10635417699813843,-0.007564739789813757,-0.10667344182729721,-0.13248685175031494,-320.8888498791871,0.0,0.0
34.82,1741,-0.01610746420919895,0.999870240688324,-0.016108160838484764,0.07816694676876068,-0.6734759211540222,-1.0667344331741333,-0.11190052330493927,0.9937193989753723,-0.1121353805065155,-0.09579306095838547,-0.0061508528888225555,-0.09602721780538559,-0.11961600710099721,-321.0084658862881,0.0,0.0
34.84,1742,-0.014786133542656898,0.9998906850814819,-0.0147866727784276,0.06607445329427719,-0.6046247482299805,-0.9602721929550171,-0.09968913346529007,0.9950186610221863,-0.09985499083995819,-0.08490299433469772,-0.00487204734236002,-0.08506831526756287,-0.10656993473910592,-321.1150358210272,0.0,0.0
34.86,1743,-0.013677437789738178,0.9999064803123474,-0.013677864335477352,0.05544042959809303,-0.5317012071609497,-0.8506832122802734,-0.08739987760782242,0.9961733222007751,-0.08751153200864792,-0.07372243702411652,-0.0037331501953303814,-0.07383366674184799,-0.09341374565525035,-321.2084495666825,0.0,0.0
34.88,1744,-0.012750789523124695,0.9999186992645264,-0.012751135043799877,0.04633643478155136,-0.4551997780799866,-0.7383366823196411,-0.07504218071699142,0.9971803426742554,-0.07511279731988907,-0.06229139491915703,-0.002738345181569457,-0.06236165761947632,-0.08021180724639498,-321.28866137392885,0.0,0.0
34.9,1745,-0.011974374763667583,0.9999282956123352,-0.01197466067969799,0.03882370889186859,-0.37563616037368774,-0.623616635799408,-0.06262560933828354,0.9980370998382568,-0.06266661733388901,-0.05065123364329338,-0.0018912145169451833,-0.05069195479154587,-0.0670271131162126,-321.3556884870451,0.0,0.0
34.92,1746,-0.011315363459289074,0.9999359846115112,-0.0113156046718359,0.03295282647013664,-0.29354408383369446,-0.5069195628166199,-0.05015980079770088,0.9987412095069885,-0.05018085613846779,-0.03884443640708923,-0.0011947742896154523,-0.03886525332927704,-0.053920687234355176,-321.40960917427947,0.0,0.0
34.94,1747,-0.010740130208432674,0.9999423027038574,-0.010740336962044239,0.028763381764292717,-0.20947232842445374,-0.388652503490448,-0.03765450045466423,0.9992908239364624,-0.037663403898477554,-0.02691436931490898,-0.0006515052518807352,-0.02692306600511074,-0.040951027027136315,-321.4505602013066,0.0,0.0
34.96,1748,-0.010214484296739101,0.9999478459358215,-0.010214661248028278,0.026283759623765945,-0.12398111820220947,-0.2692306637763977,-0.025119516998529434,0.9996844530105591,-0.025122158229351044,-0.014905032701790333,-0.00026337563758715987,-0.014907496981322765,-0.02817359372612485,-321.4787337950327,0.0,0.0
34.980000000000004,1749,-0.00970388948917389,0.9999529123306274,-0.009704042226076126,0.02553098276257515,-0.03763879835605621,-0.1490749716758728,-0.01256471686065197,0.9999210834503174,-0.012565047480165958,-0.0028608273714780807,-3.185532841598615e-05,-0.0028610057197511196,-0.01564034963815155,-321.49437414467087,0.0,0.0
35.0,1750,-0.009173701517283916,0.9999579191207886,-0.009173830039799213,0.026510611176490784,0.04898141697049141,-0.028610054403543472,-8.572527703398379e-16,1.0,-8.572527703398379e-16,0.009173701517283916,4.207928213872947e-05,0.009173830039799213,-0.003399403020606255,-321.49777354769145,0.0,0.0
35.02,1751,-0.008589389733970165,0.999963104724884,-0.008589495904743671,0.029216712340712547,0.13530507683753967,0.09173829853534698,0.01256471686065197,0.9999210834503174,0.012565047480165958,0.02115410752594471,-4.204968354315497e-05,0.02115454338490963,-0.00867365470034931,-321.5064472023918,0.0,0.0
35.04,1752,-0.007916774600744247,0.9999686479568481,-0.007916857488453388,0.033631909638643265,0.22075988352298737,0.2115454375743866,0.025119516998529434,0.9996844530105591,0.025122158229351044,0.03303629159927368,-0.000284206704236567,0.03303901478648186,-0.02092941950012288,-321.52737662189196,0.0,0.0
35.06,1753,-0.007122247479856014,0.9999746084213257,-0.007122307550162077,0.03972749412059784,0.3047790825366974,0.33039015531539917,0.03765450045466423,0.9992908239364624,0.037663403898477554,0.04477674514055252,-0.0006838185945525765,0.04478571191430092,-0.033336042254293576,-321.56071266414625,0.0,0.0
35.08,1754,-0.0061729964800179005,0.9999809265136719,-0.006173035595566034,0.047463592141866684,0.38680499792099,0.4478571116924286,0.05015980079770088,0.9987412095069885,0.05018085613846779,0.056332796812057495,-0.0012397419195622206,0.056353893131017685,-0.04584219946881131,-321.6065548636151,0.0,0.0
35.1,1755,-0.005037225782871246,0.9999873042106628,-0.005037246737629175,0.05678943544626236,0.4662921130657196,0.5635389089584351,0.06262560933828354,0.9980370998382568,0.06266661733388901,0.06766283512115479,-0.0019502229988574982,0.06770386546850204,-0.05839386418390289,-321.664948727799,0.0,0.0
35.12,1756,-0.0036843656562268734,0.9999932050704956,-0.003684374038130045,0.0676436498761177,0.5427107810974121,0.6770386695861816,0.07504218071699142,0.9971803426742554,0.07511279731988907,0.07872655242681503,-0.002812852617353201,0.07879716902971268,-0.07093480449325197,-321.7358835322923,0.0,0.0
35.14,1757,-0.0020852794405072927,0.9999978542327881,-0.0020852810703217983,0.07995464652776718,0.6155498623847961,0.7879717350006104,0.08739987760782242,0.9961733222007751,0.08751153200864792,0.08948515355587006,-0.0038245166651904583,0.08959680795669556,-0.08340707248725886,-321.81929060477955,0.0,0.0
35.160000000000004,1758,-0.00021245992684271187,1.0,-0.00021245992684271187,0.09364105015993118,0.6843202710151672,0.8959681391716003,0.09968913346529007,0.9950186610221863,0.09985499083995819,0.09990158677101135,-0.00498134596273303,0.10006745159626007,-0.09575158082770494,-321.91504218560726,0.0,0.0
35.18,1759,0.0019597827922552824,0.9999980926513672,0.0019597841892391443,0.10861220210790634,0.7485575079917908,1.0006744861602783,0.11190052330493927,0.9937193989753723,0.1121353805065155,0.10994073748588562,-0.006278666201978922,0.11017559468746185,-0.10790870141037907,-322.02295088701766,0.0,0.0
35.2,1760,0.004455143585801125,0.9999900460243225,0.004455158021301031,0.1247687041759491,0.8078249096870422,1.101755976676941,0.12402476370334625,0.9922791123390198,0.12434494495391846,0.11956961452960968,-0.007710952311754227,0.11988978832960129,-0.11981888439160662,-322.1427697714093,0.0,0.0
35.22,1761,0.0072951540350914,0.9999734163284302,0.007295218296349049,0.14200301468372345,0.8617158532142639,1.1988978385925293,0.1360526978969574,0.9907016158103943,0.13647596538066864,0.1287575513124466,-0.009271789342164993,0.12918074429035187,-0.13142328741949605,-322.2741930588288,0.0,0.0
35.24,1762,0.010499028488993645,0.9999448657035828,0.01049922127276659,0.16020014882087708,0.909856379032135,1.2918074131011963,0.1479753702878952,0.9889910221099854,0.1485207974910736,0.1374763399362564,-0.01095383707433939,0.1380215734243393,-0.14266440930754254,-322.41685746813636,0.0,0.0
35.26,1763,0.01408352144062519,0.9999008178710938,0.014083987101912498,0.17923830449581146,0.9519076943397522,1.3802157640457153,0.1597839742898941,0.9871519804000854,0.1604718118906021,0.14570043981075287,-0.012748816050589085,0.14638781547546387,-0.15348676550895535,-322.5703442336453,0.0,0.0
35.28,1764,0.01806279830634594,0.9998368620872498,0.018063779920339584,0.1989896595478058,0.9875677227973938,1.4638782739639282,0.17146988213062286,0.9851893782615662,0.17232146859169006,0.15340709686279297,-0.01464749313890934,0.15425768494606018,-0.16383742649953245,-322.7341816601448,0.0,0.0
35.300000000000004,1765,0.02244831807911396,0.9997479915618896,0.022450203076004982,0.2193211317062378,1.0165735483169556,1.5425769090652466,0.18302473425865173,0.9831082820892334,0.18406227231025696,0.16057641804218292,-0.016639694571495056,0.16161207854747772,-0.17366669987295896,-322.9078483600178,0.0,0.0
35.32,1766,0.02724873274564743,0.9996286630630493,0.027252105996012688,0.24009516835212708,1.0387024879455566,1.61612069606781,0.1944403052330017,0.9809143543243408,0.19568683207035065,0.16719156503677368,-0.018714331090450287,0.1684347242116928,-0.18292862670427162,-323.09077698672206,0.0,0.0
35.34,1767,0.03246981278061867,0.9994727373123169,0.03247551992535591,0.2611706554889679,1.053774356842041,1.6843472719192505,0.20570865273475647,0.9786132574081421,0.20718778669834137,0.1732388436794281,-0.020859437063336372,0.17471227049827576,-0.1915815690726277,-323.2823585557947,0.0,0.0
35.36,1768,0.038114357739686966,0.9992733597755432,0.03812359273433685,0.2824036777019501,1.0616514682769775,1.7471226453781128,0.2168220430612564,0.9762111306190491,0.21855787932872772,0.17870767414569855,-0.023062236607074738,0.18043428659439087,-0.19958856934498667,-323.4819471251397,0.0,0.0
35.38,1769,0.044182177633047104,0.9990234971046448,0.044196564704179764,0.3036485016345978,1.0622406005859375,1.8043428659439087,0.22777298092842102,0.973714292049408,0.22978992760181427,0.18359079957008362,-0.025309225544333458,0.1855933666229248,-0.20691784718339834,-323.6888649723231,0.0,0.0
35.4,1770,0.05067002400755882,0.9987154603004456,0.05069173127412796,0.3247583508491516,1.0554929971694946,1.855933666229248,0.2385542392730713,0.9711291790008545,0.24087683856487274,0.18788421154022217,-0.027586273849010468,0.19018509984016418,-0.2135430934632433,-323.9024080657863,0.0,0.0
35.42,1771,0.05757160857319832,0.9983413815498352,0.05760345980525017,0.34558647871017456,1.041405200958252,1.9018510580062866,0.2491588294506073,0.9684626460075378,0.25181159377098083,0.19158722460269928,-0.02987874485552311,0.19420814514160156,-0.21944375351599366,-324.12185181930226,0.0,0.0
35.44,1772,0.06487759947776794,0.997893214225769,0.06492319703102112,0.36598682403564453,1.0200183391571045,1.942081332206726,0.2595800459384918,0.965721607208252,0.262587308883667,0.19470244646072388,-0.03217163309454918,0.19766411185264587,-0.22460519598004547,-324.3464570152823,0.0,0.0
35.46,1773,0.0725756362080574,0.9973629117012024,0.07263950258493423,0.38581523299217224,0.9914194345474243,1.9766411781311035,0.2698114216327667,0.9629132151603699,0.2731971740722656,0.19723577797412872,-0.03444972634315491,0.200557678937912,-0.22901890865732777,-324.5754759239396,0.0,0.0
35.480000000000004,1774,0.0806487426161766,0.9967426061630249,0.0807364284992218,0.4048463702201843,0.9515566825866699,2.0,0.27984675765037537,0.9600446820259094,0.2836344838142395,0.19919800758361816,-0.03669789806008339,0.2028980404138565,-0.23246074556169802,-324.8079366695013,0.0,0.0
35.5,1775,0.08907173573970795,0.9960252046585083,0.08918993175029755,0.4226752519607544,0.8914451003074646,2.0,0.2896801233291626,0.9571235179901123,0.29389262199401855,0.20060840249061584,-0.03890170156955719,0.204702690243721,-0.23444455012914858,-325.04238121963044,0.0,0.0
35.52,1776,0.0978182926774025,0.9952042698860168,0.09797496348619461,0.4392513334751129,0.8288044333457947,2.0,0.29930591583251953,0.9541571736335754,0.30396515130996704,0.20148763060569763,-0.04104709252715111,0.20599019527435303,-0.23591766137066864,-325.2782988810011,0.0,0.0
35.54,1777,0.10686108469963074,0.9942739605903625,0.10706552118062973,0.45452794432640076,0.7638300061225891,2.0,0.308718740940094,0.9511533975601196,0.313845694065094,0.20185765624046326,-0.04312058910727501,0.20678016543388367,-0.2368996317481265,-325.51519851274924,0.0,0.0
35.56,1778,0.11617185920476913,0.9932291507720947,0.11643476784229279,0.46846243739128113,0.6967247724533081,2.0,0.3179134726524353,0.9481196999549866,0.323527991771698,0.20174162089824677,-0.045109398663043976,0.20709320902824402,-0.23741092566488434,-325.75260943841414,0.0,0.0
35.58,1779,0.1257215291261673,0.9920655488967896,0.12605509161949158,0.4810163974761963,0.6276981830596924,2.0,0.32688531279563904,0.9450640082359314,0.3330059349536896,0.20116376876831055,-0.04700155183672905,0.206950843334198,-0.2374728952573881,-325.9900823336715,0.0,0.0
35.6,1780,0.13548029959201813,0.9907800555229187,0.13589821755886078,0.4921557307243347,0.5569657683372498,2.0,0.3356296420097351,0.9419940114021301,0.3422735631465912,0.20014934241771698,-0.04878601059317589,0.2063753455877304,-0.23710772402854993,-326.22719005770006,0.0,0.0
35.62,1781,0.14541777968406677,0.9893703460693359,0.14593522250652313,0.5018506646156311,0.48474788665771484,2.0,0.3441421687602997,0.9389175772666931,0.35132497549057007,0.1987243890762329,-0.050452787429094315,0.20538975298404694,-0.23633833865460466,-326.46352839635466,0.0,0.0
35.64,1782,0.15550312399864197,0.9878354072570801,0.15613675117492676,0.5100760459899902,0.41126930713653564,2.0,0.35241883993148804,0.9358423948287964,0.36015450954437256,0.19691571593284607,-0.05199301987886429,0.204017773270607,-0.23518822970828074,-326.69871662606295,0.0,0.0
35.660000000000004,1783,0.1657051146030426,0.9861753582954407,0.16647297143936157,0.5168112516403198,0.33675795793533325,2.0,0.36045587062835693,0.9327762722969055,0.36875656247138977,0.19475074112415314,-0.05339907482266426,0.2022835910320282,-0.23368153928680152,-326.93239816534975,0.0,0.0
35.68,1784,0.17599235475063324,0.9843915104866028,0.1769137680530548,0.5220401287078857,0.26144418120384216,2.0,0.36824968457221985,0.9297269582748413,0.37712568044662476,0.19225731492042542,-0.05466459318995476,0.20021191239356995,-0.23184279006675343,-327.1642409554165,0.0,0.0
35.7,1785,0.18633334338665009,0.9824866056442261,0.1874288022518158,0.5257512927055359,0.1855597048997879,2.0,0.37579697370529175,0.9267020225524902,0.3852566182613373,0.18946361541748047,-0.05578455701470375,0.19782781600952148,-0.2296968820122545,-327.3939378374288,0.0,0.0
35.72,1786,0.19669021666049957,0.9804657101631165,0.19798104465007782,0.5276122093200684,0.09304540604352951,1.9782781600952148,0.3830946385860443,0.9237090945243835,0.3931442201137543,0.18640443682670593,-0.05675658956170082,0.19516317546367645,-0.2264114219321895,-327.620349259361,0.0,0.0
35.74,1787,0.20702393352985382,0.9783358573913574,0.20853200554847717,0.5275480151176453,-0.00320988055318594,1.951631784439087,0.3901398777961731,0.9207556247711182,0.4007834792137146,0.18311594426631927,-0.05758027359843254,0.19225148856639862,-0.22270088309393246,-327.8430501424549,0.0,0.0
35.76,1788,0.21729514002799988,0.9761059284210205,0.21904253959655762,0.5255265235900879,-0.10107553750276566,1.922514796257019,0.3969299793243408,0.9178488850593567,0.40816962718963623,0.17963485419750214,-0.05825705826282501,0.1891270875930786,-0.21870157647925895,-328.06175171893415,0.0,0.0
35.78,1789,0.22746442258358002,0.9737864136695862,0.2294730544090271,0.5215264558792114,-0.200002983212471,1.8912709951400757,0.40346255898475647,0.9149961471557617,0.4152979552745819,0.17599813640117645,-0.058790240436792374,0.18582488596439362,-0.21446562326210666,-328.2762173421963,0.0,0.0
35.800000000000004,1790,0.237492635846138,0.9713893532752991,0.23978380858898163,0.5155376195907593,-0.29944008588790894,1.8582489490509033,0.40973538160324097,0.9122044444084167,0.4221639633178711,0.17224276065826416,-0.05918491631746292,0.18238015472888947,-0.21004503181235915,-328.4862623740086,0.0,0.0
35.82,1791,0.24734100699424744,0.9689285159111023,0.24993503093719482,0.5075609683990479,-0.39883357286453247,1.8238015174865723,0.41574639081954956,0.9094805717468262,0.42876332998275757,0.16840538382530212,-0.05944790691137314,0.17882829904556274,-0.20549144810002934,-328.69175382210864,0.0,0.0
35.84,1792,0.256971538066864,0.966418981552124,0.2598871886730194,0.4976083040237427,-0.49763280153274536,1.7882829904556274,0.4214937090873718,0.9068313241004944,0.43509188294410706,0.164522185921669,-0.05958765000104904,0.17520467936992645,-0.20085568933278114,-328.89260951144144,0.0,0.0
35.86,1793,0.26634711027145386,0.9638772010803223,0.2696012556552887,0.4857024550437927,-0.5952932834625244,1.752046823501587,0.42697566747665405,0.9042630791664124,0.4411455988883972,0.1606285721063614,-0.059614069759845734,0.17154435813426971,-0.19618731477212623,-329.0887968262136,0.0,0.0
35.88,1794,0.275431752204895,0.9613206386566162,0.27903878688812256,0.4718768298625946,-0.6912800669670105,1.71544349193573,0.43219074606895447,0.901782214641571,0.4469207227230072,0.15675899386405945,-0.05953841656446457,0.16788192093372345,-0.19153427691510497,-329.2803311031287,0.0,0.0
35.9,1795,0.2841907739639282,0.9587677717208862,0.2881622910499573,0.45617544651031494,-0.7850698828697205,1.6788194179534912,0.43713751435279846,0.899394690990448,0.45241352915763855,0.15294674038887024,-0.059373073279857635,0.16425123810768127,-0.18694277256114844,-329.46727387568984,0.0,0.0
35.92,1796,0.29259103536605835,0.9562376737594604,0.2969353497028351,0.4386523365974426,-0.8761559128761292,1.642512321472168,0.4418147802352905,0.8971062898635864,0.4576205909252167,0.14922372996807098,-0.05913137272000313,0.1606852412223816,-0.18245665571168407,-329.64973053140153,0.0,0.0
35.94,1797,0.3006010353565216,0.95374995470047,0.3053227663040161,0.4193713665008545,-0.9640486836433411,1.6068525314331055,0.44622138142585754,0.8949226140975952,0.46253859996795654,0.14562036097049713,-0.05882737413048744,0.15721583366394043,-0.1781175718469587,-329.82784810324847,0.0,0.0
35.96,1798,0.3081910014152527,0.9513245224952698,0.31329089403152466,0.3984057605266571,-1.0482797622680664,1.5721583366394043,0.4503563940525055,0.8928488492965698,0.46716445684432983,0.142165407538414,-0.05847562849521637,0.15387359261512756,-0.17396453398260947,-330.00181263723107,0.0,0.0
35.980000000000004,1799,0.3153330981731415,0.9489810466766357,0.32080763578414917,0.37583768367767334,-1.128403663635254,1.5387357473373413,0.45421892404556274,0.8908901214599609,0.47149527072906494,0.13888581097126007,-0.058090947568416595,0.15068763494491577,-0.17003389602737978,-330.1718465332585,0.0,0.0
36.0,1800,0.32200145721435547,0.9467391967773438,0.3278428018093109,0.351757675409317,-1.2039998769760132,1.5068763494491577,0.45780816674232483,0.8890510201454163,0.4755282700061798,0.13580669462680817,-0.057688165456056595,0.1476854681968689,-0.1663592425165446,-330.338205775775,0.0,0.0
36.02,1801,0.3281722962856293,0.9446178674697876,0.3343680799007416,0.3262641727924347,-1.2746756076812744,1.4768548011779785,0.4611234664916992,0.8873359560966492,0.4792608916759491,0.13295115530490875,-0.057281896471977234,0.1448928266763687,-0.16297119614338468,-330.50117697191837,0.0,0.0
36.04,1802,0.33382394909858704,0.9426354169845581,0.34035733342170715,0.29946285486221313,-1.3400665521621704,1.4489281177520752,0.46416425704956055,0.8857491612434387,0.48269081115722656,0.13034029304981232,-0.05688629299402237,0.1423334926366806,-0.15989748870559625,-330.661074460624,0.0,0.0
36.06,1803,0.33893686532974243,0.9408091306686401,0.3457866609096527,0.27146607637405396,-1.3998384475708008,1.4233348369598389,0.46692997217178345,0.8842942714691162,0.4858158528804779,0.12799310684204102,-0.05651482567191124,0.1400292068719864,-0.15716297769182838,-330.8182374383158,0.0,0.0
36.08,1804,0.3434937596321106,0.9391549825668335,0.35063448548316956,0.24239230155944824,-1.4536889791488647,1.4002920389175415,0.4694202244281769,0.8829748630523682,0.48863404989242554,0.12592646479606628,-0.05618007481098175,0.13799956440925598,-0.15478953091687672,-330.9730269692327,0.0,0.0
36.1,1805,0.34747955203056335,0.9376875758171082,0.35488179326057434,0.21236532926559448,-1.5013484954833984,1.3799954652786255,0.4716346263885498,0.8817940354347229,0.4911436140537262,0.12415510416030884,-0.05589350312948227,0.13626182079315186,-0.152796120693555,-331.12582308992626,0.0,0.0
36.12,1806,0.35088130831718445,0.9364199638366699,0.3585120737552643,0.181513711810112,-1.5425808429718018,1.362618088722229,0.47357288002967834,0.8807546496391296,0.49334296584129333,0.1226915642619133,-0.05566530302166939,0.13483089208602905,-0.1511988151202892,-331.2770219050465,0.0,0.0
36.14,1807,0.35368841886520386,0.9353632926940918,0.3615114688873291,0.14997002482414246,-1.5771843194961548,1.3483089208602905,0.47523465752601624,0.8798590898513794,0.49523070454597473,0.12154623866081238,-0.055504210293293,0.13371923565864563,-0.150010853869332,-331.42703275891586,0.0,0.0
36.160000000000004,1808,0.35589244961738586,0.9345269203186035,0.3638688921928406,0.11787017434835434,-1.6049922704696655,1.3371922969818115,0.47661980986595154,0.8791095614433289,0.49680566787719727,0.12072733044624329,-0.05541738122701645,0.1329367756843567,-0.14924265215158108,-331.57627541106746,0.0,0.0
36.18,1809,0.3574872314929962,0.9339179992675781,0.3655759394168854,0.08535271883010864,-1.62587308883667,1.3293678760528564,0.47772809863090515,0.8785077333450317,0.49806681275367737,0.12024087458848953,-0.05541028082370758,0.132490873336792,-0.1489019187775084,-331.72517732984494,0.0,0.0
36.2,1810,0.3584687411785126,0.9335417151451111,0.3666270971298218,0.052558086812496185,-1.639731526374817,1.32490873336792,0.4785594642162323,0.8780551552772522,0.49901336431503296,0.12009071558713913,-0.05548657849431038,0.13238626718521118,-0.14899354522272565,-331.87417087506765,0.0,0.0
36.22,1811,0.3588351905345917,0.9334009289741516,0.3670196533203125,0.01962793432176113,-1.6465076208114624,1.3238626718521118,0.47911372780799866,0.8777528405189514,0.4996447265148163,0.12027855962514877,-0.055648110806941986,0.13262507319450378,-0.14951982927043997,-332.0236907043381,0.0,0.0
36.24,1812,0.35858696699142456,0.933496356010437,0.3667537569999695,-0.01329562347382307,-1.646177887916565,1.326250672340393,0.4793908894062042,0.8776015043258667,0.4999605119228363,0.12080392986536026,-0.05589484050869942,0.13320676982402802,-0.1504803895771107,-332.1741710939152,0.0,0.0
36.26,1813,0.35772666335105896,0.9338263273239136,0.3658323287963867,-0.046070706099271774,-1.6387542486190796,1.332067608833313,0.4793908894062042,0.8776015043258667,0.4999605119228363,0.12166421860456467,-0.056224849075078964,0.13412818312644958,-0.15187222295433478,-332.3260433168696,0.0,0.0
36.28,1814,0.3562590777873993,0.93438720703125,0.3642612099647522,-0.07855641096830368,-1.6242849826812744,1.341281771659851,0.47911372780799866,0.8777528405189514,0.4996447265148163,0.12285466492176056,-0.056634388864040375,0.13538353145122528,-0.15368967730716032,-332.47973299417674,0.0,0.0
36.300000000000004,1815,0.3541910946369171,0.9351730942726135,0.3620489239692688,-0.11061348021030426,-1.602853775024414,1.3538352251052856,0.4785594642162323,0.8780551552772522,0.49901336431503296,0.12436836957931519,-0.057117920368909836,0.13696442544460297,-0.15592449113466408,-332.6356574853114,0.0,0.0
36.32,1816,0.3515318036079407,0.9361759424209595,0.35920682549476624,-0.1421050727367401,-1.5745797157287598,1.369644284248352,0.47772809863090515,0.8785077333450317,0.49806681275367737,0.12619630992412567,-0.05766819790005684,0.13885997235774994,-0.15856578738917046,-332.7942232727006,0.0,0.0
36.34,1817,0.3482924699783325,0.9373859167098999,0.35574889183044434,-0.17289739847183228,-1.5396164655685425,1.3885997533798218,0.47661980986595154,0.8791095614433289,0.49680566787719727,0.12832733988761902,-0.05827638879418373,0.14105677604675293,-0.16160002288989603,-332.9558232955905,0.0,0.0
36.36,1818,0.34448641538619995,0.9387912750244141,0.35169166326522827,-0.20286044478416443,-1.498152256011963,1.4105678796768188,0.47523465752601624,0.8798590898513794,0.49523070454597473,0.1307482272386551,-0.05893220752477646,0.14353904128074646,-0.16501100905732471,-333.1208343046478,0.0,0.0
36.38,1819,0.34012922644615173,0.940378725528717,0.34705430269241333,-0.23186862468719482,-1.450408935546875,1.4353903532028198,0.47357288002967834,0.8807546496391296,0.49334296584129333,0.1334436535835266,-0.059624068439006805,0.14628866314888,-0.16877985500738163,-333.2896141596552,0.0,0.0
36.4,1820,0.33523839712142944,0.9421333074569702,0.34185826778411865,-0.25980144739151,-1.396640658378601,1.4628866910934448,0.4716346263885498,0.8817940354347229,0.4911436140537262,0.13639622926712036,-0.06033926457166672,0.14928534626960754,-0.17288506516046775,-333.46249922481564,0.0,0.0
36.42,1821,0.3298336863517761,0.9440390467643738,0.3361274003982544,-0.2865441143512726,-1.3371340036392212,1.4928534030914307,0.4694202244281769,0.8829748630523682,0.48863404989242554,0.13958655297756195,-0.06106417626142502,0.15250666439533234,-0.17730233562594944,-333.6398015604416,0.0,0.0
36.44,1822,0.32393673062324524,0.9460787773132324,0.32988762855529785,-0.3119882345199585,-1.2722059488296509,1.525066614151001,0.46692997217178345,0.8842942714691162,0.4858158528804779,0.1429932713508606,-0.06178446114063263,0.15592823922634125,-0.18200470435136606,-333.82180626479294,0.0,0.0
36.46,1823,0.3175711929798126,0.9482344388961792,0.32316696643829346,-0.33603230118751526,-1.2022031545639038,1.5592823028564453,0.46416425704956055,0.8857491612434387,0.48269081115722656,0.14659304916858673,-0.062485285103321075,0.1595238447189331,-0.18696248427126716,-334.0087687490642,0.0,0.0
36.480000000000004,1824,0.3107626736164093,0.9504875540733337,0.31599533557891846,-0.3585823178291321,-1.127500057220459,1.5952383279800415,0.4611234664916992,0.8873359560966492,0.4792608916759491,0.15036079287528992,-0.06315155327320099,0.16326555609703064,-0.19214332942477216,-334.20091207848895,0.0,0.0
36.5,1825,0.30353859066963196,0.9528191685676575,0.3084042966365814,-0.37955227494239807,-1.0484979152679443,1.6326556205749512,0.45780816674232483,0.8890510201454163,0.4755282700061798,0.15426956117153168,-0.06376814097166061,0.1671239733695984,-0.19751224483216737,-334.39842432332114,0.0,0.0
36.52,1826,0.29592809081077576,0.9552102088928223,0.30042698979377747,-0.3988647162914276,-0.9656221866607666,1.6712398529052734,0.45421892404556274,0.8908901214599609,0.47149527072906494,0.1582908034324646,-0.06432010978460312,0.17106826603412628,-0.20303170006381993,-334.60145602338497,0.0,0.0
36.54,1827,0.2879619598388672,0.9576418399810791,0.2920979857444763,-0.4164511263370514,-0.8793215155601501,1.71068274974823,0.4503563940525055,0.8928488492965698,0.46716445684432983,0.1623944342136383,-0.06479297578334808,0.1750665009021759,-0.20866165348842386,-334.8101176768734,0.0,0.0
36.56,1828,0.27967244386672974,0.9600954651832581,0.28345292806625366,-0.432252436876297,-0.7900645732879639,1.7506648302078247,0.44622138142585754,0.8949226140975952,0.46253859996795654,0.166548952460289,-0.06517287343740463,0.17908568680286407,-0.21435980722952802,-335.02447748410293,0.0,0.0
36.58,1829,0.2710931599140167,0.9625531435012817,0.27452853322029114,-0.44621917605400085,-0.698337972164154,1.7908567190170288,0.4418147802352905,0.8971062898635864,0.4576205909252167,0.1707216054201126,-0.06544681638479233,0.18309204280376434,-0.22008173953278232,-335.2445592236357,0.0,0.0
36.6,1830,0.262258917093277,0.9649975299835205,0.26536229252815247,-0.458312064409256,-0.6046443581581116,1.8309204578399658,0.43713751435279846,0.899394690990448,0.45241352915763855,0.17487861216068268,-0.0656028687953949,0.1870512217283249,-0.22578099167081145,-335.4703402153065,0.0,0.0
36.62,1831,0.25320544838905334,0.967412531375885,0.25599226355552673,-0.4685020446777344,-0.5094989538192749,1.8705123662948608,0.43219074606895447,0.901782214641571,0.4469207227230072,0.17898528277873993,-0.06563030928373337,0.19092845916748047,-0.2314094347475683,-335.70174965005407,0.0,0.0
36.64,1832,0.2439694106578827,0.9697829484939575,0.24645684659481049,-0.4767705798149109,-0.41342681646347046,1.9092847108840942,0.42697566747665405,0.9042630791664124,0.4411455988883972,0.18300627171993256,-0.06551981717348099,0.19468876719474792,-0.2369175560776619,-335.93866720613175,0.0,0.0
36.660000000000004,1833,0.23458793759346008,0.9720948934555054,0.23679465055465698,-0.48310980200767517,-0.3169603645801544,1.946887493133545,0.4214937090873718,0.9068313241004944,0.43509188294410706,0.18690578639507294,-0.06526358425617218,0.19829723238945007,-0.24225465997077908,-336.18092186610255,0.0,0.0
36.68,1834,0.22509856522083282,0.9743359684944153,0.22704419493675232,-0.4875224828720093,-0.2206348478794098,1.9829723834991455,0.41574639081954956,0.9094805717468262,0.42876332998275757,0.19064782559871674,-0.0648554116487503,0.20171913504600525,-0.24736947597849573,-336.428291342081,0.0,0.0
36.7,1835,0.21553394198417664,0.9764963388442993,0.21723860502243042,-0.4902800917625427,-0.1378806233406067,2.0,0.40973538160324097,0.9122044444084167,0.4221639633178711,0.19420143961906433,-0.06429192423820496,0.20492535829544067,-0.2515247323933488,-336.6798160744744,0.0,0.0
36.72,1836,0.2059222161769867,0.9785683751106262,0.20740602910518646,-0.4916282296180725,-0.06740552186965942,2.0,0.40346255898475647,0.9149961471557617,0.4152979552745819,0.19754034280776978,-0.06357221305370331,0.20789191126823425,-0.2547579300674491,-336.93457400454184,0.0,0.0
36.74,1837,0.19629190862178802,0.9805455207824707,0.19757480919361115,-0.4915609359741211,0.0033633119892328978,2.0,0.3969299793243408,0.9178488850593567,0.40816962718963623,0.200638085603714,-0.06269661337137222,0.21059481799602509,-0.25772314103832744,-337.1922971455802,0.0,0.0
36.76,1838,0.18667177855968475,0.9824223518371582,0.18777328729629517,-0.49007663130760193,0.0742158442735672,2.0,0.3901398777961731,0.9207556247711182,0.4007834792137146,0.20346808433532715,-0.06166673079133034,0.21301020681858063,-0.2603963456308036,-337.452693491211,0.0,0.0
36.78,1839,0.17709077894687653,0.9841945171356201,0.17802973091602325,-0.4871778190135956,0.14494024217128754,2.0,0.3830946385860443,0.9237090945243835,0.3931442201137543,0.20600385963916779,-0.06048542633652687,0.21511448919773102,-0.26275375423615305,-337.71544724544714,0.0,0.0
36.800000000000004,1840,0.16757789254188538,0.9858588576316833,0.16837230324745178,-0.4828713536262512,0.21532371640205383,2.0,0.37579697370529175,0.9267020225524902,0.3852566182613373,0.20821906626224518,-0.059156812727451324,0.2168843299150467,-0.2647719222289034,-337.98021916767607,0.0,0.0
36.82,1841,0.1581619828939438,0.9874131679534912,0.15882892906665802,-0.4771682918071747,0.2851533591747284,2.0,0.36824968457221985,0.9297269582748413,0.37712568044662476,0.21008768677711487,-0.05768623948097229,0.21829675137996674,-0.2664276861210502,-338.24664685379713,0.0,0.0
36.84,1842,0.1488717943429947,0.9888564944267273,0.14942725002765656,-0.47008395195007324,0.354216992855072,2.0,0.36045587062835693,0.9327762722969055,0.36875656247138977,0.21158406138420105,-0.05608023330569267,0.21932931244373322,-0.26769842725578274,-338.5143452810529,0.0,0.0
36.86,1843,0.13973569869995117,0.9901888370513916,0.14019449055194855,-0.46163785457611084,0.4223039448261261,2.0,0.35241883993148804,0.9358423948287964,0.36015450954437256,0.21268312633037567,-0.05434645339846611,0.219960018992424,-0.2685620666561492,-338.78290734770906,0.0,0.0
36.88,1844,0.13078171014785767,0.9914112091064453,0.13115742802619934,-0.45185375213623047,0.4892059862613678,2.0,0.3441421687602997,0.9389175772666931,0.35132497549057007,0.21336044371128082,-0.052493635565042496,0.22016756236553192,-0.26899708871613737,-339.0519044364252,0.0,0.0
36.9,1845,0.12203726917505264,0.9925255179405212,0.12234223634004593,-0.4407593905925751,0.5547180771827698,2.0,0.3356296420097351,0.9419940114021301,0.3422735631465912,0.21359236538410187,-0.05053149163722992,0.21993131935596466,-0.2689827424153984,-339.3208871788406,0.0,0.0
36.92,1846,0.11352919787168503,0.9935346841812134,0.11377450078725815,-0.4283865988254547,0.6186392903327942,2.0,0.32688531279563904,0.9450640082359314,0.3330059349536896,0.2133561074733734,-0.048470642417669296,0.21923142671585083,-0.26849906210754493,-339.58938624094816,0.0,0.0
36.94,1847,0.10528359562158585,0.9944422245025635,0.10547907650470734,-0.4147711396217346,0.6807734370231628,2.0,0.3179134726524353,0.9481196999549866,0.323527991771698,0.21262988448143005,-0.04632250964641571,0.21804890036582947,-0.2675268565822102,-339.85691309753037,0.0,0.0
36.96,1848,0.09732571989297867,0.9952526092529297,0.09748002886772156,-0.3999525308609009,0.7409298419952393,2.0,0.308718740940094,0.9511533975601196,0.313845694065094,0.21139302849769592,-0.04409921169281006,0.21636565029621124,-0.266047964125757,-340.1229610616561,0.0,0.0
36.980000000000004,1849,0.08967990428209305,0.9959706664085388,0.08980054408311844,-0.3839740455150604,0.7989242672920227,2.0,0.29930591583251953,0.9541571736335754,0.30396515130996704,0.20962601900100708,-0.0418134406208992,0.214164599776268,-0.2640451474486294,-340.38700620910475,0.0,0.0
37.0,1850,0.08236946910619736,0.9966018795967102,0.08246289938688278,-0.36688247323036194,0.8545791506767273,2.0,0.2896801233291626,0.9571235179901123,0.29389262199401855,0.20731066167354584,-0.03947834670543671,0.21142973005771637,-0.2615022540616418,-340.6485084631664,0.0,0.0
37.02,1851,0.07541666179895401,0.9971520900726318,0.07548833638429642,-0.3487279713153839,0.9077247381210327,2.0,0.27984675765037537,0.9600446820259094,0.2836344838142395,0.20443008840084076,-0.037107422947883606,0.2081461399793625,-0.2584042842249303,-340.90691274739135,0.0,0.0
37.04,1852,0.0688425675034523,0.9976275563240051,0.0688970610499382,-0.3295639753341675,0.9581992030143738,2.0,0.2698114216327667,0.9629132151603699,0.2731971740722656,0.20096884667873383,-0.03471435233950615,0.20430012047290802,-0.2547374258448171,-341.1616501732362,0.0,0.0
37.06,1853,0.06266702711582184,0.9980344772338867,0.06270811706781387,-0.3094469904899597,1.0058494806289673,2.0,0.2595800459384918,0.965721607208252,0.262587308883667,0.19691301882266998,-0.032312896102666855,0.19987919926643372,-0.25048905610878425,-341.412139229345,0.0,0.0
37.08,1854,0.0569082647562027,0.9983794093132019,0.056939028203487396,-0.28845450282096863,1.0496255159378052,1.9987919330596924,0.2491588294506073,0.9684626460075378,0.25181159377098083,0.1922505646944046,-0.029916776344180107,0.19487257301807404,-0.24559997167497857,-341.65773920102,0.0,0.0
37.1,1855,0.051568519324064255,0.998669445514679,0.05159140005707741,-0.26738131046295166,1.0536587238311768,1.948725700378418,0.2385542392730713,0.9711291790008545,0.24087683856487274,0.18698571622371674,-0.027540283277630806,0.18928544223308563,-0.23819550872902145,-341.895934709749,0.0,0.0
37.12,1856,0.04664694145321846,0.998911440372467,0.04666387662291527,-0.24637627601623535,1.0502521991729736,1.8928543329238892,0.22777298092842102,0.973714292049408,0.22978992760181427,0.18112604320049286,-0.02519717440009117,0.1831260472536087,-0.2300419386721907,-342.12597664842116,0.0,0.0
37.14,1857,0.04213966056704521,0.9991117119789124,0.04215214401483536,-0.2255866825580597,1.0394796133041382,1.8312605619430542,0.2168220430612564,0.9762111306190491,0.21855787932872772,0.1746823787689209,-0.02290058322250843,0.17640574276447296,-0.2211729353587902,-342.3471495837799,0.0,0.0
37.160000000000004,1858,0.03803981468081474,0.9992762207984924,0.03804899379611015,-0.20515747368335724,1.021459937095642,1.7640573978424072,0.20570865273475647,0.9786132574081421,0.20718778669834137,0.16766883432865143,-0.02066294476389885,0.1691388040781021,-0.2116278699267026,-342.5587774537066,0.0,0.0
37.18,1859,0.03433763608336449,0.9994102716445923,0.0343443863093853,-0.1852303445339203,0.9963564276695251,1.6913878917694092,0.1944403052330017,0.9809143543243408,0.19568683207035065,0.16010266542434692,-0.018495935946702957,0.16134244203567505,-0.2014513319045035,-342.7602287856111,0.0,0.0
37.2,1860,0.031020551919937134,0.9995187520980835,0.03102552890777588,-0.16594284772872925,0.9643753170967102,1.6134244203567505,0.18302473425865173,0.9831082820892334,0.18406227231025696,0.1520041823387146,-0.01641043648123741,0.15303674340248108,-0.1906926875480786,-342.95092147315916,0.0,0.0
37.22,1861,0.02807329036295414,0.9996058940887451,0.028076978400349617,-0.1474275439977646,0.9257647395133972,1.530367374420166,0.17146988213062286,0.9851893782615662,0.17232146859169006,0.14339660108089447,-0.014416506513953209,0.1442444771528244,-0.17940553866048325,-343.13032701181965,0.0,0.0
37.24,1862,0.025477996096014977,0.9996753931045532,0.02548075281083584,-0.12981128692626953,0.8808130025863647,1.442444920539856,0.1597839742898941,0.9871519804000854,0.1604718118906021,0.13430596888065338,-0.012523376382887363,0.13499104976654053,-0.1676471890224455,-343.2979742008421,0.0,0.0
37.26,1863,0.02321437932550907,0.9997305274009705,0.02321646548807621,-0.11321435868740082,0.8298465013504028,1.3499106168746948,0.1479753702878952,0.9889910221099854,0.1485207974910736,0.12476099282503128,-0.01073946338146925,0.12530432641506195,-0.15547793266411422,-343.4534521335062,0.0,0.0
37.28,1864,0.021259866654872894,0.9997739791870117,0.021261468529701233,-0.09774979203939438,0.7732282280921936,1.253043293952942,0.1360526978969574,0.9907016158103943,0.13647596538066864,0.1147928312420845,-0.009072382934391499,0.11521449685096741,-0.14296050372749175,-343.59641263723364,0.0,0.0
37.300000000000004,1865,0.01958976313471794,0.9998080730438232,0.019591014832258224,-0.08352269977331161,0.7113548517227173,1.1521449089050293,0.12402476370334625,0.9922791123390198,0.12434494495391846,0.10443499684333801,-0.007528978865593672,0.10475392639636993,-0.1301593300049381,-343.72657196723856,0.0,0.0
37.32,1866,0.018177421763539314,0.9998347759246826,0.0181784238666296,-0.07062959671020508,0.6446548700332642,1.0475393533706665,0.11190052330493927,0.9937193989753723,0.1121353805065155,0.0937231034040451,-0.006115363445132971,0.09395695477724075,-0.11713990725237924,-343.8437118744909,0.0,0.0
37.34,1867,0.016994448378682137,0.9998555779457092,0.01699526607990265,-0.05915789306163788,0.5735853910446167,0.9395695924758911,0.09968913346529007,0.9950186610221863,0.09985499083995819,0.08269467949867249,-0.004836952313780785,0.08285972476005554,-0.10396802468579604,-343.9476798991767,0.0,0.0
37.36,1868,0.01601087488234043,0.9998717904090881,0.016011560335755348,-0.04918529838323593,0.49862971901893616,0.8285972476005554,0.08739987760782242,0.9961733222007751,0.08751153200864792,0.07138899713754654,-0.0036985084880143404,0.07149997353553772,-0.09070916526731071,-344.038389064444,0.0,0.0
37.38,1869,0.015195386484265327,0.9998845458030701,0.015195971354842186,-0.04077941179275513,0.42029422521591187,0.7149997353553772,0.07504218071699142,0.9971803426742554,0.07511279731988907,0.059846796095371246,-0.0027041833382099867,0.05991682410240173,-0.07742780668929154,-344.1158168711333,0.0,0.0
37.4,1870,0.01451551541686058,0.9998946189880371,0.014516024850308895,-0.0339973047375679,0.33910536766052246,0.5991682410240173,0.06262560933828354,0.9980370998382568,0.06266661733388901,0.04811009392142296,-0.0018575543072074652,0.04815059155225754,-0.06418679810861154,-344.1800036692419,0.0,0.0
37.42,1871,0.013937870040535927,0.9999028444290161,0.013938321731984615,-0.02888517826795578,0.25560644268989563,0.4815059304237366,0.05015980079770088,0.9987412095069885,0.05018085613846779,0.036221928894519806,-0.0011616582050919533,0.0362425372004509,-0.05104677516002781,-344.23105044440194,0.0,0.0
37.44,1872,0.013428356498479843,0.9999098181724548,0.013428759761154652,-0.025478091090917587,0.17035432159900665,0.3624253571033478,0.03765450045466423,0.9992908239364624,0.037663403898477554,0.024226142093539238,-0.0006190176936797798,0.024234643206000328,-0.03806561757142163,-344.26911606197336,0.0,0.0
37.46,1873,0.012952402234077454,0.999916136264801,0.012952764518558979,-0.023799767717719078,0.08391612768173218,0.24234643578529358,0.025119516998529434,0.9996844530105591,0.025122158229351044,0.01216711476445198,-0.00023165896709542722,0.01216939464211464,-0.025297957371008553,-344.29441401934434,0.0,0.0
37.480000000000004,1874,0.012475191615521908,0.9999221563339233,0.012475515715777874,-0.023862455040216446,-0.0031343556474894285,0.1216939389705658,0.01256471686065197,0.9999210834503174,0.012565047480165958,8.952531788963825e-05,-1.1209407375645242e-06,8.953233918873593e-05,-0.012794736988217443,-344.30720875633256,0.0,0.0
37.5,1875,0.011961893178522587,0.9999284744262695,0.01196217816323042,-0.0256668534129858,-0.0902198925614357,0.0008953209617175162,-8.57871739666044e-16,1.0,-8.57871739666044e-16,-0.011961893178522587,7.154600461944938e-05,-0.01196217816323042,-0.000602877181274656,-344.30781163351384,0.0,0.0
37.52,1876,0.011377890594303608,0.9999352693557739,0.011378135532140732,-0.02920212224125862,-0.17676346004009247,-0.11962178349494934,-0.01256471686065197,0.9999210834503174,-0.012565047480165958,-0.023942606523633003,-1.4208883840183262e-05,-0.023943183943629265,-0.011521229571568868,-344.3193328630854,0.0,0.0
37.54,1877,0.01068901363760233,0.9999428987503052,0.010689216665923595,-0.034445956349372864,-0.26219162344932556,-0.23943182826042175,-0.025119516998529434,0.9996844530105591,-0.025122158229351044,-0.03580852970480919,-0.0002584157045930624,-0.035811375826597214,-0.023827540267375658,-344.3431604033527,0.0,0.0
37.56,1878,0.009861762635409832,0.9999513626098633,0.009861922822892666,-0.04136471450328827,-0.3459379971027374,-0.35811373591423035,-0.03765450045466423,0.9992908239364624,-0.037663403898477554,-0.04751626029610634,-0.0006605537491850555,-0.047525323927402496,-0.03626653526220807,-344.3794269386149,0.0,0.0
37.58,1879,0.008863533847033978,0.999960720539093,0.00886364933103323,-0.04991364851593971,-0.4274466931819916,-0.47525325417518616,-0.05015980079770088,0.9987412095069885,-0.05018085613846779,-0.059023331850767136,-0.001219513127580285,-0.05904450640082359,-0.04878571001773603,-344.42821264863267,0.0,0.0
37.6,1880,0.007662831339985132,0.9999706149101257,0.007662906311452389,-0.06003715842962265,-0.5061754584312439,-0.5904450416564941,-0.06262560933828354,0.9980370998382568,-0.06266661733388901,-0.07028844207525253,-0.0019335499964654446,-0.07032952457666397,-0.06133001608489853,-344.4895426647176,0.0,0.0
37.62,1881,0.0062294830568134785,0.9999805688858032,0.006229523569345474,-0.07166914641857147,-0.5815992951393127,-0.7032952308654785,-0.07504218071699142,0.9971803426742554,-0.07511279731988907,-0.08127167075872421,-0.0028002364560961723,-0.08134231716394424,-0.07384238263528348,-344.5633850473529,0.0,0.0
37.64,1882,0.004534839652478695,0.9999896883964539,0.004534855019301176,-0.08473341166973114,-0.6532132625579834,-0.813423216342926,-0.08739987760782242,0.9961733222007751,-0.08751153200864792,-0.09193471074104309,-0.0038164083380252123,-0.09204638749361038,-0.08626422567653452,-344.6496492730294,0.0,0.0
37.660000000000004,1883,0.0025519700720906258,0.9999967217445374,0.0025519728660583496,-0.0991441160440445,-0.7205354571342468,-0.9204638600349426,-0.09968913346529007,0.9950186610221863,-0.09985499083995819,-0.10224109888076782,-0.004978111945092678,-0.10240696370601654,-0.09853604224066305,-344.74818531527006,0.0,0.0
37.68,1884,0.00025584627292118967,0.9999999403953552,0.00025584627292118967,-0.11480633169412613,-0.7831104397773743,-1.0240696668624878,-0.11190052330493927,0.9937193989753723,-0.1121353805065155,-0.11215636879205704,-0.00628055352717638,-0.11239122599363327,-0.11059802331762209,-344.85878333858767,0.0,0.0
37.7,1885,-0.0023764825891703367,0.9999971985816956,-0.0023764849174767733,-0.13161654770374298,-0.8405113816261292,-1.1239122152328491,-0.12402476370334625,0.9922791123390198,-0.12434494495391846,-0.12164828181266785,-0.007718052715063095,-0.12196845561265945,-0.12239068352945842,-344.9811740221171,0.0,0.0
37.72,1886,-0.005365727469325066,0.9999855756759644,-0.0053657530806958675,-0.14946341514587402,-0.8923428654670715,-1.2196846008300781,-0.1360526978969574,0.9907016158103943,-0.13647596538066864,-0.13068696856498718,-0.009284003637731075,-0.13111022114753723,-0.13385549713852624,-345.11502951925564,0.0,0.0
37.74,1887,-0.008730207569897175,0.9999619126319885,-0.008730318397283554,-0.16822828352451324,-0.9382433891296387,-1.3111021518707275,-0.1479753702878952,0.9889910221099854,-0.1485207974910736,-0.1392451673746109,-0.010970844887197018,-0.13979047536849976,-0.14493553447416022,-345.2599650537298,0.0,0.0
37.76,1888,-0.012485714629292488,0.9999220371246338,-0.012486039660871029,-0.1877860277891159,-0.9778875112533569,-1.3979047536849976,-0.1597839742898941,0.9871519804000854,-0.1604718118906021,-0.14729824662208557,-0.012770043686032295,-0.1479857712984085,-0.15557613617493754,-345.41554118990473,0.0,0.0
37.78,1889,-0.016645386815071106,0.999861478805542,-0.01664615422487259,-0.20800578594207764,-1.010987639427185,-1.4798576831817627,-0.17146988213062286,0.9851893782615662,-0.17232146859169006,-0.15482449531555176,-0.014672094956040382,-0.15567530691623688,-0.1657254458254408,-345.5812666357302,0.0,0.0
37.800000000000004,1890,-0.02121959626674652,0.9997748136520386,-0.021221188828349113,-0.22875170409679413,-1.037296175956726,-1.556753158569336,-0.18302473425865173,0.9831082820892334,-0.18406227231025696,-0.1618051379919052,-0.016666529700160027,-0.1628410816192627,-0.17533508274855764,-345.75660171847875,0.0,0.0
37.82,1891,-0.02621586248278618,0.9996563196182251,-0.02621886506676674,-0.24988384544849396,-1.0566067695617676,-1.628410816192627,-0.1944403052330017,0.9809143543243408,-0.19568683207035065,-0.16822443902492523,-0.018741952255368233,-0.1694679707288742,-0.1843606247076826,-345.9409623431864,0.0,0.0
37.84,1892,-0.03163876384496689,0.9994993805885315,-0.03164404630661011,-0.2712589502334595,-1.068755865097046,-1.694679617881775,-0.20570865273475647,0.9786132574081421,-0.20718778669834137,-0.17406988143920898,-0.020886089652776718,-0.17554374039173126,-0.1927621784053865,-346.1337245215918,0.0,0.0
37.86,1893,-0.037489887326955795,0.999297022819519,-0.03749867528676987,-0.2927314341068268,-1.0736236572265625,-1.7554373741149902,-0.2168220430612564,0.9762111306190491,-0.21855787932872772,-0.17933215200901031,-0.023085860535502434,-0.18105921149253845,-0.20050471800718617,-346.334229239599,0.0,0.0
37.88,1894,-0.043767768889665604,0.999041736125946,-0.04378175735473633,-0.31415411829948425,-1.0711348056793213,-1.8105920553207397,-0.22777298092842102,0.973714292049408,-0.22978992760181427,-0.18400521576404572,-0.025327466428279877,-0.18600817024707794,-0.2075585587533881,-346.54178779835235,0.0,0.0
37.9,1895,-0.05046789348125458,0.9987257122993469,-0.05048934370279312,-0.33537930250167847,-1.061259150505066,-1.860081672668457,-0.2385542392730713,0.9711291790008545,-0.24087683856487274,-0.1880863457918167,-0.02759650908410549,-0.19038748741149902,-0.21389962464183193,-346.7556874229942,0.0,0.0
37.92,1896,-0.05758266523480415,0.9983407258987427,-0.057614535093307495,-0.3562595546245575,-1.0440119504928589,-1.9038749933242798,-0.2491588294506073,0.9684626460075378,-0.25181159377098083,-0.19157616794109344,-0.029878107830882072,-0.19419707357883453,-0.21950970343474002,-346.97519712642895,0.0,0.0
37.94,1897,-0.06510142982006073,0.9978786706924438,-0.0651475042104721,-0.3766486346721649,-1.019453763961792,-1.9419705867767334,-0.2595800459384918,0.965721607208252,-0.262587308883667,-0.1944786161184311,-0.0321570560336113,-0.19743980467319489,-0.22437658566389596,-347.19957371209284,0.0,0.0
37.96,1898,-0.07301053404808044,0.9973311424255371,-0.0730755552649498,-0.3964024484157562,-0.9876903891563416,-1.9743980169296265,-0.2698114216327667,0.9629132151603699,-0.2731971740722656,-0.19680087268352509,-0.03441798314452171,-0.20012161135673523,-0.22849422962058252,-347.42806794171344,0.0,0.0
37.980000000000004,1899,-0.08129297941923141,0.9966902732849121,-0.08138278871774673,-0.4153616428375244,-0.9479598999023438,-2.0,-0.27984675765037537,0.9600446820259094,-0.2836344838142395,-0.19855377078056335,-0.0366455614566803,-0.20225168764591217,-0.23181438649297964,-347.65988232820644,0.0,0.0
38.0,1900,-0.08992291241884232,0.9959487318992615,-0.0900445431470871,-0.43308785557746887,-0.8863108158111572,-2.0,-0.2896801233291626,0.9571235179901123,-0.29389262199401855,-0.19975721836090088,-0.03882521390914917,-0.20384807884693146,-0.2335899392570084,-347.89347226746344,0.0,0.0
38.02,1901,-0.09887335449457169,0.9951000213623047,-0.09903515875339508,-0.44953086972236633,-0.8221513628959656,-2.0,-0.29930591583251953,0.9541571736335754,-0.30396515130996704,-0.20043256878852844,-0.04094282537698746,-0.20492999255657196,-0.23485745991066,-348.1283297273741,0.0,0.0
38.04,1902,-0.10811630636453629,0.994138240814209,-0.10832805186510086,-0.46464452147483826,-0.7556818723678589,-2.0,-0.308718740940094,0.9511533975601196,-0.313845694065094,-0.2006024420261383,-0.04298488050699234,-0.20551763474941254,-0.23563709894027401,-348.36396682631437,0.0,0.0
38.06,1903,-0.11762285977602005,0.9930583238601685,-0.11789578944444656,-0.4783867299556732,-0.6871101260185242,-2.0,-0.3179134726524353,0.9481196999549866,-0.323527991771698,-0.20029062032699585,-0.04493860900402069,-0.20563219487667084,-0.23594990736425395,-348.59991673367864,0.0,0.0
38.08,1904,-0.12736330926418304,0.9918561577796936,-0.12771017849445343,-0.490719735622406,-0.6166502833366394,-2.0,-0.32688531279563904,0.9450640082359314,-0.3330059349536896,-0.1995219886302948,-0.04679211229085922,-0.20529575645923615,-0.23581781062529678,-348.83573454430393,0.0,0.0
38.1,1905,-0.13730722665786743,0.9905285239219666,-0.13774238526821136,-0.5016101598739624,-0.5445224642753601,-2.0,-0.3356296420097351,0.9419940114021301,-0.3422735631465912,-0.19832240045070648,-0.04853447899222374,-0.20453116297721863,-0.2352635503719218,-349.0709980946759,0.0,0.0
38.12,1906,-0.1474236696958542,0.9890734553337097,-0.14796297252178192,-0.5110291838645935,-0.470951646566391,-2.0,-0.3441421687602997,0.9389175772666931,-0.35132497549057007,-0.1967184990644455,-0.0501558817923069,-0.20336201786994934,-0.23431059447178185,-349.30530868914764,0.0,0.0
38.14,1907,-0.1576811820268631,0.9874900579452515,-0.15834201872348785,-0.5189525485038757,-0.39616677165031433,-2.0,-0.35241883993148804,0.9358423948287964,-0.36015450954437256,-0.19473765790462494,-0.051647692918777466,-0.2018124908208847,-0.23298295601030064,-349.5382916451579,0.0,0.0
38.160000000000004,1908,-0.16804805397987366,0.98577880859375,-0.16884922981262207,-0.5253605246543884,-0.3203999698162079,-2.0,-0.36045587062835693,0.9327762722969055,-0.36875656247138977,-0.19240780174732208,-0.053002532571554184,-0.1999073326587677,-0.23130527927356925,-349.7695969244315,0.0,0.0
38.18,1909,-0.17849208414554596,0.983941376209259,-0.17945371568202972,-0.5302243232727051,-0.24319039285182953,-1.9990732669830322,-0.36824968457221985,0.9297269582748413,-0.37712568044662476,-0.1897575855255127,-0.05421440675854683,-0.19767197966575623,-0.22926578671843822,-349.9988627111499,0.0,0.0
38.2,1910,-0.18897473812103271,0.9819819331169128,-0.1901179701089859,-0.5332123637199402,-0.1494007557630539,-1.976719617843628,-0.37579697370529175,0.9267020225524902,-0.3852566182613373,-0.18682222068309784,-0.0552799254655838,-0.19513866305351257,-0.22608192101810862,-350.22494463216805,0.0,0.0
38.22,1911,-0.19945672154426575,0.9799066185951233,-0.2008034735918045,-0.5342755913734436,-0.0531628243625164,-1.951386570930481,-0.3830946385860443,0.9237090945243835,-0.3931442201137543,-0.18363791704177856,-0.05619753897190094,-0.19234074652194977,-0.22253223560533397,-350.4474768677734,0.0,0.0
38.24,1912,-0.20989835262298584,0.977723240852356,-0.21147099137306213,-0.5333759784698486,0.044982634484767914,-1.9234074354171753,-0.3901398777961731,0.9207556247711182,-0.4007834792137146,-0.18024151027202606,-0.056967608630657196,-0.18931250274181366,-0.2186681854416827,-350.6661450532151,0.0,0.0
38.26,1913,-0.22025972604751587,0.9754412770271301,-0.22208072245121002,-0.5304862856864929,0.14448511600494385,-1.8931248188018799,-0.3969299793243408,0.9178488850593567,-0.40816962718963623,-0.17667026817798615,-0.057592373341321945,-0.1860889047384262,-0.2145419739691174,-350.8806870271842,0.0,0.0
38.28,1914,-0.23050101101398468,0.9730721116065979,-0.23259253799915314,-0.5255905389785767,0.244787335395813,-1.8608890771865845,-0.40346255898475647,0.9149961471557617,-0.4152979552745819,-0.1729615479707718,-0.058075934648513794,-0.18270541727542877,-0.2102061761935014,-351.0908932033777,0.0,0.0
38.300000000000004,1915,-0.24058276414871216,0.9706286191940308,-0.2429662048816681,-0.518683910369873,0.3453301787376404,-1.8270542621612549,-0.40973538160324097,0.9122044444084167,-0.4221639633178711,-0.1691526174545288,-0.0584242008626461,-0.179197758436203,-0.2057130169290225,-351.29660622030667,0.0,0.0
38.32,1916,-0.25046610832214355,0.9681253433227539,-0.2531616687774658,-0.5097728371620178,0.4455552101135254,-1.7919775247573853,-0.41574639081954956,0.9094805717468262,-0.42876332998275757,-0.1652802973985672,-0.05864478647708893,-0.17560166120529175,-0.20111413178438603,-351.49772035209105,0.0,0.0
38.34,1917,-0.2601129412651062,0.9655781984329224,-0.26313915848731995,-0.49887463450431824,0.5449082851409912,-1.7560166120529175,-0.4214937090873718,0.9068313241004944,-0.43509188294410706,-0.16138078272342682,-0.058746881783008575,-0.1719527244567871,-0.1964601151150926,-351.69418046720614,0.0,0.0
38.36,1918,-0.2694862484931946,0.9630042314529419,-0.27285951375961304,-0.48601776361465454,0.6428432464599609,-1.719527244567871,-0.42697566747665405,0.9042630791664124,-0.4411455988883972,-0.15748941898345947,-0.05874112620949745,-0.16828610002994537,-0.1918001074416189,-351.88598057464776,0.0,0.0
38.38,1919,-0.27855029702186584,0.960421621799469,-0.28228434920310974,-0.4712412655353546,0.7388252019882202,-1.6828608512878418,-0.43219074606895447,0.901782214641571,-0.4469207227230072,-0.15364043414592743,-0.05863942578434944,-0.16463637351989746,-0.1871814648089856,-352.07316203945675,0.0,0.0
38.4,1920,-0.287270724773407,0.9578494429588318,-0.2913762331008911,-0.45459461212158203,0.8323325514793396,-1.6463638544082642,-0.43713751435279846,0.899394690990448,-0.45241352915763855,-0.14986680448055267,-0.05845475196838379,-0.16103729605674744,-0.1826496284967279,-352.2558116679535,0.0,0.0
38.42,1921,-0.2956147789955139,0.9553072452545166,-0.3000989854335785,-0.4361373782157898,0.9228618741035461,-1.6103730201721191,-0.4418147802352905,0.8971062898635864,-0.4576205909252167,-0.1462000012397766,-0.058200936764478683,-0.15752160549163818,-0.17824755963016148,-352.43405922758365,0.0,0.0
38.44,1922,-0.30355143547058105,0.952815055847168,-0.30841776728630066,-0.4159388244152069,1.0099287033081055,-1.5752160549163818,-0.44622138142585754,0.8949226140975952,-0.46253859996795654,-0.14266996085643768,-0.05789245292544365,-0.15412084758281708,-0.1740158920974481,-352.6080751196811,0.0,0.0
38.46,1923,-0.3110515773296356,0.95039302110672,-0.31629931926727295,-0.3940773904323578,1.0930709838867188,-1.5412083864212036,-0.4503563940525055,0.8928488492965698,-0.46716445684432983,-0.13930481672286987,-0.05754415690898895,-0.15086516737937927,-0.16999252989607633,-352.77806764957717,0.0,0.0
38.480000000000004,1924,-0.3180880546569824,0.9480611681938171,-0.3237121105194092,-0.370640367269516,1.1718512773513794,-1.5086514949798584,-0.45421892404556274,0.8908901214599609,-0.47149527072906494,-0.13613085448741913,-0.05717106908559799,-0.14778316020965576,-0.16621263933034827,-352.9442802889075,0.0,0.0
38.5,1925,-0.32463574409484863,0.9458391070365906,-0.33062657713890076,-0.3457232117652893,1.2458581924438477,-1.4778316020965576,-0.45780816674232483,0.8890510201454163,-0.4755282700061798,-0.1331724226474762,-0.056788116693496704,-0.14490167796611786,-0.16270855705484588,-353.10698884596235,0.0,0.0
38.52,1926,-0.33067163825035095,0.9437458515167236,-0.33701515197753906,-0.3194290101528168,1.3147093057632446,-1.4490169286727905,-0.4611234664916992,0.8873359560966492,-0.4792608916759491,-0.13045182824134827,-0.056409887969493866,-0.14224573969841003,-0.15950961493670462,-353.2664984608991,0.0,0.0
38.54,1927,-0.33617496490478516,0.9417995810508728,-0.34285250306129456,-0.2918679714202881,1.3780521154403687,-1.4224573373794556,-0.46416425704956055,0.8857491612434387,-0.48269081115722656,-0.1279892921447754,-0.05605040490627289,-0.139838308095932,-0.1566422254542891,-353.42314068635335,0.0,0.0
38.56,1928,-0.34112709760665894,0.9400171637535095,-0.3481156527996063,-0.2631566822528839,1.4355651140213013,-1.3983829021453857,-0.46692997217178345,0.8842942714691162,-0.4858158528804779,-0.1258028894662857,-0.05572289228439331,-0.13770021498203278,-0.15412991112919966,-353.57727059748254,0.0,0.0
38.58,1929,-0.34551167488098145,0.938414454460144,-0.35278400778770447,-0.23341748118400574,1.486959457397461,-1.3770020008087158,-0.4694202244281769,0.8829748630523682,-0.48863404989242554,-0.12390854954719543,-0.05543956533074379,-0.13585005700588226,-0.15199320042331438,-353.72926379790584,0.0,0.0
38.6,1930,-0.3493146300315857,0.9370055198669434,-0.3568395674228668,-0.20277787744998932,1.531980037689209,-1.3585004806518555,-0.4716346263885498,0.8817940354347229,-0.4911436140537262,-0.1223200112581253,-0.05521142855286598,-0.13430407643318176,-0.15024973004610603,-353.87951352795193,0.0,0.0
38.62,1931,-0.352524071931839,0.9358027577400208,-0.36026695370674133,-0.1713697612285614,1.5704060792922974,-1.3430405855178833,-0.47357288002967834,0.8807546496391296,-0.49334296584129333,-0.12104880809783936,-0.05504810810089111,-0.1330760270357132,-0.14891424250231525,-354.02842777045424,0.0,0.0
38.64,1932,-0.3551303744316101,0.9348167777061462,-0.3630535304546356,-0.1393287181854248,1.6020519733428955,-1.33076012134552,-0.47523465752601624,0.8798590898513794,-0.49523070454597473,-0.12010429054498672,-0.054957691580057144,-0.1321771889925003,-0.14799866555337596,-354.1764264360076,0.0,0.0
38.660000000000004,1933,-0.3571262061595917,0.9340561628341675,-0.36518940329551697,-0.1067933663725853,1.6267677545547485,-1.3217717409133911,-0.47661980986595154,0.8791095614433289,-0.49680566787719727,-0.11949358880519867,-0.05494660884141922,-0.1316162645816803,-0.1475121179013115,-354.32393855390893,0.0,0.0
38.68,1934,-0.358506441116333,0.9335272312164307,-0.3666674792766571,-0.07390458881855011,1.6444387435913086,-1.3161627054214478,-0.47772809863090515,0.8785077333450317,-0.49806681275367737,-0.11922167241573334,-0.05501950904726982,-0.13139931857585907,-0.14746102661053861,-354.47139958051946,0.0,0.0
38.7,1935,-0.3592681586742401,0.9332343935966492,-0.36748358607292175,-0.04080484062433243,1.6549875736236572,-1.3139933347702026,-0.4785594642162323,0.8780551552772522,-0.49901336431503296,-0.119291290640831,-0.05517921596765518,-0.1315297782421112,-0.14784901425696934,-354.6192485947764,0.0,0.0
38.72,1936,-0.35941070318222046,0.933179497718811,-0.3676363229751587,-0.007637393195182085,1.6583722829818726,-1.3152978420257568,-0.47911372780799866,0.8777528405189514,-0.4996447265148163,-0.1197030246257782,-0.05542664974927902,-0.1320084035396576,-0.14867711830642577,-354.76792571308283,0.0,0.0
38.74,1937,-0.3589355945587158,0.9333623051643372,-0.3671272397041321,0.025454360991716385,1.654587745666504,-1.3200839757919312,-0.4793908894062042,0.8776015043258667,-0.4999605119228363,-0.120455302298069,-0.05576084181666374,-0.13283327221870422,-0.1499437008777005,-354.91786941396055,0.0,0.0
38.76,1938,-0.35784652829170227,0.9337804317474365,-0.3659606873989105,0.058327652513980865,1.6436645984649658,-1.3283326625823975,-0.4793908894062042,0.8776015043258667,-0.4999605119228363,-0.12154436111450195,-0.056178923696279526,-0.13399983942508698,-0.15164449997561863,-355.0695139139362,0.0,0.0
38.78,1939,-0.35614943504333496,0.9344289898872375,-0.36414387822151184,0.09084104746580124,1.6256699562072754,-1.3399982452392578,-0.47911372780799866,0.8777528405189514,-0.4996447265148163,-0.12296430766582489,-0.05667618662118912,-0.13550086319446564,-0.15377259594329037,-355.2232865098795,0.0,0.0
38.800000000000004,1940,-0.35385236144065857,0.9353013038635254,-0.3616867661476135,0.12285517901182175,1.6007064580917358,-1.355008602142334,-0.4785594642162323,0.8780551552772522,-0.49901336431503296,-0.12470708042383194,-0.0572461374104023,-0.13732659816741943,-0.15631844424780525,-355.3796049541273,0.0,0.0
38.82,1941,-0.35096558928489685,0.936388373374939,-0.3586021065711975,0.1542334258556366,1.5689122676849365,-1.3732659816741943,-0.47772809863090515,0.8785077333450317,-0.49806681275367737,-0.1267625093460083,-0.05788061022758484,-0.13946470618247986,-0.15926986292373818,-355.538874817051,0.0,0.0
38.84,1942,-0.3475015163421631,0.9376794099807739,-0.35490524768829346,0.18484263122081757,1.530460238456726,-1.3946471214294434,-0.47661980986595154,0.8791095614433289,-0.49680566787719727,-0.12911827862262726,-0.05856988951563835,-0.14190040528774261,-0.16261197615173656,-355.7014867932027,0.0,0.0
38.86,1943,-0.34347468614578247,0.9391619563102722,-0.35061416029930115,0.21455378830432892,1.4855576753616333,-1.419004201889038,-0.47523465752601624,0.8798590898513794,-0.49523070454597473,-0.13175998628139496,-0.05930284783244133,-0.14461654424667358,-0.16632723015809356,-355.86781402336084,0.0,0.0
38.88,1944,-0.3389017581939697,0.9408217668533325,-0.3457493185997009,0.24324268102645874,1.4344451427459717,-1.4461653232574463,-0.47357288002967834,0.8807546496391296,-0.49334296584129333,-0.13467112183570862,-0.060067132115364075,-0.1475936621427536,-0.17039533276347937,-356.0382093561243,0.0,0.0
38.9,1945,-0.3338014781475067,0.942643404006958,-0.340333491563797,0.27079060673713684,1.3773956298828125,-1.4759365320205688,-0.4716346263885498,0.8817940354347229,-0.4911436140537262,-0.1378331482410431,-0.06084933131933212,-0.1508101224899292,-0.17479334931932017,-356.2130027054436,0.0,0.0
38.92,1946,-0.3281947374343872,0.9446101188659668,-0.3343918025493622,0.29708486795425415,1.314713954925537,-1.5081011056900024,-0.4694202244281769,0.8829748630523682,-0.48863404989242554,-0.14122551679611206,-0.06163521111011505,-0.15424226224422455,-0.17949549884771432,-356.3924982042913,0.0,0.0
38.94,1947,-0.3221043050289154,0.9467042088508606,-0.3279514014720917,0.3220195770263672,1.2467352151870728,-1.5424224138259888,-0.46692997217178345,0.8842942714691162,-0.4858158528804779,-0.14482568204402924,-0.0624098964035511,-0.15786445140838623,-0.18447330661992006,-356.5769715109112,0.0,0.0
38.96,1948,-0.31555500626564026,0.9489072561264038,-0.3210414946079254,0.3454960584640503,1.173823356628418,-1.5786443948745728,-0.46416425704956055,0.8857491612434387,-0.48269081115722656,-0.1486092358827591,-0.06315813213586807,-0.16164933145046234,-0.18969554165348157,-356.7666670525647,0.0,0.0
38.980000000000004,1949,-0.30857354402542114,0.9512004852294922,-0.31369301676750183,0.3674234449863434,1.096369981765747,-1.6164932250976562,-0.4611234664916992,0.8873359560966492,-0.4792608916759491,-0.15254992246627808,-0.06386450678110123,-0.16556787490844727,-0.19512828981783653,-356.9617953423825,0.0,0.0
39.0,1950,-0.3011883497238159,0.9535646438598633,-0.30593863129615784,0.3877193033695221,1.0147924423217773,-1.655678629875183,-0.45780816674232483,0.8890510201454163,-0.4755282700061798,-0.15661980211734772,-0.06451366096735,-0.16958962380886078,-0.2007349729397813,-357.1625303153223,0.0,0.0
39.02,1951,-0.2934296429157257,0.955980658531189,-0.29781243205070496,0.40630993247032166,0.9295316338539124,-1.6958962678909302,-0.45421892404556274,0.8908901214599609,-0.47149527072906494,-0.16078926622867584,-0.06509056687355042,-0.1736828237771988,-0.20647647424781265,-357.3690067895701,0.0,0.0
39.04,1952,-0.285329133272171,0.9584295749664307,-0.28934982419013977,0.42313092947006226,0.8410507440567017,-1.736828327178955,-0.4503563940525055,0.8928488492965698,-0.46716445684432983,-0.16502726078033447,-0.06558071821928024,-0.17781464755535126,-0.21231117640340536,-357.58131796597354,0.0,0.0
39.06,1953,-0.27691999077796936,0.9608929753303528,-0.28058725595474243,0.4381275773048401,0.7498319149017334,-1.7781463861465454,-0.44622138142585754,0.8949226140975952,-0.46253859996795654,-0.16930139064788818,-0.06597037613391876,-0.18195132911205292,-0.21819523310338118,-357.7995131990769,0.0,0.0
39.08,1954,-0.2682366967201233,0.9633530378341675,-0.2715621590614319,0.45125505328178406,0.6563740968704224,-1.8195133209228516,-0.4418147802352905,0.8971062898635864,-0.4576205909252167,-0.17357808351516724,-0.06624674797058105,-0.1860584169626236,-0.22408271946321967,-358.02359591854014,0.0,0.0
39.1,1955,-0.25931471586227417,0.9657928943634033,-0.2623125910758972,0.4624788761138916,0.5611911416053772,-1.8605842590332031,-0.43713751435279846,0.899394690990448,-0.45241352915763855,-0.1778227984905243,-0.06639819592237473,-0.19010093808174133,-0.22992573813053888,-358.25352165667067,0.0,0.0
39.12,1956,-0.2501905858516693,0.9681966304779053,-0.2528770864009857,0.4717750549316406,0.4648081064224243,-1.901009440422058,-0.43219074606895447,0.901782214641571,-0.4469207227230072,-0.18200016021728516,-0.06641439348459244,-0.1940436214208603,-0.23567480753535108,-358.48919646420603,0.0,0.0
39.14,1957,-0.2409013956785202,0.9705495834350586,-0.24329447746276855,0.47913020849227905,0.3677583634853363,-1.9404363632202148,-0.42697566747665405,0.9042630791664124,-0.4411455988883972,-0.18607428669929504,-0.06628648936748505,-0.19785112142562866,-0.24127917009816147,-358.7304756343042,0.0,0.0
39.160000000000004,1958,-0.2314847856760025,0.9728385210037231,-0.23360364139080048,0.4845418334007263,0.2705812156200409,-1.978511095046997,-0.4214937090873718,0.9068313241004944,-0.43509188294410706,-0.19000893831253052,-0.06600720435380936,-0.20148822665214539,-0.2466870146454968,-358.9771626489497,0.0,0.0
39.18,1959,-0.22197429835796356,0.975052535533905,-0.22383882105350494,0.48824140429496765,0.18497899174690247,-2.0,-0.41574639081954956,0.9094805717468262,-0.42876332998275757,-0.193772092461586,-0.06557192653417587,-0.20492450892925262,-0.2512530636181649,-359.2284157125678,0.0,0.0
39.2,1960,-0.2123977541923523,0.9771832823753357,-0.21402804553508759,0.49053874611854553,0.11486686021089554,-2.0,-0.40973538160324097,0.9122044444084167,-0.4221639633178711,-0.19733764231204987,-0.06497887521982193,-0.2081359177827835,-0.2547352857838546,-359.4831509983517,0.0,0.0
39.22,1961,-0.20278339087963104,0.9792236089706421,-0.20419953763484955,0.49142518639564514,0.04432123899459839,-2.0,-0.40346255898475647,0.9149961471557617,-0.4152979552745819,-0.20067916810512543,-0.06422746926546097,-0.21109840273857117,-0.2579644227423293,-359.741115421094,0.0,0.0
39.24,1962,-0.19315983355045319,0.9811673164367676,-0.19438160955905914,0.49089619517326355,-0.02644960768520832,-2.0,-0.3969299793243408,0.9178488850593567,-0.40816962718963623,-0.20377014577388763,-0.0633184164762497,-0.2137880027294159,-0.2609163384796413,-360.00203175957364,0.0,0.0
39.26,1963,-0.18355588614940643,0.9830092787742615,-0.18460258841514587,0.4889514744281769,-0.09723512083292007,-2.0,-0.3901398777961731,0.9207556247711182,-0.4007834792137146,-0.20658397674560547,-0.062253668904304504,-0.21618090569972992,-0.2635670401255447,-360.2655987996992,0.0,0.0
39.28,1964,-0.17400048673152924,0.9847455620765686,-0.1748906821012497,0.4855950176715851,-0.16782324016094208,-2.0,-0.3830946385860443,0.9237090945243835,-0.3931442201137543,-0.20909415185451508,-0.06103647127747536,-0.21825352311134338,-0.265892792584884,-360.5314915922841,0.0,0.0
39.300000000000004,1965,-0.16452258825302124,0.9863733053207397,-0.165273979306221,0.4808349907398224,-0.23800118267536163,-2.0,-0.37579697370529175,0.9267020225524902,-0.3852566182613373,-0.21127437055110931,-0.05967129021883011,-0.21998263895511627,-0.2678702334450977,-360.7993618257292,0.0,0.0
39.32,1966,-0.15515100955963135,0.9878907799720764,-0.15578031539916992,0.47468388080596924,-0.3075563609600067,-2.0,-0.36824968457221985,0.9297269582748413,-0.37712568044662476,-0.2130986601114273,-0.058163829147815704,-0.22134537994861603,-0.2694763090111406,-361.06883813474036,0.0,0.0
39.34,1967,-0.14591434597969055,0.9892972111701965,-0.1464371383190155,0.46715831756591797,-0.3762771189212799,-2.0,-0.36045587062835693,0.9327762722969055,-0.36875656247138977,-0.2145415097475052,-0.05652095377445221,-0.22231940925121307,-0.27068853776968943,-361.33952667251003,0.0,0.0
39.36,1968,-0.1368408501148224,0.9905930161476135,-0.13727155327796936,0.45827925205230713,-0.44395366311073303,-2.0,-0.35241883993148804,0.9358423948287964,-0.36015450954437256,-0.21557798981666565,-0.05475066229701042,-0.2228829562664032,-0.27148500489885397,-361.6110116774089,0.0,0.0
39.38,1969,-0.12795834243297577,0.9917795658111572,-0.12831012904644012,0.44807168841362,-0.510378897190094,-2.0,-0.3441421687602997,0.9389175772666931,-0.35132497549057007,-0.2161838263273239,-0.05286198854446411,-0.22301486134529114,-0.2718443855126456,-361.8828560629215,0.0,0.0
39.4,1970,-0.11929405480623245,0.9928589463233948,-0.11957883089780807,0.43656468391418457,-0.5753492116928101,-2.0,-0.3356296420097351,0.9419940114021301,-0.3422735631465912,-0.21633557975292206,-0.05086493864655495,-0.22269472479820251,-0.2717461453241346,-362.15460220824565,0.0,0.0
39.42,1971,-0.11087457090616226,0.9938344359397888,-0.11110300570726395,0.42379137873649597,-0.6386651396751404,-2.0,-0.32688531279563904,0.9450640082359314,-0.3330059349536896,-0.21601073443889618,-0.04877038672566414,-0.22190293669700623,-0.2711705607807845,-362.4257727690264,0.0,0.0
39.44,1972,-0.10272569209337234,0.9947097301483154,-0.1029072254896164,0.40978872776031494,-0.7001325488090515,-2.0,-0.3179134726524353,0.9481196999549866,-0.323527991771698,-0.21518778800964355,-0.04658999294042587,-0.2206207513809204,-0.27009870737647523,-362.6958714764029,0.0,0.0
39.46,1973,-0.0948723778128624,0.9954894185066223,-0.0950152799487114,0.39459747076034546,-0.7595627903938293,-2.0,-0.308718740940094,0.9511533975601196,-0.313845694065094,-0.2138463705778122,-0.044336069375276566,-0.218830406665802,-0.26851271387009285,-362.964384190273,0.0,0.0
39.480000000000004,1974,-0.08733861893415451,0.9961786866188049,-0.08745003491640091,0.3782620131969452,-0.8167738914489746,-2.0,-0.29930591583251953,0.9541571736335754,-0.30396515130996704,-0.21196730434894562,-0.042021479457616806,-0.21651510894298553,-0.26639565628422224,-363.2307798465572,0.0,0.0
39.5,1975,-0.08014737814664841,0.9967830181121826,-0.08023343235254288,0.3608301877975464,-0.8715909719467163,-2.0,-0.2896801233291626,0.9571235179901123,-0.29389262199401855,-0.2095327526330948,-0.03965951129794121,-0.21365919709205627,-0.26373171727221856,-363.4945115638294,0.0,0.0
39.52,1976,-0.07332051545381546,0.9973084330558777,-0.07338637113571167,0.3423532545566559,-0.9238467812538147,-2.0,-0.27984675765037537,0.9600446820259094,-0.2836344838142395,-0.2065262347459793,-0.037263743579387665,-0.21024811267852783,-0.2605062529836801,-363.7550178168131,0.0,0.0
39.54,1977,-0.06687869876623154,0.9977611303329468,-0.06692865490913391,0.3228856027126312,-0.9733825325965881,-2.0,-0.2698114216327667,0.9629132151603699,-0.2731971740722656,-0.2029327154159546,-0.0348479263484478,-0.2062685191631317,-0.25670582681007026,-364.01172364362316,0.0,0.0
39.56,1978,-0.06084136664867401,0.9981474280357361,-0.06087896600365639,0.3024846315383911,-1.0200481414794922,-2.0,-0.2595800459384918,0.965721607208252,-0.262587308883667,-0.1987386792898178,-0.03242585062980652,-0.2017083466053009,-0.2523182098072642,-364.2640418534304,0.0,0.0
39.58,1979,-0.0552266389131546,0.9984738230705261,-0.055254753679037094,0.2812105715274811,-1.0637028217315674,-2.0,-0.2491588294506073,0.9684626460075378,-0.25181159377098083,-0.1939321905374527,-0.030011210590600967,-0.19655685126781464,-0.24733255622784892,-364.51137440965823,0.0,0.0
39.6,1980,-0.050040990114212036,0.9987471699714661,-0.050061896443367004,0.25964275002479553,-1.078391671180725,-1.9655684232711792,-0.2385542392730713,0.9711291790008545,-0.24087683856487274,-0.18851324915885925,-0.027617989107966423,-0.19081494212150574,-0.24038428783498633,-364.75175869749324,0.0,0.0
39.62,1981,-0.045282620936632156,0.9989742040634155,-0.04529811069369316,0.23818930983543396,-1.0726721286773682,-1.9081493616104126,-0.22777298092842102,0.973714292049408,-0.22978992760181427,-0.18249036371707916,-0.025259951129555702,-0.1844918131828308,-0.23198906858653096,-364.9837477660798,0.0,0.0
39.64,1982,-0.040946654975414276,0.9991613626480103,-0.04095810651779175,0.21700023114681244,-1.0594538450241089,-1.844918131828308,-0.2168220430612564,0.9762111306190491,-0.21855787932872772,-0.17587538063526154,-0.0229501873254776,-0.17759977281093597,-0.22286905070569882,-365.20661681678547,0.0,0.0
39.660000000000004,1983,-0.03702518716454506,0.9993143081665039,-0.037033651024103165,0.19622281193733215,-1.0388708114624023,-1.7759977579116821,-0.20570865273475647,0.9786132574081421,-0.20718778669834137,-0.1686834692955017,-0.020701052621006966,-0.1701541393995285,-0.2130659076383796,-365.41968272442386,0.0,0.0
39.68,1984,-0.03350736200809479,0.999438464641571,-0.0335136353969574,0.17600078880786896,-1.0111016035079956,-1.7015413045883179,-0.1944403052330017,0.9809143543243408,-0.19568683207035065,-0.16093294322490692,-0.01852411776781082,-0.16217319667339325,-0.20262658149069113,-365.62230930591454,0.0,0.0
39.7,1985,-0.030379492789506912,0.9995384216308594,-0.030384166166186333,0.15647341310977936,-0.9763686060905457,-1.6217319965362549,-0.18302473425865173,0.9831082820892334,-0.18406227231025696,-0.15264524519443512,-0.016430126503109932,-0.15367810428142548,-0.19160281088647724,-365.813912116801,0.0,0.0
39.72,1986,-0.027625158429145813,0.9996183514595032,-0.027628673240542412,0.13777467608451843,-0.9349364042282104,-1.5367810726165771,-0.17146988213062286,0.9851893782615662,-0.17232146859169006,-0.14384472370147705,-0.01442899089306593,-0.1446927934885025,-0.18005055901487552,-365.9939626758159,0.0,0.0
39.74,1987,-0.02522534877061844,0.9996817708015442,-0.025228023529052734,0.12003247439861298,-0.8871104121208191,-1.4469279050827026,-0.1597839742898941,0.9871519804000854,-0.1604718118906021,-0.13455861806869507,-0.012529783882200718,-0.13524378836154938,-0.16802944968856331,-366.16199212550447,0.0,0.0
39.76,1988,-0.023158596828579903,0.9997317790985107,-0.023160668089985847,0.10336779057979584,-0.8332341313362122,-1.3524378538131714,-0.1479753702878952,0.9889910221099854,-0.1485207974910736,-0.12481677532196045,-0.01074075698852539,-0.12536011636257172,-0.1556020259902416,-366.3175941514947,0.0,0.0
39.78,1989,-0.02140115387737751,0.9997709393501282,-0.021402787417173386,0.0878940299153328,-0.7736878991127014,-1.253601312637329,-0.1360526978969574,0.9907016158103943,-0.13647596538066864,-0.11465154588222504,-0.009069368243217468,-0.11507318168878555,-0.14283317209578553,-366.46042732359047,0.0,0.0
39.800000000000004,1990,-0.019927142187952995,0.9998014569282532,-0.01992846094071865,0.07371631264686584,-0.7088858485221863,-1.1507318019866943,-0.12402476370334625,0.9922791123390198,-0.12434494495391846,-0.10409761965274811,-0.007522311527282,-0.10441648215055466,-0.12978934052713345,-366.5902166641176,0.0,0.0
39.82,1991,-0.01870875246822834,0.9998250007629395,-0.01870984397828579,0.06093083322048187,-0.6392740607261658,-1.0441648960113525,-0.11190052330493927,0.9937193989753723,-0.1121353805065155,-0.09319177269935608,-0.0061055622063577175,-0.09342553466558456,-0.11653790259783131,-366.7067545667154,0.0,0.0
39.84,1992,-0.017716431990265846,0.9998430609703064,-0.017717357724905014,0.04962429776787758,-0.5653267502784729,-0.9342553615570068,-0.09968913346529007,0.9950186610221863,-0.09985499083995819,-0.08197269588708878,-0.004824419971555471,-0.08213762938976288,-0.10314635282014697,-366.80990091953555,0.0,0.0
39.86,1993,-0.016919083893299103,0.9998568892478943,-0.01691989041864872,0.039873410016298294,-0.4875445067882538,-0.8213763236999512,-0.08739987760782242,0.9961733222007751,-0.08751153200864792,-0.07048079371452332,-0.0036835528444498777,-0.07059163600206375,-0.08968169118833756,-366.8995826107239,0.0,0.0
39.88,1994,-0.016284283250570297,0.9998673796653748,-0.0162850022315979,0.03174440190196037,-0.40645042061805725,-0.7059164047241211,-0.07504218071699142,0.9971803426742554,-0.07511279731988907,-0.058757901191711426,-0.002687042113393545,-0.05882779136300087,-0.07620970959182814,-366.9757923203157,0.0,0.0
39.9,1995,-0.015778494998812675,0.9998754858970642,-0.015779148787260056,0.0252926554530859,-0.3225872814655304,-0.5882779359817505,-0.06262560933828354,0.9980370998382568,-0.06266661733388901,-0.046847112476825714,-0.001838421681895852,-0.04688746854662895,-0.06279435759071812,-367.0385866779064,0.0,0.0
39.92,1996,-0.015367296524345875,0.9998819231987,-0.015367901884019375,0.020562371239066124,-0.23651421070098877,-0.4688746929168701,-0.05015980079770088,0.9987412095069885,-0.05018085613846779,-0.03479250147938728,-0.0011407111305743456,-0.03481295704841614,-0.04949715021949111,-367.0880838281259,0.0,0.0
39.94,1997,-0.015015611425042152,0.9998872876167297,-0.01501617580652237,0.017586303874850273,-0.14880335330963135,-0.348129540681839,-0.03765450045466423,0.9992908239364624,-0.037663403898477554,-0.02263888716697693,-0.000596441444940865,-0.022647226229310036,-0.036376622216666044,-367.12446045034255,0.0,0.0
39.96,1998,-0.014687935821712017,0.9998921155929565,-0.014688463881611824,0.016385577619075775,-0.06003633514046669,-0.22647228837013245,-0.025119516998529434,0.9996844530105591,-0.025122158229351044,-0.010431580245494843,-0.00020767129899468273,-0.010433695279061794,-0.023487836665376346,-367.1479482870079,0.0,0.0
39.980000000000004,1999,-0.014348580501973629,0.9998970627784729,-0.0143490731716156,0.01696956343948841,0.029199324548244476,-0.1043369397521019,-0.01256471686065197,0.9999210834503174,-0.012565047480165958,0.0017838634084910154,2.4007007596082985e-05,0.0017840252257883549,-0.010881947288366178,-367.15883023429626,0.0,0.0
