t,step,x,y,theta,theta_dot,theta_ddot,tau,x_target,y_target,theta_target,ex,ey,etheta,reward,reward_cum,force_left,force_right
0.0,0,0.0,1.0,0.0,0.0,0.0,0.0,0.0,1.0,0.0,0.0,0.0,0.0,0.0,0.0,0.0,0.0
0.02,1,5.303300713421777e-05,1.0,5.303300713421777e-05,0.002651650458574295,0.13258251547813416,0.1767766922712326,0.031390100717544556,0.9995071887969971,0.031395260244607925,0.03133707121014595,-0.0004927892587147653,0.03134222701191902,-0.879991332125363,-0.879991332125363,0.0,0.3535533845424652
0.04,2,0.00015734117187093943,1.0,0.00015734117187093943,0.005215407814830542,0.1281878799200058,0.17183013260364532,0.06262560933828354,0.9980370998382568,0.06266661733388901,0.0624682679772377,-0.001962897600606084,0.06250927597284317,-0.7080780574227664,-1.5880693895481293,0.031395260244607925,0.3750555217266083
0.06,3,0.0003107381344307214,0.9999999403953552,0.0003107381344307214,0.00766984885558486,0.12272204458713531,0.16620543599128723,0.09355364739894867,0.995614230632782,0.0936906561255455,0.09324291348457336,-0.004385711625218391,0.0933799222111702,-0.5713300533567333,-2.1593994429048626,0.06266661733388901,0.39507749676704407
0.08,4,0.0005106257158331573,0.9999998807907104,0.0005106257740408182,0.009994381107389927,0.11622660607099533,0.15992480516433716,0.12402476370334625,0.9922791123390198,0.12434494495391846,0.12351413816213608,-0.007720746099948883,0.12383431941270828,-0.45890288108564153,-2.618302323990504,0.0936906561255455,0.4135402739048004
0.1,5,0.000754013133700937,0.9999997019767761,0.000754013191908598,0.012169373221695423,0.10874959081411362,0.15301303565502167,0.15389446914196014,0.9880872964859009,0.15450850129127502,0.15314045548439026,-0.011912425979971886,0.15375448763370514,-0.3638696327383678,-2.982171956728872,0.12434494495391846,0.4303710162639618
0.12,6,0.001037538517266512,0.999999463558197,0.0010375387500971556,0.01417627651244402,0.10034520924091339,0.1454973816871643,0.18302473425865173,0.9831082820892334,0.18406227231025696,0.1819871962070465,-0.016891151666641235,0.18302473425865173,-0.28177946960061906,-3.263951426329491,0.15450850129127502,0.44550326466560364
0.14,7,0.0013574932236224413,0.9999991059303284,0.0013574936892837286,0.01599774695932865,0.09107349812984467,0.13740752637386322,0.21128518879413605,0.9774244427680969,0.2128896415233612,0.20992769300937653,-0.022574622184038162,0.21153214573860168,-0.20964496832411098,-3.473596394653602,0.18406227231025696,0.4588773250579834
0.16,8,0.0017098478274419904,0.9999985098838806,0.0017098486423492432,0.01761774718761444,0.08099997788667679,0.12877537310123444,0.2385542392730713,0.9711291790008545,0.24087683856487274,0.23684439063072205,-0.02886936254799366,0.2391669899225235,-0.14538764070671856,-3.6189840353603207,0.2128896415233612,0.4704403877258301
0.18,9,0.0020902801770716906,0.9999977946281433,0.0020902815740555525,0.0190216526389122,0.0701952800154686,0.11963500827550888,0.2647198438644409,0.9643253684043884,0.2679134011268616,0.26262956857681274,-0.03567245602607727,0.2658231258392334,-0.08751698858046197,-3.7065010239407825,0.24087683856487274,0.4801468551158905
0.2,10,0.002494205953553319,0.9999969005584717,0.002494208514690399,0.020196346566081047,0.058734696358442307,0.11002248525619507,0.2896801233291626,0.9571235179901123,0.29389262199401855,0.287185937166214,-0.04287337511777878,0.29139840602874756,-0.03493535053486148,-3.741436374475644,0.2679134011268616,0.4879583716392517
0.22,11,0.002916810568422079,0.999995768070221,0.002916814526543021,0.02113030105829239,0.046697791665792465,0.09997577965259552,0.31334367394447327,0.9496397972106934,0.3187119960784912,0.31042686104774475,-0.050355952233076096,0.3157951831817627,0.013185241327263657,-3.7282511331483805,0.29389262199401855,0.4938441812992096
0.24,12,0.0033530814107507467,0.9999943971633911,0.0033530876971781254,0.021813658997416496,0.034167833626270294,0.08953449130058289,0.3356296420097351,0.9419940114021301,0.3422735631465912,0.3322765529155731,-0.058000348508358,0.3389204740524292,0.05748388969106601,-3.6707672434573144,0.3187119960784912,0.497780978679657
0.26,13,0.0037978445179760456,0.9999927878379822,0.003797853598371148,0.022238288074731827,0.021231431514024734,0.07873985171318054,0.3564675450325012,0.9343076944351196,0.3644843101501465,0.35266968607902527,-0.06568507850170135,0.36068645119667053,0.09846492252880418,-3.57230232092851,0.3422735631465912,0.49975326657295227
0.28,14,0.004245797637850046,0.9999909996986389,0.004245810676366091,0.02239784598350525,0.007977962493896484,0.0676344782114029,0.37579697370529175,0.9267020225524902,0.3852566182613373,0.37155115604400635,-0.07328896224498749,0.3810108006000519,0.13653574422430434,-3.435766576704206,0.3644843101501465,0.49975326657295227
0.3,15,0.004691549576818943,0.9999889731407166,0.004691566806286573,0.022287826985120773,-0.005500969011336565,0.05626218020915985,0.39356696605682373,0.9192959666252136,0.404508501291275,0.38887542486190796,-0.08069304376840591,0.39981693029403687,0.17199436843097599,-3.2637722082732297,0.3852566182613373,0.497780978679657
0.32,16,0.005129656288772821,0.9999868273735046,0.005129678640514612,0.02190558612346649,-0.019112030044198036,0.044667840003967285,0.40973538160324097,0.9122044444084167,0.4221639633178711,0.4046057164669037,-0.08778242021799088,0.4170342981815338,0.20516737661160553,-3.0586048316616243,0.404508501291275,0.4938441812992096
0.34,17,0.005554657429456711,0.9999845623970032,0.005554686300456524,0.021250372752547264,-0.03276072442531586,0.03289720416069031,0.42426797747612,0.9055367112159729,0.43815332651138306,0.4187133014202118,-0.09444788843393326,0.43259865045547485,0.23630629134682007,-2.8222985403148044,0.4221639633178711,0.4879583716392517
0.36,18,0.005961117334663868,0.9999822378158569,0.005961152724921703,0.020323334261775017,-0.04635190591216087,0.020996764302253723,0.43713751435279846,0.899394690990448,0.45241352915763855,0.43117639422416687,-0.10058755427598953,0.44645237922668457,0.26563844471666764,-2.556660095598137,0.43815332651138306,0.4801468551158905
0.38,19,0.0063436608761549,0.9999798536300659,0.006343703251332045,0.01912752538919449,-0.059790436178445816,0.009013429284095764,0.44832292199134827,0.8938716650009155,0.46488824486732483,0.4419792592525482,-0.10610820353031158,0.4585445523262024,0.2933764398555073,-2.2632836557426295,0.45241352915763855,0.4704403877258301
0.4,20,0.0066970111802220345,0.9999775886535645,0.006697061005979776,0.017667893320322037,-0.07298160344362259,-0.0030054599046707153,0.45780816674232483,0.8890510201454163,0.4755282700061798,0.4511111378669739,-0.1109265685081482,0.46883121132850647,0.3067116420186446,-1.9565720137239848,0.46488824486732483,0.4588773250579834
0.42,21,0.007016028743237257,0.9999753832817078,0.007016086485236883,0.015951257199048996,-0.08583181351423264,-0.015012502670288086,0.4655815362930298,0.885004997253418,0.48429158329963684,0.45856550335884094,-0.1149703860282898,0.4772754907608032,0.27969262357034813,-1.6768793901536367,0.4755282700061798,0.44550326466560364
0.44,22,0.00729574728757143,0.9999733567237854,0.007295812014490366,0.013986276462674141,-0.09824903309345245,-0.026960283517837524,0.4716346263885498,0.8817940354347229,0.4911436140537262,0.46433889865875244,-0.1181793212890625,0.48384782671928406,0.2511825598938416,-1.4256968302597952,0.48429158329963684,0.4303710162639618
0.46,23,0.007531408686190844,0.9999716281890869,0.007531479932367802,0.011783408001065254,-0.11014343053102493,-0.03880167007446289,0.475961834192276,0.8794659376144409,0.4960573613643646,0.46843039989471436,-0.12050569802522659,0.4885258674621582,0.2209733578827694,-1.204723472377026,0.4911436140537262,0.4135402739048004
0.48,24,0.007718500215560198,0.9999701976776123,0.007718577049672604,0.009354851208627224,-0.12142783403396606,-0.05048993229866028,0.4785594642162323,0.8780551552772522,0.49901336431503296,0.4708409607410431,-0.1219150573015213,0.491294801235199,0.18884616224011017,-1.0158773101369158,0.4960573613643646,0.39507749676704407
0.5,25,0.007852786220610142,0.9999691843986511,0.007852866314351559,0.00671448465436697,-0.1320182979106903,-0.06197892129421234,0.4794255495071411,0.8775825500488281,0.5,0.47157275676727295,-0.12238660454750061,0.49214714765548706,0.15456280334540784,-0.861314506791508,0.49901336431503296,0.3750555217266083
0.52,26,0.007930339314043522,0.9999685287475586,0.007930422201752663,0.0038777932059019804,-0.1418345868587494,-0.0732233077287674,0.4785594642162323,0.8780551552772522,0.49901336431503296,0.47062912583351135,-0.12191340327262878,0.49108293652534485,0.1178555618944085,-0.7434589448970995,0.5,0.3535533845424652
0.54,27,0.007947574369609356,0.999968409538269,0.007947658188641071,0.000861779903061688,-0.1508006602525711,-0.08417871594429016,0.475961834192276,0.8794659376144409,0.4960573613643646,0.4680142402648926,-0.12050247192382812,0.48810967803001404,0.07839445560567042,-0.6650644892914291,0.49901336431503296,0.33065593242645264
0.56,28,0.007901273667812347,0.9999687671661377,0.007901355624198914,-0.002315123565495014,-0.15884517133235931,-0.09480191767215729,0.4716346263885498,0.8817940354347229,0.4911436140537262,0.46373337507247925,-0.1181747242808342,0.4832422733306885,0.035809810328842444,-0.6292546789625867,0.4960573613643646,0.30645352602005005
0.58,29,0.0077886139042675495,0.9999696612358093,0.0077886926010251045,-0.005633160471916199,-0.16590183973312378,-0.1050509661436081,0.4655815362930298,0.885004997253418,0.48429158329963684,0.45779290795326233,-0.11496467143297195,0.4765028953552246,-0.010330593079639102,-0.6395852720422258,0.4911436140537262,0.28104168176651
0.6,30,0.007607191801071167,0.9999710917472839,0.007607265375554562,-0.009071358479559422,-0.17190992832183838,-0.11488543450832367,0.45780816674232483,0.8890510201454163,0.4755282700061798,0.45020097494125366,-0.11092005670070648,0.4679209887981415,-0.060592843962142186,-0.700178116004368,0.48429158329963684,0.2545207142829895
0.62,31,0.00735504599288106,0.999972939491272,0.007355112116783857,-0.012607649900019169,-0.17681458592414856,-0.12426651269197464,0.44832292199134827,0.8938716650009155,0.46488824486732483,0.440967857837677,-0.10610127449035645,0.4575331211090088,-0.11570237132959772,-0.8158804873339657,0.4755282700061798,0.22699524462223053
0.64,32,0.00703067472204566,0.9999752640724182,0.007030732464045286,-0.016218993812799454,-0.18056720495224,-0.1331571489572525,0.43713751435279846,0.899394690990448,0.45241352915763855,0.43010684847831726,-0.1005806028842926,0.4453828036785126,-0.17660965721003766,-0.9924901445440033,0.46488824486732483,0.19857394695281982
0.66,33,0.006633053533732891,0.9999780058860779,0.006633102428168058,-0.019881509244441986,-0.18312577903270721,-0.14152228832244873,0.42426797747612,0.9055367112159729,0.43815332651138306,0.41763490438461304,-0.09444131702184677,0.4315202236175537,-0.2445898493064141,-1.2370799938504173,0.45241352915763855,0.16936896741390228
0.68,34,0.006161651108413935,0.9999810457229614,0.0061616902239620686,-0.02357061207294464,-0.18445514142513275,-0.14932888746261597,0.40973538160324097,0.9122044444084167,0.4221639633178711,0.4035737216472626,-0.08777659386396408,0.4160022735595703,-0.32139688084646584,-1.5584768746968831,0.43815332651138306,0.13949555158615112
0.7000000000000001,35,0.005616437178105116,0.9999842047691345,0.005616466980427504,-0.02726115845143795,-0.18452724814414978,-0.15654617547988892,0.39356696605682373,0.9192959666252136,0.404508501291275,0.3879505395889282,-0.08068828284740448,0.39889204502105713,-0.40951235646739464,-1.9679892311642777,0.4221639633178711,0.10907161980867386
0.72,36,0.0049978941679000854,0.9999874830245972,0.004997915122658014,-0.030927585437893867,-0.18332134187221527,-0.16314563155174255,0.37579697370529175,0.9267020225524902,0.3852566182613373,0.37079906463623047,-0.07328548282384872,0.380258709192276,-0.5125648997522383,-2.480554130916516,0.404508501291275,0.07821723073720932
0.74,37,0.004307020455598831,0.999990701675415,0.004307033959776163,-0.034544069319963455,-0.1808241456747055,-0.16910123825073242,0.3564675450325012,0.9343076944351196,0.3644843101501465,0.3521605134010315,-0.06568301469087601,0.36017727851867676,-0.6360734804854018,-3.116627611401918,0.3852566182613373,0.04705415666103363
0.76,38,0.003545332932844758,0.9999937415122986,0.003545340383425355,-0.038084667176008224,-0.1770300567150116,-0.17438946664333344,0.3356296420097351,0.9419940114021301,0.3422735631465912,0.3320842981338501,-0.057999685406684875,0.3387282192707062,-0.7888512600889277,-3.9054788714908453,0.3644843101501465,0.015705378726124763
0.78,39,0.002714867237955332,0.9999963045120239,0.002714870497584343,-0.041523490101099014,-0.1719411164522171,-0.1789894700050354,0.31334367394447327,0.9496397972106934,0.3187119960784912,0.3106288015842438,-0.05035652220249176,0.3159971237182617,-0.8790161878623052,-4.784495059353151,0.3422735631465912,-0.015705378726124763
0.8,40,0.0018181728664785624,0.9999983310699463,0.0018181739142164588,-0.04483483359217644,-0.16556712985038757,-0.18288308382034302,0.2896801233291626,0.9571235179901123,0.29389262199401855,0.28786197304725647,-0.042874835431575775,0.29207444190979004,-0.8763694586791397,-5.66086451803229,0.3187119960784912,-0.04705415666103363
0.8200000000000001,41,0.000858306884765625,0.9999996423721313,0.0008583069429732859,-0.04799334704875946,-0.15792569518089294,-0.18605493009090424,0.2647198438644409,0.9643253684043884,0.2679134011268616,0.2638615369796753,-0.03567427024245262,0.26705509424209595,-0.8742133575152562,-6.535077875547547,0.29389262199401855,-0.07821723073720932
0.84,42,-0.00016117682389449328,1.0,-0.00016117682389449328,-0.05097419023513794,-0.14904211461544037,-0.18849250674247742,0.2385542392730713,0.9711291790008545,0.24087683856487274,0.23871541023254395,-0.02887081168591976,0.2410380095243454,-0.872556522392563,-7.40763439794011,0.2679134011268616,-0.10907161980867386
0.86,43,-0.0012362400302663445,0.9999992251396179,-0.00123624037951231,-0.05375317484140396,-0.13894931972026825,-0.19018620252609253,0.21128518879413605,0.9774244427680969,0.2128896415233612,0.21252143383026123,-0.022574778646230698,0.2141258865594864,-0.871405605769813,-8.279040003709923,0.24087683856487274,-0.13949555158615112
0.88,44,-0.0023623767774552107,0.9999971985816956,-0.0023623791057616472,-0.056306932121515274,-0.12768778204917908,-0.19112929701805115,0.18302473425865173,0.9831082820892334,0.18406227231025696,0.18538710474967957,-0.016888899728655815,0.18642465770244598,-0.8707652171226625,-9.149805220832587,0.2128896415233612,-0.16936896741390228
0.9,45,-0.0035346325021237135,0.9999937415122986,-0.0035346397198736668,-0.058613039553165436,-0.11530528962612152,-0.1913181096315384,0.15389446914196014,0.9880872964859009,0.15450850129127502,0.15742909908294678,-0.011906463652849197,0.15804313123226166,-0.8706379292075543,-10.02044315004014,0.18406227231025696,-0.19857394695281982
0.92,46,-0.004747625440359116,0.9999887347221375,-0.004747643135488033,-0.06065017357468605,-0.10185682773590088,-0.19075188040733337,0.12402476370334625,0.9922791123390198,0.12434494495391846,0.12877239286899567,-0.007709606550633907,0.12909258902072906,-0.871024247953864,-10.891467397994004,0.15450850129127502,-0.22699524462223053
0.9400000000000001,47,-0.005995572544634342,0.9999819993972778,-0.005995608400553465,-0.06239825859665871,-0.08740425854921341,-0.18943282961845398,0.09355364739894867,0.995614230632782,0.0936906561255455,0.09954921901226044,-0.004367786459624767,0.09968626499176025,-0.8719226239741892,-11.763390021968194,0.12434494495391846,-0.2545207142829895
0.96,48,-0.007272316142916679,0.9999735355377197,-0.0072723799385130405,-0.06383857876062393,-0.07201605290174484,-0.18736617267131805,0.06262560933828354,0.9980370998382568,0.06266661733388901,0.06989792734384537,-0.0019364663166925311,0.06993899494409561,-0.8733294646769117,-12.636719486645106,0.0936906561255455,-0.28104168176651
0.98,49,-0.008571353740990162,0.9999632835388184,-0.008571458049118519,-0.06495392322540283,-0.055767010897397995,-0.18456007540225983,0.031390100717544556,0.9995071887969971,0.031395260244607925,0.03996145725250244,-0.0004560559755191207,0.03996671736240387,-0.8752391132722354,-13.51195859991734,0.06266661733388901,-0.30645352602005005
1.0,50,-0.009885870851576328,0.9999511241912842,-0.009886031970381737,-0.06572867929935455,-0.03873782604932785,-0.18102559447288513,6.123234262925839e-17,1.0,6.123234262925839e-17,0.009885870851576328,4.88664154545404e-05,0.009886031970381737,-0.8776439242369026,-14.389602524154244,0.031395260244607925,-0.33065593242645264
1.02,51,-0.011208776384592056,0.9999371767044067,-0.01120901107788086,-0.06614897400140762,-0.021014750003814697,-0.1767766922712326,-0.031390100717544556,0.9995071887969971,-0.031395260244607925,-0.02018132619559765,-0.000429970386903733,-0.020186249166727066,-0.8805342592489691,-15.270136783403213,6.123234262925839e-17,-0.3535533845424652
1.04,52,-0.012532738037407398,0.999921441078186,-0.012533066794276237,-0.06620275229215622,-0.002689148997887969,-0.17183013260364532,-0.06262560933828354,0.9980370998382568,-0.06266661733388901,-0.05009286850690842,-0.0018843720899894834,-0.05013354867696762,-0.7080780574227664,-15.978214840825979,-0.031395260244607925,-0.3750555217266083
1.06,53,-0.013850221410393715,0.9999040961265564,-0.013850664719939232,-0.06587989628314972,0.016142958775162697,-0.16620543599128723,-0.09355364739894867,0.995614230632782,-0.0936906561255455,-0.0797034278512001,-0.004289841279387474,-0.07983998954296112,-0.5713300533567333,-16.549544894182713,-0.06266661733388901,-0.39507749676704407
1.08,54,-0.015153530053794384,0.9998852014541626,-0.01515411026775837,-0.06517226994037628,0.03538139909505844,-0.15992480516433716,-0.12402476370334625,0.9922791123390198,-0.12434494495391846,-0.108871228992939,-0.007606055121868849,-0.10919083654880524,-0.45890288108564153,-17.008447775268355,-0.0936906561255455,-0.4135402739048004
1.1,55,-0.016434846445918083,0.999864935874939,-0.016435585916042328,-0.0640738233923912,0.054922327399253845,-0.15301303565502167,-0.15389446914196014,0.9880872964859009,-0.15450850129127502,-0.1374596208333969,-0.011777648702263832,-0.1380729079246521,-0.3638696327383678,-17.372317408006722,-0.12434494495391846,-0.4303710162639618
1.12,56,-0.017686277627944946,0.9998435974121094,-0.017687199637293816,-0.0625806450843811,0.07465880364179611,-0.1454973816871643,-0.18302473425865173,0.9831082820892334,-0.18406227231025696,-0.1653384566307068,-0.016735276207327843,-0.166375070810318,-0.28177946960061906,-17.65409687760734,-0.15450850129127502,-0.44550326466560364
1.1400000000000001,57,-0.018899893388152122,0.9998213648796082,-0.018901020288467407,-0.060691021382808685,0.09448130428791046,-0.13740752637386322,-0.21128518879413605,0.9774244427680969,-0.2128896415233612,-0.19238530099391937,-0.02239692397415638,-0.1939886212348938,-0.20964496832411098,-17.86374184593145,-0.18406227231025696,-0.4588773250579834
1.16,58,-0.02006778120994568,0.999798595905304,-0.020069127902388573,-0.058405451476573944,0.11427833884954453,-0.12877537310123444,-0.2385542392730713,0.9711291790008545,-0.24087683856487274,-0.2184864580631256,-0.02866944670677185,-0.22080770134925842,-0.14538764070671856,-18.00912948663817,-0.2128896415233612,-0.4704403877258301
1.18,59,-0.02118207886815071,0.9997756481170654,-0.021183662116527557,-0.05572671443223953,0.13393700122833252,-0.11963500827550888,-0.2647198438644409,0.9643253684043884,-0.2679134011268616,-0.2435377687215805,-0.035450275987386703,-0.24672973155975342,-0.08751698858046197,-18.09664647521863,-0.24087683856487274,-0.4801468551158905
1.2,60,-0.022235026583075523,0.9997527599334717,-0.022236859425902367,-0.052659839391708374,0.15334360301494598,-0.11002248525619507,-0.2896801233291626,0.9571235179901123,-0.29389262199401855,-0.2674451172351837,-0.04262925684452057,-0.27165576815605164,-0.03493535053486148,-18.131581825753493,-0.2679134011268616,-0.4879583716392517
1.22,61,-0.023219015449285507,0.9997304081916809,-0.023221103474497795,-0.04921215772628784,0.17238423228263855,-0.09997577965259552,-0.31334367394447327,0.9496397972106934,-0.3187119960784912,-0.29012465476989746,-0.05009060725569725,-0.29549089074134827,0.013185241327263657,-18.11839658442623,-0.29389262199401855,-0.4938441812992096
1.24,62,-0.024126626551151276,0.999708890914917,-0.02412896789610386,-0.04539324715733528,0.19094544649124146,-0.08953449130058289,-0.3356296420097351,0.9419940114021301,-0.3422735631465912,-0.31150299310684204,-0.057714883238077164,-0.3181445896625519,0.05748388969106601,-18.060912694735162,-0.3187119960784912,-0.497780978679657
1.26,63,-0.024950677528977394,0.9996886849403381,-0.024953266605734825,-0.0412149503827095,0.2089148461818695,-0.07873985171318054,-0.3564675450325012,0.9343076944351196,-0.3644843101501465,-0.3315168619155884,-0.06538097560405731,-0.3395310342311859,0.09846492252880418,-17.962447772206357,-0.3422735631465912,-0.49975326657295227
1.28,64,-0.02568426914513111,0.9996700882911682,-0.025687092915177345,-0.036691319197416306,0.22618161141872406,-0.0676344782114029,-0.37579697370529175,0.9267020225524902,-0.3852566182613373,-0.3501127064228058,-0.07296808063983917,-0.3595695197582245,0.13653574422430434,-17.825912027982053,-0.3644843101501465,-0.49975326657295227
1.3,65,-0.026320824399590492,0.9996535181999207,-0.026323864236474037,-0.03183857351541519,0.2426372915506363,-0.05626218020915985,-0.39356696605682373,0.9192959666252136,-0.404508501291275,-0.367246150970459,-0.08035759627819061,-0.37818464636802673,0.17199436843097599,-17.653917659551077,-0.3852566182613373,-0.497780978679657
1.32,66,-0.0268541369587183,0.9996393918991089,-0.026857364922761917,-0.026675047352910042,0.2581762671470642,-0.044667840003967285,-0.40973538160324097,0.9122044444084167,-0.4221639633178711,-0.3828812539577484,-0.08743494004011154,-0.3953065872192383,0.20516737661160553,-17.44875028293947,-0.404508501291275,-0.4938441812992096
1.34,67,-0.02727840468287468,0.9996278882026672,-0.027281787246465683,-0.021221119910478592,0.2726963758468628,-0.03289720416069031,-0.42426797747612,0.9055367112159729,-0.43815332651138306,-0.3969895541667938,-0.09409119188785553,-0.41087156534194946,0.23630629134682007,-17.21244399159265,-0.4221639633178711,-0.4879583716392517
1.36,68,-0.027588270604610443,0.9996193647384644,-0.027591770514845848,-0.015499128960072994,0.28609949350357056,-0.020996764302253723,-0.43713751435279846,0.899394690990448,-0.45241352915763855,-0.4095492362976074,-0.10022468864917755,-0.42482176423072815,0.26563844471666764,-16.946805546875982,-0.43815332651138306,-0.4801468551158905
1.3800000000000001,69,-0.027778862044215202,0.9996141195297241,-0.027782436460256577,-0.009533285163342953,0.2982921898365021,-0.009013429284095764,-0.44832292199134827,0.8938716650009155,-0.46488824486732483,-0.4205440580844879,-0.10574241727590561,-0.43710580468177795,0.2933764398555073,-16.653429107020475,-0.45241352915763855,-0.4704403877258301
1.4000000000000001,70,-0.027845827862620354,0.9996122121810913,-0.027849428355693817,-0.0033495640382170677,0.30918607115745544,0.0030054599046707153,-0.45780816674232483,0.8890510201454163,-0.4755282700061798,-0.4299623370170593,-0.11056122183799744,-0.4476788341999054,0.3067116420186446,-16.34671746500183,-0.46488824486732483,-0.4588773250579834
1.42,71,-0.02778536267578602,0.9996139407157898,-0.027788938954472542,0.0030244060326367617,0.3186984956264496,0.015012502670288086,-0.4655815362930298,0.885004997253418,-0.48429158329963684,-0.43779614567756653,-0.11460891366004944,-0.45650264620780945,0.27969262357034813,-16.067024841431483,-0.4755282700061798,-0.44550326466560364
1.44,72,-0.027594247832894325,0.99961918592453,-0.02759774960577488,0.009559466503560543,0.32675302028656006,0.026960283517837524,-0.4716346263885498,0.8817940354347229,-0.4911436140537262,-0.4440403878688812,-0.11782514303922653,-0.46354588866233826,0.2511825598938416,-15.815842281537641,-0.48429158329963684,-0.4303710162639618
1.46,73,-0.027269868180155754,0.9996281266212463,-0.02727324888110161,0.016225062310695648,0.3332797884941101,0.03880167007446289,-0.475961834192276,0.8794659376144409,-0.4960573613643646,-0.4486919641494751,-0.12016216665506363,-0.4687840938568115,0.2209733578827694,-15.594868923654872,-0.4911436140537262,-0.4135402739048004
1.48,74,-0.02681024745106697,0.9996405243873596,-0.026813460513949394,0.022989382967352867,0.338216096162796,0.05048993229866028,-0.4785594642162323,0.8780551552772522,-0.49901336431503296,-0.45174920558929443,-0.12158538401126862,-0.4721999168395996,0.18884616224011017,-15.40602276141476,-0.4960573613643646,-0.39507749676704407
1.5,75,-0.02621406689286232,0.9996563792228699,-0.02621707133948803,0.029819516465067863,0.341506689786911,0.06197892129421234,-0.4794255495071411,0.8775825500488281,-0.5,-0.4532114565372467,-0.12207379192113876,-0.4737829267978668,0.15456280334540784,-15.251459958069352,-0.49901336431503296,-0.3750555217266083
1.52,76,-0.02548068016767502,0.9996753334999084,-0.02548343874514103,0.03668160364031792,0.3431042432785034,0.0732233077287674,-0.4785594642162323,0.8780551552772522,-0.49901336431503296,-0.4530787765979767,-0.12162016332149506,-0.4735299348831177,0.1178555618944085,-15.133604396174944,-0.5,-0.3535533845424652
1.54,77,-0.024610133841633797,0.9996971487998962,-0.02461261861026287,0.04354099556803703,0.3429696261882782,0.08417871594429016,-0.475961834192276,0.8794659376144409,-0.4960573613643646,-0.45135167241096497,-0.12023118138313293,-0.4714447259902954,0.07839445560567042,-15.055209940569274,-0.49901336431503296,-0.33065593242645264
1.56,78,-0.023603178560733795,0.9997214078903198,-0.02360537089407444,0.050362441688776016,0.3410722315311432,0.09480191767215729,-0.4716346263885498,0.8817940354347229,-0.4911436140537262,-0.4480314552783966,-0.11792734265327454,-0.4675382673740387,0.035809810328842444,-15.019400130240431,-0.4960573613643646,-0.30645352602005005
1.58,79,-0.02246127650141716,0.9997476935386658,-0.02246316522359848,0.057110242545604706,0.3373902142047882,0.1050509661436081,-0.4655815362930298,0.885004997253418,-0.48429158329963684,-0.44312024116516113,-0.1147427186369896,-0.46182841062545776,-0.010330593079639102,-15.02973072332007,-0.4911436140537262,-0.28104168176651
1.6,80,-0.02118661068379879,0.9997755289077759,-0.021188195794820786,0.06374845653772354,0.3319106996059418,0.11488543450832367,-0.45780816674232483,0.8890510201454163,-0.4755282700061798,-0.4366215467453003,-0.11072453111410141,-0.4543400704860687,-0.060592843962142186,-15.090323567282212,-0.48429158329963684,-0.2545207142829895
1.62,81,-0.019782084971666336,0.9998043179512024,-0.019783373922109604,0.0702410563826561,0.3246300518512726,0.12426651269197464,-0.44832292199134827,0.8938716650009155,-0.46488824486732483,-0.42854082584381104,-0.10593263804912567,-0.4451048672199249,-0.11570237132959772,-15.206025938611809,-0.4755282700061798,-0.22699524462223053
1.6400000000000001,82,-0.018251318484544754,0.9998334050178528,-0.018252331763505936,0.0765521377325058,0.31555384397506714,0.1331571489572525,-0.43713751435279846,0.899394690990448,-0.45241352915763855,-0.4188861846923828,-0.10043875128030777,-0.4341611862182617,-0.17660965721003766,-15.382635595821847,-0.46488824486732483,-0.19857394695281982
1.6600000000000001,83,-0.016598647460341454,0.9998622536659241,-0.016599411144852638,0.08264607936143875,0.3046971261501312,0.14152228832244873,-0.42426797747612,0.9055367112159729,-0.43815332651138306,-0.407669335603714,-0.09432554990053177,-0.42155393958091736,-0.2445898493064141,-15.627225445128262,-0.45241352915763855,-0.16936896741390228
1.68,84,-0.014829111285507679,0.9998900294303894,-0.014829655177891254,0.08848776668310165,0.292084276676178,0.14932888746261597,-0.40973538160324097,0.9122044444084167,-0.4221639633178711,-0.39490628242492676,-0.08768561482429504,-0.4073342978954315,-0.32139688084646584,-15.948622325974728,-0.43815332651138306,-0.13949555158615112
1.7,85,-0.01294843852519989,0.999916136264801,-0.012948799878358841,0.09404274821281433,0.27774912118911743,0.15654617547988892,-0.39356696605682373,0.9192959666252136,-0.404508501291275,-0.38061854243278503,-0.08062021434307098,-0.3915596902370453,-0.40951235646739464,-16.358134682442124,-0.4221639633178711,-0.10907161980867386
1.72,86,-0.010963032022118568,0.9999399185180664,-0.010963251814246178,0.09927744418382645,0.26173481345176697,0.16314563155174255,-0.37579697370529175,0.9267020225524902,-0.3852566182613373,-0.36483392119407654,-0.07323788106441498,-0.37429335713386536,-0.5125648997522383,-16.870699582194362,-0.404508501291275,-0.07821723073720932
1.74,87,-0.008879948407411575,0.9999606013298035,-0.008880064822733402,0.10415931791067123,0.24409377574920654,0.16910123825073242,-0.3564675450325012,0.9343076944351196,-0.3644843101501465,-0.34758758544921875,-0.06565286219120026,-0.35560426115989685,-0.6360734804854018,-17.506773062679763,-0.3852566182613373,-0.04705415666103363
1.76,88,-0.006706873420625925,0.9999775290489197,-0.006706923712044954,0.10865706950426102,0.22488746047019958,0.17438946664333344,-0.3356296420097351,0.9419940114021301,-0.3422735631465912,-0.32892274856567383,-0.057983480393886566,-0.3355666399002075,-0.7888512600889277,-18.295624322768692,-0.3644843101501465,-0.015705378726124763
1.78,89,-0.004452093038707972,0.9999901056289673,-0.004452107939869165,0.11274079233407974,0.20418620109558105,0.1789894700050354,-0.31334367394447327,0.9496397972106934,-0.3187119960784912,-0.3088915944099426,-0.05035029724240303,-0.3142598867416382,-0.8790161878623052,-19.174640510630997,-0.3422735631465912,0.015705378726124763
1.8,90,-0.0021244629751890898,0.9999977350234985,-0.0021244646050035954,0.1163821667432785,0.18206894397735596,0.18288308382034302,-0.2896801233291626,0.9571235179901123,-0.29389262199401855,-0.28755566477775574,-0.042874228209257126,-0.2917681634426117,-0.8763694586791397,-20.051009969310137,-0.3187119960784912,0.04705415666103363
1.82,91,0.00026662807795219123,0.9999999403953552,0.00026662807795219123,0.11955463141202927,0.15862296521663666,0.18605493009090424,-0.2647198438644409,0.9643253684043884,-0.2679134011268616,-0.26498648524284363,-0.03567460551857948,-0.2681800127029419,-0.8742133575152562,-20.925223326825392,-0.29389262199401855,0.07821723073720932
1.84,92,0.002711294684559107,0.9999963045120239,0.0027112981770187616,0.12223350256681442,0.13394351303577423,0.18849250674247742,-0.2385542392730713,0.9711291790008545,-0.24087683856487274,-0.24126553535461426,-0.028867149725556374,-0.2435881346464157,-0.872556522392563,-21.797779849217957,-0.2679134011268616,0.10907161980867386
1.86,93,0.005199198145419359,0.999986469745636,0.005199221428483725,0.12439616769552231,0.10813336074352264,0.19018620252609253,-0.21128518879413605,0.9774244427680969,-0.2128896415233612,-0.21648438274860382,-0.022562026977539062,-0.21808886528015137,-0.871405605769813,-22.66918545498777,-0.24087683856487274,0.13949555158615112
1.8800000000000001,94,0.007719588931649923,0.9999701976776123,0.007719665765762329,0.12602221965789795,0.0813024714589119,0.19112929701805115,-0.18302473425865173,0.9831082820892334,-0.18406227231025696,-0.1907443255186081,-0.016861893236637115,-0.1917819380760193,-0.8707652171226625,-23.539950672110432,-0.2128896415233612,0.16936896741390228
1.9000000000000001,95,0.010261356830596924,0.9999473690986633,0.0102615375071764,0.12709356844425201,0.05356743559241295,0.1913181096315384,-0.15389446914196014,0.9880872964859009,-0.15450850129127502,-0.16415582597255707,-0.011860061436891556,-0.16477003693580627,-0.8706379292075543,-24.410588601317986,-0.18406227231025696,0.19857394695281982
1.92,96,0.012813078239560127,0.9999179244041443,0.012813428416848183,0.12759459018707275,0.025050995871424675,0.19075188040733337,-0.12402476370334625,0.9922791123390198,-0.12434494495391846,-0.13683784008026123,-0.0076387859880924225,-0.1371583789587021,-0.871024247953864,-25.281612849271852,-0.15450850129127502,0.22699524462223053
1.94,97,0.01536306831985712,0.9998819828033447,0.015363672748208046,0.12751221656799316,-0.004118508193641901,0.18943282961845398,-0.09355364739894867,0.995614230632782,-0.0936906561255455,-0.10891671478748322,-0.004267740994691849,-0.1090543270111084,-0.8719226239741892,-26.15353547324604,-0.12434494495391846,0.2545207142829895
1.96,98,0.017899438738822937,0.9998397827148438,0.017900394275784492,0.12683606147766113,-0.033807747066020966,0.18736617267131805,-0.06262560933828354,0.9980370998382568,-0.06266661733388901,-0.08052504807710648,-0.0018027022015303373,-0.08056700974702835,-0.8733294646769117,-27.02686493792295,-0.0936906561255455,0.28104168176651
1.98,99,0.020410146564245224,0.99979168176651,0.02041156403720379,0.12555848062038422,-0.06387897580862045,0.18456007540225983,-0.031390100717544556,0.9995071887969971,-0.031395260244607925,-0.05180024728178978,-0.00028448193916119635,-0.051806822419166565,-0.8752391132722354,-27.902104051195188,-0.06266661733388901,0.30645352602005005
2.0,100,0.022883059456944466,0.9997381567955017,0.02288505807518959,0.1236746683716774,-0.09419072419404984,0.18102559447288513,-1.2246468525851679e-16,1.0,-1.2246468525851679e-16,-0.022883059456944466,0.0002618514990899712,-0.02288505807518959,-0.8776439242369026,-28.77974797543209,-0.031395260244607925,0.33065593242645264
2.02,101,0.025306008756160736,0.9996797442436218,0.02530871145427227,0.12118269503116608,-0.12459845095872879,0.1767766922712326,0.031390100717544556,0.9995071887969971,0.031395260244607925,0.006084092892706394,-0.00017254234990105033,0.006086548790335655,-0.8805342592489691,-29.66028223468106,-1.2246468525851679e-16,0.3535533845424652
2.04,102,0.0276668518781662,0.9996172189712524,0.02767038345336914,0.11808359622955322,-0.154955193400383,0.17183013260364532,0.06262560933828354,0.9980370998382568,0.06266661733388901,0.03495875746011734,-0.001580109354108572,0.03499623388051987,-0.7080780574227664,-30.368360292103826,0.031395260244607925,0.3750555217266083
2.06,103,0.029953528195619583,0.9995512962341309,0.029958009719848633,0.114381343126297,-0.1851123571395874,0.16620543599128723,0.09355364739894867,0.995614230632782,0.0936906561255455,0.06360012292861938,-0.003937052562832832,0.06373264640569687,-0.5713300533567333,-30.93969034546056,0.06266661733388901,0.39507749676704407
2.08,104,0.03215412423014641,0.9994829297065735,0.03215966746211052,0.11008293926715851,-0.21492032706737518,0.15992480516433716,0.12402476370334625,0.9922791123390198,0.12434494495391846,0.09187063574790955,-0.007203799206763506,0.09218527376651764,-0.45890288108564153,-31.3985932265462,0.0936906561255455,0.4135402739048004
2.1,105,0.03425693139433861,0.9994130730628967,0.03426363691687584,0.10519835352897644,-0.2442293018102646,0.15301303565502167,0.15389446914196014,0.9880872964859009,0.15450850129127502,0.11963754147291183,-0.011325769126415253,0.12024486064910889,-0.3638696327383678,-31.762462859284568,0.12434494495391846,0.4303710162639618
2.12,106,0.03625050187110901,0.9993427395820618,0.03625844791531563,0.09974055737257004,-0.27288997173309326,0.1454973816871643,0.18302473425865173,0.9831082820892334,0.18406227231025696,0.14677423238754272,-0.016234425827860832,0.14780382812023163,-0.28177946960061906,-32.04424232888519,0.15450850129127502,0.44550326466560364
2.14,107,0.0381237156689167,0.9992730021476746,0.038132958114147186,0.09372547268867493,-0.30075424909591675,0.13740752637386322,0.21128518879413605,0.9774244427680969,0.2128896415233612,0.17316147685050964,-0.021848570555448532,0.17475669085979462,-0.20964496832411098,-32.2538872972093,0.18406227231025696,0.4588773250579834
2.16,108,0.039865829050540924,0.9992050528526306,0.03987639397382736,0.08717194944620132,-0.32767602801322937,0.12877537310123444,0.2385542392730713,0.9711291790008545,0.24087683856487274,0.19868841767311096,-0.028075866401195526,0.20100043714046478,-0.14538764070671856,-32.39927493791602,0.2128896415233612,0.4704403877258301
2.18,109,0.04146653786301613,0.9991399049758911,0.04147842898964882,0.08010171353816986,-0.3535119295120239,0.11963500827550888,0.2647198438644409,0.9643253684043884,0.2679134011268616,0.2232533097267151,-0.03481453284621239,0.22643496096134186,-0.08751698858046197,-32.48679192649648,0.24087683856487274,0.4801468551158905
2.2,110,0.04291602969169617,0.9990786910057068,0.042929213494062424,0.07253926992416382,-0.3781220316886902,0.11002248525619507,0.2896801233291626,0.9571235179901123,0.29389262199401855,0.24676410853862762,-0.041955169290304184,0.250963419675827,-0.03493535053486148,-32.52172727703134,0.2679134011268616,0.4879583716392517
2.22,111,0.04420504346489906,0.9990224838256836,0.044219452887773514,0.06451185792684555,-0.40137043595314026,0.09997577965259552,0.31334367394447327,0.9496397972106934,0.3187119960784912,0.2691386342048645,-0.049382686614990234,0.2744925320148468,0.013185241327263657,-32.508542035704075,0.29389262199401855,0.4938441812992096
2.24,112,0.04532490670681,0.9989722967147827,0.045340437442064285,0.05604933574795723,-0.423126220703125,0.08953449130058289,0.3356296420097351,0.9419940114021301,0.3422735631465912,0.2903047204017639,-0.056978270411491394,0.296933114528656,0.05748388969106601,-32.45105814601301,0.3187119960784912,0.497780978679657
2.2600000000000002,113,0.04626759514212608,0.9989290833473206,0.04628412052989006,0.047184057533741,-0.4432639479637146,0.07873985171318054,0.3564675450325012,0.9343076944351196,0.3644843101501465,0.31019994616508484,-0.06462137401103973,0.3182002007961273,0.09846492252880418,-32.352593223484206,0.3422735631465912,0.49975326657295227
2.2800000000000002,114,0.047025784850120544,0.998893678188324,0.04704313352704048,0.037950772792100906,-0.4616643190383911,0.0676344782114029,0.37579697370529175,0.9267020225524902,0.3852566182613373,0.32877117395401,-0.07219164818525314,0.3382134735584259,0.13653574422430434,-32.2160574792599,0.3644843101501465,0.49975326657295227
2.3000000000000003,115,0.047592878341674805,0.9988667964935303,0.04761086404323578,0.028386475518345833,-0.4782148599624634,0.05626218020915985,0.39356696605682373,0.9192959666252136,0.404508501291275,0.3459740877151489,-0.07957086712121964,0.35689762234687805,0.17199436843097599,-32.04406311082893,0.3852566182613373,0.497780978679657
2.32,116,0.047963060438632965,0.998849093914032,0.047981470823287964,0.018530264496803284,-0.49281051754951477,0.044667840003967285,0.40973538160324097,0.9122044444084167,0.4221639633178711,0.3617723286151886,-0.08664468675851822,0.37418249249458313,0.20516737661160553,-31.838895734217324,0.404508501291275,0.4938441812992096
2.34,117,0.04813133180141449,0.9988409876823425,0.04814993217587471,0.008423177525401115,-0.5053543448448181,0.03289720416069031,0.42426797747612,0.9055367112159729,0.43815332651138306,0.3761366307735443,-0.09330432862043381,0.39000341296195984,0.23630629134682007,-31.602589442870503,0.4221639633178711,0.4879583716392517
2.36,118,0.048093535006046295,0.9988428354263306,0.04811209440231323,-0.001891976222395897,-0.51575767993927,0.020996764302253723,0.43713751435279846,0.899394690990448,0.45241352915763855,0.38904398679733276,-0.09944815933704376,0.4043014347553253,0.26563844471666764,-31.336950998153835,0.43815332651138306,0.4801468551158905
2.38,119,0.04784640297293663,0.9988546967506409,0.047864679247140884,-0.012370801530778408,-0.5239412784576416,0.009013429284095764,0.44832292199134827,0.8938716650009155,0.46488824486732483,0.40047651529312134,-0.10498303174972534,0.41702356934547424,0.2933764398555073,-31.043574558298328,0.45241352915763855,0.4704403877258301
2.4,120,0.04738757386803627,0.9988765716552734,0.04740532860159874,-0.02296750247478485,-0.529835045337677,-0.0030054599046707153,0.45780816674232483,0.8890510201454163,0.4755282700061798,0.41042059659957886,-0.10982557386159897,0.42812293767929077,0.3067116420186446,-30.736862916279684,0.46488824486732483,0.4588773250579834
2.42,121,0.046715617179870605,0.9989082217216492,0.04673262685537338,-0.03363508731126785,-0.5333791971206665,-0.015012502670288086,0.4655815362930298,0.885004997253418,0.48429158329963684,0.4188658893108368,-0.1139032319188118,0.43755894899368286,0.27969262357034813,-30.457170292709336,0.4755282700061798,0.44550326466560364
2.44,122,0.04583005607128143,0.9989492297172546,0.0458461157977581,-0.0443255677819252,-0.534524142742157,-0.026960283517837524,0.4716346263885498,0.8817940354347229,0.4911436140537262,0.42580458521842957,-0.11715518683195114,0.445297509431839,0.2511825598938416,-30.205987732815494,0.48429158329963684,0.4303710162639618
2.46,123,0.04473138228058815,0.9989990592002869,0.04474630951881409,-0.054990191012620926,-0.5332310199737549,-0.03880167007446289,0.475961834192276,0.8794659376144409,0.4960573613643646,0.43123042583465576,-0.11953310668468475,0.45131105184555054,0.2209733578827694,-29.985014374932724,0.4911436140537262,0.4135402739048004
2.48,124,0.04342106357216835,0.999056875705719,0.04343471676111221,-0.06557963043451309,-0.5294719934463501,-0.05048993229866028,0.4785594642162323,0.8780551552772522,0.49901336431503296,0.43513837456703186,-0.1210017055273056,0.45557865500450134,0.18884616224011017,-29.796168212692614,0.4960573613643646,0.39507749676704407
2.5,125,0.04190156236290932,0.9991217255592346,0.04191383346915245,-0.0760442465543747,-0.5232306718826294,-0.06197892129421234,0.4794255495071411,0.8775825500488281,0.5,0.4375239908695221,-0.12153918296098709,0.45808616280555725,0.15456280334540784,-29.641605409347207,0.49901336431503296,0.3750555217266083
2.52,126,0.040176331996917725,0.9991925954818726,0.04018714651465416,-0.08633428066968918,-0.5145019292831421,-0.0732233077287674,0.4785594642162323,0.8780551552772522,0.49901336431503296,0.4383831322193146,-0.12113745510578156,0.4588262140750885,0.1178555618944085,-29.523749847452798,0.5,0.3535533845424652
2.54,127,0.03824981302022934,0.9992682337760925,0.03825914487242699,-0.09640013426542282,-0.5032925605773926,-0.08417871594429016,0.475961834192276,0.8794659376144409,0.4960573613643646,0.43771201372146606,-0.11980226635932922,0.45779821276664734,0.07839445560567042,-29.445355391847126,0.49901336431503296,0.33065593242645264
2.56,128,0.03612742945551872,0.9993472099304199,0.036135293543338776,-0.10619255155324936,-0.4896209239959717,-0.09480191767215729,0.4716346263885498,0.8817940354347229,0.4911436140537262,0.435507208108902,-0.11755312979221344,0.455008327960968,0.035809810328842444,-29.409545581518284,0.4960573613643646,0.30645352602005005
2.58,129,0.03381558880209923,0.9994280934333801,0.033822037279605865,-0.11566289514303207,-0.47351735830307007,-0.1050509661436081,0.4655815362930298,0.885004997253418,0.48429158329963684,0.43176594376564026,-0.11442308872938156,0.4504695534706116,-0.010330593079639102,-29.419876174597924,0.4911436140537262,0.28104168176651
2.6,130,0.03132164478302002,0.999509334564209,0.031326767057180405,-0.1247633770108223,-0.45502400398254395,-0.11488543450832367,0.45780816674232483,0.8890510201454163,0.4755282700061798,0.4264865219593048,-0.11045835167169571,0.4442014992237091,-0.060592843962142186,-29.480469018560065,0.48429158329963684,0.2545207142829895
2.62,131,0.02865390107035637,0.9995893836021423,0.02865782380104065,-0.13344727456569672,-0.43419477343559265,-0.12426651269197464,0.44832292199134827,0.8938716650009155,0.46488824486732483,0.4196690022945404,-0.1057177186012268,0.4362304210662842,-0.11570237132959772,-29.596171389889662,0.4755282700061798,0.22699524462223053
2.64,132,0.025821570307016373,0.9996665716171265,0.025824440643191338,-0.14166918396949768,-0.41109520196914673,-0.1331571489572525,0.43713751435279846,0.899394690990448,0.45241352915763855,0.4113159477710724,-0.10027188807725906,0.42658907175064087,-0.17660965721003766,-29.7727810470997,0.46488824486732483,0.19857394695281982
2.66,133,0.02283474989235401,0.9997392296791077,0.022836735472083092,-0.1493852287530899,-0.38580241799354553,-0.14152228832244873,0.42426797747612,0.9055367112159729,0.43815332651138306,0.40143322944641113,-0.09420257061719894,0.4153166115283966,-0.2445898493064141,-30.017370896406113,0.45241352915763855,0.16936896741390228
2.68,134,0.019704394042491913,0.9998058676719666,0.019705668091773987,-0.15655332803726196,-0.3584047257900238,-0.14932888746261597,0.40973538160324097,0.9122044444084167,0.4221639633178711,0.39003098011016846,-0.0876014232635498,0.4024582803249359,-0.32139688084646584,-30.338767777252578,0.43815332651138306,0.13949555158615112
2.7,135,0.01644226163625717,0.9998648166656494,0.016443001106381416,-0.16313335299491882,-0.3290014863014221,-0.15654617547988892,0.39356696605682373,0.9192959666252136,0.404508501291275,0.37712469696998596,-0.08056887239217758,0.38806548714637756,-0.40951235646739464,-30.748280133719973,0.4221639633178711,0.10907161980867386
2.72,136,0.013060882687568665,0.9999147057533264,0.013061253353953362,-0.16908740997314453,-0.2977026402950287,-0.16314563155174255,0.37579697370529175,0.9267020225524902,0.3852566182613373,0.3627360761165619,-0.07321267575025558,0.37219536304473877,-0.5125648997522383,-31.26084503347221,0.404508501291275,0.07821723073720932
2.74,137,0.00957350805401802,0.9999541640281677,0.009573654271662235,-0.17437997460365295,-0.2646283209323883,-0.16910123825073242,0.3564675450325012,0.9343076944351196,0.3644843101501465,0.3468940258026123,-0.0656464621424675,0.354910671710968,-0.6360734804854018,-31.896918513957612,0.3852566182613373,0.04705415666103363
2.7600000000000002,138,0.005994055885821581,0.9999820590019226,0.005994091741740704,-0.17897814512252808,-0.22990848124027252,-0.17438946664333344,0.3356296420097351,0.9419940114021301,0.3422735631465912,0.3296355605125427,-0.0579880066215992,0.3362794518470764,-0.7888512600889277,-32.68576977404654,0.3644843101501465,0.015705378726124763
2.7800000000000002,139,0.0023370536509901285,0.9999972581863403,0.002337055979296565,-0.18285179138183594,-0.19368231296539307,-0.1789894700050354,0.31334367394447327,0.9496397972106934,0.3187119960784912,0.311006635427475,-0.050357475876808167,0.31637492775917053,-0.8790161878623052,-33.564785961908846,0.3422735631465912,-0.015705378726124763
2.8000000000000003,140,-0.001382418442517519,0.9999990463256836,-0.0013824189081788063,-0.18597373366355896,-0.1560976803302765,-0.18288308382034302,0.2896801233291626,0.9571235179901123,0.29389262199401855,0.2910625636577606,-0.04287553206086159,0.2952750325202942,-0.8763694586791397,-34.44115542058799,0.3187119960784912,-0.04705415666103363
2.82,141,-0.0051487949676811695,0.9999867677688599,-0.005148817785084248,-0.18831995129585266,-0.11731046438217163,-0.18605493009090424,0.2647198438644409,0.9643253684043884,0.2679134011268616,0.2698686420917511,-0.03566138446331024,0.27306222915649414,-0.8742133575152562,-35.31536877810325,0.29389262199401855,-0.07821723073720932
2.84,142,-0.008946090936660767,0.9999600052833557,-0.008946210145950317,-0.18986962735652924,-0.07748399674892426,-0.18849250674247742,0.2385542392730713,0.9711291790008545,0.24087683856487274,0.24750033020973206,-0.02883080765604973,0.24982304871082306,-0.872556522392563,-36.18792530049581,0.2679134011268616,-0.10907161980867386
2.86,143,-0.01275797188282013,0.9999186396598816,-0.012758318334817886,-0.19060538709163666,-0.03678823634982109,-0.19018620252609253,0.21128518879413605,0.9774244427680969,0.2128896415233612,0.22404316067695618,-0.022494155913591385,0.22564797103405,-0.871405605769813,-37.05933090626563,0.24087683856487274,-0.13949555158615112
2.88,144,-0.016567828133702278,0.9998627305030823,-0.016568586230278015,-0.19051337242126465,0.004600894171744585,-0.19112929701805115,0.18302473425865173,0.9831082820892334,0.18406227231025696,0.19959256052970886,-0.016754435375332832,0.20063085854053497,-0.8707652171226625,-37.93009612338829,0.2128896415233612,-0.16936896741390228
2.9,145,-0.020358845591545105,0.999792754650116,-0.020360251888632774,-0.18958333134651184,0.046502359211444855,-0.1913181096315384,0.15389446914196014,0.9880872964859009,0.15450850129127502,0.17425331473350525,-0.011705447919666767,0.17486874759197235,-0.8706379292075543,-38.80073405259584,0.18406227231025696,-0.19857394695281982
2.92,146,-0.024114089086651802,0.9997091889381409,-0.024116426706314087,-0.18780870735645294,0.08873078227043152,-0.19075188040733337,0.12402476370334625,0.9922791123390198,0.12434494495391846,0.1481388509273529,-0.007430089637637138,0.14846137166023254,-0.871024247953864,-39.671758300549705,0.15450850129127502,-0.22699524462223053
2.94,147,-0.027816573157906532,0.9996130466461182,-0.0278201624751091,-0.18518675863742828,0.13109731674194336,-0.18943282961845398,0.09355364739894867,0.995614230632782,0.0936906561255455,0.12137021869421005,-0.003998804371803999,0.1215108186006546,-0.8719226239741892,-40.54368092452389,0.12434494495391846,-0.2545207142829895
2.96,148,-0.031449347734451294,0.999505341053009,-0.03145453333854675,-0.18171855807304382,0.1734105348587036,-0.18736617267131805,0.06262560933828354,0.9980370998382568,0.06266661733388901,0.09407495707273483,-0.001468256930820644,0.09412115067243576,-0.8733294646769117,-41.417010389200804,0.0936906561255455,-0.28104168176651
2.98,149,-0.03499556705355644,0.9993874430656433,-0.03500271216034889,-0.17740900814533234,0.21547724306583405,-0.18456007540225983,0.031390100717544556,0.9995071887969971,0.031395260244607925,0.0663856714963913,0.00011974173685302958,0.06639797240495682,-0.8752391132722354,-42.29224950247304,0.06266661733388901,-0.30645352602005005
3.0,150,-0.038438580930233,0.9992609620094299,-0.03844805061817169,-0.17226694524288177,0.25710344314575195,-0.18102559447288513,1.8369701465288538e-16,1.0,1.8369701465288538e-16,0.038438580930233,0.0007390353130176663,0.03844805061817169,-0.8776439242369026,-43.16989342670994,0.031395260244607925,-0.33065593242645264
3.02,151,-0.04176200553774834,0.9991275668144226,-0.04177415370941162,-0.1663050353527069,0.2980952560901642,-0.1767766922712326,-0.031390100717544556,0.9995071887969971,-0.031395260244607925,0.010371901094913483,0.00037962236092425883,0.010378893464803696,-0.8805342592489691,-44.05042768595891,1.8369701465288538e-16,-0.3535533845424652
3.04,152,-0.04494979977607727,0.9989892244338989,-0.044964950531721115,-0.1595398336648941,0.338259756565094,-0.17183013260364532,-0.06262560933828354,0.9980370998382568,-0.06266661733388901,-0.01767580956220627,-0.0009521569008938968,-0.017701666802167892,-0.7080780574227664,-44.758505743381676,-0.031395260244607925,-0.3750555217266083
3.06,153,-0.04798634722828865,0.998848021030426,-0.04800478368997574,-0.15199172496795654,0.37740588188171387,-0.16620543599128723,-0.09355364739894867,0.995614230632782,-0.0936906561255455,-0.04556730017066002,-0.0032337517477571964,-0.04568587243556976,-0.5713300533567333,-45.32983579673841,-0.06266661733388901,-0.39507749676704407
3.08,154,-0.05085653066635132,0.9987059831619263,-0.050878480076789856,-0.14368481934070587,0.4153454303741455,-0.15992480516433716,-0.12402476370334625,0.9922791123390198,-0.12434494495391846,-0.07316822558641434,-0.006426846142858267,-0.0734664648771286,-0.45890288108564153,-45.78873867782405,-0.0936906561255455,-0.4135402739048004
3.1,155,-0.05354579910635948,0.9985653758049011,-0.053571417927742004,-0.134646937251091,0.45189380645751953,-0.15301303565502167,-0.15389446914196014,0.9880872964859009,-0.15450850129127502,-0.10034867376089096,-0.010478105396032333,-0.10093707591295242,-0.3638696327383678,-46.15260831056242,-0.12434494495391846,-0.4303710162639618
3.12,156,-0.05604023486375809,0.9984285235404968,-0.05606960877776146,-0.12490952014923096,0.48687103390693665,-0.1454973816871643,-0.18302473425865173,0.9831082820892334,-0.18406227231025696,-0.12698449194431305,-0.01532020140439272,-0.1279926598072052,-0.28177946960061906,-46.43438778016304,-0.15450850129127502,-0.44550326466560364
3.14,157,-0.058326635509729385,0.9982975721359253,-0.05835975706577301,-0.11450746655464172,0.5201025009155273,-0.13740752637386322,-0.21128518879413605,0.9774244427680969,-0.2128896415233612,-0.15295855700969696,-0.020873095840215683,-0.1545298844575882,-0.20964496832411098,-46.644032748487156,-0.18406227231025696,-0.4588773250579834
3.16,158,-0.06039256975054741,0.9981747269630432,-0.06042933836579323,-0.10347907245159149,0.5514198541641235,-0.12877537310123444,-0.2385542392730713,0.9711291790008545,-0.24087683856487274,-0.17816166579723358,-0.02704552747309208,-0.1804475039243698,-0.14538764070671856,-46.78942038919387,-0.2128896415233612,-0.4704403877258301
3.18,159,-0.06222642958164215,0.9980620741844177,-0.06226665526628494,-0.09186583757400513,0.5806617140769958,-0.11963500827550888,-0.2647198438644409,0.9643253684043884,-0.2679134011268616,-0.20249342918395996,-0.0337366983294487,-0.20564673840999603,-0.08751698858046197,-46.87693737777433,-0.24087683856487274,-0.4801468551158905
3.2,160,-0.06381750851869583,0.9979615807533264,-0.06386090070009232,-0.07971234619617462,0.6076745390892029,-0.11002248525619507,-0.2896801233291626,0.9571235179901123,-0.29389262199401855,-0.22586262226104736,-0.04083807021379471,-0.23003172874450684,-0.03493535053486148,-46.91187272830919,-0.2679134011268616,-0.4879583716392517
3.22,161,-0.06515603512525558,0.9978750944137573,-0.06520222872495651,-0.06706608086824417,0.6323133111000061,-0.09997577965259552,-0.31334367394447327,0.9496397972106934,-0.3187119960784912,-0.24818764626979828,-0.048235293477773666,-0.2535097599029541,0.013185241327263657,-46.89868748698193,-0.29389262199401855,-0.4938441812992096
3.24,162,-0.06623324751853943,0.9978041648864746,-0.0662817731499672,-0.05397723242640495,0.6544424295425415,-0.08953449130058289,-0.3356296420097351,0.9419940114021301,-0.3422735631465912,-0.2693963944911957,-0.05581013858318329,-0.2759917974472046,0.05748388969106601,-46.841203597290864,-0.3187119960784912,-0.497780978679657
3.2600000000000002,163,-0.06704141944646835,0.9977502226829529,-0.06709174066781998,-0.0404985137283802,0.6739359498023987,-0.07873985171318054,-0.3564675450325012,0.9343076944351196,-0.3644843101501465,-0.28942611813545227,-0.06344248354434967,-0.2973925769329071,0.09846492252880418,-46.74273867476206,-0.3422735631465912,-0.49975326657295227
3.2800000000000002,164,-0.0675739049911499,0.9977142810821533,-0.06762544065713882,-0.026684937998652458,0.6906787157058716,-0.0676344782114029,-0.37579697370529175,0.9267020225524902,-0.3852566182613373,-0.30822306871414185,-0.07101224362850189,-0.31763118505477905,0.13653574422430434,-46.606202930537755,-0.3644843101501465,-0.49975326657295227
3.3000000000000003,165,-0.06782519817352295,0.9976972341537476,-0.06787730753421783,-0.012593606486916542,0.7045665979385376,-0.05626218020915985,-0.39356696605682373,0.9192959666252136,-0.404508501291275,-0.3257417678833008,-0.07840127497911453,-0.336631178855896,0.17199436843097599,-46.43420856210678,-0.3852566182613373,-0.497780978679657
3.3200000000000003,166,-0.06779094785451889,0.9976995587348938,-0.0678429827094078,0.0017165383324027061,0.7155072689056396,-0.044667840003967285,-0.40973538160324097,0.9122044444084167,-0.4221639633178711,-0.3419444262981415,-0.08549512177705765,-0.3543209731578827,0.20516737661160553,-46.22904118549518,-0.404508501291275,-0.4938441812992096
3.34,167,-0.06746799498796463,0.9977214336395264,-0.06751928478479385,0.01618495024740696,0.7234206199645996,-0.03289720416069031,-0.42426797747612,0.9055367112159729,-0.43815332651138306,-0.35679998993873596,-0.09218475222587585,-0.3706340491771698,0.23630629134682007,-45.992734894148356,-0.4221639633178711,-0.4879583716392517
3.36,168,-0.06685438752174377,0.9977627396583557,-0.06690428406000137,0.0307497326284647,0.728239119052887,-0.020996764302253723,-0.43713751435279846,0.899394690990448,-0.45241352915763855,-0.3702831268310547,-0.09836806356906891,-0.3855092525482178,0.26563844471666764,-45.72709644943169,-0.43815332651138306,-0.4801468551158905
3.38,169,-0.06594943255186081,0.9978229403495789,-0.06599733233451843,0.0453479029238224,0.7299085259437561,-0.009013429284095764,-0.44832292199134827,0.8938716650009155,-0.46488824486732483,-0.38237348198890686,-0.10395129024982452,-0.3988909125328064,0.2933764398555073,-45.433720009576184,-0.45241352915763855,-0.4704403877258301
3.4,170,-0.06475367397069931,0.9979012608528137,-0.06479901820421219,0.05991566181182861,0.7283879518508911,0.0030054599046707153,-0.45780816674232483,0.8890510201454163,-0.4755282700061798,-0.3930544853210449,-0.10885027050971985,-0.41072922945022583,0.3067116420186446,-45.127008367557536,-0.46488824486732483,-0.4588773250579834
3.42,171,-0.06326895207166672,0.9979965090751648,-0.06331124156713486,0.07438866794109344,0.723650336265564,0.015012502670288086,-0.4655815362930298,0.885004997253418,-0.48429158329963684,-0.40231257677078247,-0.11299151182174683,-0.4209803342819214,0.27969262357034813,-44.84731574398719,-0.4755282700061798,-0.44550326466560364
3.44,172,-0.06149836629629135,0.9981071949005127,-0.06153719499707222,0.08870232105255127,0.7156826257705688,0.026960283517837524,-0.4716346263885498,0.8817940354347229,-0.4911436140537262,-0.41013628244400024,-0.11631312221288681,-0.42960643768310547,0.2511825598938416,-44.59613318409335,-0.48429158329963684,-0.4303710162639618
3.46,173,-0.05944628641009331,0.9982315301895142,-0.05948135629296303,0.10279204696416855,0.7044862508773804,0.03880167007446289,-0.475961834192276,0.8794659376144409,-0.4960573613643646,-0.4165155291557312,-0.11876556277275085,-0.4365760087966919,0.2209733578827694,-44.37515982621058,-0.4911436140537262,-0.4135402739048004
3.48,174,-0.05711837857961655,0.998367428779602,-0.057149484753608704,0.11659358441829681,0.6900768280029297,0.05048993229866028,-0.4785594642162323,0.8780551552772522,-0.49901336431503296,-0.42144107818603516,-0.12031225860118866,-0.44186389446258545,0.18884616224011017,-44.186313663970466,-0.4960573613643646,-0.39507749676704407
3.5,175,-0.05452156811952591,0.9985125660896301,-0.05454861745238304,0.13004326820373535,0.6724846363067627,0.06197892129421234,-0.4794255495071411,0.8775825500488281,-0.5,-0.4249039590358734,-0.1209300309419632,-0.44545137882232666,0.15456280334540784,-44.03175086062506,-0.49901336431503296,-0.3750555217266083
3.52,176,-0.05166403949260712,0.9986644983291626,-0.051687050610780716,0.14307837188243866,0.6517545580863953,0.0732233077287674,-0.4785594642162323,0.8780551552772522,-0.49901336431503296,-0.426895409822464,-0.12060936540365219,-0.44732630252838135,0.1178555618944085,-43.91389529873065,-0.5,-0.3535533845424652
3.54,177,-0.04855520650744438,0.9988204836845398,-0.048574306070804596,0.15563727915287018,0.6279458403587341,0.08417871594429016,-0.475961834192276,0.8794659376144409,-0.4960573613643646,-0.4274066090583801,-0.11935456097126007,-0.44748303294181824,0.07839445560567042,-43.83550084312498,-0.49901336431503296,-0.33065593242645264
3.56,178,-0.04520569369196892,0.9989777207374573,-0.045221105217933655,0.1676599383354187,0.6011324524879456,0.09480191767215729,-0.4716346263885498,0.8817940354347229,-0.4911436140537262,-0.4264289438724518,-0.1171836405992508,-0.44592252373695374,0.035809810328842444,-43.79969103279614,-0.4960573613643646,-0.30645352602005005
3.58,179,-0.04162731394171715,0.9991332292556763,-0.04163934662938118,0.17908798158168793,0.5714023113250732,0.1050509661436081,-0.4655815362930298,0.885004997253418,-0.48429158329963684,-0.42395421862602234,-0.11412820965051651,-0.44265222549438477,-0.010330593079639102,-43.81002162587578,-0.4911436140537262,-0.28104168176651
3.6,180,-0.03783301264047623,0.9992840886116028,-0.0378420427441597,0.1898651272058487,0.5388577580451965,0.11488543450832367,-0.45780816674232483,0.8890510201454163,-0.4755282700061798,-0.4199751615524292,-0.11023306846618652,-0.4376862049102783,-0.060592843962142186,-43.87061446983792,-0.48429158329963684,-0.2545207142829895
3.62,181,-0.033836834132671356,0.9994273781776428,-0.03384329378604889,0.19993741810321808,0.5036145448684692,0.12426651269197464,-0.44832292199134827,0.8938716650009155,-0.46488824486732483,-0.4144860804080963,-0.1055556982755661,-0.43104493618011475,-0.11570237132959772,-43.986316841167515,-0.4755282700061798,-0.22699524462223053
3.64,182,-0.02965387888252735,0.9995602369308472,-0.029658226296305656,0.2092534601688385,0.46580198407173157,0.1331571489572525,-0.43713751435279846,0.899394690990448,-0.45241352915763855,-0.40748363733291626,-0.10016554594039917,-0.42275530099868774,-0.17660965721003766,-44.16292649837755,-0.46488824486732483,-0.19857394695281982
3.66,183,-0.02530023269355297,0.9996799230575562,-0.025302931666374207,0.2177647054195404,0.42556232213974,0.14152228832244873,-0.42426797747612,0.9055367112159729,-0.43815332651138306,-0.3989677429199219,-0.09414321184158325,-0.41285040974617004,-0.2445898493064141,-44.407516347683966,-0.45241352915763855,-0.16936896741390228
3.68,184,-0.020792918279767036,0.9997838139533997,-0.020794417709112167,0.22542570531368256,0.38305017352104187,0.14932888746261597,-0.40973538160324097,0.9122044444084167,-0.4221639633178711,-0.3889424800872803,-0.08757937699556351,-0.40136954188346863,-0.32139688084646584,-44.72891322853043,-0.43815332651138306,-0.13949555158615112
3.7,185,-0.01614982821047306,0.9998695850372314,-0.01615053042769432,0.23219434916973114,0.3384320139884949,0.15654617547988892,-0.39356696605682373,0.9192959666252136,-0.404508501291275,-0.3774171471595764,-0.08057363331317902,-0.3883579671382904,-0.40951235646739464,-45.138425584997826,-0.4221639633178711,-0.10907161980867386
3.72,186,-0.01138964295387268,0.9999351501464844,-0.011389889754354954,0.23803205788135529,0.29188549518585205,0.16314563155174255,-0.37579697370529175,0.9267020225524902,-0.3852566182613373,-0.36440733075141907,-0.07323311269283295,-0.3738667368888855,-0.5125648997522383,-45.65099048475007,-0.404508501291275,-0.07821723073720932
3.74,187,-0.006531762424856424,0.9999786615371704,-0.006531808525323868,0.24290403723716736,0.24359866976737976,0.16910123825073242,-0.3564675450325012,0.9343076944351196,-0.3644843101501465,-0.34993577003479004,-0.06567095965147018,-0.3579525053501129,-0.6360734804854018,-46.28706396523547,-0.3852566182613373,-0.04705415666103363
3.7600000000000002,188,-0.0015962196048349142,0.9999987483024597,-0.0015962201869115233,0.2467794269323349,0.19376936554908752,0.17438946664333344,-0.3356296420097351,0.9419940114021301,-0.3422735631465912,-0.33403339982032776,-0.05800469592213631,-0.34067732095718384,-0.7888512600889277,-47.075915225324394,-0.3644843101501465,-0.015705378726124763
3.7800000000000002,189,0.0033964032772928476,0.9999942183494568,0.00339640979655087,0.24963150918483734,0.14260415732860565,0.1789894700050354,-0.31334367394447327,0.9496397972106934,-0.3187119960784912,-0.31674009561538696,-0.05035443976521492,-0.3221084177494049,-0.8790161878623052,-47.9549314131867,-0.3422735631465912,0.015705378726124763
3.8000000000000003,190,0.00842506717890501,0.9999645352363586,0.008425166830420494,0.25143784284591675,0.09031756967306137,0.18288308382034302,-0.2896801233291626,0.9571235179901123,-0.29389262199401855,-0.2981052100658417,-0.04284099489450455,-0.3023177981376648,-0.8763694586791397,-48.83130087186584,-0.3187119960784912,0.04705415666103363
3.8200000000000003,191,0.013468369841575623,0.9999092817306519,0.01346877682954073,0.2521804869174957,0.03713112697005272,0.18605493009090424,-0.2647198438644409,0.9643253684043884,-0.2679134011268616,-0.27818822860717773,-0.03558393567800522,-0.28138217329978943,-0.8742133575152562,-49.7055142293811,-0.29389262199401855,0.07821723073720932
3.84,192,0.018504638224840164,0.9998287558555603,0.018505694344639778,0.25184592604637146,-0.01672767661511898,0.18849250674247742,-0.2385542392730713,0.9711291790008545,-0.24087683856487274,-0.25705888867378235,-0.0286995992064476,-0.25938254594802856,-0.872556522392563,-50.578070751773666,-0.2679134011268616,0.10907161980867386
3.86,193,0.023512035608291626,0.9997235536575317,0.02351420372724533,0.25042539834976196,-0.07102639973163605,0.19018620252609253,-0.21128518879413605,0.9774244427680969,-0.2128896415233612,-0.23479722440242767,-0.02229909598827362,-0.23640385270118713,-0.871405605769813,-51.44947635754348,-0.24087683856487274,0.13949555158615112
3.88,194,0.028468653559684753,0.9995946884155273,0.028472499921917915,0.24791482090950012,-0.12552867829799652,0.19112929701805115,-0.18302473425865173,0.9831082820892334,-0.18406227231025696,-0.2114933878183365,-0.016486376523971558,-0.21253477036952972,-0.8707652171226625,-52.32024157466614,-0.2128896415233612,0.16936896741390228
3.9,195,0.03335260972380638,0.9994436502456665,0.033358797430992126,0.24431492388248444,-0.17999538779258728,0.1913181096315384,-0.15389446914196014,0.9880872964859009,-0.15450850129127502,-0.18724708259105682,-0.011356357485055923,-0.18786729872226715,-0.8706379292075543,-53.190879503873695,-0.18406227231025696,0.19857394695281982
3.92,196,0.038142167031764984,0.999272346496582,0.038151420652866364,0.23963120579719543,-0.23418566584587097,0.19075188040733337,-0.12402476370334625,0.9922791123390198,-0.12434494495391846,-0.16216692328453064,-0.006993199232965708,-0.16249637305736542,-0.871024247953864,-54.06190375182756,-0.15450850129127502,0.22699524462223053
3.94,197,0.042815811932086945,0.9990829825401306,0.04282890260219574,0.23387403786182404,-0.2878580391407013,0.18943282961845398,-0.09355364739894867,0.995614230632782,-0.0936906561255455,-0.1363694667816162,-0.0034687428269535303,-0.13651956617832184,-0.8719226239741892,-54.93382637580174,-0.12434494495391846,0.2545207142829895
3.96,198,0.04735236242413521,0.9988782405853271,0.047370076179504395,0.22705860435962677,-0.3407716453075409,0.18736617267131805,-0.06262560933828354,0.9980370998382568,-0.06266661733388901,-0.10997796803712845,-0.0008411576854996383,-0.1100366935133934,-0.8733294646769117,-55.80715584047866,-0.0936906561255455,0.28104168176651
3.98,199,0.05173107236623764,0.9986610412597656,0.0517541728913784,0.2192048728466034,-0.3926871418952942,0.18456007540225983,-0.031390100717544556,0.9995071887969971,-0.031395260244607925,-0.0831211730837822,0.0008461576071567833,-0.08314943313598633,-0.8752391132722354,-56.682394953750894,-0.06266661733388901,0.30645352602005005
4.0,200,0.05593172088265419,0.9984346032142639,0.05596092343330383,0.21033750474452972,-0.44336801767349243,0.18102559447288513,-2.4492937051703357e-16,1.0,-2.4492937051703357e-16,-0.05593172088265419,0.0015654038870707154,-0.05596092343330383,-0.8776439242369026,-57.56003887798779,-0.031395260244607925,0.33065593242645264
4.0200000000000005,201,0.059934698045253754,0.9982023239135742,0.059970639646053314,0.20048587024211884,-0.4925815761089325,0.1767766922712326,0.031390100717544556,0.9995071887969971,0.031395260244607925,-0.028544597327709198,0.0013049092376604676,-0.028575381264090538,-0.8805342592489689,-58.44057313723676,-2.4492937051703357e-16,0.3535533845424652
4.04,202,0.06372112035751343,0.9979677200317383,0.06376431882381439,0.18968386948108673,-0.5400999188423157,0.17183013260364532,0.06262560933828354,0.9980370998382568,0.06266661733388901,-0.001095508225262165,6.934546399861574e-05,-0.0010977009078487754,-0.7080780574227664,-59.14865119465953,0.031395260244607925,0.3750555217266083
4.0600000000000005,203,0.06727287173271179,0.9977346062660217,0.0673237144947052,0.17796985805034637,-0.5857012271881104,0.16620543599128723,0.09355364739894867,0.995614230632782,0.0936906561255455,0.026280779391527176,-0.0021203747019171715,0.02636694349348545,-0.5713300533567333,-59.71998124801626,0.06266661733388901,0.39507749676704407
4.08,204,0.07057273387908936,0.9975066184997559,0.07063144445419312,0.16538643836975098,-0.6291704773902893,0.15992480516433716,0.12402476370334625,0.9922791123390198,0.12434494495391846,0.0534520298242569,-0.005227513145655394,0.05371350049972534,-0.45890288108564153,-60.1788841291019,0.0936906561255455,0.4135402739048004
4.1,205,0.07360442727804184,0.9972875118255615,0.07367105036973953,0.1519804298877716,-0.6703004837036133,0.15301303565502167,0.15389446914196014,0.9880872964859009,0.15450850129127502,0.0802900418639183,-0.009200225584208965,0.0808374434709549,-0.3638696327383678,-60.542753761840274,0.12434494495391846,0.4303710162639618
4.12,206,0.07635272294282913,0.9970808625221252,0.07642710208892822,0.13780257105827332,-0.7088931202888489,0.1454973816871643,0.18302473425865173,0.9831082820892334,0.18406227231025696,0.1066720113158226,-0.013972560875117779,0.10763517022132874,-0.28177946960061906,-60.824533231440896,0.15450850129127502,0.44550326466560364
4.14,207,0.07880345731973648,0.9968901872634888,0.07888524979352951,0.1229073777794838,-0.7447596788406372,0.13740752637386322,0.21128518879413605,0.9774244427680969,0.2128896415233612,0.13248172402381897,-0.019465714693069458,0.1340043991804123,-0.20964496832411098,-61.03417819976501,0.18406227231025696,0.4588773250579834
4.16,208,0.08094365894794464,0.99671870470047,0.08103231340646744,0.10735293477773666,-0.777722179889679,0.12877537310123444,0.2385542392730713,0.9711291790008545,0.24087683856487274,0.15761058032512665,-0.025589503347873688,0.1598445326089859,-0.14538764070671856,-61.179565840471724,0.2128896415233612,0.4704403877258301
4.18,209,0.08276154845952988,0.9965693950653076,0.08285631984472275,0.09120065718889236,-0.8076139092445374,0.11963500827550888,0.2647198438644409,0.9643253684043884,0.2679134011268616,0.18195830285549164,-0.03224401921033859,0.18505707383155823,-0.08751698858046197,-61.267082829052185,0.24087683856487274,0.4801468551158905
4.2,210,0.08424665033817291,0.9964449405670166,0.08434662222862244,0.07451504468917847,-0.8342803120613098,0.11002248525619507,0.2896801233291626,0.9571235179901123,0.29389262199401855,0.20543348789215088,-0.039321418851614,0.20954599976539612,-0.03493535053486148,-61.302018179587044,0.2679134011268616,0.4879583716392517
4.22,211,0.08538978546857834,0.9963476061820984,0.08549389243125916,0.05736345425248146,-0.8575795292854309,0.09997577965259552,0.31334367394447327,0.9496397972106934,0.3187119960784912,0.22795389592647552,-0.04670782759785652,0.23321810364723206,0.013185241327263657,-61.28883293825978,0.29389262199401855,0.4938441812992096
4.24,212,0.08618316054344177,0.9962792992591858,0.08629021048545837,0.039815790951251984,-0.8773832321166992,0.08953449130058289,0.3356296420097351,0.9419940114021301,0.3422735631465912,0.24944646656513214,-0.05428528040647507,0.2559833526611328,0.05748388969106601,-61.23134904856872,0.3187119960784912,0.497780978679657
4.26,213,0.08662040531635284,0.9962413907051086,0.08672909438610077,0.02194424904882908,-0.8935771584510803,0.07873985171318054,0.3564675450325012,0.9343076944351196,0.3644843101501465,0.2698471248149872,-0.06193367764353752,0.2777552306652069,0.09846492252880418,-61.13288412603991,0.3422735631465912,0.49975326657295227
4.28,214,0.0866965800523758,0.9962347745895386,0.0868055522441864,0.0038230183999985456,-0.9060615301132202,0.0676344782114029,0.37579697370529175,0.9267020225524902,0.3852566182613373,0.28910037875175476,-0.06953273713588715,0.2984510660171509,0.13653574422430434,-60.99634838181561,0.3644843101501465,0.49975326657295227
4.3,215,0.08640822768211365,0.9962598085403442,0.0865161120891571,-0.01447201892733574,-0.9147518277168274,0.05626218020915985,0.39356696605682373,0.9192959666252136,0.404508501291275,0.3071587383747101,-0.0769638642668724,0.3179923892021179,0.17199436843097599,-60.824354013384635,0.3852566182613373,0.497780978679657
4.32,216,0.08575338870286942,0.9963163733482361,0.08585884422063828,-0.03286360204219818,-0.9195792078971863,0.044667840003967285,0.40973538160324097,0.9122044444084167,0.4221639633178711,0.32398200035095215,-0.08411196619272232,0.3363051116466522,0.20516737661160553,-60.61918663677303,0.404508501291275,0.4938441812992096
4.34,217,0.08473165333271027,0.9964038133621216,0.08483337610960007,-0.051273413002491,-0.920490562915802,0.03289720416069031,0.42426797747612,0.9055367112159729,0.43815332651138306,0.33953630924224854,-0.09086712449789047,0.3533199727535248,0.23630629134682007,-60.38288034542621,0.4221639633178711,0.4879583716392517
4.36,218,0.08334413170814514,0.9965208172798157,0.08344092220067978,-0.06962240487337112,-0.917449414730072,0.020996764302253723,0.43713751435279846,0.899394690990448,0.45241352915763855,0.3537933826446533,-0.09712614864110947,0.3689725995063782,0.26563844471666764,-60.117241900709544,0.43815332651138306,0.4801468551158905
4.38,219,0.08159349858760834,0.9966657161712646,0.08168430626392365,-0.08783111721277237,-0.9104357957839966,0.009013429284095764,0.44832292199134827,0.8938716650009155,0.46488824486732483,0.36672940850257874,-0.10279401391744614,0.3832039535045624,0.2933764398555073,-59.82386546085404,0.45241352915763855,0.4704403877258301
4.4,220,0.07948397099971771,0.9968361258506775,0.07956790179014206,-0.10582005232572556,-0.8994466662406921,-0.0030054599046707153,0.45780816674232483,0.8890510201454163,0.4755282700061798,0.3783241808414459,-0.10778514295816422,0.39596036076545715,0.3067116420186446,-59.51715381883539,0.46488824486732483,0.4588773250579834
4.42,221,0.07702134549617767,0.9970294237136841,0.07709769904613495,-0.1235099732875824,-0.8844960927963257,-0.015012502670288086,0.4655815362930298,0.885004997253418,0.48429158329963684,0.3885601758956909,-0.1120244488120079,0.4071938693523407,0.27969262357034813,-59.23746119526504,0.4755282700061798,0.44550326466560364
4.44,222,0.07421296834945679,0.9972423911094666,0.07428126037120819,-0.14082227647304535,-0.8656154274940491,-0.026960283517837524,0.4716346263885498,0.8817940354347229,0.4911436140537262,0.3974216878414154,-0.11544835567474365,0.4168623685836792,0.2511825598938416,-58.9862786353712,0.48429158329963684,0.4303710162639618
4.46,223,0.07106771320104599,0.9974715113639832,0.07112766802310944,-0.15767934918403625,-0.8428532481193542,-0.03880167007446289,0.475961834192276,0.8794659376144409,0.4960573613643646,0.4048941135406494,-0.11800555139780045,0.424929678440094,0.2209733578827694,-58.76530527748843,0.4911436140537262,0.4135402739048004
4.48,224,0.06759598851203918,0.9977127909660339,0.06764757633209229,-0.17400485277175903,-0.8162754774093628,-0.05048993229866028,0.4785594642162323,0.8780551552772522,0.49901336431503296,0.4109634757041931,-0.11965762078762054,0.4313657879829407,0.18884616224011017,-58.57645911524832,0.4960573613643646,0.39507749676704407
4.5,225,0.06380970776081085,0.9979620575904846,0.06385309249162674,-0.1897241622209549,-0.7859652638435364,-0.06197892129421234,0.4794255495071411,0.8775825500488281,0.5,0.41561582684516907,-0.12037952244281769,0.43614691495895386,0.15456280334540784,-58.42189631190291,0.49901336431503296,0.3750555217266083
4.5200000000000005,226,0.059722237288951874,0.9982150197029114,0.05975779891014099,-0.20476461946964264,-0.7520227432250977,-0.0732233077287674,0.4785594642162323,0.8780551552772522,0.49901336431503296,0.41883721947669983,-0.12015987932682037,0.43925556540489197,0.1178555618944085,-58.304040750008504,0.5,0.3535533845424652
4.54,227,0.05534838140010834,0.9984670877456665,0.055376678705215454,-0.2190559208393097,-0.7145649194717407,-0.08417871594429016,0.475961834192276,0.8794659376144409,0.4960573613643646,0.42061343789100647,-0.11900115758180618,0.44068068265914917,0.07839445560567042,-58.225646294402836,0.49901336431503296,0.33065593242645264
4.5600000000000005,228,0.05070431903004646,0.9987137317657471,0.05072607100009918,-0.232530415058136,-0.673725426197052,-0.09480191767215729,0.4716346263885498,0.8817940354347229,0.4911436140537262,0.42093032598495483,-0.11691964417695999,0.4404175579547882,0.035809810328842444,-58.18983648407399,0.4960573613643646,0.30645352602005005
4.58,229,0.04580756649374962,0.9989503026008606,0.0458236001431942,-0.2451235055923462,-0.6296538710594177,-0.1050509661436081,0.4655815362930298,0.885004997253418,0.48429158329963684,0.41977396607398987,-0.11394528299570084,0.43846797943115234,-0.010330593079639102,-58.20016707715363,0.4911436140537262,0.28104168176651
4.6000000000000005,230,0.04067689925432205,0.9991723299026489,0.04068812355399132,-0.25677379965782166,-0.5825157165527344,-0.11488543450832367,0.45780816674232483,0.8890510201454163,0.4755282700061798,0.4171312749385834,-0.11012134701013565,0.4348401427268982,-0.060592843962142186,-58.26075992111577,0.48429158329963684,0.2545207142829895
4.62,231,0.035332296043634415,0.9993756413459778,0.03533964976668358,-0.2674236297607422,-0.5324912667274475,-0.12426651269197464,0.44832292199134827,0.8938716650009155,0.46488824486732483,0.41299059987068176,-0.10550394654273987,0.42954859137535095,-0.11570237132959772,-58.37646229244537,0.4755282700061798,0.22699524462223053
4.64,232,0.029794858768582344,0.9995560050010681,0.029799267649650574,-0.2770191431045532,-0.4797755181789398,-0.1331571489572525,0.43713751435279846,0.899394690990448,0.45241352915763855,0.40734267234802246,-0.1001613512635231,0.4226142466068268,-0.17660965721003766,-58.553071949655404,0.46488824486732483,0.19857394695281982
4.66,233,0.02408672496676445,0.9997098445892334,0.024089055135846138,-0.28551068902015686,-0.424576997756958,-0.14152228832244873,0.42426797747612,0.9055367112159729,0.43815332651138306,0.40018123388290405,-0.09417318552732468,0.41406428813934326,-0.2445898493064141,-58.79766179896182,0.45241352915763855,0.16936896741390228
4.68,234,0.0182309839874506,0.9998338222503662,0.018231993541121483,-0.2928530275821686,-0.36711713671684265,-0.14932888746261597,0.40973538160324097,0.9122044444084167,0.4221639633178711,0.3915044069290161,-0.08762937784194946,0.40393197536468506,-0.32139688084646584,-59.11905867980828,0.43815332651138306,0.13949555158615112
4.7,235,0.012251575477421284,0.9999249577522278,0.012251881882548332,-0.2990056276321411,-0.3076293468475342,-0.15654617547988892,0.39356696605682373,0.9192959666252136,0.404508501291275,0.3813154101371765,-0.08062899857759476,0.39225661754608154,-0.40951235646739464,-59.52857103627568,0.4221639633178711,0.10907161980867386
4.72,236,0.006173186935484409,0.9999809265136719,0.006173226051032543,-0.303932785987854,-0.2463579624891281,-0.16314563155174255,0.37579697370529175,0.9267020225524902,0.3852566182613373,0.3696237802505493,-0.07327891886234283,0.37908339500427246,-0.5125648997522383,-60.04113593602791,0.404508501291275,0.07821723073720932
4.74,237,2.114759263349697e-05,1.0,2.114759263349697e-05,-0.3076039254665375,-0.18355727195739746,-0.16910123825073242,0.3564675450325012,0.9343076944351196,0.3644843101501465,0.35644638538360596,-0.06569229066371918,0.3644631803035736,-0.6360734804854018,-60.677209416513314,0.3852566182613373,0.04705415666103363
4.76,238,-0.006178687792271376,0.9999809265136719,-0.0061787269078195095,-0.3099937438964844,-0.11949034035205841,-0.17438946664333344,0.3356296420097351,0.9419940114021301,0.3422735631465912,0.3418083190917969,-0.05798688158392906,0.34845227003097534,-0.7888512600889277,-61.46606067660224,0.3644843101501465,0.015705378726124763
4.78,239,-0.012400055304169655,0.9999231100082397,-0.012400372885167599,-0.31108227372169495,-0.054427795112133026,-0.1789894700050354,0.31334367394447327,0.9496397972106934,0.3187119960784912,0.32574373483657837,-0.05028332397341728,0.3311123549938202,-0.8790161878623052,-62.345076864464545,0.3422735631465912,-0.015705378726124763
4.8,240,-0.01861640252172947,0.9998267292976379,-0.018617477267980576,-0.3108552098274231,0.01135338470339775,-0.18288308382034302,0.2896801233291626,0.9571235179901123,0.29389262199401855,0.3082965314388275,-0.042703185230493546,0.31251010298728943,-0.8763694586791397,-63.22144632314369,0.3187119960784912,-0.04705415666103363
4.82,241,-0.024801010265946388,0.9996923804283142,-0.02480355277657509,-0.30930379033088684,0.07757113873958588,-0.18605493009090424,0.2647198438644409,0.9643253684043884,0.2679134011268616,0.28952085971832275,-0.03536704555153847,0.29271695017814636,-0.8742133575152562,-64.09565968065894,0.29389262199401855,-0.07821723073720932
4.84,242,-0.03092712163925171,0.9995216131210327,-0.030932053923606873,-0.306425005197525,0.14393965899944305,-0.18849250674247742,0.2385542392730713,0.9711291790008545,0.24087683856487274,0.269481360912323,-0.02839246764779091,0.2718088924884796,-0.872556522392563,-64.9682162030515,0.2679134011268616,-0.10907161980867386
4.86,243,-0.036968059837818146,0.9993164539337158,-0.03697648644447327,-0.3022215962409973,0.21017073094844818,-0.19018620252609253,0.21128518879413605,0.9774244427680969,0.2128896415233612,0.2482532411813736,-0.021891990676522255,0.24986612796783447,-0.871405605769813,-65.8396218088213,0.24087683856487274,-0.13949555158615112
4.88,244,-0.042897358536720276,0.9990794658660889,-0.04291052743792534,-0.2967020869255066,0.2759750783443451,-0.19112929701805115,0.18302473425865173,0.9831082820892334,0.18406227231025696,0.225922092795372,-0.015971174463629723,0.2269728034734726,-0.8707652171226625,-66.71038702594397,0.2128896415233612,-0.16936896741390228
4.9,245,-0.04868888482451439,0.9988139867782593,-0.04870814457535744,-0.28988081216812134,0.3410637378692627,-0.1913181096315384,0.15389446914196014,0.9880872964859009,0.15450850129127502,0.20258335769176483,-0.010726703330874443,0.20321664214134216,-0.8706379292075543,-67.58102495515153,0.18406227231025696,-0.19857394695281982
4.92,246,-0.05431695654988289,0.9985237717628479,-0.05434370040893555,-0.28177782893180847,0.40514934062957764,-0.19075188040733337,0.12402476370334625,0.9922791123390198,0.12434494495391846,0.17834171652793884,-0.006244621239602566,0.178688645362854,-0.871024247953864,-68.4520492031054,0.15450850129127502,-0.22699524462223053
4.94,247,-0.059756457805633545,0.998212993144989,-0.05979207530617714,-0.27241888642311096,0.4679475426673889,-0.18943282961845398,0.09355364739894867,0.995614230632782,0.0936906561255455,0.15331010520458221,-0.0025987462140619755,0.15348273515701294,-0.8719226239741892,-69.32397182707959,0.12434494495391846,-0.2545207142829895
4.96,248,-0.06498295813798904,0.9978863596916199,-0.06502878665924072,-0.2618353068828583,0.529178261756897,-0.18736617267131805,0.06262560933828354,0.9980370998382568,0.06266661733388901,0.12760856747627258,0.0001507163979113102,0.12769539654254913,-0.8733294646769117,-70.1973012917565,0.0936906561255455,-0.28104168176651
4.98,249,-0.06997283548116684,0.9975488781929016,-0.07003006339073181,-0.250063955783844,0.5885669589042664,-0.18456007540225983,0.031390100717544556,0.9995071887969971,0.031395260244607925,0.1013629361987114,0.0019583122339099646,0.10142531991004944,-0.8752391132722354,-71.07254040502873,0.06266661733388901,-0.30645352602005005
5.0,250,-0.07470335066318512,0.9972057938575745,-0.07477300614118576,-0.23714704811573029,0.645845890045166,-0.18102559447288513,3.0616169991140216e-16,1.0,3.0616169991140216e-16,0.07470335066318512,0.00279419869184494,0.07477300614118576,-0.8776439242369026,-71.95018432926564,0.031395260244607925,-0.33065593242645264
5.0200000000000005,251,-0.07915275543928146,0.9968624711036682,-0.07923564314842224,-0.2231319397687912,0.7007552981376648,-0.1767766922712326,-0.031390100717544556,0.9995071887969971,-0.031395260244607925,0.04776265472173691,0.002644710708409548,0.047840382903814316,-0.8805342592489689,-72.83071858851461,3.0616169991140216e-16,-0.3535533845424652
5.04,252,-0.08330042660236359,0.996524453163147,-0.08339706063270569,-0.2080710530281067,0.7530444860458374,-0.17183013260364532,-0.06262560933828354,0.9980370998382568,-0.06266661733388901,0.020674817264080048,0.0015126101206988096,0.02073044702410698,-0.7080780574227664,-73.53879664593738,-0.031395260244607925,-0.3750555217266083
5.0600000000000005,253,-0.08712688833475113,0.9961972236633301,-0.08723749220371246,-0.19202159345149994,0.8024728894233704,-0.16620543599128723,-0.09355364739894867,0.995614230632782,-0.0936906561255455,-0.006426763255149126,-0.0005829823785461485,-0.006453161593526602,-0.5713300533567333,-74.11012669929411,-0.06266661733388901,-0.39507749676704407
5.08,254,-0.0906139388680458,0.9958860874176025,-0.09073840081691742,-0.17504537105560303,0.8488112688064575,-0.15992480516433716,-0.12402476370334625,0.9922791123390198,-0.12434494495391846,-0.03341082111001015,-0.003606971586123109,-0.03360654041171074,-0.45890288108564153,-74.56902958037975,-0.0936906561255455,-0.4135402739048004
5.1000000000000005,255,-0.09374472498893738,0.9955962896347046,-0.09388257563114166,-0.15720851719379425,0.8918424844741821,-0.15301303565502167,-0.15389446914196014,0.9880872964859009,-0.15450850129127502,-0.060149747878313065,-0.0075089773163199425,-0.06062592566013336,-0.3638696327383678,-74.93289921311812,-0.12434494495391846,-0.4303710162639618
5.12,256,-0.09650377929210663,0.9953325986862183,-0.09665419906377792,-0.1385812759399414,0.9313624501228333,-0.1454973816871643,-0.18302473425865173,0.9831082820892334,-0.18406227231025696,-0.0865209549665451,-0.012224309146404266,-0.08740808069705963,-0.28177946960061906,-75.21467868271874,-0.15450850129127502,-0.44550326466560364
5.14,257,-0.09887712448835373,0.995099663734436,-0.09903895109891891,-0.11923765391111374,0.9671809673309326,-0.13740752637386322,-0.21128518879413605,0.9774244427680969,-0.2128896415233612,-0.11240806430578232,-0.017675193026661873,-0.11385069042444229,-0.20964496832411098,-75.42432365104285,-0.18406227231025696,-0.4588773250579834
5.16,258,-0.10085230320692062,0.9949014186859131,-0.10102405399084091,-0.09925520420074463,0.9991225600242615,-0.12877537310123444,-0.2385542392730713,0.9711291790008545,-0.24087683856487274,-0.13770192861557007,-0.023772234097123146,-0.13985277712345123,-0.14538764070671856,-75.56971129174957,-0.2128896415233612,-0.4704403877258301
5.18,259,-0.1024184450507164,0.9947413802146912,-0.10259834676980972,-0.07871466130018234,1.0270270109176636,-0.11963500827550888,-0.2647198438644409,0.9643253684043884,-0.2679134011268616,-0.16230140626430511,-0.03041604347527027,-0.16531504690647125,-0.08751698858046197,-75.65722828033003,-0.24087683856487274,-0.4801468551158905
5.2,260,-0.10356630384922028,0.994622528553009,-0.10375234484672546,-0.05769965052604675,1.050750494003296,-0.11002248525619507,-0.2896801233291626,0.9571235179901123,-0.29389262199401855,-0.18611383438110352,-0.037499040365219116,-0.1901402771472931,-0.03493535053486148,-75.6921636308649,-0.2679134011268616,-0.4879583716392517
5.22,261,-0.10428829491138458,0.9945471286773682,-0.10447826981544495,-0.03629634156823158,1.0701655149459839,-0.09997577965259552,-0.31334367394447327,0.9496397972106934,-0.3187119960784912,-0.20905537903308868,-0.04490731284022331,-0.21423372626304626,0.013185241327263657,-75.67897838953763,-0.29389262199401855,-0.4938441812992096
5.24,262,-0.10457856208086014,0.9945166110992432,-0.10477013140916824,-0.014593102037906647,1.0851619243621826,-0.08953449130058289,-0.3356296420097351,0.9419940114021301,-0.3422735631465912,-0.23105107247829437,-0.05252259969711304,-0.23750342428684235,0.05748388969106601,-75.62149449984656,-0.3187119960784912,-0.497780978679657
5.26,263,-0.10443297028541565,0.9945319294929504,-0.10462373495101929,0.0073198480531573296,1.0956475734710693,-0.07873985171318054,-0.3564675450325012,0.9343076944351196,-0.3644843101501465,-0.25203457474708557,-0.06022421643137932,-0.2598605751991272,0.09846492252880418,-75.52302957731776,-0.3422735631465912,-0.49975326657295227
5.28,264,-0.1038491427898407,0.99459308385849,-0.10403671860694885,0.029350807890295982,1.1015479564666748,-0.0676344782114029,-0.37579697370529175,0.9267020225524902,-0.3852566182613373,-0.27194783091545105,-0.06789103150367737,-0.2812198996543884,0.13653574422430434,-75.38649383309345,-0.3644843101501465,-0.49975326657295227
5.3,265,-0.10282650589942932,0.9946992993354797,-0.10300857573747635,0.05140696465969086,1.1028077602386475,-0.05626218020915985,-0.39356696605682373,0.9192959666252136,-0.404508501291275,-0.2907404601573944,-0.0754033550620079,-0.3014999330043793,0.17199436843097599,-75.21449946466248,-0.3852566182613373,-0.497780978679657
5.32,266,-0.10136628150939941,0.9948491454124451,-0.10154068470001221,0.073394775390625,1.0993903875350952,-0.044667840003967285,-0.40973538160324097,0.9122044444084167,-0.4221639633178711,-0.30836910009384155,-0.0826447457075119,-0.3206232786178589,0.20516737661160553,-75.00933208805087,-0.404508501291275,-0.4938441812992096
5.34,267,-0.09947150200605392,0.9950404167175293,-0.09963627904653549,0.09522034227848053,1.0912784337997437,-0.03289720416069031,-0.42426797747612,0.9055367112159729,-0.43815332651138306,-0.3247964680194855,-0.08950372785329819,-0.33851706981658936,0.23630629134682007,-74.77302579670405,-0.4221639633178711,-0.4879583716392517
5.36,268,-0.09714702516794205,0.9952700138092041,-0.09730047732591629,0.11678982526063919,1.0784740447998047,-0.020996764302253723,-0.43713751435279846,0.899394690990448,-0.45241352915763855,-0.339990496635437,-0.09587536007165909,-0.35511305928230286,0.26563844471666764,-74.50738735198738,-0.43815332651138306,-0.4801468551158905
5.38,269,-0.09439951181411743,0.9955344200134277,-0.09454028308391571,0.13800980150699615,1.0609991550445557,-0.009013429284095764,-0.44832292199134827,0.8938716650009155,-0.46488824486732483,-0.35392338037490845,-0.10166271775960922,-0.3703479468822479,0.2933764398555073,-74.21401091213187,-0.45241352915763855,-0.4704403877258301
5.4,270,-0.09123747050762177,0.995829164981842,-0.0913645327091217,0.15878771245479584,1.0388953685760498,0.0030054599046707153,-0.45780816674232483,0.8890510201454163,-0.4755282700061798,-0.36657068133354187,-0.10677815973758698,-0.3841637372970581,0.3067116420186446,-73.90729927011323,-0.46488824486732483,-0.4588773250579834
5.42,271,-0.0876711830496788,0.996149480342865,-0.08778388798236847,0.17903220653533936,1.0122244358062744,0.015012502670288086,-0.4655815362930298,0.885004997253418,-0.48429158329963684,-0.3779103457927704,-0.11114446818828583,-0.3965076804161072,0.27969262357034813,-73.62760664654287,-0.4755282700061798,-0.44550326466560364
5.44,272,-0.08371273428201675,0.996489942073822,-0.08381081372499466,0.19865354895591736,0.9810675978660583,0.026960283517837524,-0.4716346263885498,0.8817940354347229,-0.4911436140537262,-0.38792189955711365,-0.11469586938619614,-0.40733280777931213,0.2511825598938416,-73.37642408664902,-0.48429158329963684,-0.4303710162639618
5.46,273,-0.07937594503164291,0.9968447685241699,-0.0794595330953598,0.21756407618522644,0.9455263614654541,0.03880167007446289,-0.475961834192276,0.8794659376144409,-0.4960573613643646,-0.3965858817100525,-0.11737880855798721,-0.41659781336784363,0.2209733578827694,-73.15545072876625,-0.4911436140537262,-0.4135402739048004
5.48,274,-0.07467637956142426,0.9972078204154968,-0.07474596053361893,0.2356785088777542,0.9057215452194214,0.05048993229866028,-0.4785594642162323,0.8780551552772522,-0.49901336431503296,-0.40388306975364685,-0.11915266513824463,-0.42426741123199463,0.18884616224011017,-72.96660456652614,-0.4960573613643646,-0.39507749676704407
5.5,275,-0.06963128596544266,0.9975727796554565,-0.06968767195940018,0.2529143691062927,0.8617934584617615,0.06197892129421234,-0.4794255495071411,0.8775825500488281,-0.5,-0.40979424118995667,-0.11999023705720901,-0.4303123354911804,0.15456280334540784,-72.81204176318073,-0.49901336431503296,-0.3750555217266083
5.5200000000000005,276,-0.06425952166318893,0.9979332089424133,-0.06430383026599884,0.2691923975944519,0.813901424407959,0.0732233077287674,-0.4785594642162323,0.8780551552772522,-0.49901336431503296,-0.41429993510246277,-0.11987806856632233,-0.4347095489501953,0.1178555618944085,-72.69418620128633,-0.5,-0.3535533845424652
5.54,277,-0.058581531047821045,0.9982826113700867,-0.05861508846282959,0.2844368815422058,0.7622234225273132,0.08417871594429016,-0.475961834192276,0.8794659376144409,-0.4960573613643646,-0.41738030314445496,-0.11881668120622635,-0.43744227290153503,0.07839445560567042,-72.61579174568065,-0.49901336431503296,-0.33065593242645264
5.5600000000000005,278,-0.05261925607919693,0.9986146688461304,-0.05264357104897499,0.2985759973526001,0.7069554924964905,0.09480191767215729,-0.4716346263885498,0.8817940354347229,-0.4911436140537262,-0.41901537775993347,-0.11682058870792389,-0.4385000467300415,0.035809810328842444,-72.57998193535181,-0.4960573613643646,-0.30645352602005005
5.58,279,-0.04639606550335884,0.998923122882843,-0.04641272500157356,0.31154221296310425,0.6483108997344971,0.1050509661436081,-0.4655815362930298,0.885004997253418,-0.48429158329963684,-0.41918545961380005,-0.11391812562942505,-0.4378788471221924,-0.010330593079639102,-72.59031252843145,-0.4911436140537262,-0.28104168176651
5.6000000000000005,280,-0.039936650544404984,0.9992021918296814,-0.0399472750723362,0.32327261567115784,0.5865197777748108,0.11488543450832367,-0.45780816674232483,0.8890510201454163,-0.4755282700061798,-0.41787150502204895,-0.11015120893716812,-0.4355809986591339,-0.060592843962142186,-72.6509053723936,-0.48429158329963684,-0.2545207142829895
5.62,281,-0.03326695039868355,0.9994465112686157,-0.03327308967709541,0.33370915055274963,0.5218279957771301,0.12426651269197464,-0.44832292199134827,0.8938716650009155,-0.46488824486732483,-0.4150559604167938,-0.1055748239159584,-0.4316151440143585,-0.11570237132959772,-72.7666077437232,-0.4755282700061798,-0.22699524462223053
5.64,282,-0.026414036750793457,0.9996510744094849,-0.02641710825264454,0.3427990972995758,0.4544961452484131,0.1331571489572525,-0.43713751435279846,0.899394690990448,-0.45241352915763855,-0.410723477602005,-0.10025640577077866,-0.42599642276763916,-0.17660965721003766,-72.94321740093324,-0.46488824486732483,-0.19857394695281982
5.66,283,-0.019405988976359367,0.9998117089271545,-0.019407207146286964,0.3504950702190399,0.38479864597320557,0.14152228832244873,-0.42426797747612,0.9055367112159729,-0.43815332651138306,-0.4048619866371155,-0.09427499771118164,-0.41874614357948303,-0.2445898493064141,-73.18780725023964,-0.45241352915763855,-0.16936896741390228
5.68,284,-0.012271788902580738,0.9999247193336487,-0.012272097170352936,0.35675549507141113,0.3130224347114563,0.14932888746261597,-0.40973538160324097,0.9122044444084167,-0.4221639633178711,-0.3974635899066925,-0.08772027492523193,-0.40989187359809875,-0.32139688084646584,-73.50920413108611,-0.43815332651138306,-0.13949555158615112
5.7,285,-0.005041179247200489,0.9999873042106628,-0.005041200667619705,0.36154481768608093,0.2394658327102661,0.15654617547988892,-0.39356696605682373,0.9192959666252136,-0.404508501291275,-0.3885257840156555,-0.08069134503602982,-0.3994672894477844,-0.40951235646739464,-73.9187164875535,-0.4221639633178711,-0.10907161980867386
5.72,286,0.002255468862131238,0.9999974370002747,0.002255470724776387,0.3648335635662079,0.16443701088428497,0.16314563155174255,-0.37579697370529175,0.9267020225524902,-0.3852566182613373,-0.3780524432659149,-0.07329542934894562,-0.38751208782196045,-0.5125648997522383,-74.43128138730573,-0.404508501291275,-0.07821723073720932
5.74,287,0.009587296284735203,0.9999540448188782,0.009587443433701992,0.36659860610961914,0.08825274556875229,0.16910123825073242,-0.3564675450325012,0.9343076944351196,-0.3644843101501465,-0.36605483293533325,-0.06564632803201675,-0.37407174706459045,-0.6360734804854018,-75.06735486779114,-0.3852566182613373,-0.04705415666103363
5.76,288,0.016923101618885994,0.9998567700386047,0.01692391000688076,0.36682334542274475,0.011236852966248989,0.17438946664333344,-0.3356296420097351,0.9419940114021301,-0.3422735631465912,-0.35255274176597595,-0.057862766087055206,-0.3591974675655365,-0.7888512600889277,-75.85620612788007,-0.3644843101501465,-0.015705378726124763
5.78,289,0.02423149347305298,0.9997063875198364,0.02423386462032795,0.36549773812294006,-0.06628136336803436,0.1789894700050354,-0.31334367394447327,0.9496397972106934,-0.3187119960784912,-0.33757516741752625,-0.05006657913327217,-0.3429458737373352,-0.8790161878623052,-76.73522231574238,-0.3422735631465912,0.015705378726124763
5.8,290,0.03148103132843971,0.9995043277740479,0.031486231833696365,0.3626183569431305,-0.14396867156028748,0.18288308382034302,-0.2896801233291626,0.9571235179901123,-0.29389262199401855,-0.321161150932312,-0.042380835860967636,-0.3253788650035858,-0.8763694586791397,-77.61159177442151,-0.3187119960784912,0.04705415666103363
5.82,291,0.038640379905700684,0.9992531538009644,0.03865000233054161,0.35818856954574585,-0.22148950397968292,0.18605493009090424,-0.2647198438644409,0.9643253684043884,-0.2679134011268616,-0.3033602237701416,-0.03492782264947891,-0.3065634071826935,-0.8742133575152562,-78.48580513193677,-0.29389262199401855,0.07821723073720932
5.84,292,0.04567847028374672,0.9989562034606934,0.045694369822740555,0.3522184193134308,-0.29850760102272034,0.18849250674247742,-0.2385542392730713,0.9711291790008545,-0.24087683856487274,-0.2842327058315277,-0.02782701887190342,-0.286571204662323,-0.872556522392563,-79.35836165432933,-0.2679134011268616,0.10907161980867386
5.86,293,0.052564628422260284,0.9986175298690796,0.05258886516094208,0.3447246551513672,-0.3746875822544098,0.19018620252609253,-0.21128518879413605,0.9774244427680969,-0.2128896415233612,-0.26384982466697693,-0.021193066611886024,-0.2654785215854645,-0.871405605769813,-80.22976726009914,-0.24087683856487274,0.13949555158615112
5.88,294,0.05926872417330742,0.9982420802116394,0.05930348113179207,0.33573073148727417,-0.4496965706348419,0.19112929701805115,-0.18302473425865173,0.9831082820892334,-0.18406227231025696,-0.24229346215724945,-0.015133754350244999,-0.24336574971675873,-0.8707652171226625,-81.1005324772218,-0.2128896415233612,0.16936896741390228
5.9,295,0.06576132029294968,0.9978353977203369,0.06580881029367447,0.32526662945747375,-0.5232057571411133,0.1913181096315384,-0.15389446914196014,0.9880872964859009,-0.15450850129127502,-0.21965579688549042,-0.009748091921210289,-0.2203173041343689,-0.8706379292075543,-81.97117040642937,-0.18406227231025696,0.19857394695281982
5.92,296,0.07201379537582397,0.997403621673584,0.07207618653774261,0.3133687674999237,-0.5948919653892517,0.19075188040733337,-0.12402476370334625,0.9922791123390198,-0.12434494495391846,-0.19603855907917023,-0.00512451259419322,-0.19642113149166107,-0.871024247953864,-82.84219465438323,-0.15450850129127502,0.22699524462223053
5.94,297,0.07799848169088364,0.9969534873962402,0.0780777856707573,0.30008000135421753,-0.6644389629364014,0.18943282961845398,-0.09355364739894867,0.995614230632782,-0.0936906561255455,-0.1715521365404129,-0.0013392377877607942,-0.1717684417963028,-0.8719226239741892,-83.71411727835742,-0.12434494495391846,0.2545207142829895
5.96,298,0.08368877321481705,0.9964919686317444,0.08378677070140839,0.28544920682907104,-0.7315391302108765,0.18736617267131805,-0.06262560933828354,0.9980370998382568,-0.06266661733388901,-0.14631438255310059,0.0015451485523954034,-0.146453395485878,-0.8733294646769117,-84.58744674303433,-0.0936906561255455,0.28104168176651
5.98,299,0.0890592485666275,0.996026337146759,0.08917739987373352,0.2695313096046448,-0.7958945035934448,0.18456007540225983,-0.031390100717544556,0.9995071887969971,-0.031395260244607925,-0.12044934928417206,0.0034808788914233446,-0.12057265639305115,-0.8752391132722354,-85.46268585630656,-0.06266661733388901,0.30645352602005005
6.0,300,0.09408576786518097,0.9955641031265259,0.09422513842582703,0.2523869574069977,-0.857218325138092,0.18102559447288513,-3.6739402930577075e-16,1.0,-3.6739402930577075e-16,-0.09408576786518097,0.004435904789716005,-0.09422513842582703,-0.8776439242369026,-86.34032978054347,-0.031395260244607925,0.33065593242645264
6.0200000000000005,301,0.09874559938907623,0.9951127171516418,0.09890678524971008,0.23408223688602448,-0.9152360558509827,0.1767766922712326,0.031390100717544556,0.9995071887969971,0.031395260244607925,-0.06735549867153168,0.004394499119371176,-0.06751152127981186,-0.8805342592489689,-87.22086403979245,-3.6739402930577075e-16,0.3535533845424652
6.04,302,0.10301746428012848,0.9946795701980591,0.10320055484771729,0.2146885097026825,-0.9696866273880005,0.17183013260364532,0.06262560933828354,0.9980370998382568,0.06266661733388901,-0.04039185494184494,0.003357542445883155,-0.04053393378853798,-0.7080780574227664,-87.92894209721521,0.031395260244607925,0.3750555217266083
6.0600000000000005,303,0.10688164085149765,0.9942717552185059,0.1070861890912056,0.19428203999996185,-1.0203231573104858,0.16620543599128723,0.09355364739894867,0.995614230632782,0.0936906561255455,-0.01332799345254898,0.0013424890348687768,-0.013395534828305244,-0.5713300533567333,-88.50027215057194,0.06266661733388901,0.39507749676704407
6.08,304,0.11032005399465561,0.9938961267471313,0.1105450689792633,0.17294375598430634,-1.066914439201355,0.15992480516433716,0.12402476370334625,0.9922791123390198,0.12434494495391846,0.013704703189432621,-0.001616990426555276,0.013799875974655151,-0.45890288108564153,-88.95917503165758,0.0936906561255455,0.4135402739048004
6.1000000000000005,305,0.11331632733345032,0.993558943271637,0.11356024444103241,0.15075884759426117,-1.1092453002929688,0.15301303565502167,0.15389446914196014,0.9880872964859009,0.15450850129127502,0.040578145533800125,-0.005471672397106886,0.040948253124952316,-0.3638696327383678,-89.32304466439595,0.12434494495391846,0.4303710162639618
6.12,306,0.11585581302642822,0.9932660460472107,0.11611657589673996,0.12781648337841034,-1.1471177339553833,0.1454973816871643,0.18302473425865173,0.9831082820892334,0.18406227231025696,0.06716891378164291,-0.010157732293009758,0.0679457038640976,-0.28177946960061906,-89.60482413399657,0.15450850129127502,0.44550326466560364
6.140000000000001,307,0.1179257184267044,0.9930224418640137,0.11820076406002045,0.10420946031808853,-1.1803512573242188,0.13740752637386322,0.21128518879413605,0.9774244427680969,0.2128896415233612,0.09335947036743164,-0.015597962774336338,0.09468888491392136,-0.20964496832411098,-89.81446910232069,0.18406227231025696,0.4588773250579834
6.16,308,0.1195150688290596,0.992832362651825,0.11980143934488297,0.0800337865948677,-1.2087839841842651,0.12877537310123444,0.2385542392730713,0.9711291790008545,0.24087683856487274,0.11903917044401169,-0.021703211590647697,0.12107539921998978,-0.14538764070671856,-89.9598567430274,0.2128896415233612,0.4704403877258301
6.18,309,0.12061482667922974,0.992699384689331,0.1209092065691948,0.05538832023739815,-1.2322732210159302,0.11963500827550888,0.2647198438644409,0.9643253684043884,0.2679134011268616,0.14410503208637238,-0.028374021872878075,0.14700418710708618,-0.08751698858046197,-90.04737373160786,0.24087683856487274,0.4801468551158905
6.2,310,0.12121785432100296,0.9926259517669678,0.12151669710874557,0.03037440776824951,-1.2506955862045288,0.11002248525619507,0.2896801233291626,0.9571235179901123,0.29389262199401855,0.16846227645874023,-0.035502415150403976,0.17237593233585358,-0.03493535053486148,-90.08230908214273,0.2679134011268616,0.4879583716392517
6.22,311,0.1213190108537674,0.9926135540008545,0.1216186061501503,0.005095452070236206,-1.2639477252960205,0.09997577965259552,0.31334367394447327,0.9496397972106934,0.3187119960784912,0.19202466309070587,-0.042973775416612625,0.1970933973789215,0.013185241327263657,-90.06912384081546,0.29389262199401855,0.4938441812992096
6.24,312,0.12091513723134995,0.9926628470420837,0.12121172994375229,-0.020343491807579994,-1.2719471454620361,0.08953449130058289,0.3356296420097351,0.9419940114021301,0.3422735631465912,0.21471449732780457,-0.05066881701350212,0.2210618257522583,0.05748388969106601,-90.0116399511244,0.3187119960784912,0.497780978679657
6.26,313,0.12000509351491928,0.9927732944488525,0.12029501050710678,-0.045836128294467926,-1.2746319770812988,0.07873985171318054,0.3564675450325012,0.9343076944351196,0.3644843101501465,0.23646244406700134,-0.058465566486120224,0.2441893070936203,0.09846492252880418,-89.91317502859559,0.3422735631465912,0.49975326657295227
6.28,314,0.11858976632356644,0.9929433465003967,0.11886950582265854,-0.07127536088228226,-1.2719614505767822,0.0676344782114029,0.37579697370529175,0.9267020225524902,0.3852566182613373,0.2572071850299835,-0.0662413090467453,0.26638710498809814,0.13653574422430434,-89.77663928437129,0.3644843101501465,0.49975326657295227
6.3,315,0.1166720986366272,0.9931704998016357,0.11693842709064484,-0.09655369818210602,-1.2639168500900269,0.05626218020915985,0.39356696605682373,0.9192959666252136,0.404508501291275,0.27689486742019653,-0.07387454062700272,0.287570059299469,0.17199436843097599,-89.60464491594031,0.3852566182613373,0.497780978679657
6.32,316,0.1142570823431015,0.9934512376785278,0.11450715363025665,-0.12156371027231216,-1.2505007982254028,0.044667840003967285,0.40973538160324097,0.9122044444084167,0.4221639633178711,0.29547831416130066,-0.08124679327011108,0.30765679478645325,0.20516737661160553,-89.3994775393287,0.404508501291275,0.4938441812992096
6.34,317,0.11135178059339523,0.9937810301780701,0.11158318817615509,-0.14619848132133484,-1.2317382097244263,0.03289720416069031,0.42426797747612,0.9055367112159729,0.43815332651138306,0.31291618943214417,-0.08824437111616135,0.32657015323638916,0.23630629134682007,-89.16317124798188,0.4221639633178711,0.4879583716392517
6.36,318,0.10796529054641724,0.994154691696167,0.10817614197731018,-0.1703519970178604,-1.2076760530471802,0.020996764302253723,0.43713751435279846,0.899394690990448,0.45241352915763855,0.3291722238063812,-0.0947599858045578,0.34423738718032837,0.26563844471666764,-88.89753280326521,0.43815332651138306,0.4801468551158905
6.38,319,0.1041087657213211,0.9945659041404724,0.10429774969816208,-0.19391967356204987,-1.1783835887908936,0.009013429284095764,0.44832292199134827,0.8938716650009155,0.46488824486732483,0.34421414136886597,-0.10069424659013748,0.36059048771858215,0.2933764398555073,-88.6041563634097,0.45241352915763855,0.4704403877258301
6.4,320,0.0997953861951828,0.9950079917907715,0.0999617800116539,-0.21679872274398804,-1.143952488899231,-0.0030054599046707153,0.45780816674232483,0.8890510201454163,0.4755282700061798,0.35801276564598083,-0.10595697909593582,0.3755664825439453,0.3067116420186446,-88.29744472139106,0.46488824486732483,0.4588773250579834
6.42,321,0.09504034370183945,0.9954734444618225,0.09518400579690933,-0.23888863623142242,-1.1044962406158447,-0.015012502670288086,0.4655815362930298,0.885004997253418,0.48429158329963684,0.37054118514060974,-0.11046842485666275,0.3891075849533081,0.27969262357034813,-88.0177520978207,0.4755282700061798,0.44550326466560364
6.44,322,0.08986078947782516,0.9959543347358704,0.08998217433691025,-0.2600916624069214,-1.0601508617401123,-0.026960283517837524,0.4716346263885498,0.8817940354347229,0.4911436140537262,0.38177385926246643,-0.11416026949882507,0.40116146206855774,0.2511825598938416,-87.76656953792686,0.48429158329963684,0.4303710162639618
6.46,323,0.08427582681179047,0.996442437171936,0.08437591046094894,-0.2803131341934204,-1.0110739469528198,-0.03880167007446289,0.475961834192276,0.8794659376144409,0.4960573613643646,0.39168599247932434,-0.11697652190923691,0.4116814434528351,0.2209733578827694,-87.54559618004409,0.4911436140537262,0.4135402739048004
6.48,324,0.0783064216375351,0.9969293475151062,0.07838666439056396,-0.29946205019950867,-0.9574447870254517,-0.05048993229866028,0.4785594642162323,0.8780551552772522,0.49901336431503296,0.400253027677536,-0.11887418478727341,0.420626699924469,0.18884616224011017,-87.35675001780398,0.4960573613643646,0.39507749676704407
6.5,325,0.07197535037994385,0.9974064230918884,0.07203764468431473,-0.3174512982368469,-0.8994635939598083,-0.06197892129421234,0.4794255495071411,0.8775825500488281,0.5,0.40745019912719727,-0.11982385069131851,0.42796236276626587,0.15456280334540784,-87.20218721445856,0.49901336431503296,0.3750555217266083
6.5200000000000005,326,0.06530716270208359,0.9978652000427246,0.06535367667675018,-0.33419832587242126,-0.8373510241508484,-0.0732233077287674,0.4785594642162323,0.8780551552772522,0.49901336431503296,0.4132522940635681,-0.11981005221605301,0.43365970253944397,0.1178555618944085,-87.08433165256416,0.5,0.3535533845424652
6.54,327,0.058328043669462204,0.9982974529266357,0.05836116895079613,-0.34962528944015503,-0.7713477611541748,-0.08417871594429016,0.475961834192276,0.8794659376144409,0.4960573613643646,0.4176337718963623,-0.11883153021335602,0.4376961886882782,0.07839445560567042,-87.00593719695848,0.49901336431503296,0.33065593242645264
6.5600000000000005,328,0.05106575787067413,0.9986953139305115,0.05108797922730446,-0.3636595606803894,-0.7017133831977844,-0.09480191767215729,0.4716346263885498,0.8817940354347229,0.4911436140537262,0.42056888341903687,-0.11690123379230499,0.44005563855171204,0.035809810328842444,-86.97012738662964,0.4960573613643646,0.30645352602005005
6.58,329,0.043549519032239914,0.9990512728691101,0.043563298881053925,-0.3762340545654297,-0.6287254691123962,-0.1050509661436081,0.4655815362930298,0.885004997253418,0.48429158329963684,0.4220319986343384,-0.11404626816511154,0.4407282769680023,-0.010330593079639102,-86.98045797970929,0.4911436140537262,0.28104168176651
6.6000000000000005,330,0.03580988571047783,0.999358594417572,0.03581754490733147,-0.3872876465320587,-0.5526787042617798,-0.11488543450832367,0.45780816674232483,0.8890510201454163,0.4755282700061798,0.4219982624053955,-0.11030761897563934,0.43971070647239685,-0.060592843962142186,-87.04105082367143,0.48429158329963684,0.2545207142829895
6.62,331,0.027878625318408012,0.9996113181114197,0.02788223884999752,-0.3967652916908264,-0.4738834500312805,-0.12426651269197464,0.44832292199134827,0.8938716650009155,0.46488824486732483,0.4204442799091339,-0.10573963820934296,0.43700599670410156,-0.11570237132959772,-87.15675319500103,0.4755282700061798,0.22699524462223053
6.640000000000001,332,0.019788574427366257,0.9998041987419128,0.019789867103099823,-0.40461859107017517,-0.3926646411418915,-0.1331571489572525,0.43713751435279846,0.899394690990448,0.45241352915763855,0.4173489511013031,-0.10040950775146484,0.43262365460395813,-0.17660965721003766,-87.33336285221107,0.46488824486732483,0.19857394695281982
6.66,333,0.011573492549359798,0.9999330043792725,0.011573750525712967,-0.4108057916164398,-0.30936017632484436,-0.14152228832244873,0.42426797747612,0.9055367112159729,0.43815332651138306,0.4126944839954376,-0.09439633786678314,0.4265795946121216,-0.2445898493064141,-87.57795270151748,0.45241352915763855,0.16936896741390228
6.68,334,0.0032679010182619095,0.9999946355819702,0.003267906839028001,-0.4152921736240387,-0.22431939840316772,-0.14932888746261597,0.40973538160324097,0.9122044444084167,0.4221639633178711,0.4064674973487854,-0.08779023587703705,0.41889604926109314,-0.32139688084646584,-87.89934958236394,0.43815332651138306,0.13949555158615112
6.7,335,-0.005093075335025787,0.999987006187439,-0.005093097686767578,-0.41805022954940796,-0.13790154457092285,-0.15654617547988892,0.39356696605682373,0.9192959666252136,0.404508501291275,0.3986600339412689,-0.08069108426570892,0.4096015989780426,-0.40951235646739464,-88.30886193883133,0.4221639633178711,0.10907161980867386
6.72,336,-0.013473883271217346,0.9999092221260071,-0.013474291190505028,-0.419059693813324,-0.0504738874733448,-0.16314563155174255,0.37579697370529175,0.9267020225524902,0.3852566182613373,0.3892708420753479,-0.07320719957351685,0.39873090386390686,-0.5125648997522383,-88.82142683858356,0.404508501291275,0.07821723073720932
6.74,337,-0.021838713437318802,0.9997615218162537,-0.021840449422597885,-0.418307900428772,0.037589963525533676,-0.16910123825073242,0.3564675450325012,0.9343076944351196,0.3644843101501465,0.37830623984336853,-0.06545379757881165,0.38632476329803467,-0.6360734804854018,-89.45750031906897,0.3852566182613373,0.04705415666103363
6.76,338,-0.030151672661304474,0.9995453357696533,-0.030156241729855537,-0.4157896637916565,0.12591195106506348,-0.17438946664333344,0.3356296420097351,0.9419940114021301,0.3422735631465912,0.365781307220459,-0.0575513057410717,0.3724297881126404,-0.7888512600889277,-90.2463515791579,0.3644843101501465,0.015705378726124763
6.78,339,-0.03837696462869644,0.999263346195221,-0.03838638961315155,-0.41150742769241333,0.21411140263080597,-0.1789894700050354,0.31334367394447327,0.9496397972106934,0.3187119960784912,0.3517206311225891,-0.04962353780865669,0.35709840059280396,-0.8790161878623052,-91.12536776702021,0.3422735631465912,-0.015705378726124763
6.8,340,-0.04647906497120857,0.9989192485809326,-0.046495817601680756,-0.4054712951183319,0.3018069863319397,-0.18288308382034302,0.2896801233291626,0.9571235179901123,0.29389262199401855,0.33615919947624207,-0.041795749217271805,0.3403884470462799,-0.8763694586791397,-92.00173722569934,0.3187119960784912,-0.04705415666103363
6.82,341,-0.05442289263010025,0.9985179901123047,-0.05444979667663574,-0.39769890904426575,0.3886185586452484,-0.18605493009090424,0.2647198438644409,0.9643253684043884,0.2679134011268616,0.31914275884628296,-0.03419261425733566,0.3223631978034973,-0.8742133575152562,-92.8759505832146,0.29389262199401855,-0.07821723073720932
6.84,342,-0.062173981219530106,0.9980653524398804,-0.06221410632133484,-0.3882155418395996,0.474168986082077,-0.18849250674247742,0.2385542392730713,0.9711291790008545,0.24087683856487274,0.3007282316684723,-0.026936151087284088,0.3030909299850464,-0.872556522392563,-93.74850710560716,0.2679134011268616,-0.10907161980867386
6.86,343,-0.06969862431287766,0.9975680708885193,-0.0697551816701889,-0.377053827047348,0.5580860376358032,-0.19018620252609253,0.21128518879413605,0.9774244427680969,0.2128896415233612,0.2809838056564331,-0.02014363743364811,0.2826448380947113,-0.871405605769813,-94.61991271137697,0.24087683856487274,-0.13949555158615112
6.88,344,-0.07696407288312912,0.9970338940620422,-0.07704025506973267,-0.3642537295818329,0.64000403881073,-0.19112929701805115,0.18302473425865173,0.9831082820892334,0.18406227231025696,0.25998881459236145,-0.013925557024776936,0.2611025273799896,-0.8707652171226625,-95.49067792849964,0.2128896415233612,-0.16936896741390228
6.9,345,-0.08393862098455429,0.9964709281921387,-0.08403750509023666,-0.3498624265193939,0.7195656895637512,-0.1913181096315384,0.15389446914196014,0.9880872964859009,0.15450850129127502,0.23783309757709503,-0.008383636362850666,0.2385459989309311,-0.8706379292075543,-96.3613158577072,0.18406227231025696,-0.19857394695281982
6.92,346,-0.09059181064367294,0.9958881139755249,-0.09071618318557739,-0.33393394947052,0.7964235544204712,-0.19075188040733337,0.12402476370334625,0.9922791123390198,0.12434494495391846,0.2146165668964386,-0.0036089846398681402,0.21506112813949585,-0.871024247953864,-97.23234010566107,0.15450850129127502,-0.22699524462223053
6.94,347,-0.0968945100903511,0.9952946305274963,-0.09704677015542984,-0.31652912497520447,0.8702418208122253,-0.18943282961845398,0.09355364739894867,0.995614230632782,0.0936906561255455,0.19044815003871918,0.0003195827885065228,0.19073742628097534,-0.8719226239741892,-98.10426272963525,0.12434494495391846,-0.2545207142829895
6.96,348,-0.1028190404176712,0.9947000741958618,-0.10300107300281525,-0.2977151870727539,0.940697193145752,-0.18736617267131805,0.06262560933828354,0.9980370998382568,0.06266661733388901,0.16544464230537415,0.0033370121382176876,0.16566768288612366,-0.8733294646769117,-98.97759219431217,0.0936906561255455,-0.28104168176651
6.98,349,-0.10833931714296341,0.9941139817237854,-0.10855238139629364,-0.2775655686855316,1.0074808597564697,-0.18456007540225983,0.031390100717544556,0.9995071887969971,0.031395260244607925,0.13972942531108856,0.005393235944211483,0.13994763791561127,-0.8752391132722354,-99.8528313075844,0.06266661733388901,-0.30645352602005005
7.0,350,-0.11343090981245041,0.9935458898544312,-0.1136755719780922,-0.25615957379341125,1.0702992677688599,-0.18102559447288513,4.2862638516991895e-16,1.0,4.2862638516991895e-16,0.11343090981245041,0.006454113405197859,0.1136755719780922,-0.8776439242369026,-100.7304752318213,0.031395260244607925,-0.33065593242645264
7.0200000000000005,351,-0.11807114630937576,0.9930051565170288,-0.11834721267223358,-0.23358206450939178,1.1288753747940063,-0.1767766922712326,-0.031390100717544556,0.9995071887969971,-0.031395260244607925,0.08668104559183121,0.006502070929855108,0.08695195615291595,-0.8805342592489689,-101.61100949107028,4.2862638516991895e-16,-0.3535533845424652
7.04,352,-0.12223918735980988,0.9925006628036499,-0.12254567444324493,-0.20992307364940643,1.182949423789978,-0.17183013260364532,-0.06262560933828354,0.9980370998382568,-0.06266661733388901,0.05961357802152634,0.005536419339478016,0.059879060834646225,-0.7080780574227664,-102.31908754849304,-0.031395260244607925,-0.3750555217266083
7.0600000000000005,353,-0.12591609358787537,0.9920408725738525,-0.126251220703125,-0.18527747690677643,1.2322802543640137,-0.16620543599128723,-0.09355364739894867,0.995614230632782,-0.0936906561255455,0.032362449914216995,0.003573345486074686,0.0325605683028698,-0.5713300533567333,-102.89041760184978,-0.06266661733388901,-0.39507749676704407
7.08,354,-0.12908491492271423,0.9916335344314575,-0.1294461190700531,-0.15974454581737518,1.2766458988189697,-0.15992480516433716,-0.12402476370334625,0.9922791123390198,-0.12434494495391846,0.005060151685029268,0.0006455795373767614,0.005101173184812069,-0.45890288108564153,-103.34932048293541,-0.0936906561255455,-0.4135402739048004
7.1000000000000005,355,-0.13173067569732666,0.9912855625152588,-0.13211466372013092,-0.1334276795387268,1.3158440589904785,-0.15301303565502167,-0.15389446914196014,0.9880872964859009,-0.15450850129127502,-0.022163793444633484,-0.0031982536893337965,-0.02239382639527321,-0.3638696327383678,-103.71319011567378,-0.12434494495391846,-0.4303710162639618
7.12,356,-0.13384050130844116,0.9910028576850891,-0.13424333930015564,-0.10643380880355835,1.3496931791305542,-0.1454973816871643,-0.18302473425865173,0.9831082820892334,-0.18406227231025696,-0.049184225499629974,-0.007894576527178288,-0.04981892928481102,-0.28177946960061906,-103.9949695852744,-0.15450850129127502,-0.44550326466560364
7.140000000000001,357,-0.1354036033153534,0.9907905459403992,-0.13582080602645874,-0.0788731500506401,1.378032922744751,-0.13740752637386322,-0.21128518879413605,0.9774244427680969,-0.2128896415233612,-0.07588158547878265,-0.01336606778204441,-0.07706883549690247,-0.20964496832411098,-104.20461455359852,-0.18406227231025696,-0.4588773250579834
7.16,358,-0.13641133904457092,0.9906522631645203,-0.13683798909187317,-0.05085866525769234,1.4007242918014526,-0.12877537310123444,-0.2385542392730713,0.9711291790008545,-0.24087683856487274,-0.10214290022850037,-0.01952310837805271,-0.10403885692358017,-0.14538764070671856,-104.35000219430523,-0.2128896415233612,-0.4704403877258301
7.18,359,-0.13685722649097443,0.9905908107757568,-0.13728809356689453,-0.022505654022097588,1.417650580406189,-0.11963500827550888,-0.2647198438644409,0.9643253684043884,-0.2679134011268616,-0.1278626173734665,-0.026265421882271767,-0.13062530755996704,-0.08751698858046197,-104.4375191828857,-0.24087683856487274,-0.4801468551158905
7.2,360,-0.13673700392246246,0.9906073808670044,-0.13716672360897064,0.006068700924515724,1.4287177324295044,-0.11002248525619507,-0.2896801233291626,0.9571235179901123,-0.29389262199401855,-0.15294313430786133,-0.033483874052762985,-0.1567258983850479,-0.03493535053486148,-104.47245453342056,-0.2679134011268616,-0.4879583716392517
7.22,361,-0.1360485851764679,0.9907021522521973,-0.13647180795669556,0.03474578633904457,1.433854341506958,-0.09997577965259552,-0.31334367394447327,0.9496397972106934,-0.3187119960784912,-0.17729510366916656,-0.0410623736679554,-0.18224018812179565,0.013185241327263657,-104.4592692920933,-0.29389262199401855,-0.4938441812992096
7.24,362,-0.13479213416576385,0.9908738732337952,-0.13520368933677673,0.06340603530406952,1.4330122470855713,-0.08953449130058289,-0.3356296420097351,0.9419940114021301,-0.3422735631465912,-0.20083749294281006,-0.048879869282245636,-0.20706987380981445,0.05748388969106601,-104.40178540240223,-0.3187119960784912,-0.497780978679657
7.26,363,-0.13297010958194733,0.9911200404167175,-0.13336509466171265,0.0919293761253357,1.4261671304702759,-0.07873985171318054,-0.3564675450325012,0.9343076944351196,-0.3644843101501465,-0.2234974205493927,-0.0568123385310173,-0.23111921548843384,0.09846492252880418,-104.30332047987342,-0.3422735631465912,-0.49975326657295227
7.28,364,-0.1305871605873108,0.9914368391036987,-0.13096117973327637,0.12019573897123337,1.413318157196045,-0.0676344782114029,-0.37579697370529175,0.9267020225524902,-0.3852566182613373,-0.24520981311798096,-0.0647348091006279,-0.2542954385280609,0.13653574422430434,-104.16678473564912,-0.3644843101501465,-0.49975326657295227
7.3,365,-0.12765023112297058,0.9918192625045776,-0.1279994696378708,0.14808550477027893,1.3944884538650513,-0.05626218020915985,-0.39356696605682373,0.9192959666252136,-0.404508501291275,-0.26591673493385315,-0.07252329587936401,-0.27650901675224304,0.17199436843097599,-103.99479036721814,-0.3852566182613373,-0.497780978679657
7.32,366,-0.12416856735944748,0.9922611117362976,-0.12448987364768982,0.17548002302646637,1.3697258234024048,-0.044667840003967285,-0.40973538160324097,0.9122044444084167,-0.4221639633178711,-0.2855668067932129,-0.08005671203136444,-0.2976740896701813,0.20516737661160553,-103.78962299060653,-0.404508501291275,-0.4938441812992096
7.34,367,-0.12015362828969955,0.9927552938461304,-0.1204446330666542,0.2022620588541031,1.339102029800415,-0.03289720416069031,-0.42426797747612,0.9055367112159729,-0.43815332651138306,-0.30411434173583984,-0.08721862733364105,-0.31770870089530945,0.23630629134682007,-103.55331669925971,-0.4221639633178711,-0.4879583716392517
7.36,368,-0.11561914533376694,0.9932936429977417,-0.11587830632925034,0.2283163219690323,1.3027130365371704,-0.020996764302253723,-0.43713751435279846,0.899394690990448,-0.45241352915763855,-0.3215183615684509,-0.09389893710613251,-0.3365352153778076,0.26563844471666764,-103.28767825454304,-0.43815332651138306,-0.4801468551158905
7.38,369,-0.11058109253644943,0.9938670992851257,-0.11080770939588547,0.25352993607521057,1.260679841041565,-0.009013429284095764,-0.44832292199134827,0.8938716650009155,-0.46488824486732483,-0.33774182200431824,-0.0999954342842102,-0.35408052802085876,0.2933764398555073,-102.99430181468753,-0.45241352915763855,-0.4704403877258301
7.4,370,-0.10505762696266174,0.9944661259651184,-0.10525184869766235,0.27779287099838257,1.2131472826004028,0.0030054599046707153,-0.45780816674232483,0.8890510201454163,-0.4755282700061798,-0.3527505397796631,-0.10541512817144394,-0.37027642130851746,0.3067116420186446,-102.68759017266889,-0.46488824486732483,-0.4588773250579834
7.42,371,-0.09906910359859467,0.9950805306434631,-0.09923187643289566,0.3009985685348511,1.160284399986267,0.015012502670288086,-0.4655815362930298,0.885004997253418,-0.48429158329963684,-0.3665124177932739,-0.11007555574178696,-0.3850597143173218,0.27969262357034813,-102.40789754909854,-0.4755282700061798,-0.44550326466560364
7.44,372,-0.09263797849416733,0.9956998825073242,-0.09277099370956421,0.3230442404747009,1.1022841930389404,0.026960283517837524,-0.4716346263885498,0.8817940354347229,-0.4911436140537262,-0.37899667024612427,-0.11390579491853714,-0.398372620344162,0.2511825598938416,-102.15671498920469,-0.48429158329963684,-0.4303710162639618
7.46,373,-0.0857887789607048,0.9963133335113525,-0.08589436113834381,0.34383150935173035,1.0393630266189575,0.03880167007446289,-0.475961834192276,0.8794659376144409,-0.4960573613643646,-0.3901730477809906,-0.11684740334749222,-0.4101629853248596,0.2209733578827694,-101.93574163132192,-0.4911436140537262,-0.4135402739048004
7.48,374,-0.07854802906513214,0.9969103336334229,-0.0786290317773819,0.3632667064666748,0.9717602133750916,0.05048993229866028,-0.4785594642162323,0.8780551552772522,-0.49901336431503296,-0.40001142024993896,-0.11885517835617065,-0.42038434743881226,0.18884616224011017,-101.7468954690818,-0.4960573613643646,-0.39507749676704407
7.5,375,-0.0709441527724266,0.9974802732467651,-0.07100380212068558,0.3812614381313324,0.8997374176979065,0.06197892129421234,-0.4794255495071411,0.8775825500488281,-0.5,-0.4084813892841339,-0.11989773064851761,-0.428996205329895,0.15456280334540784,-101.5923326657364,-0.49901336431503296,-0.3750555217266083
7.5200000000000005,376,-0.06300737708806992,0.9980130791664124,-0.06304913759231567,0.39773300290107727,0.8235775828361511,0.0732233077287674,-0.4785594642162323,0.8780551552772522,-0.49901336431503296,-0.4155520796775818,-0.11995790898799896,-0.4359642267227173,0.1178555618944085,-101.47447710384199,-0.5,-0.3535533845424652
7.54,377,-0.05476962774991989,0.9984990358352661,-0.05479704588651657,0.4126046895980835,0.7435842156410217,0.08417871594429016,-0.475961834192276,0.8794659376144409,-0.4960573613643646,-0.4211921989917755,-0.1190330758690834,-0.44126030802726746,0.07839445560567042,-101.39608264823632,-0.49901336431503296,-0.33065593242645264
7.5600000000000005,378,-0.04626439884305,0.9989292025566101,-0.04628092050552368,0.42580628395080566,0.660080075263977,0.09480191767215729,-0.4716346263885498,0.8817940354347229,-0.4911436140537262,-0.4253702461719513,-0.11713516712188721,-0.4448626935482025,0.035809810328842444,-101.36027283790747,-0.4960573613643646,-0.30645352602005005
7.58,379,-0.03752661868929863,0.9992956519126892,-0.03753543272614479,0.43727439641952515,0.5734059810638428,0.1050509661436081,-0.4655815362930298,0.885004997253418,-0.48429158329963684,-0.42805489897727966,-0.11429063230752945,-0.44675615429878235,-0.010330593079639102,-101.37060343098712,-0.4911436140537262,-0.28104168176651
7.6000000000000005,380,-0.02859247848391533,0.9995911717414856,-0.02859637513756752,0.44695279002189636,0.4839194118976593,0.11488543450832367,-0.45780816674232483,0.8890510201454163,-0.4755282700061798,-0.429215669631958,-0.11054014414548874,-0.4469318687915802,-0.060592843962142186,-101.43119627494926,-0.48429158329963684,-0.2545207142829895
7.62,381,-0.019499287009239197,0.9998098611831665,-0.019500521942973137,0.45479264855384827,0.3919928967952728,0.12426651269197464,-0.44832292199134827,0.8938716650009155,-0.46488824486732483,-0.4288236200809479,-0.10593819618225098,-0.44538772106170654,-0.11570237132959772,-101.54689864627886,-0.4755282700061798,-0.22699524462223053
7.640000000000001,382,-0.01028528343886137,0.9999471306800842,-0.01028546504676342,0.4607529044151306,0.2980121374130249,0.1331571489572525,-0.43713751435279846,0.899394690990448,-0.45241352915763855,-0.4268522262573242,-0.10055242478847504,-0.44212806224823,-0.17660965721003766,-101.7235083034889,-0.46488824486732483,-0.19857394695281982
7.66,383,-0.0009894567774608731,0.9999995231628418,-0.000989456893876195,0.4648003876209259,0.2023744285106659,0.14152228832244873,-0.42426797747612,0.9055367112159729,-0.43815332651138306,-0.4232785105705261,-0.09446282684803009,-0.4371638894081116,-0.2445898493064141,-101.9680981527953,-0.45241352915763855,-0.16936896741390228
7.68,384,0.008348648436367512,0.9999651312828064,0.008348745293915272,0.46691012382507324,0.10548654198646545,0.14932888746261597,-0.40973538160324097,0.9122044444084167,-0.4221639633178711,-0.4180840253829956,-0.08776072412729263,-0.4305126965045929,-0.32139688084646584,-102.28949503364177,-0.43815332651138306,-0.13949555158615112
7.7,385,0.01768912933766842,0.9998435378074646,0.017690053209662437,0.46706536412239075,0.0077627282589674,0.15654617547988892,-0.39356696605682373,0.9192959666252136,-0.404508501291275,-0.4112561047077179,-0.08054758608341217,-0.4221985638141632,-0.40951235646739464,-102.69900739010916,-0.4221639633178711,-0.10907161980867386
7.72,386,0.02699192985892296,0.999635636806488,0.026995209977030754,0.46525782346725464,-0.09037739038467407,0.16314563155174255,-0.37579697370529175,0.9267020225524902,-0.3852566182613373,-0.4027888774871826,-0.072933629155159,-0.4122518301010132,-0.5125648997522383,-103.2115722898614,-0.404508501291275,-0.07821723073720932
7.74,387,0.036217037588357925,0.9993439316749573,0.036224961280822754,0.4614875912666321,-0.1885109394788742,0.16910123825073242,-0.3564675450325012,0.9343076944351196,-0.3644843101501465,-0.39268457889556885,-0.06503623723983765,-0.40070927143096924,-0.6360734804854018,-103.8476457703468,-0.3852566182613373,-0.04705415666103363
7.76,388,0.045324694365262985,0.9989722967147827,0.04534022882580757,0.4557633399963379,-0.2862139940261841,0.17438946664333344,-0.3356296420097351,0.9419940114021301,-0.3422735631465912,-0.3809543251991272,-0.05697827786207199,-0.38761377334594727,-0.7888512600889277,-104.63649703043573,-0.3644843101501465,-0.015705378726124763
7.78,389,0.05427558720111847,0.9985259771347046,0.05430226773023605,0.44810205698013306,-0.3830636739730835,0.1789894700050354,-0.31334367394447327,0.9496397972106934,-0.3187119960784912,-0.36761927604675293,-0.04888619855046272,-0.37301427125930786,-0.8790161878623052,-105.51551321829804,-0.3422735631465912,0.015705378726124763
7.8,390,0.06303104013204575,0.998011589050293,0.06307285279035568,0.43852925300598145,-0.47864046692848206,0.18288308382034302,-0.2896801233291626,0.9571235179901123,-0.29389262199401855,-0.35271117091178894,-0.04088805243372917,-0.35696548223495483,-0.8763694586791397,-106.39188267697718,-0.3187119960784912,0.04705415666103363
7.82,391,0.07155323028564453,0.9974367618560791,0.07161442935466766,0.42707863450050354,-0.5725299715995789,0.18605493009090424,-0.2647198438644409,0.9643253684043884,-0.2679134011268616,-0.33627307415008545,-0.03311142325401306,-0.33952781558036804,-0.8742133575152562,-107.26609603449243,-0.29389262199401855,0.07821723073720932
7.84,392,0.07980531454086304,0.9968104958534241,0.07989026606082916,0.41379213333129883,-0.6643253564834595,0.18849250674247742,-0.2385542392730713,0.9711291790008545,-0.24087683856487274,-0.3183595538139343,-0.02568129450082779,-0.3207671046257019,-0.872556522392563,-108.13865255688499,-0.2679134011268616,0.10907161980867386
7.86,393,0.08775164932012558,0.9961423873901367,0.08786465972661972,0.39871954917907715,-0.7536289691925049,0.19018620252609253,-0.21128518879413605,0.9774244427680969,-0.2128896415233612,-0.29903683066368103,-0.018717925995588303,-0.3007543087005615,-0.871405605769813,-109.0100581626548,-0.24087683856487274,0.13949555158615112
7.88,394,0.09535791724920273,0.9954430460929871,0.09550303220748901,0.38191846013069153,-0.8400541543960571,0.19112929701805115,-0.18302473425865173,0.9831082820892334,-0.18406227231025696,-0.27838265895843506,-0.012334741652011871,-0.27956530451774597,-0.8707652171226625,-109.88082337977747,-0.2128896415233612,0.16936896741390228
7.9,395,0.10259129106998444,0.9947236180305481,0.10277210921049118,0.3634539246559143,-0.9232271909713745,0.1913181096315384,-0.15389446914196014,0.9880872964859009,-0.15450850129127502,-0.2564857602119446,-0.006636303849518299,-0.2572806179523468,-0.8706379292075543,-110.75146130898503,-0.18406227231025696,0.19857394695281982
7.92,396,0.1094205379486084,0.9939955472946167,0.10964006930589676,0.34339815378189087,-1.002788782119751,0.19075188040733337,-0.12402476370334625,0.9922791123390198,-0.12434494495391846,-0.23344530165195465,-0.0017164226155728102,-0.2339850217103958,-0.871024247953864,-111.6224855569389,-0.15450850129127502,0.22699524462223053
7.94,397,0.11581618338823318,0.9932706356048584,0.11607667803764343,0.32183024287223816,-1.0783952474594116,0.18943282961845398,-0.09355364739894867,0.995614230632782,-0.0936906561255455,-0.20936983823776245,0.0023435764014720917,-0.20976732671260834,-0.8719226239741892,-112.49440818091308,-0.12434494495391846,0.2545207142829895
7.96,398,0.12175057828426361,0.9925607442855835,0.12205339223146439,0.2988358438014984,-1.1497204303741455,0.18736617267131805,-0.06262560933828354,0.9980370998382568,-0.06266661733388901,-0.18437619507312775,0.005476363468915224,-0.1847200095653534,-0.8733294646769117,-113.36773764559,-0.0936906561255455,0.28104168176651
7.98,399,0.1271980106830597,0.9918773174285889,0.12754352390766144,0.27450671792030334,-1.2164561748504639,0.18456007540225983,-0.031390100717544556,0.9995071887969971,-0.031395260244607925,-0.15858811140060425,0.007629864849150181,-0.15893878042697906,-0.8752391132722354,-114.24297675886223,-0.06266661733388901,0.30645352602005005
8.0,400,0.13213478028774261,0.9912317395210266,0.1325223296880722,0.24894043803215027,-1.2783138751983643,0.18102559447288513,-4.898587410340671e-16,1.0,-4.898587410340671e-16,-0.13213478028774261,0.008768240921199322,-0.1325223296880722,-0.8776439242369026,-115.12062068309913,-0.031395260244607925,0.33065593242645264
8.02,401,0.1365392804145813,0.9906346797943115,0.13696713745594025,0.22223994135856628,-1.3350251913070679,0.1767766922712326,0.031390100717544556,0.9995071887969971,0.031395260244607925,-0.10514918714761734,0.008872552774846554,-0.10557187348604202,-0.8805342592489689,-116.00115494234811,-4.898587410340671e-16,0.3535533845424652
8.040000000000001,402,0.14039206504821777,0.9900959730148315,0.14085739850997925,0.19451308250427246,-1.3863431215286255,0.17183013260364532,0.06262560933828354,0.9980370998382568,0.06266661733388901,-0.07776646316051483,0.007941101677715778,-0.07819078117609024,-0.7080780574227664,-116.70923299977088,0.031395260244607925,0.3750555217266083
8.06,403,0.14367587864398956,0.9896247982978821,0.14417484402656555,0.1658722311258316,-1.432042121887207,0.16620543599128723,0.09355364739894867,0.995614230632782,0.0936906561255455,-0.050122231245040894,0.0059894416481256485,-0.05048418417572975,-0.5713300533567333,-117.28056305312761,0.06266661733388901,0.39507749676704407
8.08,404,0.14637571573257446,0.9892290830612183,0.14690351486206055,0.13643383979797363,-1.4719195365905762,0.15992480516433716,0.12402476370334625,0.9922791123390198,0.12434494495391846,-0.022350948303937912,0.003050053957849741,-0.022558575496077538,-0.45890288108564153,-117.73946593421324,0.0936906561255455,0.4135402739048004
8.1,405,0.14847883582115173,0.9889155626296997,0.14902988076210022,0.1063179299235344,-1.5057953596115112,0.15301303565502167,0.15389446914196014,0.9880872964859009,0.15450850129127502,0.005415637511759996,-0.0008282962953671813,0.005478620063513517,-0.3638696327383678,-118.10333556695161,0.12434494495391846,0.4303710162639618
8.120000000000001,406,0.14997485280036926,0.9886898398399353,0.15054282546043396,0.07564766705036163,-1.5335134267807007,0.1454973816871643,0.18302473425865173,0.9831082820892334,0.18406227231025696,0.03304988518357277,-0.005581503268331289,0.033519446849823,-0.28177946960061906,-118.38511503655224,0.15450850129127502,0.44550326466560364
8.14,407,0.15085569024085999,0.9885557889938354,0.1514338105916977,0.044548843055963516,-1.5549410581588745,0.13740752637386322,0.21128518879413605,0.9774244427680969,0.2128896415233612,0.06042950227856636,-0.011131338775157928,0.06145583838224411,-0.20964496832411098,-118.59476000487635,0.18406227231025696,0.4588773250579834
8.16,408,0.15111565589904785,0.988516092300415,0.1516968011856079,0.01314944215118885,-1.5699701309204102,0.12877537310123444,0.2385542392730713,0.9711291790008545,0.24087683856487274,0.08743858337402344,-0.017386913299560547,0.08918003737926483,-0.14538764070671856,-118.74014764558306,0.2128896415233612,0.4704403877258301
8.18,409,0.15075145661830902,0.9885717034339905,0.15132838487625122,-0.018420899286866188,-1.5785170793533325,0.11963500827550888,0.2647198438644409,0.9643253684043884,0.2679134011268616,0.1139683872461319,-0.02424633502960205,0.11658501625061035,-0.08751698858046197,-118.82766463416353,0.24087683856487274,0.4801468551158905
8.2,410,0.14976219832897186,0.988722026348114,0.15032775700092316,-0.05003136023879051,-1.580523133277893,0.11002248525619507,0.2896801233291626,0.9571235179901123,0.29389262199401855,0.13991793990135193,-0.0315985344350338,0.1435648798942566,-0.03493535053486148,-118.86259998469839,0.2679134011268616,0.4879583716392517
8.22,411,0.14814938604831696,0.9889649748802185,0.14869673550128937,-0.0815504640340805,-1.5759550333023071,0.09997577965259552,0.31334367394447327,0.9496397972106934,0.3187119960784912,0.1651943027973175,-0.03932520002126694,0.17001524567604065,0.013185241327263657,-118.84941474337113,0.29389262199401855,0.4938441812992096
8.24,412,0.14591698348522186,0.9892968535423279,0.1464398056268692,-0.11284655332565308,-1.5648045539855957,0.08953449130058289,0.3356296420097351,0.9419940114021301,0.3422735631465912,0.18971264362335205,-0.04730280861258507,0.1958337426185608,0.05748388969106601,-118.79193085368006,0.3187119960784912,0.497780978679657
8.26,413,0.14307139813899994,0.9897123575210571,0.14356404542922974,-0.14378835260868073,-1.547089695930481,0.07873985171318054,0.3564675450325012,0.9343076944351196,0.3644843101501465,0.2133961319923401,-0.0554046593606472,0.22092026472091675,0.09846492252880418,-118.69346593115125,0.3422735631465912,0.49975326657295227
8.28,414,0.13962148129940033,0.990204930305481,0.14007914066314697,-0.1742454171180725,-1.5228537321090698,0.0676344782114029,0.37579697370529175,0.9267020225524902,0.3852566182613373,0.23617549240589142,-0.06350292265415192,0.2451774924993515,0.13653574422430434,-118.55693018692695,0.3644843101501465,0.49975326657295227
8.3,415,0.13557852804660797,0.9907665848731995,0.13599735498428345,-0.20408876240253448,-1.4921666383743286,0.05626218020915985,0.39356696605682373,0.9192959666252136,0.404508501291275,0.25798845291137695,-0.07147065550088882,0.2685111463069916,0.17199436843097599,-118.38493581849598,0.3852566182613373,0.497780978679657
8.32,416,0.13095630705356598,0.9913881421089172,0.13133352994918823,-0.23319123685359955,-1.4551243782043457,0.044667840003967285,0.40973538160324097,0.9122044444084167,0.4221639633178711,0.2787790894508362,-0.07918371260166168,0.29083043336868286,0.20516737661160553,-118.17976844188436,0.404508501291275,0.4938441812992096
8.34,417,0.12577100098133087,0.9920592904090881,0.12610496580600739,-0.26142823696136475,-1.411849021911621,0.03289720416069031,0.42426797747612,0.9055367112159729,0.43815332651138306,0.29849696159362793,-0.08652261644601822,0.31204837560653687,0.23630629134682007,-117.94346215053754,0.4221639633178711,0.4879583716392517
8.36,418,0.12004122883081436,0.9927688837051392,0.12033141404390335,-0.28867799043655396,-1.362489104270935,0.020996764302253723,0.43713751435279846,0.899394690990448,0.45241352915763855,0.3170962929725647,-0.09337422996759415,0.3320821225643158,0.26563844471666764,-117.67782370582087,0.43815332651138306,0.4801468551158905
8.38,419,0.11378797143697739,0.99350506067276,0.11403496563434601,-0.31482240557670593,-1.3072195053100586,0.009013429284095764,0.44832292199134827,0.8938716650009155,0.46488824486732483,0.3345349431037903,-0.09963338077068329,0.35085329413414,0.2933764398555073,-117.38444726596536,0.45241352915763855,0.4704403877258301
8.4,420,0.1070345863699913,0.9942553043365479,0.10724002122879028,-0.33974722027778625,-1.2462407350540161,-0.0030054599046707153,0.45780816674232483,0.8890510201454163,0.4755282700061798,0.35077357292175293,-0.10520429164171219,0.3682882487773895,0.3067116420186446,-117.07773562394672,0.46488824486732483,0.4588773250579834
8.42,421,0.09980671107769012,0.9950068593025208,0.099973164498806,-0.3633427917957306,-1.179779291152954,-0.015012502670288086,0.4655815362930298,0.885004997253418,0.48429158329963684,0.36577481031417847,-0.11000184714794159,0.38431841135025024,0.27969262357034813,-116.79804300037637,0.4755282700061798,0.44550326466560364
8.44,422,0.09213223308324814,0.9957467913627625,0.09226307272911072,-0.3855045437812805,-1.1080867052078247,-0.026960283517837524,0.4716346263885498,0.8817940354347229,0.4911436140537262,0.37950241565704346,-0.11395271867513657,0.3988805413246155,0.2511825598938416,-116.54686044048252,0.48429158329963684,0.4303710162639618
8.46,423,0.08404116332530975,0.9964622855186462,0.08414040505886078,-0.4061333239078522,-1.031439185142517,-0.03880167007446289,0.475961834192276,0.8794659376144409,0.4960573613643646,0.39192065596580505,-0.11699634045362473,0.41191694140434265,0.2209733578827694,-116.32588708259975,0.4911436140537262,0.4135402739048004
8.48,424,0.07556558400392532,0.9971408247947693,0.07563768327236176,-0.4251360595226288,-0.9501367211341858,-0.05048993229866028,0.4785594642162323,0.8780551552772522,0.49901336431503296,0.4029938578605652,-0.11908568441867828,0.42337566614151,0.18884616224011017,-116.13704092035964,0.4960573613643646,0.39507749676704407
8.5,425,0.066739521920681,0.9977704286575317,0.0667891651391983,-0.44242608547210693,-0.8645022511482239,-0.06197892129421234,0.4794255495071411,0.8775825500488281,0.5,0.4126860201358795,-0.12018787115812302,0.4332108497619629,0.15456280334540784,-115.98247811701422,0.49901336431503296,0.3750555217266083
8.52,426,0.057598792016506195,0.998339831829071,0.057630687952041626,-0.4579237103462219,-0.7748805284500122,-0.0732233077287674,0.4785594642162323,0.8780551552772522,0.49901336431503296,0.4209606647491455,-0.12028466165065765,0.44138267636299133,0.1178555618944085,-115.86462255511982,0.5,0.3535533845424652
8.540000000000001,427,0.048180900514125824,0.9988386034965515,0.04819956049323082,-0.4715564250946045,-0.6816365718841553,-0.08417871594429016,0.475961834192276,0.8794659376144409,0.4960573613643646,0.4277809262275696,-0.11937268078327179,0.4478577971458435,0.07839445560567042,-115.78622809951415,0.49901336431503296,0.33065593242645264
8.56,428,0.03852483257651329,0.9992576241493225,0.03853436931967735,-0.48325952887535095,-0.5851545333862305,-0.09480191767215729,0.4716346263885498,0.8817940354347229,0.4911436140537262,0.4331097900867462,-0.11746358126401901,0.45260924100875854,0.035809810328842444,-115.7504182891853,0.4960573613643646,0.30645352602005005
8.58,429,0.028670916333794594,0.9995889067649841,0.028674844652414322,-0.49297624826431274,-0.4858357012271881,-0.1050509661436081,0.4655815362930298,0.885004997253418,0.48429158329963684,0.43691059947013855,-0.11458390951156616,0.4556167423725128,-0.010330593079639102,-115.76074888226495,0.4911436140537262,0.28104168176651
8.6,430,0.018660597503185272,0.9998258948326111,0.018661681562662125,-0.5006581544876099,-0.3840968608856201,-0.11488543450832367,0.45780816674232483,0.8890510201454163,0.4755282700061798,0.43914756178855896,-0.11077487468719482,0.4568665623664856,-0.060592843962142186,-115.82134172622709,0.48429158329963684,0.2545207142829895
8.620000000000001,431,0.008536267094314098,0.9999635815620422,0.00853637047111988,-0.5062655210494995,-0.28036823868751526,-0.12426651269197464,0.44832292199134827,0.8938716650009155,0.46488824486732483,0.4397866427898407,-0.10609189420938492,0.4563518762588501,-0.11570237132959772,-115.9370440975567,0.4755282700061798,0.22699524462223053
8.64,432,-0.0016589759616181254,0.9999986290931702,-0.0016589767765253782,-0.5097673535346985,-0.17509128153324127,-0.1331571489572525,0.43713751435279846,0.899394690990448,0.45241352915763855,0.4387964904308319,-0.10060394555330276,0.454072505235672,-0.17660965721003766,-116.11365375476673,0.46488824486732483,0.19857394695281982
8.66,433,-0.011881531216204166,0.9999294281005859,-0.011881810612976551,-0.5111417174339294,-0.06871656328439713,-0.14152228832244873,0.42426797747612,0.9055367112159729,0.43815332651138306,0.4361495077610016,-0.09439272433519363,0.4500351548194885,-0.2445898493064141,-116.35824360407314,0.45241352915763855,0.16936896741390228
8.68,434,-0.02208752930164337,0.9997560381889343,-0.02208932489156723,-0.5103757381439209,0.03829869627952576,-0.14932888746261597,0.40973538160324097,0.9122044444084167,0.4221639633178711,0.43182292580604553,-0.08755161613225937,0.4442532956600189,-0.32139688084646584,-116.6796404849196,0.43815332651138306,0.13949555158615112
8.700000000000001,435,-0.03223305940628052,0.9994803667068481,-0.03223864361643791,-0.5074658393859863,0.14549295604228973,-0.15654617547988892,0.39356696605682373,0.9192959666252136,0.404508501291275,0.42580002546310425,-0.08018442988395691,0.43674713373184204,-0.40951235646739464,-117.08915284138699,0.4221639633178711,0.10907161980867386
8.72,436,-0.04227439686655998,0.9991060495376587,-0.04228699952363968,-0.502417802810669,0.2524028420448303,-0.16314563155174255,0.37579697370529175,0.9267020225524902,0.3852566182613373,0.41807135939598083,-0.07240401208400726,0.42754361033439636,-0.5125648997522383,-117.60171774113923,0.404508501291275,0.07821723073720932
8.74,437,-0.052168235182762146,0.9986383318901062,-0.052191928029060364,-0.4952464997768402,0.3585655689239502,-0.16910123825073242,0.3564675450325012,0.9343076944351196,0.3644843101501465,0.4086357653141022,-0.06433060020208359,0.41667625308036804,-0.6360734804854018,-118.23779122162463,0.3852566182613373,0.04705415666103363
8.76,438,-0.061871904879808426,0.9980841279029846,-0.0619114488363266,-0.48597607016563416,0.4635213613510132,-0.17438946664333344,0.3356296420097351,0.9419940114021301,0.3422735631465912,0.39750152826309204,-0.05609006807208061,0.4041849970817566,-0.7888512600889277,-119.02664248171357,0.3644843101501465,0.015705378726124763
8.78,439,-0.07134358584880829,0.9974517822265625,-0.07140424847602844,-0.47463974356651306,0.5668158531188965,-0.1789894700050354,0.31334367394447327,0.9496397972106934,0.3187119960784912,0.38468727469444275,-0.04781200736761093,0.39011624455451965,-0.8790161878623052,-119.90565866957587,0.3422735631465912,-0.015705378726124763
8.8,440,-0.08054250478744507,0.9967511892318726,-0.08062984049320221,-0.4612797200679779,0.6680023074150085,-0.18288308382034302,0.2896801233291626,0.9571235179901123,0.29389262199401855,0.37022262811660767,-0.03962766006588936,0.37452247738838196,-0.8763694586791397,-120.782028128255,0.3187119960784912,-0.04705415666103363
8.82,441,-0.08942914009094238,0.9959931969642639,-0.08954877406358719,-0.4459468424320221,0.7666440010070801,-0.18605493009090424,0.2647198438644409,0.9643253684043884,0.2679134011268616,0.3541489839553833,-0.03166782483458519,0.35746216773986816,-0.8742133575152562,-121.65624148577027,0.29389262199401855,-0.07821723073720932
8.84,442,-0.09796540439128876,0.9951898455619812,-0.09812278300523758,-0.4287005066871643,0.8623160123825073,-0.18849250674247742,0.2385542392730713,0.9711291790008545,0.24087683856487274,0.33651965856552124,-0.024060646072030067,0.3389996290206909,-0.872556522392563,-122.52879800816282,0.2679134011268616,-0.10907161980867386
8.86,443,-0.10611478984355927,0.9943538904190063,-0.10631494969129562,-0.4096083641052246,0.9546073079109192,-0.19018620252609253,0.21128518879413605,0.9774244427680969,0.2128896415233612,0.3173999786376953,-0.01692942902445793,0.3192045986652374,-0.871405605769813,-123.40020361393263,0.24087683856487274,-0.13949555158615112
8.88,444,-0.11384252458810806,0.9934988021850586,-0.11408986896276474,-0.38874590396881104,1.04312264919281,-0.19112929701805115,0.18302473425865173,0.9831082820892334,0.18406227231025696,0.2968672513961792,-0.010390497744083405,0.2981521487236023,-0.8707652171226625,-124.2709688310553,0.2128896415233612,-0.16936896741390228
8.9,445,-0.12111571431159973,0.9926384091377258,-0.12141379714012146,-0.3661962151527405,1.1274839639663696,-0.1913181096315384,0.15389446914196014,0.9880872964859009,0.15450850129127502,0.27501019835472107,-0.004551105201244354,0.2759222984313965,-0.8706379292075543,-125.14160676026286,0.18406227231025696,-0.19857394695281982
8.92,446,-0.12790346145629883,0.9917865991592407,-0.12825478613376617,-0.34204959869384766,1.2073317766189575,-0.19075188040733337,0.12402476370334625,0.9922791123390198,0.12434494495391846,0.2519282102584839,0.0004925006651319563,0.2525997459888458,-0.871024247953864,-126.01263100821673,0.15450850129127502,-0.22699524462223053
8.94,447,-0.13417693972587585,0.9909573793411255,-0.13458284735679626,-0.3164030611515045,1.2823268175125122,-0.18943282961845398,0.09355364739894867,0.995614230632782,0.0936906561255455,0.22773058712482452,0.0046568503603339195,0.22827351093292236,-0.8719226239741892,-126.88455363219092,0.12434494495391846,-0.2545207142829895
8.96,448,-0.1399095356464386,0.9901642799377441,-0.14037005603313446,-0.28936004638671875,1.352150797843933,-0.18736617267131805,0.06262560933828354,0.9980370998382568,0.06266661733388901,0.20253513753414154,0.007872799411416054,0.20303666591644287,-0.8733294646769117,-127.75788309686783,0.0936906561255455,-0.28104168176651
8.98,449,-0.14507685601711273,0.9894204139709473,-0.1455906480550766,-0.2610298991203308,1.416507601737976,-0.18456007540225983,0.031390100717544556,0.9995071887969971,0.031395260244607925,0.1764669567346573,0.01008682046085596,0.17698590457439423,-0.8752391132722354,-128.63312221014007,0.06266661733388901,-0.30645352602005005
9.0,450,-0.14965684711933136,0.9887380003929138,-0.15022119879722595,-0.2315274178981781,1.4751238822937012,-0.18102559447288513,5.510910704284357e-16,1.0,5.510910704284357e-16,0.14965684711933136,0.011262001469731331,0.15022119879722595,-0.8776439242369026,-129.51076613437698,0.031395260244607925,-0.33065593242645264
9.02,451,-0.15362980961799622,0.9881284832954407,-0.15424063801765442,-0.20097240805625916,1.527750015258789,-0.1767766922712326,-0.031390100717544556,0.9995071887969971,-0.031395260244607925,0.12223970144987106,0.01137873437255621,0.12284538149833679,-0.8805342592489689,-130.39130039362595,5.510910704284357e-16,-0.3535533845424652
9.040000000000001,452,-0.15697845816612244,0.9876020550727844,-0.15763042867183685,-0.16948918998241425,1.5741608142852783,-0.17183013260364532,-0.06262560933828354,0.9980370998382568,-0.06266661733388901,0.0943528488278389,0.01043506246060133,0.09496381133794785,-0.7080780574227664,-131.09937845104872,-0.031395260244607925,-0.3750555217266083
9.06,453,-0.15968796610832214,0.9871675372123718,-0.16037455201148987,-0.1372060924768448,1.6141552925109863,-0.16620543599128723,-0.09355364739894867,0.995614230632782,-0.0936906561255455,0.06613431125879288,0.00844669807702303,0.06668389588594437,-0.5713300533567333,-131.67070850440547,-0.06266661733388901,-0.39507749676704407
9.08,454,-0.16174595057964325,0.9868324398994446,-0.16245964169502258,-0.10425493121147156,1.6475578546524048,-0.15992480516433716,-0.12402476370334625,0.9922791123390198,-0.12434494495391846,0.037721194326877594,0.0054466924630105495,0.03811470419168472,-0.45890288108564153,-132.1296113854911,-0.0936906561255455,-0.4135402739048004
9.1,455,-0.16314256191253662,0.9866024851799011,-0.1638750582933426,-0.07077056169509888,1.6742185354232788,-0.15301303565502167,-0.15389446914196014,0.9880872964859009,-0.15450850129127502,0.009248095564544201,0.0014847845304757357,0.009366562590003014,-0.3638696327383678,-132.49348101822946,-0.12434494495391846,-0.4303710162639618
9.120000000000001,456,-0.1638704389333725,0.9864818453788757,-0.16461285948753357,-0.03689030185341835,1.694012999534607,-0.1454973816871643,-0.18302473425865173,0.9831082820892334,-0.18406227231025696,-0.01915428787469864,-0.0033735595643520355,-0.01944941096007824,-0.28177946960061906,-132.77526048783008,-0.15450850129127502,-0.44550326466560364
9.14,457,-0.16392476856708527,0.9864728450775146,-0.16466793417930603,-0.002753444714471698,1.7068428993225098,-0.13740752637386322,-0.21128518879413605,0.9774244427680969,-0.2128896415233612,-0.04736042022705078,-0.009048386476933956,-0.048221711069345474,-0.20964496832411098,-132.9849054561542,-0.18406227231025696,-0.4588773250579834
9.16,458,-0.16330327093601227,0.9865759015083313,-0.16403794288635254,0.031499285250902176,1.7126364707946777,-0.12877537310123444,-0.2385542392730713,0.9711291790008545,-0.24087683856487274,-0.07525096833705902,-0.015446742996573448,-0.0768388882279396,-0.14538764070671856,-133.13029309686092,-0.2128896415233612,-0.4704403877258301
9.18,459,-0.16200624406337738,0.9867897033691406,-0.16272342205047607,0.06572625041007996,1.711348295211792,-0.11963500827550888,-0.2647198438644409,0.9643253684043884,-0.2679134011268616,-0.10271359980106354,-0.022464372217655182,-0.1051899716258049,-0.08751698858046197,-133.21781008544139,-0.24087683856487274,-0.4801468551158905
9.200000000000001,460,-0.1600365787744522,0.9871110916137695,-0.16072770953178406,0.0997854471206665,1.7029598951339722,-0.11002248525619507,-0.2896801233291626,0.9571235179901123,-0.29389262199401855,-0.1296435445547104,-0.029987569898366928,-0.1331649124622345,-0.03493535053486148,-133.25274543597624,-0.2679134011268616,-0.4879583716392517
9.22,461,-0.1573997437953949,0.9875349998474121,-0.15805701911449432,0.13353504240512848,1.6874799728393555,-0.09997577965259552,-0.31334367394447327,0.9496397972106934,-0.3187119960784912,-0.15594394505023956,-0.03789518028497696,-0.1606549769639969,0.013185241327263657,-133.239560194649,-0.29389262199401855,-0.4938441812992096
9.24,462,-0.15410378575325012,0.9880546927452087,-0.15472033619880676,0.16683393716812134,1.6649444103240967,-0.08953449130058289,-0.3356296420097351,0.9419940114021301,-0.3422735631465912,-0.18152585625648499,-0.04606063663959503,-0.18755321204662323,0.05748388969106601,-133.18207630495792,-0.3187119960784912,-0.497780978679657
9.26,463,-0.15015938878059387,0.9886618256568909,-0.1507294923067093,0.19954226911067963,1.6354167461395264,-0.07873985171318054,-0.3564675450325012,0.9343076944351196,-0.3644843101501465,-0.20630814135074615,-0.05435409024357796,-0.2137548178434372,0.09846492252880418,-133.08361138242913,-0.3422735631465912,-0.49975326657295227
9.28,464,-0.14557985961437225,0.9893465042114258,-0.1460990458726883,0.23152202367782593,1.5989879369735718,-0.0676344782114029,-0.37579697370529175,0.9267020225524902,-0.3852566182613373,-0.2302170991897583,-0.06264448165893555,-0.239157572388649,0.13653574422430434,-132.9470756382048,-0.3644843101501465,-0.49975326657295227
9.3,465,-0.1403810828924179,0.9900975227355957,-0.14084629714488983,0.26263755559921265,1.5557769536972046,-0.05626218020915985,-0.39356696605682373,0.9192959666252136,-0.404508501291275,-0.253185898065567,-0.07080160081386566,-0.263662189245224,0.17199436843097599,-132.77508126977384,-0.3852566182613373,-0.497780978679657
9.32,466,-0.1345815658569336,0.9909025430679321,-0.13499116897583008,0.29275619983673096,1.5059309005737305,-0.044667840003967285,-0.40973538160324097,0.9122044444084167,-0.4221639633178711,-0.2751538157463074,-0.07869809120893478,-0.287172794342041,0.20516737661160553,-132.56991389316224,-0.404508501291275,-0.4938441812992096
9.34,467,-0.1282023936510086,0.991748034954071,-0.12855620682239532,0.32174867391586304,1.4496245384216309,-0.03289720416069031,-0.42426797747612,0.9055367112159729,-0.43815332651138306,-0.2960655689239502,-0.08621133863925934,-0.3095971345901489,0.23630629134682007,-132.33360760181543,-0.4221639633178711,-0.4879583716392517
9.36,468,-0.12126719951629639,0.9926198720932007,-0.12156639993190765,0.34948989748954773,1.387060523033142,-0.020996764302253723,-0.43713751435279846,0.899394690990448,-0.45241352915763855,-0.3158703148365021,-0.09322521835565567,-0.3308471143245697,0.26563844471666764,-132.06796915709876,-0.43815332651138306,-0.4801468551158905
9.38,469,-0.11380213499069214,0.9935034513473511,-0.11404921859502792,0.37585926055908203,1.3184691667556763,-0.009013429284095764,-0.44832292199134827,0.8938716650009155,-0.46488824486732483,-0.33452078700065613,-0.09963175654411316,-0.3508390188217163,0.2933764398555073,-131.77459271724325,-0.45241352915763855,-0.4704403877258301
9.4,470,-0.10583580285310745,0.9943836331367493,-0.10603439062833786,0.40074142813682556,1.2441082000732422,0.0030054599046707153,-0.45780816674232483,0.8890510201454163,-0.4755282700061798,-0.3519723415374756,-0.10533261299133301,-0.36949387192726135,0.3067116420186446,-131.4678810752246,-0.46488824486732483,-0.4588773250579834
9.42,471,-0.09739919751882553,0.9952453970909119,-0.09755385667085648,0.4240266680717468,1.1642619371414185,0.015012502670288086,-0.4655815362930298,0.885004997253418,-0.48429158329963684,-0.36818233132362366,-0.1102403998374939,-0.38673773407936096,0.27969262357034813,-131.18818845165424,-0.4755282700061798,-0.44550326466560364
9.44,472,-0.08852559328079224,0.9960739016532898,-0.08864162862300873,0.44561150670051575,1.079241156578064,0.026960283517837524,-0.4716346263885498,0.8817940354347229,-0.4911436140537262,-0.38310906291007996,-0.1142798438668251,-0.40250200033187866,0.2511825598938416,-130.9370058917604,-0.48429158329963684,-0.4303710162639618
9.46,473,-0.07925044745206833,0.9968547224998474,-0.07933364063501358,0.4653991162776947,0.9893813729286194,0.03880167007446289,-0.475961834192276,0.8794659376144409,-0.4960573613643646,-0.3967113792896271,-0.11738879233598709,-0.41672369837760925,0.2209733578827694,-130.71603253387764,-0.4911436140537262,-0.4135402739048004
9.48,474,-0.06961130350828171,0.9975742101669312,-0.06966764479875565,0.48329997062683105,0.8950427770614624,0.05048993229866028,-0.4785594642162323,0.8780551552772522,-0.49901336431503296,-0.40894815325737,-0.11951903998851776,-0.4293457269668579,0.18884616224011017,-130.52718637163753,-0.4960573613643646,-0.39507749676704407
9.5,475,-0.0596475750207901,0.9982194900512695,-0.05968300253152847,0.49923214316368103,0.7966081500053406,0.06197892129421234,-0.4794255495071411,0.8775825500488281,-0.5,-0.4197779595851898,-0.1206369400024414,-0.4403170049190521,0.15456280334540784,-130.3726235682921,-0.49901336431503296,-0.3750555217266083
9.52,476,-0.0494004525244236,0.9987790584564209,-0.049420565366744995,0.5131217837333679,0.6944818496704102,0.0732233077287674,-0.4785594642162323,0.8780551552772522,-0.49901336431503296,-0.4291589856147766,-0.1207238957285881,-0.44959279894828796,0.1178555618944085,-130.2547680063977,-0.5,-0.3535533845424652
9.540000000000001,477,-0.03891266882419586,0.9992426037788391,-0.038922496140003204,0.5249035358428955,0.5890876650810242,0.08417871594429016,-0.475961834192276,0.8794659376144409,-0.4960573613643646,-0.43704915046691895,-0.11977667361497879,-0.45713484287261963,0.07839445560567042,-130.17637355079205,-0.49901336431503296,-0.33065593242645264
9.56,478,-0.02822832763195038,0.9996014833450317,-0.02823207713663578,0.5345208644866943,0.480867475271225,0.09480191767215729,-0.4716346263885498,0.8817940354347229,-0.4911436140537262,-0.4434063136577606,-0.11780744045972824,-0.46291154623031616,0.035809810328842444,-130.14056374046322,-0.4960573613643646,-0.30645352602005005
9.58,479,-0.01739267073571682,0.9998487234115601,-0.017393548041582108,0.5419264435768127,0.37027856707572937,0.1050509661436081,-0.4655815362930298,0.885004997253418,-0.48429158329963684,-0.448188841342926,-0.11484374105930328,-0.46689802408218384,-0.010330593079639102,-130.15089433354285,-0.4911436140537262,-0.28104168176651
9.6,480,-0.00645185774192214,0.9999791979789734,-0.006451902445405722,0.5470823049545288,0.2577916979789734,0.11488543450832367,-0.45780816674232483,0.8890510201454163,-0.4755282700061798,-0.45135629177093506,-0.11092818528413773,-0.46907636523246765,-0.060592843962142186,-130.211487177505,-0.48429158329963684,-0.2545207142829895
9.620000000000001,481,0.004547283053398132,0.9999896883964539,0.0045472984202206135,0.5499600768089294,0.14388860762119293,0.12426651269197464,-0.44832292199134827,0.8938716650009155,-0.46488824486732483,-0.4528701901435852,-0.10611798614263535,-0.46943554282188416,-0.11570237132959772,-130.3271895488346,-0.4755282700061798,-0.22699524462223053
9.64,482,0.015557495877146721,0.999879002571106,0.015558123588562012,0.5505412220954895,0.029059408232569695,0.1331571489572525,-0.43713751435279846,0.899394690990448,-0.45241352915763855,-0.45269501209259033,-0.10048429667949677,-0.46797165274620056,-0.17660965721003766,-130.50379920604465,-0.46488824486732483,-0.19857394695281982
9.66,483,0.02653135545551777,0.9996479749679565,0.026534467935562134,0.5488172173500061,-0.08619999885559082,0.14152228832244873,-0.42426797747612,0.9055367112159729,-0.43815332651138306,-0.4507993161678314,-0.09411129355430603,-0.4646877944469452,-0.2445898493064141,-130.74838905535105,-0.45241352915763855,-0.16936896741390228
9.68,484,0.037421517074108124,0.9992995858192444,0.037430256605148315,0.5447894334793091,-0.20139063894748688,0.14932888746261597,-0.40973538160324097,0.9122044444084167,-0.4221639633178711,-0.4471569061279297,-0.08709514141082764,-0.4595942199230194,-0.32139688084646584,-131.06978593619752,-0.43815332651138306,-0.13949555158615112
9.700000000000001,485,0.04818097874522209,0.9988386034965515,0.04819963872432709,0.5384691953659058,-0.3160131871700287,0.15654617547988892,-0.39356696605682373,0.9192959666252136,-0.404508501291275,-0.4417479634284973,-0.07954267412424088,-0.4527081251144409,-0.40951235646739464,-131.4792982926649,-0.4221639633178711,-0.10907161980867386
9.72,486,0.058763325214385986,0.9982719421386719,0.0587971955537796,0.529877781867981,-0.4295707046985626,0.16314563155174255,-0.37579697370529175,0.9267020225524902,-0.3852566182613373,-0.43456029891967773,-0.07156991958618164,-0.4440538287162781,-0.5125648997522383,-131.99186319241716,-0.404508501291275,-0.07821723073720932
9.74,487,0.06912295520305634,0.9976081252098083,0.06917811930179596,0.5190463066101074,-0.5415711998939514,0.16910123825073242,-0.3564675450325012,0.9343076944351196,-0.3644843101501465,-0.42559048533439636,-0.06330043822526932,-0.43366244435310364,-0.6360734804854018,-132.62793667290256,-0.3852566182613373,-0.04705415666103363
9.76,488,0.07921535521745682,0.9968575239181519,0.07929843664169312,0.5060157179832458,-0.651530385017395,0.17438946664333344,-0.3356296420097351,0.9419940114021301,-0.3422735631465912,-0.41484498977661133,-0.054863497614860535,-0.4215719997882843,-0.7888512600889277,-133.4167879329915,-0.3644843101501465,-0.015705378726124763
9.78,489,0.0889972597360611,0.9960318803787231,0.08911516517400742,0.4908362329006195,-0.7589739561080933,0.1789894700050354,-0.31334367394447327,0.9496397972106934,-0.3187119960784912,-0.40234094858169556,-0.04639207571744919,-0.4078271687030792,-0.8790161878623052,-134.2958041208538,-0.3422735631465912,0.015705378726124763
9.8,490,0.09842688590288162,0.9951443076133728,0.09858650714159012,0.4735674560070038,-0.8634400367736816,0.18288308382034302,-0.2896801233291626,0.9571235179901123,-0.29389262199401855,-0.388107031583786,-0.038020770996809006,-0.39247915148735046,-0.8763694586791397,-135.17217357953294,-0.3187119960784912,0.04705415666103363
9.82,491,0.10746414214372635,0.9942089319229126,0.1076720654964447,0.45427781343460083,-0.9644813537597656,0.18605493009090424,-0.2647198438644409,0.9643253684043884,-0.2679134011268616,-0.37218397855758667,-0.029883600771427155,-0.3755854666233063,-0.8742133575152562,-136.0463869370482,-0.29389262199401855,0.07821723073720932
9.84,492,0.11607073992490768,0.9932409524917603,0.11633295565843582,0.4330444633960724,-1.0616672039031982,0.18849250674247742,-0.2385542392730713,0.9711291790008545,-0.24087683856487274,-0.35462498664855957,-0.02211177535355091,-0.35720980167388916,-0.872556522392563,-136.91894345944075,-0.2679134011268616,0.10907161980867386
9.86,493,0.12421038001775742,0.9922559261322021,0.12453201413154602,0.4099527597427368,-1.1545852422714233,0.19018620252609253,-0.21128518879413605,0.9774244427680969,-0.2128896415233612,-0.33549556136131287,-0.01483144797384739,-0.3374216556549072,-0.871405605769813,-137.79034906521056,-0.24087683856487274,0.13949555158615112
9.88,494,0.13184890151023865,0.9912698268890381,0.13223393261432648,0.38509589433670044,-1.2428430318832397,0.19112929701805115,-0.18302473425865173,0.9831082820892334,-0.18406227231025696,-0.3148736357688904,-0.008161516860127449,-0.31629621982574463,-0.8707652171226625,-138.66111428233322,-0.2128896415233612,0.16936896741390228
9.9,495,0.13895432651042938,0.9902988076210022,0.13940541446208954,0.3585745096206665,-1.326069951057434,0.1913181096315384,-0.15389446914196014,0.9880872964859009,-0.15450850129127502,-0.2928487956523895,-0.0022115011233836412,-0.29391393065452576,-0.8706379292075543,-139.53175221154078,-0.18406227231025696,0.19857394695281982
9.92,496,0.14549703896045685,0.98935866355896,0.14601534605026245,0.3304961621761322,-1.4039173126220703,0.19075188040733337,-0.12402476370334625,0.9922791123390198,-0.12434494495391846,-0.2695218026638031,0.002920436905696988,-0.2703602910041809,-0.871024247953864,-140.40277645949465,-0.15450850129127502,0.22699524462223053
9.94,497,0.15144981443881989,0.9884649515151978,0.15203484892845154,0.30097493529319763,-1.4760607481002808,0.18943282961845398,-0.09355364739894867,0.995614230632782,-0.0936906561255455,-0.24500346183776855,0.007149291690438986,-0.24572549760341644,-0.8719226239741892,-141.27469908346885,-0.12434494495391846,0.2545207142829895
9.96,498,0.15678787231445312,0.9876322746276855,0.15743745863437653,0.2701309621334076,-1.542199969291687,0.18736617267131805,-0.06262560933828354,0.9980370998382568,-0.06266661733388901,-0.21941348910331726,0.010404789820313454,-0.22010408341884613,-0.8733294646769117,-142.14802854814576,-0.0936906561255455,0.28104168176651
9.98,499,0.16148898005485535,0.986874520778656,0.1621992588043213,0.23808975517749786,-1.602060079574585,0.18456007540225983,-0.031390100717544556,0.9995071887969971,-0.031395260244607925,-0.1928790807723999,0.012632695026695728,-0.19359451532363892,-0.8752391132722354,-143.023267661418,-0.06266661733388901,0.30645352602005005
