t,step,x,y,theta,theta_dot,theta_ddot,tau,x_target,y_target,theta_target,ex,ey,etheta,reward,reward_cum,force_left,force_right
0.0,0,0.0,1.0,0.0,0.0,0.0,0.0,0.0,1.0,0.0,0.0,0.0,0.0,0.0,0.0,0.0,0.0
0.02,1,0.0,1.0,0.0,0.0,0.0,0.0,0.031390100717544556,0.9995071887969971,0.031395260244607925,0.031390100717544556,-0.0004927907139062881,0.031395260244607925,-0.03139525976465669,-0.03139525976465669,0.0,0.0
0.04,2,9.418577974429354e-05,1.0,9.418577974429354e-05,0.004709288943558931,0.2354644536972046,0.31395259499549866,0.06262560933828354,0.9980370998382568,0.06266661733388901,0.06253141909837723,-0.001962905516847968,0.0625724345445633,-0.06355809336724497,-0.09495335313190165,0.0,0.0
0.06,3,0.0003757410158868879,0.9999999403953552,0.0003757410158868879,0.014077762141823769,0.46842366456985474,0.6257243156433105,0.09355364739894867,0.995614230632782,0.0936906561255455,0.0931779071688652,-0.004385689273476601,0.09331491589546204,-0.09723022545529733,-0.19218357858719898,0.0,0.0
0.08,4,0.0009359238902106881,0.9999995827674866,0.0009359240648336709,0.02800915017724037,0.6965694427490234,0.9331491589546204,0.12402476370334625,0.9922791123390198,0.12434494495391846,0.12308883666992188,-0.00772043876349926,0.12340901792049408,-0.13211669291369993,-0.3243002715008989,0.0,0.0
0.1,5,0.0018631585408002138,0.9999982714653015,0.0018631595885381103,0.0463617779314518,0.9176312685012817,1.2340902090072632,0.15389446914196014,0.9880872964859009,0.15450850129127502,0.1520313173532486,-0.011910974979400635,0.15264533460140228,-0.16787512405823243,-0.49217539555913137,0.0,0.0
0.12,6,0.0032421466894447803,0.9999947547912598,0.0032421525102108717,0.0689496397972107,1.1293933391571045,1.5264533758163452,0.18302473425865173,0.9831082820892334,0.18406227231025696,0.17978258430957794,-0.016886435449123383,0.18082012236118317,-0.20412072427660574,-0.6962961198357371,0.0,0.0
0.14,7,0.005153006874024868,0.9999867081642151,0.005153029691427946,0.09554386883974075,1.3297111988067627,1.8082011938095093,0.21128518879413605,0.9774244427680969,0.2128896415233612,0.2061321884393692,-0.022562265396118164,0.20773661136627197,-0.2404325318045856,-0.9367286516403227,0.0,0.0
0.16,8,0.0076472340151667595,0.9999707341194153,0.007647308520972729,0.1247139424085617,1.4585038423538208,2.0,0.2385542392730713,0.9711291790008545,0.24087683856487274,0.23090700805187225,-0.02884158492088318,0.23322953283786774,-0.2732295284493156,-1.2099581800896382,0.0,0.0
0.18,9,0.010717005468904972,0.9999426007270813,0.010717211291193962,0.15349511802196503,1.4390586614608765,2.0,0.2647198438644409,0.9643253684043884,0.2679134011268616,0.2540028393268585,-0.03561720997095108,0.25719618797302246,-0.29719618654233365,-1.5071543666319718,0.0,0.0
0.2,10,0.014352777972817421,0.9998970031738281,0.014353270642459393,0.18180298805236816,1.415393590927124,2.0,0.2896801233291626,0.9571235179901123,0.29389262199401855,0.2753273546695709,-0.04277348145842552,0.2795393466949463,-0.31953935542824163,-1.8266937220602135,0.0,0.0
0.22,11,0.01854330115020275,0.999828040599823,0.018544362857937813,0.20955462753772736,1.3875818252563477,2.0,0.31334367394447327,0.9496397972106934,0.3187119960784912,0.29480037093162537,-0.05018826574087143,0.30016762018203735,-0.3401676316556729,-2.1668613537158863,0.0,0.0
0.24,12,0.02327563799917698,0.9997290968894958,0.02327773906290531,0.23666881024837494,1.3557093143463135,2.0,0.3356296420097351,0.9419940114021301,0.3422735631465912,0.3123539984226227,-0.057735055685043335,0.31899580359458923,-0.3589958134973194,-2.5258571672132057,0.0,0.0
0.26,13,0.02853519096970558,0.9995927810668945,0.028539065271615982,0.26306629180908203,1.3198744058609009,2.0,0.3564675450325012,0.9343076944351196,0.3644843101501465,0.32793232798576355,-0.0652850791811943,0.3359452486038208,-0.37594524822819936,-2.9018024154414053,0.0,0.0
0.28,14,0.03430573269724846,0.999411404132843,0.03431246802210808,0.28867003321647644,1.2801873683929443,2.0,0.37579697370529175,0.9267020225524902,0.3852566182613373,0.3414912223815918,-0.07270935922861099,0.3509441614151001,-0.39094415495319584,-3.292746570394601,0.0,0.0
0.3,15,0.04056943953037262,0.9991767406463623,0.04058057442307472,0.31340545415878296,1.2367703914642334,2.0,0.39356696605682373,0.9192959666252136,0.404508501291275,0.3529975414276123,-0.07988077402114868,0.3639279305934906,-0.4039279216261464,-3.6966744920207475,0.0,0.0
0.32,16,0.04730692505836487,0.9988803863525391,0.047324586659669876,0.3372006118297577,1.1897577047348022,2.0,0.40973538160324097,0.9122044444084167,0.4221639633178711,0.3624284565448761,-0.0866759791970253,0.3748393654823303,-0.4148393750026296,-4.111513867023377,0.0,0.0
0.34,17,0.05449730530381203,0.99851393699646,0.054524317383766174,0.35998648405075073,1.1392942667007446,2.0,0.42426797747612,0.9055367112159729,0.43815332651138306,0.36977067589759827,-0.09297723323106766,0.3836290240287781,-0.42362902237563693,-4.5351428893990136,0.0,0.0
0.36,18,0.06211824342608452,0.9980688095092773,0.062158260494470596,0.38169723749160767,1.0855365991592407,2.0,0.43713751435279846,0.899394690990448,0.45241352915763855,0.37501928210258484,-0.09867411851882935,0.39025527238845825,-0.4302552640570733,-4.9653981534560865,0.0,0.0
0.38,19,0.07014601677656174,0.9975367188453674,0.07020366936922073,0.40227025747299194,1.0286513566970825,2.0,0.44832292199134827,0.8938716650009155,0.46488824486732483,0.37817689776420593,-0.1036650612950325,0.3946845829486847,-0.4346845756879104,-5.400082729143997,0.0,0.0
0.4,20,0.07855557650327682,0.9969097375869751,0.07863660156726837,0.4216465651988983,0.9688155651092529,2.0,0.45780816674232483,0.8890510201454163,0.4755282700061798,0.3792525827884674,-0.10785873234272003,0.39689165353775024,-0.43689165958515636,-5.836974388729153,0.0,0.0
0.42,21,0.08732066303491592,0.9961802363395691,0.08743201941251755,0.4397708773612976,0.9062156081199646,2.0,0.4655815362930298,0.885004997253418,0.48429158329963684,0.37826085090637207,-0.11117525398731232,0.3968595564365387,-0.43685956446386004,-6.273833953193013,0.0,0.0
0.44,22,0.09641385078430176,0.9953413605690002,0.09656385332345963,0.45659181475639343,0.8410468101501465,2.0,0.4716346263885498,0.8817940354347229,0.4911436140537262,0.37522077560424805,-0.11354727298021317,0.39457976818084717,-0.43457977300631484,-6.708413726199328,0.0,0.0
0.46,23,0.10580667108297348,0.9943867325782776,0.10600509494543076,0.4720620810985565,0.7735128998756409,2.0,0.475961834192276,0.8794659376144409,0.4960573613643646,0.3701551556587219,-0.11492078006267548,0.39005225896835327,-0.43005225688758103,-7.13846598308691,0.0,0.0
0.48,24,0.11546971648931503,0.9933109879493713,0.11572786420583725,0.48613858222961426,0.703825056552887,2.0,0.4785594642162323,0.8780551552772522,0.49901336431503296,0.36308974027633667,-0.11525584757328033,0.3832854926586151,-0.4232854990054918,-7.561751482092402,0.0,0.0
0.5,25,0.1253727376461029,0.9921097159385681,0.12570351362228394,0.49878260493278503,0.6322013735771179,2.0,0.4794255495071411,0.8775825500488281,0.5,0.3540528118610382,-0.1145271509885788,0.37429648637771606,-0.4142964828034776,-7.976047964895879,0.0,0.0
0.52,26,0.1354847550392151,0.990779459476471,0.13590271770954132,0.5099599361419678,0.5588657855987549,2.0,0.4785594642162323,0.8780551552772522,0.49901336431503296,0.3430746793746948,-0.11272427439689636,0.36311066150665283,-0.4031106487148695,-8.379158613610748,0.0,0.0
0.54,27,0.145774245262146,0.9893178939819336,0.14629553258419037,0.5196408629417419,0.48404738306999207,2.0,0.475961834192276,0.8794659376144409,0.4960573613643646,0.33018758893013,-0.10985194146633148,0.34976181387901306,-0.38976181789685954,-8.768920431507608,0.0,0.0
0.56,28,0.15620918571949005,0.9877240061759949,0.15685154497623444,0.527800440788269,0.40797945857048035,2.0,0.4716346263885498,0.8817940354347229,0.4911436140537262,0.31542545557022095,-0.10592993348836899,0.33429208397865295,-0.37429208356004273,-9.14321251506765,0.0,0.0
0.58,29,0.16675721108913422,0.9859979748725891,0.16753990948200226,0.5344184041023254,0.3308984637260437,2.0,0.4655815362930298,0.885004997253418,0.48429158329963684,0.2988243103027344,-0.10099299252033234,0.3167516589164734,-0.35675167033453764,-9.499964185402188,0.0,0.0
0.6,30,0.17738580703735352,0.9841414093971252,0.1783294975757599,0.5394792556762695,0.25304311513900757,2.0,0.45780816674232483,0.8890510201454163,0.4755282700061798,0.2804223597049713,-0.09509038180112839,0.2971987724304199,-0.33719876224520823,-9.837162947647396,0.0,0.0
0.62,31,0.1880623698234558,0.9821571111679077,0.18918894231319427,0.5429723262786865,0.17465344071388245,2.0,0.44832292199134827,0.8938716650009155,0.46488824486732483,0.26026052236557007,-0.0882854163646698,0.27569928765296936,-0.3156992999956956,-10.152862247643093,0.0,0.0
0.64,32,0.19875438511371613,0.9800493121147156,0.200086772441864,0.5448917746543884,0.09596963971853256,2.0,0.43713751435279846,0.899394690990448,0.45241352915763855,0.23838314414024353,-0.08065465092658997,0.25232675671577454,-0.29232674838308975,-10.445188996026182,0.0,0.0
0.66,33,0.2094295173883438,0.9778237342834473,0.2109915018081665,0.545236349105835,0.017231222242116928,2.0,0.42426797747612,0.9055367112159729,0.43815332651138306,0.214838445186615,-0.07228706032037735,0.22716183960437775,-0.2671618347814973,-10.71235083080768,0.0,0.0
0.68,34,0.22005583345890045,0.9754872918128967,0.22187170386314392,0.5440098643302917,-0.06132405623793602,2.0,0.40973538160324097,0.9122044444084167,0.4221639633178711,0.1896795630455017,-0.06328285485506058,0.20029225945472717,-0.24029225974295507,-10.952643090550634,0.0,0.0
0.7000000000000001,35,0.23060180246829987,0.973048210144043,0.23269611597061157,0.5412206649780273,-0.13946114480495453,2.0,0.39356696605682373,0.9192959666252136,0.404508501291275,0.16296516358852386,-0.05375225469470024,0.17181238532066345,-0.2118123808676632,-11.164455471418297,0.0,0.0
0.72,36,0.2409544736146927,0.9705364108085632,0.24334919452667236,0.5326535701751709,-0.42835569381713867,1.7181237936019897,0.37579697370529175,0.9267020225524902,0.3852566182613373,0.13484248518943787,-0.043834391981363297,0.1419074386358261,-0.1714269296667008,-11.335882401084998,0.0,0.0
0.74,37,0.25099775195121765,0.9679876565933228,0.25371086597442627,0.5180837512016296,-0.7284913659095764,1.419074296951294,0.3564675450325012,0.9343076944351196,0.3644843101501465,0.10546978563070297,-0.03367995843291283,0.11077345162630081,-0.13091117082190798,-11.466793571906907,0.0,0.0
0.76,38,0.260614275932312,0.9654430150985718,0.26365840435028076,0.49737685918807983,-1.0353431701660156,1.1077344417572021,0.3356296420097351,0.9419940114021301,0.3422735631465912,0.0750153660774231,-0.02344898134469986,0.07861515134572983,-0.09088591077595623,-11.557679482682863,0.0,0.0
0.78,39,0.26968637108802795,0.962948203086853,0.27306732535362244,0.47044670581817627,-1.3465073108673096,0.786151647567749,0.31334367394447327,0.9496397972106934,0.3187119960784912,0.043657295405864716,-0.013308416120707989,0.04564466327428818,-0.05182500559790138,-11.609504488280765,0.0,0.0
0.8,40,0.2780970633029938,0.960552990436554,0.281812459230423,0.43725621700286865,-1.6595243215560913,0.4564466178417206,0.2896801233291626,0.9571235179901123,0.29389262199401855,0.011583068408071995,-0.003429463831707835,0.012080168351531029,-0.014163603557772934,-11.623668091838537,0.0,0.0
0.8200000000000001,41,0.2857306897640228,0.9583099484443665,0.2897688150405884,0.39781832695007324,-1.9718950986862183,0.120801642537117,0.2647198438644409,0.9643253684043884,0.2679134011268616,-0.02101084403693676,0.006015405058860779,-0.02185542695224285,-0.022001357212727016,-11.645669449051264,0.0,0.0
0.84,42,0.29247382283210754,0.9562735557556152,0.2968127429485321,0.3521963655948639,-2.281097412109375,-0.21855422854423523,0.2385542392730713,0.9711291790008545,0.24087683856487274,-0.05391957610845566,0.0148556437343359,-0.05593591555953026,-0.05641357433712846,-11.702083023388392,0.0,0.0
0.86,43,0.2982157766819,0.9544984698295593,0.3028228282928467,0.30050432682037354,-2.5846028327941895,-0.5593591332435608,0.21128518879413605,0.9774244427680969,0.2128896415233612,-0.08693059533834457,0.022925978526473045,-0.08993319422006607,-0.09306201887978055,-11.795145042268173,0.0,0.0
0.88,44,0.30284932255744934,0.9530384540557861,0.30768096446990967,0.24290651082992554,-2.8798904418945312,-0.8993319869041443,0.18302473425865173,0.9831082820892334,0.18406227231025696,-0.1198245957493782,0.030069859698414803,-0.12361869215965271,-0.13170667198754146,-11.926851714255713,0.0,0.0
0.9,45,0.3062710165977478,0.9519443511962891,0.3112733066082001,0.179617241024971,-3.1644630432128906,-1.2361869812011719,0.15389446914196014,0.9880872964859009,0.15450850129127502,-0.15237653255462646,0.036142926663160324,-0.15676482021808624,-0.17204639823612233,-12.098898112491836,0.0,0.0
0.92,46,0.30838167667388916,0.9512627124786377,0.3134913146495819,0.11090002954006195,-3.4358606338500977,-1.56764817237854,0.12402476370334625,0.9922791123390198,0.12434494495391846,-0.1843568980693817,0.041016411036252975,-0.18914636969566345,-0.21372157677912174,-12.312619689270958,0.0,0.0
0.9400000000000001,47,0.30908676981925964,0.9510338306427002,0.31423264741897583,0.037066541612148285,-3.6916747093200684,-1.8914636373519897,0.09355364739894867,0.995614230632782,0.0936906561255455,-0.21553313732147217,0.04458039999008179,-0.22054198384284973,-0.2563183365110275,-12.568938025781986,0.0,0.0
0.96,48,0.3083554804325104,0.9512711763381958,0.3134637773036957,-0.03844337910413742,-3.775496006011963,-2.0,0.06262560933828354,0.9980370998382568,0.06266661733388901,-0.24572986364364624,0.04676588624715805,-0.2507971525192261,-0.2907971604947988,-12.859735186276785,0.0,0.0
0.98,49,0.30618977546691895,0.9519705176353455,0.3111879825592041,-0.11378905177116394,-3.7672836780548096,-2.0,0.031390100717544556,0.9995071887969971,0.031395260244607925,-0.2747996747493744,0.04753671959042549,-0.2797927260398865,-0.31979273642647943,-13.179527922703265,0.0,0.0
1.0,50,0.30259373784065247,0.9531196355819702,0.3074128031730652,-0.18875953555107117,-3.7485241889953613,-2.0,6.123234262925839e-17,1.0,6.123234262925839e-17,-0.30259373784065247,0.04688037186861038,-0.3074128031730652,-0.3474128053904576,-13.526940728093722,0.0,0.0
1.02,51,0.29757341742515564,0.954698920249939,0.3021499216556549,-0.2631446421146393,-3.719254970550537,-2.0,-0.031390100717544556,0.9995071887969971,-0.031395260244607925,-0.3289635181427002,0.044808268547058105,-0.33354517817497253,-0.37354517235321244,-13.900485900446935,0.0,0.0
1.04,52,0.29113709926605225,0.9566813707351685,0.2954152226448059,-0.33673521876335144,-3.6795284748077393,-2.0,-0.06262560933828354,0.9980370998382568,-0.06266661733388901,-0.3537627160549164,0.04135574772953987,-0.3580818176269531,-0.39808182518672036,-14.298567725633655,0.0,0.0
1.06,53,0.28329557180404663,0.9590326547622681,0.2872287333011627,-0.40932348370552063,-3.629413604736328,-2.0,-0.09355364739894867,0.995614230632782,-0.0936906561255455,-0.3768492341041565,0.03658159822225571,-0.3809193968772888,-0.4209193960641043,-14.719487121697759,0.0,0.0
1.08,54,0.2740624248981476,0.9617118835449219,0.27761468291282654,-0.4807034432888031,-3.568997621536255,-2.0,-0.12402476370334625,0.9922791123390198,-0.12434494495391846,-0.39808720350265503,0.030567219480872154,-0.401959627866745,-0.44195961366189856,-15.161446735359657,0.0,0.0
1.1,55,0.26345428824424744,0.9646719098091125,0.26660123467445374,-0.5506712198257446,-3.4983880519866943,-2.0,-0.15389446914196014,0.9880872964859009,-0.15450850129127502,-0.4173487424850464,0.02341540716588497,-0.42110973596572876,-0.4611097433944908,-15.622556478754149,0.0,0.0
1.12,56,0.2514912784099579,0.9678595662117004,0.25422072410583496,-0.619025468826294,-3.4177145957946777,-2.0,-0.18302473425865173,0.9831082820892334,-0.18406227231025696,-0.43451598286628723,0.015248741954565048,-0.4382830262184143,-0.4782830127916163,-16.100839491545766,0.0,0.0
1.1400000000000001,57,0.23819737136363983,0.9712167978286743,0.24050937592983246,-0.6855681538581848,-3.3271336555480957,-2.0,-0.21128518879413605,0.9774244427680969,-0.2128896415233612,-0.4494825601577759,0.006207687314599752,-0.45339903235435486,-0.4933990190564729,-16.59423851060224,0.0,0.0
1.16,58,0.2236008197069168,0.9746807813644409,0.22550727427005768,-0.7501047253608704,-3.2268283367156982,-2.0,-0.2385542392730713,0.9711291790008545,-0.24087683856487274,-0.4621550738811493,-0.0035516296047717333,-0.4663841128349304,-0.5063841158143598,-17.100622626416598,0.0,0.0
1.18,59,0.20773451030254364,0.97818523645401,0.20925837755203247,-0.8124449849128723,-3.117014169692993,-2.0,-0.2647198438644409,0.9643253684043884,-0.2679134011268616,-0.47245436906814575,-0.01385988388210535,-0.47717177867889404,-0.5171717760832556,-17.617794402499854,0.0,0.0
1.2,60,0.1906363070011139,0.9816607236862183,0.19181029498577118,-0.8724038004875183,-2.9979400634765625,-2.0,-0.2896801233291626,0.9571235179901123,-0.29389262199401855,-0.4803164303302765,-0.02453722059726715,-0.4857029318809509,-0.5257029285708994,-18.143497331070755,0.0,0.0
1.22,61,0.17234940826892853,0.9850358963012695,0.17321427166461945,-0.9298016428947449,-2.869891405105591,-2.0,-0.31334367394447327,0.9496397972106934,-0.3187119960784912,-0.485693097114563,-0.03539608418941498,-0.49192625284194946,-0.5319262645290945,-18.67542359559985,0.0,0.0
1.24,62,0.15292257070541382,0.9882381558418274,0.1535249650478363,-0.984465479850769,-2.7331931591033936,-2.0,-0.3356296420097351,0.9419940114021301,-0.3422735631465912,-0.4885522127151489,-0.046244144439697266,-0.4957984983921051,-0.5357985125752402,-19.21122210817509,0.0,0.0
1.26,63,0.13241036236286163,0.9911949634552002,0.1328003704547882,-1.0362297296524048,-2.588210344314575,-2.0,-0.3564675450325012,0.9343076944351196,-0.3644843101501465,-0.48887789249420166,-0.056887272745370865,-0.4972846806049347,-0.5372846791221708,-19.74850678729726,0.0,0.0
1.28,64,0.11087320744991302,0.9938345551490784,0.11110162734985352,-1.0849367380142212,-2.4353506565093994,-2.0,-0.37579697370529175,0.9267020225524902,-0.3852566182613373,-0.4866701662540436,-0.06713253259658813,-0.4963582456111908,-0.5363582523374901,-20.28486503963475,0.0,0.0
1.3,65,0.08837741613388062,0.9960870742797852,0.08849287033081055,-1.130437970161438,-2.275064468383789,-2.0,-0.39356696605682373,0.9192959666252136,-0.404508501291275,-0.48194438219070435,-0.07679111510515213,-0.49300137162208557,-0.5330013678784253,-20.817866407513176,0.0,0.0
1.32,66,0.06499512493610382,0.9978855848312378,0.06504097580909729,-1.1725949048995972,-2.1078455448150635,-2.0,-0.40973538160324097,0.9122044444084167,-0.4221639633178711,-0.474730521440506,-0.08568115532398224,-0.4872049391269684,-0.5272049350119379,-21.345071342525113,0.0,0.0
1.34,67,0.040804050862789154,0.9991671442985535,0.040815383195877075,-1.2112795114517212,-1.9342293739318848,-2.0,-0.42426797747612,0.9055367112159729,-0.43815332651138306,-0.46507203578948975,-0.09363048523664474,-0.47896870970726013,-0.5189687221252073,-21.86404006465032,0.0,0.0
1.36,68,0.01588720642030239,0.9998738169670105,0.015887875109910965,-1.246375322341919,-1.7547928094863892,-2.0,-0.43713751435279846,0.899394690990448,-0.45241352915763855,-0.4530247151851654,-0.1004791110754013,-0.4683014154434204,-0.5083014010500756,-22.372341465700398,0.0,0.0
1.3800000000000001,69,-0.009667541831731796,0.9999532699584961,-0.009667692705988884,-1.2777783870697021,-1.5701510906219482,-2.0,-0.44832292199134827,0.8938716650009155,-0.46488824486732483,-0.43865537643432617,-0.10608159750699997,-0.4552205502986908,-0.4952205500569802,-22.86756201575738,0.0,0.0
1.4000000000000001,70,-0.03576800972223282,0.9993601441383362,-0.03577564284205437,-1.3053975105285645,-1.380954384803772,-2.0,-0.45780816674232483,0.8890510201454163,-0.4755282700061798,-0.4220401346683502,-0.11030911654233932,-0.43975260853767395,-0.47975261580895906,-23.347314631566338,0.0,0.0
1.42,71,-0.0623183399438858,0.9980563521385193,-0.06235874444246292,-1.3291552066802979,-1.1878844499588013,-2.0,-0.4655815362930298,0.885004997253418,-0.48429158329963684,-0.4032631814479828,-0.11305132508277893,-0.4219328463077545,-0.4619328349935896,-23.809247466559928,0.0,0.0
1.44,72,-0.08921971172094345,0.9960119724273682,-0.0893385112285614,-1.3489881753921509,-0.9916495084762573,-2.0,-0.4716346263885498,0.8817940354347229,-0.4911436140537262,-0.38241493701934814,-0.11421790719032288,-0.4018051028251648,-0.4418051167593993,-24.25105258331933,0.0,0.0
1.46,73,-0.11637119203805923,0.9932057857513428,-0.11663546413183212,-1.3648477792739868,-0.7929788827896118,-2.0,-0.475961834192276,0.8794659376144409,-0.4960573613643646,-0.359590619802475,-0.11373984813690186,-0.3794218897819519,-0.41942188746282905,-24.670474470782157,0.0,0.0
1.48,74,-0.14367055892944336,0.9896255731582642,-0.14416946470737457,-1.3767000436782837,-0.5926171541213989,-2.0,-0.4785594642162323,0.8780551552772522,-0.49901336431503296,-0.33488890528678894,-0.11157041788101196,-0.3548438847064972,-0.39484389957255245,-25.06531837035471,0.0,0.0
1.5,75,-0.17101523280143738,0.9852684140205383,-0.1718599945306778,-1.3845263719558716,-0.39131760597229004,-2.0,-0.4794255495071411,0.8775825500488281,-0.5,-0.30841031670570374,-0.10768581926822662,-0.3281400203704834,-0.3681400068713744,-25.433458377226085,0.0,0.0
1.52,76,-0.19830322265625,0.980140745639801,-0.19962646067142487,-1.388323187828064,-0.18983565270900726,-2.0,-0.4785594642162323,0.8780551552772522,-0.49901336431503296,-0.2802562415599823,-0.10208556801080704,-0.2993869185447693,-0.33938690833513085,-25.772845285561218,0.0,0.0
1.54,77,-0.22543400526046753,0.9742584228515625,-0.22738848626613617,-1.388101577758789,0.01107805036008358,-2.0,-0.475961834192276,0.8794659376144409,-0.4960573613643646,-0.25052782893180847,-0.09479250013828278,-0.26866886019706726,-0.30866886324794757,-26.081514148809166,0.0,0.0
1.56,78,-0.25230950117111206,0.967646598815918,-0.25506624579429626,-1.3838878870010376,0.21068450808525085,-2.0,-0.4716346263885498,0.8817940354347229,-0.4911436140537262,-0.21932512521743774,-0.08585251867771149,-0.23607738316059113,-0.276077380230936,-26.357591529040103,0.0,0.0
1.58,79,-0.27883490920066833,0.9603390693664551,-0.282580703496933,-1.3757226467132568,0.40826302766799927,-2.0,-0.4655815362930298,0.885004997253418,-0.48429158329963684,-0.18674659729003906,-0.07533404976129532,-0.20171087980270386,-0.24171088291614742,-26.599302411956252,0.0,0.0
1.6,80,-0.3049195110797882,0.9523781538009644,-0.3098539113998413,-1.363660216331482,0.6031175255775452,-2.0,-0.45780816674232483,0.8890510201454163,-0.4755282700061798,-0.15288865566253662,-0.0633271262049675,-0.1656743586063385,-0.2056743549908188,-26.80497676694707,0.0,0.0
1.62,81,-0.3303801417350769,0.9438479542732239,-0.3367063105106354,-1.342619776725769,1.0520247220993042,-1.6567436456680298,-0.44832292199134827,0.8938716650009155,-0.46488824486732483,-0.11794277280569077,-0.04997628182172775,-0.12818194925785065,-0.15562994000258304,-26.960606706949655,0.0,0.0
1.6400000000000001,82,-0.35503432154655457,0.9348532557487488,-0.36295080184936523,-1.3122246265411377,1.519755482673645,-1.281819462776184,-0.43713751435279846,0.899394690990448,-0.45241352915763855,-0.0821031853556633,-0.035458583384752274,-0.08946273475885391,-0.10589334535000136,-27.066500052299656,0.0,0.0
1.6600000000000001,83,-0.37870725989341736,0.9255164861679077,-0.3883991241455078,-1.272416591644287,1.9904030561447144,-0.8946273922920227,-0.42426797747612,0.9055367112159729,-0.43815332651138306,-0.04556070640683174,-0.019979823380708694,-0.04975421726703644,-0.05775779692539283,-27.12425784922505,0.0,0.0
1.68,84,-0.4012334942817688,0.91597580909729,-0.4128631055355072,-1.223198652267456,2.460897922515869,-0.49754202365875244,-0.40973538160324097,0.9122044444084167,-0.4221639633178711,-0.008501890115439892,-0.0037713833153247833,-0.009300865232944489,-0.011776345882237745,-27.136034195107285,0.0,0.0
1.7,85,-0.4224582612514496,0.9063823819160461,-0.4361557960510254,-1.1646348237991333,2.9281888008117676,-0.09300865978002548,-0.39356696605682373,0.9192959666252136,-0.404508501291275,0.0288913045078516,0.01291357446461916,0.031647298485040665,-0.031733803943423386,-27.16776799905071,0.0,0.0
1.72,86,-0.44223833084106445,0.896897554397583,-0.4580927789211273,-1.0968495607376099,3.389265298843384,0.31647294759750366,-0.37579697370529175,0.9267020225524902,-0.3852566182613373,0.0664413794875145,0.029804455116391182,0.07283616811037064,-0.07383771625903979,-27.24160571530975,0.0,0.0
1.74,87,-0.4604422152042389,0.8876896500587463,-0.4784933030605316,-1.0200260877609253,3.8411717414855957,0.7283616662025452,-0.3564675450325012,0.9343076944351196,-0.3644843101501465,0.10397469252347946,0.046618036925792694,0.11400899291038513,-0.1193141028774687,-27.360919818187217,0.0,0.0
1.76,88,-0.47695010900497437,0.878930389881134,-0.49718141555786133,-0.9344056844711304,4.281022071838379,1.140089988708496,-0.3356296420097351,0.9419940114021301,-0.3422735631465912,0.14132046699523926,0.06306365877389908,0.15490786731243134,-0.1679059219798962,-27.528825740167115,0.0,0.0
1.78,89,-0.49165311455726624,0.8707911372184753,-0.513987123966217,-0.8402854800224304,4.706009387969971,1.5490785837173462,-0.31334367394447327,0.9496397972106934,-0.3187119960784912,0.17830942571163177,0.07884864509105682,0.19527514278888702,-0.21927158334628122,-27.748097323513395,0.0,0.0
1.8,90,-0.5044522881507874,0.8634395599365234,-0.5287474989891052,-0.7380172610282898,5.113411903381348,1.9527513980865479,-0.2896801233291626,0.9571235179901123,-0.29389262199401855,0.21477212011814117,0.09368392825126648,0.23485484719276428,-0.2729872314483175,-28.021084554961714,0.0,0.0
1.82,91,-0.5153467059135437,0.8569818139076233,-0.5414121747016907,-0.6332336068153381,5.239182949066162,2.0,-0.2647198438644409,0.9643253684043884,-0.2679134011268616,0.2506268322467804,0.10734356939792633,0.2734987437725067,-0.3134987529697263,-28.33458330793144,0.0,0.0
1.84,92,-0.5243492126464844,0.851503312587738,-0.5519506335258484,-0.5269253849983215,5.3154096603393555,2.0,-0.2385542392730713,0.9711291790008545,-0.24087683856487274,0.2857949733734131,0.11962585896253586,0.31107380986213684,-0.3510738216121919,-28.685657129543632,0.0,0.0
1.86,93,-0.5314726233482361,0.8470754623413086,-0.5603380799293518,-0.41937223076820374,5.377658843994141,2.0,-0.21128518879413605,0.9774244427680969,-0.2128896415233612,0.32018744945526123,0.13034899532794952,0.347448468208313,-0.38744845745522827,-29.07310558699886,0.0,0.0
1.8800000000000001,94,-0.5367286205291748,0.8437549471855164,-0.5665551424026489,-0.310851514339447,5.426036357879639,2.0,-0.18302473425865173,0.9831082820892334,-0.18406227231025696,0.35370388627052307,0.13935337960720062,0.38249287009239197,-0.4224928569447111,-29.49559844394357,0.0,0.0
1.9000000000000001,95,-0.5401269197463989,0.8415835499763489,-0.5705879330635071,-0.20163874328136444,5.46063756942749,2.0,-0.15389446914196014,0.9880872964859009,-0.15450850129127502,0.3862324357032776,0.14650371670722961,0.41607940196990967,-0.45607941105975175,-29.95167785500332,0.0,0.0
1.92,96,-0.5416746735572815,0.8405882120132446,-0.5724280476570129,-0.0920078456401825,5.481545448303223,2.0,-0.12402476370334625,0.9922791123390198,-0.12434494495391846,0.41764989495277405,0.15169088542461395,0.44808313250541687,-0.4880831215300424,-30.439760976533364,0.0,0.0
1.94,97,-0.5413758754730225,0.8407806754112244,-0.5720726847648621,0.017768586054444313,5.488821506500244,2.0,-0.09355364739894867,0.995614230632782,-0.0936906561255455,0.447822242975235,0.1548335701227188,0.47838202118873596,-0.5183820360828129,-30.958143012616176,0.0,0.0
1.96,98,-0.539231538772583,0.8421576023101807,-0.569524347782135,0.12741872668266296,5.48250675201416,2.0,-0.06262560933828354,0.9980370998382568,-0.06266661733388901,0.4766058921813965,0.15587951242923737,0.506857693195343,-0.5468577021385715,-31.505000714754747,0.0,0.0
1.98,99,-0.5352392196655273,0.8447005152702332,-0.5647909045219421,0.2366710752248764,5.462617874145508,2.0,-0.031390100717544556,0.9995071887969971,-0.031395260244607925,0.5038490891456604,0.15480667352676392,0.5333956480026245,-0.5733956376441052,-32.078396352398855,0.0,0.0
2.0,100,-0.52939373254776,0.8483762145042419,-0.5578858256340027,0.3452540338039398,5.429147243499756,2.0,-1.2246468525851679e-16,1.0,-1.2246468525851679e-16,0.52939373254776,0.15162375569343567,0.5578858256340027,-0.5978858170013291,-32.67628216940018,0.0,0.0
2.02,101,-0.5216876268386841,0.8531365990638733,-0.5488278865814209,0.4528953731060028,5.382067680358887,2.0,0.031390100717544556,0.9995071887969971,0.031395260244607925,0.553077757358551,0.14637063443660736,0.5802231431007385,-0.6202231693338721,-33.29650533873405,0.0,0.0
2.04,102,-0.5121116042137146,0.8589189052581787,-0.5376414656639099,0.5593220591545105,5.321333408355713,2.0,0.06262560933828354,0.9980370998382568,0.06266661733388901,0.5747372508049011,0.13911819458007812,0.6003080606460571,-0.6403080856421051,-33.936813424376155,0.0,0.0
2.06,103,-0.5006558895111084,0.8656464219093323,-0.5243562459945679,0.6642597913742065,5.246886730194092,2.0,0.09355364739894867,0.995614230632782,0.0936906561255455,0.5942094922065735,0.1299678385257721,0.6180469393730164,-0.6580469307443136,-34.59486035512047,0.0,0.0
2.08,104,-0.48731091618537903,0.8732285499572754,-0.5090076327323914,0.7674331068992615,5.158665657043457,2.0,0.12402476370334625,0.9922791123390198,0.12434494495391846,0.6113356947898865,0.11905058473348618,0.6333525776863098,-0.6733525552998477,-35.26821291042032,0.0,0.0
2.1,105,-0.47206902503967285,0.8815615773200989,-0.4916363060474396,0.8685653209686279,5.056611061096191,2.0,0.15389446914196014,0.9880872964859009,0.15450850129127502,0.6259635090827942,0.10652569681406021,0.6461448073387146,-0.6861448026731154,-35.95435771309343,0.0,0.0
2.12,106,-0.45492565631866455,0.8905293941497803,-0.47228872776031494,0.9673788547515869,4.940676689147949,2.0,0.18302473425865173,0.9831082820892334,0.18406227231025696,0.6379503607749939,0.09257888793945312,0.6563510298728943,-0.6963510049394962,-36.650708718032924,0.0,0.0
2.14,107,-0.4358808994293213,0.9000043272972107,-0.4510168135166168,1.0635956525802612,4.81083869934082,2.0,0.21128518879413605,0.9774244427680969,0.2128896415233612,0.6471660733222961,0.07742010056972504,0.663906455039978,-0.7039064619704354,-37.35461518000336,0.0,0.0
2.16,108,-0.41494110226631165,0.9098482728004456,-0.4278780519962311,1.156937837600708,4.66710901260376,2.0,0.2385542392730713,0.9711291790008545,0.24087683856487274,0.6534953117370605,0.06128089874982834,0.6687548756599426,-0.7087548972801536,-38.06337007728351,0.0,0.0
2.18,109,-0.3921204209327698,0.9199138879776001,-0.4029354751110077,1.2471287250518799,4.5095438957214355,2.0,0.2647198438644409,0.9643253684043884,0.2679134011268616,0.6568402647972107,0.044411465525627136,0.6708489060401917,-0.7108488841851772,-38.774218961468684,0.0,0.0
2.2,110,-0.36744245886802673,0.9300462603569031,-0.37625759840011597,1.333893895149231,4.338258743286133,2.0,0.2896801233291626,0.9571235179901123,0.29389262199401855,0.6571226119995117,0.02707725577056408,0.6701502203941345,-0.7101502358338674,-39.48436919730255,0.0,0.0
2.22,111,-0.3409416377544403,0.9400844573974609,-0.3479183614253998,1.4169626235961914,4.153436660766602,2.0,0.31334367394447327,0.9496397972106934,0.3187119960784912,0.6542853116989136,0.009555326774716377,0.6666303277015686,-0.7066303528179944,-40.190999550120544,0.0,0.0
2.24,112,-0.31266456842422485,0.949863612651825,-0.3179969787597656,1.4960694313049316,3.9553418159484863,2.0,0.3356296420097351,0.9419940114021301,0.3422735631465912,0.64829421043396,-0.007869570516049862,0.6602705121040344,-0.7002705223910451,-40.89127007251159,0.0,0.0
2.2600000000000002,113,-0.2826713025569916,0.959216833114624,-0.28657785058021545,1.5709559917449951,3.7443270683288574,2.0,0.3564675450325012,0.9343076944351196,0.3644843101501465,0.6391388177871704,-0.0249091237783432,0.6510621905326843,-0.6910621637932441,-41.58233223630483,0.0,0.0
2.2800000000000002,114,-0.25103601813316345,0.96797776222229,-0.25375038385391235,1.641372799873352,3.520843267440796,2.0,0.37579697370529175,0.9267020225524902,0.3852566182613373,0.6268329620361328,-0.04127572104334831,0.639007031917572,-0.6790070148213481,-42.261339251126174,0.0,0.0
2.3000000000000003,115,-0.2178477942943573,0.9759827256202698,-0.21960875391960144,1.7070817947387695,3.2854459285736084,2.0,0.39356696605682373,0.9192959666252136,0.404508501291275,0.6114147901535034,-0.05668680742383003,0.6241172552108765,-0.6641172555763111,-42.92545650670248,0.0,0.0
2.32,116,-0.1832108497619629,0.9830736517906189,-0.184251606464386,1.7678577899932861,3.038799524307251,2.0,0.40973538160324097,0.9122044444084167,0.4221639633178711,0.5929462313652039,-0.07086921483278275,0.6064155697822571,-0.6464155662617155,-43.5718720729642,0.0,0.0
2.34,117,-0.14724445343017578,0.9891001582145691,-0.14778177440166473,1.8234913349151611,2.781679153442383,2.0,0.42426797747612,0.9055367112159729,0.43815332651138306,0.5715124011039734,-0.08356344699859619,0.585935115814209,-0.6259351169713328,-44.19780718993553,0.0,0.0
2.36,118,-0.11008241027593613,0.9939224720001221,-0.11030596494674683,1.8737907409667969,2.514970064163208,2.0,0.43713751435279846,0.899394690990448,0.45241352915763855,0.5472199320793152,-0.09452778100967407,0.562719464302063,-0.60271948856932,-44.80052667850485,0.0,0.0
2.38,119,-0.07187225669622421,0.9974138736724854,-0.0719342827796936,1.9185839891433716,2.239664077758789,2.0,0.44832292199134827,0.8938716650009155,0.46488824486732483,0.5201951861381531,-0.10354217141866684,0.536822497844696,-0.5768225249991361,-45.37734920350399,0.0,0.0
2.4,120,-0.03277399018406868,0.9994627833366394,-0.032779861241579056,1.9577211141586304,1.9568532705307007,2.0,0.45780816674232483,0.8890510201454163,0.4755282700061798,0.490582138299942,-0.11041178554296494,0.5083081126213074,-0.5483081186194667,-45.925657322123456,0.0,0.0
2.42,121,0.007041590753942728,0.9999752044677734,0.0070416489616036415,1.9910755157470703,1.667720079421997,2.0,0.4655815362930298,0.885004997253418,0.48429158329963684,0.4585399329662323,-0.11497020721435547,0.4772499203681946,-0.5172499314156564,-46.44290725353911,0.0,0.0
2.44,122,0.04739480838179588,0.9988762140274048,0.04741257056593895,2.0185461044311523,1.3735262155532837,2.0,0.4716346263885498,0.8817940354347229,0.4911436140537262,0.424239844083786,-0.11708217114210129,0.44373106956481934,-0.4837310561295339,-46.92663830966865,0.0,0.0
2.46,123,0.08809936791658401,0.9961116909980774,0.0882137268781662,2.040057897567749,1.0755972862243652,2.0,0.475961834192276,0.8794659376144409,0.4960573613643646,0.3878624439239502,-0.11664574593305588,0.40784361958503723,-0.44784362244541326,-47.37448193211406,0.0,0.0
2.48,124,0.12896481156349182,0.9916491508483887,0.1293250173330307,2.0555641651153564,0.775306761264801,2.0,0.4785594642162323,0.8780551552772522,0.49901336431503296,0.3495946228504181,-0.11359401792287827,0.36968836188316345,-0.40968835432420425,-47.78417028643826,0.0,0.0
2.5,125,0.16979920864105225,0.9854786992073059,0.17062591016292572,2.0650453567504883,0.47405770421028137,2.0,0.4794255495071411,0.8775825500488281,0.5,0.30962634086608887,-0.1078961193561554,0.3293740749359131,-0.3693740853545591,-48.15354437179282,0.0,0.0
2.52,126,0.21041175723075867,0.9776128530502319,0.21199612319469452,2.0685105323791504,0.17326313257217407,2.0,0.4785594642162323,0.8780551552772522,0.49901336431503296,0.26814770698547363,-0.09955770522356033,0.28701722621917725,-0.32701723956038536,-48.4805616113532,0.0,0.0
2.54,127,0.25061556696891785,0.9680866599082947,0.25331607460975647,2.0659971237182617,-0.12567363679409027,2.0,0.475961834192276,0.8794659376144409,0.4960573613643646,0.22534625232219696,-0.08862074464559555,0.24274128675460815,-0.2827412854472533,-48.763302896800454,0.0,0.0
2.56,128,0.29023027420043945,0.9569568634033203,0.2944674491882324,2.0575695037841797,-0.4213789403438568,2.0,0.4716346263885498,0.8817940354347229,0.4911436140537262,0.18140436708927155,-0.07516277581453323,0.19667616486549377,-0.23667617117569104,-48.99997906797614,0.0,0.0
2.58,129,0.32907500863075256,0.9443038105964661,0.33532387018203735,2.0428202152252197,-0.7374568581581116,1.966761589050293,0.4655815362930298,0.885004997253418,0.48429158329963684,0.13650651276111603,-0.059298787266016006,0.1489677131175995,-0.1876492319969728,-49.18762829997311,0.0,0.0
2.6,130,0.3668568730354309,0.930277407169342,0.3756280541419983,2.015209913253784,-1.3805172443389893,1.4896771907806396,0.45780816674232483,0.8890510201454163,0.4755282700061798,0.09095128625631332,-0.04122639074921608,0.09990020096302032,-0.12209158083073658,-49.30971988080385,0.0,0.0
2.62,131,0.4033016264438629,0.9150670766830444,0.41512206196784973,1.9747005701065063,-2.025468111038208,0.9990020990371704,0.44832292199134827,0.8938716650009155,0.46488824486732483,0.04502126947045326,-0.021195420995354652,0.0497661717236042,-0.05974622311618723,-49.36946610392003,0.0,0.0
2.64,132,0.4381583333015442,0.8988978266716003,0.4535488486289978,1.921338677406311,-2.6680967807769775,0.4976617395877838,0.43713751435279846,0.899394690990448,0.45241352915763855,-0.001020817901007831,0.0004968700231984258,-0.0011353190056979656,-0.0036119909266236197,-49.373078094846655,0.0,0.0
2.66,133,0.4712027311325073,0.8820249438285828,0.4906539022922516,1.8552523851394653,-3.3043150901794434,-0.011353160254657269,0.42426797747612,0.9055367112159729,0.43815332651138306,-0.04693476855754852,0.023511754348874092,-0.05250055342912674,-0.052501841440362164,-49.425579936287015,0.0,0.0
2.68,134,0.5022396445274353,0.8647284507751465,0.5261868834495544,1.7766484022140503,-3.9302003383636475,-0.5250056385993958,0.40973538160324097,0.9122044444084167,0.4221639633178711,-0.09250428527593613,0.04747596010565758,-0.10402289777994156,-0.10677920639620922,-49.53235914268323,0.0,0.0
2.7,135,0.5311040282249451,0.8473066091537476,0.5599030256271362,1.6858078241348267,-4.542024612426758,-1.0402289628982544,0.39356696605682373,0.9192959666252136,0.404508501291275,-0.13753706216812134,0.07198932766914368,-0.1553945243358612,-0.16621528293771592,-49.69857442562094,0.0,0.0
2.72,136,0.5576604604721069,0.8300691246986389,0.5915646553039551,1.5830824375152588,-5.136274337768555,-1.5539451837539673,0.37579697370529175,0.9267020225524902,0.3852566182613373,-0.18186353147029877,0.09663288295269012,-0.2063080370426178,-0.23045549894058573,-49.929029924561526,0.0,0.0
2.74,137,0.5818173289299011,0.8133195042610168,0.6209613680839539,1.4698352813720703,-5.662352561950684,-2.0,0.3564675450325012,0.9343076944351196,0.3644843101501465,-0.2253497987985611,0.12098821997642517,-0.2564770579338074,-0.2964770576351726,-50.2255069821967,0.0,0.0
2.7600000000000002,138,0.603611946105957,0.7972782254219055,0.6480237245559692,1.3531185388565063,-5.835839748382568,-2.0,0.3356296420097351,0.9419940114021301,0.3422735631465912,-0.2679823338985443,0.1447157859802246,-0.30575019121170044,-0.3457501890218817,-50.57125717121858,0.0,0.0
2.7800000000000002,139,0.6230917572975159,0.7821487784385681,0.6726893782615662,1.233282208442688,-5.991816997528076,-2.0,0.31334367394447327,0.9496397972106934,0.3187119960784912,-0.3097480535507202,0.16749103367328644,-0.35397738218307495,-0.3939773909819508,-50.965234562200536,0.0,0.0
2.8000000000000003,140,0.6403107643127441,0.7681159377098083,0.694902777671814,1.1106692552566528,-6.130645751953125,-2.0,0.2896801233291626,0.9571235179901123,0.29389262199401855,-0.35063061118125916,0.18900755047798157,-0.4010101556777954,-0.44101014536327426,-51.40624470756381,0.0,0.0
2.82,141,0.6553267240524292,0.7553455829620361,0.7146150469779968,0.985614538192749,-6.252736568450928,-2.0,0.2647198438644409,0.9643253684043884,0.2679134011268616,-0.3906068503856659,0.2089798003435135,-0.44670167565345764,-0.48670166506788953,-51.8929463726317,0.0,0.0
2.84,142,0.6681979298591614,0.7439835667610168,0.731783926486969,0.8584440350532532,-6.358526706695557,-2.0,0.2385542392730713,0.9711291790008545,0.24087683856487274,-0.4296436905860901,0.22714561223983765,-0.49090710282325745,-0.5309071058448684,-52.423853478476566,0.0,0.0
2.86,143,0.6789807677268982,0.73415607213974,0.7463734149932861,0.7294748425483704,-6.448457717895508,-2.0,0.21128518879413605,0.9774244427680969,0.2128896415233612,-0.46769559383392334,0.24326840043067932,-0.5334838032722473,-0.5734837943075939,-52.99733727278416,0.0,0.0
2.88,144,0.6877272725105286,0.725969135761261,0.7583537697792053,0.5990157127380371,-6.522956371307373,-2.0,0.18302473425865173,0.9831082820892334,0.18406227231025696,-0.5047025084495544,0.2571391463279724,-0.574291467666626,-0.614291478413509,-53.611628751197664,0.0,0.0
2.9,145,0.6944829821586609,0.7195091247558594,0.7677010893821716,0.46736741065979004,-6.582416534423828,-2.0,0.15389446914196014,0.9880872964859009,0.15450850129127502,-0.5405884981155396,0.2685781717300415,-0.613192617893219,-0.6531926056887372,-54.2648213568864,0.0,0.0
2.92,146,0.6992855668067932,0.7148424386978149,0.7743975520133972,0.33482369780540466,-6.627184867858887,-2.0,0.12402476370334625,0.9922791123390198,0.12434494495391846,-0.5752608180046082,0.2774367034435272,-0.6500526070594788,-0.6900526334405422,-54.954873990326945,0.0,0.0
2.94,147,0.7021631598472595,0.7120161056518555,0.7784310579299927,0.2016727179288864,-6.6575493812561035,-2.0,0.09355364739894867,0.995614230632782,0.0936906561255455,-0.6086094975471497,0.2835981547832489,-0.6847403645515442,-0.7247403741041735,-55.67961436443112,0.0,0.0
2.96,148,0.7031336426734924,0.711057722568512,0.7797949910163879,0.06819815933704376,-6.673727989196777,-2.0,0.06262560933828354,0.9980370998382568,0.06266661733388901,-0.6405080556869507,0.2869793772697449,-0.7171283960342407,-0.7571283777388323,-56.43674274216995,0.0,0.0
2.98,149,0.702204167842865,0.711975634098053,0.7784886360168457,-0.06531911343336105,-6.675863265991211,-2.0,0.031390100717544556,0.9995071887969971,0.031395260244607925,-0.670814037322998,0.2875315546989441,-0.7470933794975281,-0.7870933525369811,-57.223836094706925,0.0,0.0
3.0,150,0.6993706822395325,0.7147591710090637,0.7745166420936584,-0.1985994577407837,-6.664017677307129,-2.0,1.8369701465288538e-16,1.0,1.8369701465288538e-16,-0.6993706822395325,0.2852408289909363,-0.7745166420936584,-0.8145166230543708,-58.0383527177613,0.0,0.0
3.02,151,0.6946184635162354,0.7193783521652222,0.7678893804550171,-0.33136290311813354,-6.638172149658203,-2.0,-0.031390100717544556,0.9995071887969971,-0.031395260244607925,-0.7260085344314575,0.2801288664340973,-0.7992846369743347,-0.8392846247143847,-58.87763734247569,0.0,0.0
3.04,152,0.6879225373268127,0.7257841229438782,0.7586228251457214,-0.4633274972438812,-6.598228931427002,-2.0,-0.06262560933828354,0.9980370998382568,-0.06266661733388901,-0.7505481839179993,0.27225300669670105,-0.8212894201278687,-0.8612894319966987,-59.73892677447238,0.0,0.0
3.06,153,0.6792488694190979,0.7339080572128296,0.7467386722564697,-0.5942078232765198,-6.544015407562256,-2.0,-0.09355364739894867,0.995614230632782,-0.0936906561255455,-0.772802472114563,0.2617062032222748,-0.8404293060302734,-0.8804293165934429,-60.619356091065825,0.0,0.0
3.08,154,0.6685552597045898,0.743662416934967,0.7322643995285034,-0.7237136363983154,-6.475290775299072,-2.0,-0.12402476370334625,0.9922791123390198,-0.12434494495391846,-0.7925800681114197,0.24861668050289154,-0.8566093444824219,-0.8966093307130764,-61.5159654217789,0.0,0.0
3.1,155,0.6557936668395996,0.7549402117729187,0.7152333855628967,-0.8515487313270569,-6.391756057739258,-2.0,-0.15389446914196014,0.9880872964859009,-0.15450850129127502,-0.8096880912780762,0.23314709961414337,-0.8697419166564941,-0.9097419096420324,-62.42570733142093,0.0,0.0
3.12,156,0.6409115791320801,0.7676147222518921,0.6956852078437805,-0.977410078048706,-6.293068885803223,-2.0,-0.18302473425865173,0.9831082820892334,-0.18406227231025696,-0.8239362835884094,0.2154935896396637,-0.8797475099563599,-0.9197474866486849,-63.34545481806961,0.0,0.0
3.14,157,0.6238548755645752,0.7815402150154114,0.673665463924408,-1.100987195968628,-6.178853988647461,-2.0,-0.21128518879413605,0.9774244427680969,-0.2128896415233612,-0.83514004945755,0.19588425755500793,-0.8865551352500916,-0.9265551123492237,-64.27200993041883,0.0,0.0
3.16,158,0.6045702695846558,0.7965518236160278,0.6492262482643127,-1.2219617366790771,-6.048725128173828,-2.0,-0.2385542392730713,0.9711291790008545,-0.24087683856487274,-0.843124508857727,0.17457734048366547,-0.8901030421257019,-0.930103069770778,-65.20211300018961,0.0,0.0
3.18,159,0.5830079913139343,0.8124664425849915,0.6224260926246643,-1.3400077819824219,-5.902301788330078,-2.0,-0.2647198438644409,0.9643253684043884,-0.2679134011268616,-0.8477278351783752,0.15185894072055817,-0.8903394937515259,-0.9303394755686708,-66.13245247575829,0.0,0.0
3.2,160,0.5591251850128174,0.829083263874054,0.5933302044868469,-1.4547923803329468,-5.739231109619141,-2.0,-0.2896801233291626,0.9571235179901123,-0.29389262199401855,-0.84880530834198,0.12804025411605835,-0.8872228860855103,-0.9272228572115593,-67.05967533296985,0.0,0.0
3.22,161,0.5328887104988098,0.8461853265762329,0.5620107054710388,-1.5659765005111694,-5.559208393096924,-2.0,-0.31334367394447327,0.9496397972106934,-0.3187119960784912,-0.8462323546409607,0.10345444828271866,-0.88072270154953,-0.9207226954736749,-67.98039802844352,0.0,0.0
3.24,162,0.5042786002159119,0.8635410070419312,0.5285463929176331,-1.6732165813446045,-5.362004280090332,-2.0,-0.3356296420097351,0.9419940114021301,-0.3422735631465912,-0.839908242225647,0.07845301181077957,-0.8708199262619019,-0.9108199213033087,-68.89121794974683,0.0,0.0
3.2600000000000002,163,0.4732910692691803,0.8809061050415039,0.4930230379104614,-1.776166319847107,-5.147484302520752,-2.0,-0.3564675450325012,0.9343076944351196,-0.3644843101501465,-0.8297585844993591,0.053401604294776917,-0.8575073480606079,-0.8975073561073275,-69.78872530585416,0.0,0.0
3.2800000000000002,164,0.4399414360523224,0.8980264663696289,0.4555334746837616,-1.8744789361953735,-4.915632724761963,-2.0,-0.37579697370529175,0.9267020225524902,-0.3852566182613373,-0.8157383799552917,0.028675561770796776,-0.8407900929450989,-0.8807900847374115,-70.66951539059157,0.0,0.0
3.3000000000000003,165,0.40426698327064514,0.9146410226821899,0.41617724299430847,-1.9678105115890503,-4.666576385498047,-2.0,-0.39356696605682373,0.9192959666252136,-0.404508501291275,-0.7978339195251465,0.004654917865991592,-0.8206857442855835,-0.8606857510145209,-71.53020114160609,0.0,0.0
3.3200000000000003,166,0.3663291037082672,0.9304853677749634,0.3750607967376709,-2.0558226108551025,-4.400601387023926,-2.0,-0.40973538160324097,0.9122044444084167,-0.4221639633178711,-0.7760645151138306,-0.01828092522919178,-0.797224760055542,-0.8372247665055033,-72.36742590811158,0.0,0.0
3.34,167,0.32621529698371887,0.945295512676239,0.33229708671569824,-2.138185977935791,-4.118173122406006,-2.0,-0.42426797747612,0.9055367112159729,-0.43815332651138306,-0.7504832744598389,-0.03975880891084671,-0.7704504132270813,-0.810450424480218,-73.17787633259181,0.0,0.0
3.36,168,0.28404033184051514,0.9588123559951782,0.28800538182258606,-2.2145848274230957,-3.8199472427368164,-2.0,-0.43713751435279846,0.899394690990448,-0.45241352915763855,-0.721177875995636,-0.05941765382885933,-0.7404189109802246,-0.7804189125250915,-73.9582952451169,0.0,0.0
3.38,169,0.23994672298431396,0.9707860350608826,0.24231097102165222,-2.2847204208374023,-3.506779909133911,-2.0,-0.44832292199134827,0.8938716650009155,-0.46488824486732483,-0.6882696151733398,-0.07691438496112823,-0.707199215888977,-0.747199219148981,-74.70549446426588,0.0,0.0
3.4,170,0.19410467147827148,0.9809808135032654,0.19534467160701752,-2.3483152389526367,-3.1797311305999756,-2.0,-0.45780816674232483,0.8890510201454163,-0.4755282700061798,-0.6519128084182739,-0.09192982316017151,-0.6708729267120361,-0.7108729318503909,-75.41636739611627,0.0,0.0
3.42,171,0.14671087265014648,0.9891794323921204,0.14724235236644745,-2.405116319656372,-2.8400633335113525,-2.0,-0.4655815362930298,0.885004997253418,-0.48429158329963684,-0.6122924089431763,-0.1041744202375412,-0.6315339207649231,-0.6715339264635207,-76.0879013225798,0.0,0.0
3.44,172,0.09798683971166611,0.9951876997947693,0.09814432263374329,-2.4549009799957275,-2.4892334938049316,-2.0,-0.4716346263885498,0.8817940354347229,-0.4911436140537262,-0.5696215033531189,-0.11339364945888519,-0.5892879366874695,-0.6292879500886042,-76.7171892726684,0.0,0.0
3.46,173,0.04817609488964081,0.9988388419151306,0.048194751143455505,-2.497478723526001,-2.1288793087005615,-2.0,-0.475961834192276,0.8794659376144409,-0.4960573613643646,-0.5241379141807556,-0.1193729117512703,-0.5442520976066589,-0.5842521024488181,-77.30144137511722,0.0,0.0
3.48,174,-0.0024591386318206787,0.9999969601631165,-0.002459141192957759,-2.5326945781707764,-1.7608001232147217,-2.0,-0.4785594642162323,0.8780551552772522,-0.49901336431503296,-0.4761003255844116,-0.12194181978702545,-0.4965542256832123,-0.5365542230001673,-77.83799559811739,0.0,0.0
3.5,175,-0.05364204943180084,0.9985602498054504,-0.05366780608892441,-2.5604331493377686,-1.3869308233261108,-2.0,-0.4794255495071411,0.8775825500488281,-0.5,-0.4257834851741791,-0.12097766995429993,-0.446332186460495,-0.4863321934455363,-78.32432779156292,0.0,0.0
3.52,176,-0.1050858199596405,0.9944631457328796,-0.10528019815683365,-2.5806195735931396,-1.009312391281128,-2.0,-0.4785594642162323,0.8780551552772522,-0.49901336431503296,-0.3734736442565918,-0.11640800535678864,-0.3937331736087799,-0.43373316736435424,-78.75806095892727,0.0,0.0
3.54,177,-0.15649864077568054,0.9876781702041626,-0.15714460611343384,-2.5932207107543945,-0.6300578713417053,-2.0,-0.475961834192276,0.8794659376144409,-0.4960573613643646,-0.31946319341659546,-0.10821223258972168,-0.3389127552509308,-0.37891274036839523,-79.13697369929567,0.0,0.0
3.56,178,-0.20758892595767975,0.9782161712646484,-0.20910954475402832,-2.5982470512390137,-0.25131547451019287,-2.0,-0.4716346263885498,0.8817940354347229,-0.4911436140537262,-0.26404571533203125,-0.09642209112644196,-0.2820340692996979,-0.32203407545091595,-79.45900777474658,0.0,0.0
3.58,179,-0.25807055830955505,0.9661260843276978,-0.2610245943069458,-2.5957515239715576,0.12476981431245804,-2.0,-0.4655815362930298,0.885004997253418,-0.48429158329963684,-0.20751096308231354,-0.08112107217311859,-0.22326700389385223,-0.26326699895084676,-79.72227477369742,0.0,0.0
3.6,180,-0.307668000459671,0.9514937996864319,-0.3127411901950836,-2.585829734802246,0.49609485268592834,-2.0,-0.45780816674232483,0.8890510201454163,-0.4755282700061798,-0.1501401662826538,-0.06244276836514473,-0.1627870798110962,-0.20278708277235188,-79.92506185646977,0.0,0.0
3.62,181,-0.35601675510406494,0.9344795942306519,-0.3640018701553345,-2.563035011291504,1.1397327184677124,-1.6278709173202515,-0.44832292199134827,0.8938716650009155,-0.46488824486732483,-0.09230615943670273,-0.04060789942741394,-0.10088636726140976,-0.1273860050721198,-80.05244786154189,0.0,0.0
3.64,182,-0.4027131199836731,0.9153262376785278,-0.4144790470600128,-2.523857831954956,1.9588592052459717,-1.0088636875152588,-0.43713751435279846,0.899394690990448,-0.45241352915763855,-0.03442438691854477,-0.015931565314531326,-0.03793449327349663,-0.04811255262165906,-80.10056041416355,0.0,0.0
3.66,183,-0.44739189743995667,0.8943380117416382,-0.46384695172309875,-2.468395948410034,2.7730977535247803,-0.37934496998786926,-0.42426797747612,0.9055367112159729,-0.43815332651138306,0.023123912513256073,0.011198660358786583,0.025693610310554504,-0.027132636851553222,-80.1276930510151,0.0,0.0
3.68,184,-0.4897335171699524,0.8718721866607666,-0.5117840766906738,-2.3968567848205566,3.5769526958465576,0.256936252117157,-0.40973538160324097,0.9122044444084167,-0.4221639633178711,0.07999813556671143,0.040332257747650146,0.08962012827396393,-0.09028028718645117,-80.21797333820155,0.0,0.0
3.7,185,-0.5294695496559143,0.8483289480209351,-0.5579751133918762,-2.309551954269409,4.3652472496032715,0.8962012529373169,-0.39356696605682373,0.9192959666252136,-0.404508501291275,0.1359025537967682,0.07096698880195618,0.1534666270017624,-0.16149839484190828,-80.37947173304346,0.0,0.0
3.72,186,-0.56638503074646,0.824140727519989,-0.602112889289856,-2.206888198852539,5.133180141448975,1.5346662998199463,-0.37579697370529175,0.9267020225524902,-0.3852566182613373,0.1905881017446518,0.10256128013134003,0.21685627102851868,-0.24040827445103002,-80.61988000749449,0.0,0.0
3.74,187,-0.6003596186637878,0.7997301816940308,-0.6439507007598877,-2.0918896198272705,5.749936580657959,2.0,-0.3564675450325012,0.9343076944351196,-0.3644843101501465,0.24389205873012543,0.13457754254341125,0.2794663608074188,-0.31946636866930894,-80.9393463761638,0.0,0.0
3.7600000000000002,188,-0.6314255595207214,0.775436520576477,-0.6833902597427368,-1.971977710723877,5.995591640472412,2.0,-0.3356296420097351,0.9419940114021301,-0.3422735631465912,0.29579591751098633,0.16655753552913666,0.34111669659614563,-0.38111668401643045,-81.32046306018023,0.0,0.0
3.7800000000000002,189,-0.659641683101654,0.7515802383422852,-0.7203419208526611,-1.8475844860076904,6.219662666320801,2.0,-0.31334367394447327,0.9496397972106934,-0.3187119960784912,0.3462980091571808,0.1980595737695694,0.4016299247741699,-0.44162993161469527,-81.76209299179493,0.0,0.0
3.8000000000000003,190,-0.685088038444519,0.7284602522850037,-0.7547245621681213,-1.7191325426101685,6.422598361968994,2.0,-0.2896801233291626,0.9571235179901123,-0.29389262199401855,0.39540791511535645,0.22866325080394745,0.4608319401741028,-0.5008319505734504,-82.26292494236839,0.0,0.0
3.8200000000000003,191,-0.7078608870506287,0.7063518762588501,-0.7864652276039124,-1.587032437324524,6.6050028800964355,2.0,-0.2647198438644409,0.9643253684043884,-0.2679134011268616,0.44314104318618774,0.2579735219478607,0.5185518264770508,-0.5585518283133764,-82.82147677068176,0.0,0.0
3.84,192,-0.7280676364898682,0.6855052709579468,-0.8154988288879395,-1.4516804218292236,6.7676005363464355,2.0,-0.2385542392730713,0.9711291790008545,-0.24087683856487274,0.4895133972167969,0.2856238782405853,0.5746219754219055,-0.6146219977033814,-83.43609876838514,0.0,0.0
3.86,193,-0.745822012424469,0.6661452651023865,-0.8417679667472839,-1.3134565353393555,6.911195755004883,2.0,-0.21128518879413605,0.9774244427680969,-0.2128896415233612,0.5345368385314941,0.31127917766571045,0.6288782954216003,-0.6688783196429019,-84.10497708802804,0.0,0.0
3.88,194,-0.7612395286560059,0.6484708189964294,-0.8652224540710449,-1.1727237701416016,7.036640167236328,2.0,-0.18302473425865173,0.9831082820892334,-0.18406227231025696,0.5782148241996765,0.33463752269744873,0.6811601519584656,-0.7211601637403147,-84.82613725176834,0.0,0.0
3.9,195,-0.7744333744049072,0.6326554417610168,-0.8858190178871155,-1.0298278331756592,7.144796848297119,2.0,-0.15389446914196014,0.9880872964859009,-0.15450850129127502,0.6205388903617859,0.35543182492256165,0.7313104867935181,-0.7713104987644337,-85.59744775053278,0.0,0.0
3.92,196,-0.7855107188224792,0.6188480854034424,-0.903520941734314,-0.8850975632667542,7.236512184143066,2.0,-0.12402476370334625,0.9922791123390198,-0.12434494495391846,0.6614859700202942,0.3734310567378998,0.7791759967803955,-0.8191760033578377,-86.41662375389062,0.0,0.0
3.94,197,-0.7945692539215088,0.607173502445221,-0.9182978868484497,-0.7388458251953125,7.312586307525635,2.0,-0.09355364739894867,0.995614230632782,-0.0936906561255455,0.7010156512260437,0.38844072818756104,0.8246071934700012,-0.8646072061666802,-87.2812309600573,0.0,0.0
3.96,198,-0.8016948103904724,0.5977335572242737,-0.9301252961158752,-0.5913708209991455,7.37375020980835,2.0,-0.06262560933828354,0.9980370998382568,-0.06266661733388901,0.7390692234039307,0.40030354261398315,0.8674586415290833,-0.907458663120084,-88.18868962317738,0.0,0.0
3.98,199,-0.8069587349891663,0.5906078219413757,-0.9389844536781311,-0.44295790791511536,7.4206461906433105,2.0,-0.031390100717544556,0.9995071887969971,-0.031395260244607925,0.7755686044692993,0.40889936685562134,0.9075891971588135,-0.9475891781297903,-89.13627880130717,0.0,0.0
4.0,200,-0.8104161620140076,0.5858546495437622,-0.9448620676994324,-0.29388171434402466,7.45380973815918,2.0,-2.4492937051703357e-16,1.0,-2.4492937051703357e-16,0.8104161620140076,0.4141453504562378,0.9448620676994324,-0.9848620720119858,-90.12114087331916,0.0,0.0
4.0200000000000005,201,-0.8121048212051392,0.5835115909576416,-0.9477502703666687,-0.14440855383872986,7.473657131195068,2.0,0.031390100717544556,0.9995071887969971,0.031395260244607925,0.8434948921203613,0.41599559783935547,0.9791455268859863,-1.019145502981106,-91.14028637630027,0.0,0.0
4.04,202,-0.812044084072113,0.5835960507392883,-0.9476462006568909,0.005200967658311129,7.480476379394531,2.0,0.06262560933828354,0.9980370998382568,0.06266661733388901,0.8746697306632996,0.4144410192966461,1.010312795639038,-1.0503128406426547,-92.19059921694293,0.0,0.0
4.0600000000000005,203,-0.8102346658706665,0.5861055850982666,-0.9445524215698242,0.15468935668468475,7.474419593811035,2.0,0.09355364739894867,0.995614230632782,0.0936906561255455,0.9037883281707764,0.40950867533683777,1.038243055343628,-1.0782430940226617,-93.2688423109656,0.0,0.0
4.08,204,-0.8066585659980774,0.5910177230834961,-0.9384764432907104,0.3037993609905243,7.455501079559326,2.0,0.12402476370334625,0.9922791123390198,0.12434494495391846,0.9306833744049072,0.40126141905784607,1.062821388244629,-1.1028213928126571,-94.37166370377825,0.0,0.0
4.1,205,-0.8012796640396118,0.598289966583252,-0.9294310212135315,0.45227134227752686,7.423598289489746,2.0,0.15389446914196014,0.9880872964859009,0.15450850129127502,0.9551741480827332,0.38979730010032654,1.083939552307129,-1.1239395196739776,-95.49560322345224,0.0,0.0
4.12,206,-0.7940446138381958,0.6078594923019409,-0.9174342155456543,0.5998404622077942,7.378454685211182,2.0,0.18302473425865173,0.9831082820892334,0.18406227231025696,0.9770693182945251,0.37524881958961487,1.1014964580535889,-1.1414964901244682,-96.6370997135767,0.0,0.0
4.14,207,-0.7848843932151794,0.6196422576904297,-0.9025095105171204,0.7462342381477356,7.3196892738342285,2.0,0.21128518879413605,0.9774244427680969,0.2128896415233612,0.9961695671081543,0.3577822148799896,1.1153991222381592,-1.1553991752151722,-97.79249888879187,0.0,0.0
4.16,208,-0.773716151714325,0.6335324048995972,-0.8846861124038696,0.8911702632904053,7.246803283691406,2.0,0.2385542392730713,0.9711291790008545,0.24087683856487274,1.012270450592041,0.3375968039035797,1.1255629062652588,-1.1655629608877622,-98.95806184967964,0.0,0.0
4.18,209,-0.7604455947875977,0.6494016051292419,-0.86399906873703,1.0343542098999023,7.159197807312012,2.0,0.2647198438644409,0.9643253684043884,0.2679134011268616,1.0251654386520386,0.3149237334728241,1.1319124698638916,-1.1719124365832194,-100.12997428626285,0.0,0.0
4.2,210,-0.7449697256088257,0.6670982837677002,-0.8404895067214966,1.1754781007766724,7.056190490722656,2.0,0.2896801233291626,0.9571235179901123,0.29389262199401855,1.0346498489379883,0.2900252640247345,1.1343821287155151,-1.1743821043534317,-101.30435639061628,0.0,0.0
4.22,211,-0.7271801829338074,0.6864466667175293,-0.8142051100730896,1.3142187595367432,6.937034606933594,2.0,0.31334367394447327,0.9496397972106934,0.3187119960784912,1.040523886680603,0.26319316029548645,1.132917046546936,-1.1729170984230328,-102.4772734890393,0.0,0.0
4.24,212,-0.7069668769836426,0.7072466611862183,-0.7852003574371338,1.4502376317977905,6.800944805145264,2.0,0.3356296420097351,0.9419940114021301,0.3422735631465912,1.0425965785980225,0.23474738001823425,1.1274739503860474,-1.1674739038822761,-103.64474739292159,0.0,0.0
4.26,213,-0.6842222809791565,0.7292734980583191,-0.7535367608070374,1.5831801891326904,6.647124767303467,2.0,0.3564675450325012,0.9343076944351196,0.3644843101501465,1.0406898260116577,0.20503419637680054,1.118021011352539,-1.1580210619968225,-104.80276845491841,0.0,0.0
4.28,214,-0.6588456034660339,0.7522781491279602,-0.7192832231521606,1.7126760482788086,6.474796295166016,2.0,0.37579697370529175,0.9267020225524902,0.3852566182613373,1.0346425771713257,0.17442385852336884,1.1045398712158203,-1.1445398485422973,-105.9473083034607,0.0,0.0
4.3,215,-0.6307477355003357,0.775987982749939,-0.6825163960456848,1.8383406400680542,6.283231258392334,2.0,0.39356696605682373,0.9192959666252136,0.404508501291275,1.0243146419525146,0.14330799877643585,1.0870249271392822,-1.1270249106657413,-107.07433321412644,0.0,0.0
4.32,216,-0.5998558402061462,0.8001081347465515,-0.6433208584785461,1.9597764015197754,6.071788787841797,2.0,0.40973538160324097,0.9122044444084167,0.4221639633178711,1.0095912218093872,0.11209630221128464,1.065484881401062,-1.1054848471070753,-108.17981806123352,0.0,0.0
4.34,217,-0.5661184191703796,0.8243239521980286,-0.6017893552780151,2.076575517654419,5.839947700500488,2.0,0.42426797747612,0.9055367112159729,0.43815332651138306,0.9903863668441772,0.08121275156736374,1.039942741394043,-1.0799427162517312,-109.25976077748525,0.0,0.0
4.36,218,-0.5295100808143616,0.8483036756515503,-0.5580229163169861,2.1883223056793213,5.587344646453857,2.0,0.43713751435279846,0.899394690990448,0.45241352915763855,0.9666476249694824,0.0510910339653492,1.0104364156723022,-1.0504364565029478,-110.3101972339882,0.0,0.0
4.38,219,-0.49003592133522034,0.871702253818512,-0.5121309757232666,2.2945985794067383,5.313808441162109,2.0,0.44832292199134827,0.8938716650009155,0.46488824486732483,0.9383588433265686,0.022169433534145355,0.977019190788269,-1.0170192039278614,-111.32721643791606,0.0,0.0
4.4,220,-0.4477355182170868,0.8941660523414612,-0.4642312228679657,2.394986391067505,5.019392013549805,2.0,0.45780816674232483,0.8890510201454163,0.4755282700061798,0.9055436849594116,-0.005115028470754623,0.9397594928741455,-0.9797594931049078,-112.30697593102097,0.0,0.0
4.42,221,-0.40268632769584656,0.9153380393981934,-0.4144497513771057,2.489074230194092,4.704401969909668,2.0,0.4655815362930298,0.885004997253418,0.48429158329963684,0.868267834186554,-0.03033304028213024,0.8987413048744202,-0.9387413286242936,-113.24571725964526,0.0,0.0
4.44,222,-0.35500600934028625,0.9348640441894531,-0.36292049288749695,2.576462745666504,4.369424343109131,2.0,0.4716346263885498,0.8817940354347229,0.4911436140537262,0.8266406655311584,-0.053069956600666046,0.8540641069412231,-0.8940641167881325,-114.13978137643339,0.0,0.0
4.46,223,-0.30485397577285767,0.9523991346359253,-0.3097850978374481,2.6567695140838623,4.015339374542236,2.0,0.475961834192276,0.8794659376144409,0.4960573613643646,0.7808157801628113,-0.07293315976858139,0.8058424592018127,-0.8458424497124899,-114.98562382614588,0.0,0.0
4.48,224,-0.2524315416812897,0.9676147699356079,-0.255192369222641,2.7296361923217773,3.643334150314331,2.0,0.4785594642162323,0.8780551552772522,0.49901336431503296,0.730991005897522,-0.08955959975719452,0.7542057633399963,-0.7942057372054802,-115.77982956335136,0.0,0.0
4.5,225,-0.19798097014427185,0.9802058935165405,-0.1992976814508438,2.794734477996826,3.254903793334961,2.0,0.4794255495071411,0.8775825500488281,0.5,0.6774064898490906,-0.10262330621480942,0.6992976665496826,-0.7392976854019462,-116.5191272487533,0.0,0.0
4.5200000000000005,226,-0.14178287982940674,0.9898977875709534,-0.142262265086174,2.851771116256714,2.8518424034118652,2.0,0.4785594642162323,0.8780551552772522,0.49901336431503296,0.6203423142433167,-0.11184262484312057,0.6412756443023682,-0.6812756250571113,-117.20040287381042,0.0,0.0
4.54,227,-0.0841527059674263,0.9964528679847717,-0.08425234258174896,2.900495767593384,2.4362261295318604,2.0,0.475961834192276,0.8794659376144409,0.4960573613643646,0.5601145029067993,-0.11698693037033081,0.5803096890449524,-0.6203096964863789,-117.82071257029679,0.0,0.0
4.5600000000000005,228,-0.02543553337454796,0.9996764659881592,-0.025438277050852776,2.9407033920288086,2.010385036468506,2.0,0.4716346263885498,0.8817940354347229,0.4911436140537262,0.49707016348838806,-0.11788240075111389,0.5165818929672241,-0.5565819022073087,-118.3772944725041,0.0,0.0
4.58,229,0.033999983221292496,0.9994218349456787,0.03400653973221779,2.972240686416626,1.576865553855896,2.0,0.4655815362930298,0.885004997253418,0.48429158329963684,0.4315815269947052,-0.11441683769226074,0.45028504729270935,-0.4902850421980819,-118.86757951470219,0.0,0.0
4.6000000000000005,230,0.09376875311136246,0.9955940246582031,0.0939067080616951,2.9950084686279297,1.1383861303329468,2.0,0.45780816674232483,0.8890510201454163,0.4755282700061798,0.36403942108154297,-0.10654299706220627,0.3816215395927429,-0.4216215501373423,-119.28920106483953,0.0,0.0
4.62,231,0.15347698330879211,0.9881522059440613,0.15408599376678467,3.0089640617370605,0.6977835893630981,2.0,0.44832292199134827,0.8938716650009155,0.46488824486732483,0.29484593868255615,-0.09428054839372635,0.31080225110054016,-0.35080225184820224,-119.64000331668774,0.0,0.0
4.64,232,0.21273037791252136,0.9771109223365784,0.21436846256256104,3.0141232013702393,0.25795695185661316,2.0,0.43713751435279846,0.899394690990448,0.45241352915763855,0.2244071364402771,-0.07771625369787216,0.23804506659507751,-0.2780450692764314,-119.91804838596417,0.0,0.0
4.66,233,0.2711423635482788,0.9625392556190491,0.27457964420318604,3.010559320449829,-0.17819342017173767,2.0,0.42426797747612,0.9055367112159729,0.43815332651138306,0.1531256139278412,-0.05700257420539856,0.16357369720935822,-0.20357369457170446,-120.12162208053587,0.0,0.0
4.68,234,0.32823875546455383,0.9445948004722595,0.33443841338157654,2.992938995361328,-0.8810232281684875,1.6357368230819702,0.40973538160324097,0.9122044444084167,0.4221639633178711,0.08149662613868713,-0.03239036351442337,0.08772553503513336,-0.11448188723658377,-120.23610396777245,0.0,0.0
4.7,235,0.38346895575523376,0.9235537648200989,0.39354947209358215,2.955552816390991,-1.8693103790283203,0.877255380153656,0.39356696605682373,0.9192959666252136,0.404508501291275,0.010098012164235115,-0.004257817752659321,0.010959017090499401,-0.018654787612151686,-120.2547587553846,0.0,0.0
4.72,236,0.43633419275283813,0.8997846841812134,0.45152053236961365,2.898552417755127,-2.850013494491577,0.10959021747112274,0.37579697370529175,0.9267020225524902,0.3852566182613373,-0.060537226498126984,0.026917342096567154,-0.06626390665769577,-0.06638400816195968,-120.32114276354656,0.0,0.0
4.74,237,0.4864003658294678,0.8737360835075378,0.5079652070999146,2.822232484817505,-3.8160037994384766,-0.6626391410827637,0.3564675450325012,0.9343076944351196,0.3644843101501465,-0.12993282079696655,0.06057165563106537,-0.14348086714744568,-0.147871769756808,-120.46901453330337,0.0,0.0
4.76,238,0.5333073735237122,0.845921516418457,0.5625056028366089,2.727019786834717,-4.760631084442139,-1.4348087310791016,0.3356296420097351,0.9419940114021301,0.3422735631465912,-0.19767776131629944,0.09607250243425369,-0.2202320247888565,-0.2408187797066405,-120.70983331301001,0.0,0.0
4.78,239,0.5768241882324219,0.8168683052062988,0.6148355603218079,2.6164982318878174,-5.5260725021362305,-2.0,0.31334367394447327,0.9496397972106934,0.3187119960784912,-0.2634805142879486,0.13277147710323334,-0.29612353444099426,-0.3361235453598372,-121.04595685836985,0.0,0.0
4.8,240,0.6169242858886719,0.7870224714279175,0.6648286581039429,2.4996562004089355,-5.842102527618408,-2.0,0.2896801233291626,0.9571235179901123,0.29389262199401855,-0.3272441625595093,0.17010101675987244,-0.3709360361099243,-0.41093603989980426,-121.45689289826966,0.0,0.0
4.82,241,0.6536282896995544,0.7568157315254211,0.7123686671257019,2.3770010471343994,-6.132757663726807,-2.0,0.2647198438644409,0.9643253684043884,0.2679134011268616,-0.38890841603279114,0.2075096070766449,-0.4444552958011627,-0.48445529131471193,-121.94134818958437,0.0,0.0
4.84,242,0.6869977712631226,0.7266594767570496,0.75734943151474,2.249037027359009,-6.398207664489746,-2.0,0.2385542392730713,0.9711291790008545,0.24087683856487274,-0.44844356179237366,0.24446967244148254,-0.516472578048706,-0.5564725915134705,-122.49782078109784,0.0,0.0
4.86,243,0.7171293497085571,0.6969401240348816,0.7996745705604553,2.116258382797241,-6.638925075531006,-2.0,0.21128518879413605,0.9774244427680969,0.2128896415233612,-0.5058441758155823,0.2804843485355377,-0.5867849588394165,-0.6267849524684077,-123.12460573356626,0.0,0.0
4.88,244,0.7441473603248596,0.6680155396461487,0.839257538318634,1.9791457653045654,-6.8556389808654785,-2.0,0.18302473425865173,0.9831082820892334,0.18406227231025696,-0.5611225962638855,0.3150927722454071,-0.6551952362060547,-0.6951952360604988,-123.81980096962675,0.0,0.0
4.9,245,0.7681973576545715,0.6402130722999573,0.8760207295417786,1.8381600379943848,-7.049282073974609,-2.0,0.15389446914196014,0.9880872964859009,0.15450850129127502,-0.614302933216095,0.3478741943836212,-0.7215121984481812,-0.7615122165838906,-124.58131318621065,0.0,0.0
4.92,246,0.7894396185874939,0.6138282418251038,0.9098955392837524,1.6937412023544312,-7.220942974090576,-2.0,0.12402476370334625,0.9922791123390198,0.12434494495391846,-0.6654148697853088,0.3784509003162384,-0.785550594329834,-0.8255505942770802,-125.40686378048773,0.0,0.0
4.94,247,0.8080424070358276,0.589124321937561,0.940821647644043,1.5463048219680786,-7.371817111968994,-2.0,0.09355364739894867,0.995614230632782,0.0936906561255455,-0.7144887447357178,0.40648993849754333,-0.8471309542655945,-0.887130977728624,-126.29399475821634,0.0,0.0
4.96,248,0.8241764307022095,0.5663331151008606,0.9687464833259583,1.3962416648864746,-7.5031585693359375,-2.0,0.06262560933828354,0.9980370998382568,0.06266661733388901,-0.7615508437156677,0.43170398473739624,-0.9060798287391663,-0.9460798519914952,-127.24007461020784,0.0,0.0
4.98,249,0.8380093574523926,0.5456558465957642,0.9936248064041138,1.2439169883728027,-7.616237163543701,-2.0,0.031390100717544556,0.9995071887969971,0.031395260244607925,-0.8066192865371704,0.4538513720035553,-0.9622295498847961,-1.002229547858729,-128.24230415806656,0.0,0.0
5.0,250,0.8497011661529541,0.5272645950317383,1.0154181718826294,1.0896708965301514,-7.712300777435303,-2.0,3.0616169991140216e-16,1.0,3.0616169991140216e-16,-0.8497011661529541,0.47273537516593933,-1.0154181718826294,-1.0554182261222642,-129.29772238418883,0.0,0.0
5.0200000000000005,251,0.8593997955322266,0.5113041996955872,1.0340945720672607,0.9338201284408569,-7.792538642883301,-2.0,-0.031390100717544556,0.9995071887969971,-0.031395260244607925,-0.8907898664474487,0.4882029891014099,-1.0654898881912231,-1.1054898888612925,-130.40321227305012,0.0,0.0
5.04,252,0.8672379851341248,0.4978938698768616,1.0496277809143066,0.7766591310501099,-7.8580522537231445,-2.0,-0.06262560933828354,0.9980370998382568,-0.06266661733388901,-0.9298635721206665,0.5001432299613953,-1.1122944355010986,-1.1522944279724945,-131.5555067010226,0.0,0.0
5.0600000000000005,253,0.8733300566673279,0.48712897300720215,1.0619970560073853,0.6184625625610352,-7.909828186035156,-2.0,-0.09355364739894867,0.995614230632782,-0.0936906561255455,-0.9668837189674377,0.5084852576255798,-1.155687689781189,-1.1956877193294964,-132.7511944203521,0.0,0.0
5.08,254,0.8777697086334229,0.47908279299736023,1.0711867809295654,0.459488183259964,-7.948718070983887,-2.0,-0.12402476370334625,0.9922791123390198,-0.12434494495391846,-1.001794457435608,0.5131962895393372,-1.1955317258834839,-1.2355317691901178,-133.98672618954222,0.0,0.0
5.1000000000000005,255,0.8806281685829163,0.4738079607486725,1.0771864652633667,0.2999797463417053,-7.97542142868042,-2.0,-0.15389446914196014,0.9880872964859009,-0.15450850129127502,-1.0345226526260376,0.5142793655395508,-1.2316949367523193,-1.2716949177867825,-135.258421107329,0.0,0.0
5.12,256,0.8819530010223389,0.47133734822273254,1.0799897909164429,0.14017032086849213,-7.990471363067627,-2.0,-0.18302473425865173,0.9831082820892334,-0.18406227231025696,-1.064977765083313,0.5117709636688232,-1.264052152633667,-1.3040521034503947,-136.56247321077942,0.0,0.0
5.14,257,0.8817670941352844,0.4716850519180298,1.0795955657958984,-0.01971418783068657,-7.99422550201416,-2.0,-0.21128518879413605,0.9774244427680969,-0.2128896415233612,-1.0930522680282593,0.5057393908500671,-1.292485237121582,-1.3324851891299445,-137.89495839990937,0.0,0.0
5.16,258,0.8800685405731201,0.4748466908931732,1.076006531715393,-0.17945143580436707,-7.9868621826171875,-2.0,-0.2385542392730713,0.9711291790008545,-0.24087683856487274,-1.1186227798461914,0.4962824881076813,-1.3168833255767822,-1.3568833517667218,-139.2518417516761,0.0,0.0
5.18,259,0.8768306374549866,0.4807994067668915,1.069230079650879,-0.3388189375400543,-7.968374729156494,-2.0,-0.2647198438644409,0.9643253684043884,-0.2679134011268616,-1.1415504217147827,0.48352596163749695,-1.3371435403823853,-1.3771435336429243,-140.62898528531903,0.0,0.0
5.2,260,0.8720024228096008,0.4895015060901642,1.0592783689498901,-0.49759045243263245,-7.938575744628906,-2.0,-0.2896801233291626,0.9571235179901123,-0.29389262199401855,-1.1616826057434082,0.4676220118999481,-1.3531709909439087,-1.393170953523934,-142.02215623884297,0.0,0.0
5.22,261,0.8655099868774414,0.5008916258811951,1.0461677312850952,-0.6555324196815491,-7.897098541259766,-2.0,-0.31334367394447327,0.9496397972106934,-0.3187119960784912,-1.1788536310195923,0.4487481713294983,-1.3648797273635864,-1.4048796741236877,-143.42703591296666,0.0,0.0
5.24,262,0.857257604598999,0.5148876905441284,1.0299196243286133,-0.8124005794525146,-7.84340763092041,-2.0,-0.3356296420097351,0.9419940114021301,-0.3422735631465912,-1.192887306213379,0.4271063208580017,-1.3721932172775269,-1.4121932211160235,-144.83922913408267,0.0,0.0
5.26,263,0.8471300601959229,0.531385600566864,1.0105609893798828,-0.9679366946220398,-7.77680778503418,-2.0,-0.3564675450325012,0.9343076944351196,-0.3644843101501465,-1.2035975456237793,0.4029220938682556,-1.3750452995300293,-1.415045247567738,-146.25427438165042,0.0,0.0
5.28,264,0.8349949717521667,0.5502576231956482,0.9881235957145691,-1.12186598777771,-7.6964616775512695,-2.0,-0.37579697370529175,0.9267020225524902,-0.3852566182613373,-1.2107919454574585,0.37644442915916443,-1.373380184173584,-1.4133802362636692,-147.66765461791408,0.0,0.0
5.3,265,0.8207060694694519,0.571350634098053,0.9626457095146179,-1.2738940715789795,-7.601405620574951,-2.0,-0.39356696605682373,0.9192959666252136,-0.404508501291275,-1.2142730951309204,0.34794533252716064,-1.3671542406082153,-1.4071542309217104,-149.0748088488358,0.0,0.0
5.32,266,0.8041068911552429,0.5944847464561462,0.9341716170310974,-1.4237055778503418,-7.490573883056641,-2.0,-0.40973538160324097,0.9122044444084167,-0.4221639633178711,-1.2138422727584839,0.3177196979522705,-1.3563356399536133,-1.3963355857594322,-150.47114443459523,0.0,0.0
5.34,267,0.7850348353385925,0.6194515824317932,0.9027523994445801,-1.5709620714187622,-7.362827301025391,-2.0,-0.42426797747612,0.9055367112159729,-0.43815332651138306,-1.2093027830123901,0.2860850691795349,-1.3409056663513184,-1.3809057212909384,-151.85205015588616,0.0,0.0
5.36,268,0.7633261680603027,0.6460132598876953,0.8684463500976562,-1.715301752090454,-7.216982841491699,-2.0,-0.43713751435279846,0.899394690990448,-0.45241352915763855,-1.2004636526107788,0.2533814013004303,-1.3208599090576172,-1.3608598726361922,-153.21291002852234,0.0,0.0
5.38,269,0.738821268081665,0.6739014387130737,0.8313195705413818,-1.8563387393951416,-7.051848411560059,-2.0,-0.44832292199134827,0.8938716650009155,-0.46488824486732483,-1.187144160270691,0.21997025609016418,-1.2962077856063843,-1.3362078150661898,-154.54911784358853,0.0,0.0
5.4,270,0.7113704681396484,0.7028172016143799,0.7914462685585022,-1.993664026260376,-6.866264820098877,-2.0,-0.45780816674232483,0.8890510201454163,-0.4755282700061798,-1.1691786050796509,0.18623380362987518,-1.2669745683670044,-1.3069745500550796,-155.85609239364362,0.0,0.0
5.42,271,0.6808403134346008,0.7324318885803223,0.7489093542098999,-2.1268470287323,-6.659145832061768,-2.0,-0.4655815362930298,0.885004997253418,-0.48429158329963684,-1.1464219093322754,0.1525731384754181,-1.2332009077072144,-1.2732009338509198,-157.12929332749454,0.0,0.0
5.44,272,0.6471198797225952,0.7623882293701172,0.703800618648529,-2.2554373741149902,-6.429525852203369,-2.0,-0.4716346263885498,0.8817940354347229,-0.4911436140537262,-1.118754506111145,0.11940580606460571,-1.1949442625045776,-1.2349442296112962,-158.36423755710584,0.0,0.0
5.46,273,0.6101272702217102,0.7923034429550171,0.6562212109565735,-2.378969669342041,-6.176605701446533,-2.0,-0.475961834192276,0.8794659376144409,-0.4960573613643646,-1.0860891342163086,0.08716251701116562,-1.1522785425186157,-1.1922785635901088,-159.55651612069596,0.0,0.0
5.48,274,0.569815993309021,0.8217723369598389,0.6062818765640259,-2.4969656467437744,-5.899799823760986,-2.0,-0.4785594642162323,0.8780551552772522,-0.49901336431503296,-1.0483753681182861,0.056282829493284225,-1.1052953004837036,-1.145295265823045,-160.701811386519,0.0,0.0
5.5,275,0.5261808037757874,0.8503727316856384,0.5541030764579773,-2.6089413166046143,-5.598784923553467,-2.0,-0.4794255495071411,0.8775825500488281,-0.5,-1.0056062936782837,0.02720983512699604,-1.0541030168533325,-1.094103076352789,-161.7959144628718,0.0,0.0
5.5200000000000005,276,0.479263037443161,0.8776713013648987,0.49981483817100525,-2.714411973953247,-5.273540019989014,-2.0,-0.4785594642162323,0.8780551552772522,-0.49901336431503296,-0.9578225016593933,0.00038383345236070454,-0.9988281726837158,-1.03882819935728,-162.83474266222908,0.0,0.0
5.54,277,0.42915481328964233,0.9032309651374817,0.44355684518814087,-2.8128998279571533,-4.924387454986572,-2.0,-0.475961834192276,0.8794659376144409,-0.4960573613643646,-0.905116617679596,-0.023765001446008682,-0.9396141767501831,-0.9796141896657125,-163.8143568518948,0.0,0.0
5.5600000000000005,278,0.37600213289260864,0.9266188144683838,0.38547801971435547,-2.903940200805664,-4.552022933959961,-2.0,-0.4716346263885498,0.8817940354347229,-0.4911436140537262,-0.8476367592811584,-0.04482473433017731,-0.876621663570404,-0.9166216591000174,-164.73097851099482,0.0,0.0
5.58,279,0.3200063705444336,0.9474154114723206,0.32573622465133667,-2.987091064453125,-4.157537937164307,-2.0,-0.4655815362930298,0.885004997253418,-0.48429158329963684,-0.7855879068374634,-0.0624103918671608,-0.8100277781486511,-0.8500277938486118,-165.58100630484344,0.0,0.0
5.6000000000000005,280,0.2614242136478424,0.965224027633667,0.26449742913246155,-3.0619397163391113,-3.7424309253692627,-2.0,-0.45780816674232483,0.8890510201454163,-0.4755282700061798,-0.7192323803901672,-0.07617300748825073,-0.7400256991386414,-0.7800256785921168,-166.36103198343557,0.0,0.0
5.62,281,0.20056556165218353,0.9796802997589111,0.20193518698215485,-3.1281118392944336,-3.308605909347534,-2.0,-0.44832292199134827,0.8938716650009155,-0.46488824486732483,-0.6488884687423706,-0.08580860495567322,-0.6668234467506409,-0.7068234282249035,-167.06785541166047,0.0,0.0
5.64,282,0.13778983056545258,0.9904614686965942,0.1382296085357666,-3.18527889251709,-2.8583569526672363,-2.0,-0.43713751435279846,0.899394690990448,-0.45241352915763855,-0.5749273300170898,-0.09106680750846863,-0.5906431078910828,-0.6306431335597024,-167.6984985452202,0.0,0.0
5.66,283,0.07349995523691177,0.9972952008247375,0.07356629520654678,-3.233165740966797,-2.394340753555298,-2.0,-0.42426797747612,0.9055367112159729,-0.43815332651138306,-0.49776792526245117,-0.09175853431224823,-0.5117196440696716,-0.5517196331208774,-168.25021817834107,0.0,0.0
5.68,284,0.008135076612234116,0.9999669194221497,0.008135166019201279,-3.2715563774108887,-1.9195321798324585,-2.0,-0.40973538160324097,0.9122044444084167,-0.4221639633178711,-0.4178704619407654,-0.08776248246431351,-0.43029913306236267,-0.4702991287424822,-168.72051730708355,0.0,0.0
5.7,285,-0.05783853307366371,0.9983259439468384,-0.05787082761526108,-3.300299882888794,-1.4371705055236816,-2.0,-0.39356696605682373,0.9192959666252136,-0.404508501291275,-0.3357284367084503,-0.07902999967336655,-0.34663766622543335,-0.386637667887376,-169.10715497497094,0.0,0.0
5.72,286,-0.12393759936094284,0.9922900199890137,-0.12425710260868073,-3.3193135261535645,-0.9506917595863342,-2.0,-0.37579697370529175,0.9267020225524902,-0.3852566182613373,-0.2518593668937683,-0.06558798998594284,-0.26099953055381775,-0.30099952009479325,-169.40815449506573,0.0,0.0
5.74,287,-0.18967275321483612,0.98184734582901,-0.1908288300037384,-3.3285865783691406,-0.46365487575531006,-2.0,-0.3564675450325012,0.9343076944351196,-0.3644843101501465,-0.1667947769165039,-0.04753965511918068,-0.17365548014640808,-0.21365547847563993,-169.62180997354136,0.0,0.0
5.76,288,-0.25448331236839294,0.9670771360397339,-0.25731340050697327,-3.324228286743164,0.21792319416999817,-1.736554741859436,-0.3356296420097351,0.9419940114021301,-0.3422735631465912,-0.08114630728960037,-0.025083133950829506,-0.08496015518903732,-0.11511637703344624,-169.7369263505748,0.0,0.0
5.78,289,-0.31765374541282654,0.9482067823410034,-0.3232540488243103,-3.297031879425049,1.3598183393478394,-0.8496016263961792,-0.31334367394447327,0.9496397972106934,-0.3187119960784912,0.004310057032853365,0.0014330109115689993,0.004542042501270771,-0.011760271671663443,-169.74868662224648,0.0,0.0
5.8,290,-0.3785199522972107,0.9255931377410889,-0.388196736574173,-3.2471349239349365,2.4948413372039795,0.045420411974191666,-0.2896801233291626,0.9571235179901123,-0.29389262199401855,0.0888398066163063,0.03153037652373314,0.09430411458015442,-0.09432474195670404,-169.8430113642032,0.0,0.0
5.82,291,-0.43649011850357056,0.8997090458869934,-0.4516938328742981,-3.1748547554016113,3.614008903503418,0.9430411458015442,-0.2647198438644409,0.9643253684043884,-0.2679134011268616,0.17177027463912964,0.06461630761623383,0.18378043174743652,-0.19267370395322767,-170.03568506815643,0.0,0.0
5.84,292,-0.4910610616207123,0.8711251616477966,-0.5133073925971985,-3.080677032470703,4.70888614654541,1.8378043174743652,-0.2385542392730713,0.9711291790008545,-0.24087683856487274,0.252506822347641,0.10000402480363846,0.27243053913116455,-0.30620578867874676,-170.34189085683516,0.0,0.0
5.86,293,-0.5420120358467102,0.8403707146644592,-0.57282954454422,-2.976106882095337,5.228507041931152,2.0,-0.21128518879413605,0.9774244427680969,-0.2128896415233612,0.33072686195373535,0.1370537430047989,0.3599398732185364,-0.3999398717826032,-170.74183072861777,0.0,0.0
5.88,294,-0.5892351269721985,0.8079615831375122,-0.6301118731498718,-2.8641178607940674,5.599457740783691,2.0,-0.18302473425865173,0.9831082820892334,-0.18406227231025696,0.40621042251586914,0.17514671385288239,0.44604960083961487,-0.4860495978950445,-171.2278803265128,0.0,0.0
5.9,295,-0.6326863169670105,0.774408221244812,-0.6850171685218811,-2.7452638149261475,5.942701816558838,2.0,-0.15389446914196014,0.9880872964859009,-0.15450850129127502,0.47879183292388916,0.21367909014225006,0.5305086374282837,-0.5705086529031462,-171.79838897941596,0.0,0.0
5.92,296,-0.6723798513412476,0.740206241607666,-0.7374192476272583,-2.620105028152466,6.257936954498291,2.0,-0.12402476370334625,0.9922791123390198,-0.12434494495391846,0.5483551025390625,0.25207287073135376,0.6130743026733398,-0.6530743076448868,-172.45146328706085,0.0,0.0
5.94,297,-0.7083820104598999,0.7058292627334595,-0.7872032523155212,-2.489199161529541,6.545289039611816,2.0,-0.09355364739894867,0.995614230632782,-0.0936906561255455,0.61482834815979,0.2897849977016449,0.6935125589370728,-0.73351257954833,-173.18497586660916,0.0,0.0
5.96,298,-0.740803062915802,0.6717222929000854,-0.8342651128768921,-2.3530938625335693,6.805265426635742,2.0,-0.06262560933828354,0.9980370998382568,-0.06266661733388901,0.6781774759292603,0.3263148367404938,0.7715985178947449,-0.8115984994336142,-173.99657436604278,0.0,0.0
5.98,299,-0.7697896361351013,0.6382976770401001,-0.8785114884376526,-2.21232008934021,7.038699626922607,2.0,-0.031390100717544556,0.9995071887969971,-0.031395260244607925,0.7383995056152344,0.36120954155921936,0.847116231918335,-0.8871162559693516,-174.88369062201213,0.0,0.0
6.0,300,-0.795516312122345,0.6059321165084839,-0.9198592305183411,-2.0673861503601074,7.246689319610596,2.0,-3.6739402930577075e-16,1.0,-3.6739402930577075e-16,0.795516312122345,0.3940678536891937,0.9198592305183411,-0.9598592395539306,-175.84354986156606,0.0,0.0
6.0200000000000005,301,-0.8181778788566589,0.5749651789665222,-0.9582347273826599,-1.9187754392623901,7.430538654327393,2.0,0.031390100717544556,0.9995071887969971,0.031395260244607925,0.8495680093765259,0.42454203963279724,0.9896299839019775,-1.0296300077669152,-176.87317986933297,0.0,0.0
6.04,302,-0.8379814028739929,0.5456987619400024,-0.9935736060142517,-1.7669414281845093,7.591697692871094,2.0,0.06262560933828354,0.9980370998382568,0.06266661733388901,0.9006070494651794,0.4523383378982544,1.056240200996399,-1.0962401940853217,-177.96942006341828,0.0,0.0
6.0600000000000005,303,-0.855139434337616,0.518398106098175,-1.0258197784423828,-1.6123073101043701,7.731708526611328,2.0,0.09355364739894867,0.995614230632782,0.0936906561255455,0.9486930966377258,0.4772161543369293,1.1195104122161865,-1.1595103804504654,-179.12893044386874,0.0,0.0
6.08,304,-0.8698632121086121,0.4932929575443268,-1.0549249649047852,-1.4552643299102783,7.852149963378906,2.0,0.12402476370334625,0.9922791123390198,0.12434494495391846,0.9938880205154419,0.498986154794693,1.1792699098587036,-1.2192699526730602,-180.3482003965418,0.0,0.0
6.1000000000000005,305,-0.8823574185371399,0.4705798923969269,-1.0808484554290771,-1.2961724996566772,7.954591274261475,2.0,0.15389446914196014,0.9880872964859009,0.15450850129127502,1.0362519025802612,0.5175073742866516,1.2353569269180298,-1.2753569557382614,-181.62355735228007,0.0,0.0
6.12,306,-0.892814576625824,0.4504244029521942,-1.103555679321289,-1.1353614330291748,8.04055118560791,2.0,0.18302473425865173,0.9831082820892334,0.18406227231025696,1.0758392810821533,0.5326839089393616,1.2876179218292236,-1.327617963961632,-182.95117531624172,0.0,0.0
6.140000000000001,307,-0.9014113545417786,0.43296366930007935,-1.1230183839797974,-0.9731322526931763,8.111458778381348,2.0,0.21128518879413605,0.9774244427680969,0.2128896415233612,1.1126965284347534,0.5444607734680176,1.3359079360961914,-1.3759079787718105,-184.32708329501352,0.0,0.0
6.16,308,-0.9083048105239868,0.4183090031147003,-1.1392135620117188,-0.8097597360610962,8.16862678527832,2.0,0.2385542392730713,0.9711291790008545,0.24087683856487274,1.146859049797058,0.5528202056884766,1.380090355873108,-1.4200903647501215,-185.74717365976363,0.0,0.0
6.18,309,-0.9136292934417725,0.40654832124710083,-1.1521234512329102,-0.6454953551292419,8.213218688964844,2.0,0.2647198438644409,0.9643253684043884,0.2679134011268616,1.1783491373062134,0.5577770471572876,1.420036792755127,-1.46003683250979,-187.20721049227342,0.0,0.0
6.2,310,-0.917494535446167,0.3977484107017517,-1.1617348194122314,-0.4805707037448883,8.246233940124512,2.0,0.2896801233291626,0.9571235179901123,0.29389262199401855,1.2071746587753296,0.5593751072883606,1.45562744140625,-1.4956274750909366,-188.70283796736436,0.0,0.0
6.22,311,-0.9199836850166321,0.3919566571712494,-1.1680388450622559,-0.31520095467567444,8.268486976623535,2.0,0.31334367394447327,0.9496397972106934,0.3187119960784912,1.2333273887634277,0.5576831698417664,1.486750841140747,-1.5267508628031918,-190.22958883016756,0.0,0.0
6.24,312,-0.9211522340774536,0.3892025053501129,-1.1710306406021118,-0.149588942527771,8.280599594116211,2.0,0.3356296420097351,0.9419940114021301,0.3422735631465912,1.256781816482544,0.5527915358543396,1.5133042335510254,-1.5533041998674761,-191.78289303003504,0.0,0.0
6.26,313,-0.9210270643234253,0.3894985616207123,-1.170709252357483,0.016070792451500893,8.282986640930176,2.0,0.3564675450325012,0.9343076944351196,0.3644843101501465,1.2774945497512817,0.5448091626167297,1.5351935625076294,-1.5751935447784833,-193.3580865748135,0.0,0.0
6.28,314,-0.9196064472198486,0.3928409218788147,-1.1670774221420288,0.18158787488937378,8.275854110717773,2.0,0.37579697370529175,0.9267020225524902,0.3852566182613373,1.2954033613204956,0.5338611006736755,1.5523340702056885,-1.5923340950038951,-194.95042066981742,0.0,0.0
6.3,315,-0.9168598055839539,0.39920929074287415,-1.1601420640945435,0.346771776676178,8.259194374084473,2.0,0.39356696605682373,0.9192959666252136,0.404508501291275,1.3104268312454224,0.5200866460800171,1.564650535583496,-1.6046505354208944,-196.5550712052383,0.0,0.0
6.32,316,-0.9127286076545715,0.408566415309906,-1.1499134302139282,0.511427640914917,8.232791900634766,2.0,0.40973538160324097,0.9122044444084167,0.4221639633178711,1.3224639892578125,0.5036380290985107,1.5720773935317993,-1.6120774487251675,-198.16714865396347,0.0,0.0
6.34,317,-0.9071269631385803,0.4208570122718811,-1.136406421661377,0.6753520369529724,8.196222305297852,2.0,0.42426797747612,0.9055367112159729,0.43815332651138306,1.331394910812378,0.4846796691417694,1.5745598077774048,-1.6145597848901967,-199.78170843885366,0.0,0.0
6.36,318,-0.899943470954895,0.4360065758228302,-1.1196398735046387,0.8383292555809021,8.148860931396484,2.0,0.43713751435279846,0.899394690990448,0.45241352915763855,1.337080955505371,0.4633880853652954,1.5720534324645996,-1.6120533855634827,-201.39376182441714,0.0,0.0
6.38,319,-0.8910427689552307,0.45391932129859924,-1.0996372699737549,1.0001271963119507,8.089897155761719,2.0,0.44832292199134827,0.8938716650009155,0.46488824486732483,1.3393657207489014,0.4399523437023163,1.5645256042480469,-1.6045255580236204,-202.99828738244076,0.0,0.0
6.4,320,-0.8802683353424072,0.4744761884212494,-1.0764274597167969,1.160494089126587,8.018342971801758,2.0,0.45780816674232483,0.8890510201454163,0.4755282700061798,1.3380764722824097,0.4145748019218445,1.5519556999206543,-1.5919556919563222,-204.59024307439708,0.0,0.0
6.42,321,-0.8674452900886536,0.49753260612487793,-1.050044298171997,1.319155216217041,7.933055877685547,2.0,0.4655815362930298,0.885004997253418,0.48429158329963684,1.3330267667770386,0.38747239112854004,1.5343358516693115,-1.5743359108169592,-206.16457898521404,0.0,0.0
6.44,322,-0.8523843288421631,0.5229158401489258,-1.0205280780792236,1.4758104085922241,7.832760334014893,2.0,0.4716346263885498,0.8817940354347229,0.4911436140537262,1.324018955230713,0.3588781952857971,1.511671781539917,-1.551671747923062,-207.7162507331371,0.0,0.0
6.46,323,-0.8348858952522278,0.5504230260848999,-0.9879254698753357,1.6301318407058716,7.716074466705322,2.0,0.475961834192276,0.8794659376144409,0.4960573613643646,1.3108477592468262,0.329042911529541,1.483982801437378,-1.523982835669747,-209.24023356880684,0.0,0.0
6.48,324,-0.8147455453872681,0.5798186659812927,-0.9522902369499207,1.781762719154358,7.58154296875,2.0,0.4785594642162323,0.8780551552772522,0.49901336431503296,1.2933050394058228,0.2982364892959595,1.4513036012649536,-1.491303594410418,-210.73153716321727,0.0,0.0
6.5,325,-0.7917593717575073,0.6108331084251404,-0.9136838912963867,1.9303162097930908,7.427674293518066,2.0,0.4794255495071411,0.8775825500488281,0.5,1.2711849212646484,0.26674944162368774,1.4136838912963867,-1.4536839056423356,-212.1852210688596,0.0,0.0
6.5200000000000005,326,-0.7657305002212524,0.6431615352630615,-0.8721764087677002,2.07537579536438,7.2529826164245605,2.0,0.4785594642162323,0.8780551552772522,0.49901336431503296,1.2442899942398071,0.23489360511302948,1.3711897134780884,-1.4111897522530787,-213.59641082111267,0.0,0.0
6.54,327,-0.7364763021469116,0.6764633655548096,-0.8278464674949646,2.216496706008911,7.05603551864624,2.0,0.475961834192276,0.8794659376144409,0.4960573613643646,1.2124381065368652,0.20300258696079254,1.3239037990570068,-1.3639038068149936,-214.96031462792766,0.0,0.0
6.5600000000000005,328,-0.7038353681564331,0.7103631496429443,-0.7807823419570923,2.3532066345214844,6.835505485534668,2.0,0.4716346263885498,0.8817940354347229,0.4911436140537262,1.175469994544983,0.17143093049526215,1.271925926208496,-1.3119259473785772,-216.27224057530623,0.0,0.0
6.58,329,-0.6676756143569946,0.7444523572921753,-0.7310820817947388,2.485011100769043,6.59022331237793,2.0,0.4655815362930298,0.885004997253418,0.48429158329963684,1.1332571506500244,0.14055265486240387,1.2153736352920532,-1.2553736790498418,-217.52761425435608,0.0,0.0
6.6000000000000005,330,-0.6279016733169556,0.778292715549469,-0.6788541674613953,2.611395835876465,6.319235324859619,2.0,0.45780816674232483,0.8890510201454163,0.4755282700061798,1.085709810256958,0.11075831204652786,1.1543824672698975,-1.1943824389915223,-218.7219966933476,0.0,0.0
6.62,331,-0.5844625234603882,0.8114206790924072,-0.6242175102233887,2.731832981109619,6.021859169006348,2.0,0.44832292199134827,0.8938716650009155,0.46488824486732483,1.032785415649414,0.0824509784579277,1.0891057252883911,-1.1291057625178076,-219.8511024558654,0.0,0.0
6.640000000000001,332,-0.5373584628105164,0.8433539867401123,-0.5673017501831055,2.845787763595581,5.697739124298096,2.0,0.43713751435279846,0.899394690990448,0.45241352915763855,0.9744959473609924,0.05604071542620659,1.0197153091430664,-1.0597152888033015,-220.9108177446687,0.0,0.0
6.66,333,-0.4866468012332916,0.8735988140106201,-0.5082472562789917,2.952725887298584,5.346897602081299,2.0,0.42426797747612,0.9055367112159729,0.43815332651138306,0.9109147787094116,0.0319378636777401,0.9464005827903748,-0.9864005865224448,-221.89721833119114,0.0,0.0
6.68,334,-0.4324469268321991,0.901659369468689,-0.4472048282623291,3.05212140083313,4.969776630401611,2.0,0.40973538160324097,0.9122044444084167,0.4221639633178711,0.8421823382377625,0.010545034892857075,0.8693687915802002,-0.9093687825605228,-222.80658711375168,0.0,0.0
6.7,335,-0.37494316697120667,0.9270477890968323,-0.3843354880809784,3.1434667110443115,4.5672736167907715,2.0,0.39356696605682373,0.9192959666252136,0.404508501291275,0.7685101628303528,-0.007751845754683018,0.7888439893722534,-0.8288439808219492,-223.63543109457362,0.0,0.0
6.72,336,-0.3143860399723053,0.9492952227592468,-0.31980985403060913,3.2262821197509766,4.140764236450195,2.0,0.37579697370529175,0.9267020225524902,0.3852566182613373,0.6901829838752747,-0.022593192756175995,0.705066442489624,-0.7450664630673447,-224.38049755764095,0.0,0.0
6.74,337,-0.2510911524295807,0.967963457107544,-0.2538073658943176,3.300124406814575,3.6921098232269287,2.0,0.3564675450325012,0.9343076944351196,0.3644843101501465,0.6075586676597595,-0.03365573659539223,0.6182916760444641,-0.6582916695216937,-225.03878922716265,0.0,0.0
6.76,338,-0.18543587625026703,0.9826563596725464,-0.18651540577411652,3.3645973205566406,3.2236485481262207,2.0,0.3356296420097351,0.9419940114021301,0.3422735631465912,0.5210655331611633,-0.040662337094545364,0.5287889838218689,-0.5687889635123913,-225.60757819067504,0.0,0.0
6.78,339,-0.11785365641117096,0.9930309653282166,-0.11812819540500641,3.419360637664795,2.7381720542907715,2.0,0.31334367394447327,0.9496397972106934,0.3187119960784912,0.4311973452568054,-0.04339117929339409,0.4368401765823364,-0.47684019134208094,-226.08441838201713,0.0,0.0
6.8,340,-0.048826009035110474,0.9988073110580444,-0.048845428973436356,3.4641382694244385,2.238882303237915,2.0,0.2896801233291626,0.9571235179901123,0.29389262199401855,0.33850613236427307,-0.04168378561735153,0.3427380621433258,-0.3827380556347674,-226.4671564376519,0.0,0.0
6.82,341,0.021127497777342796,0.9997767806053162,0.021129069849848747,3.498724937438965,1.7293322086334229,2.0,0.2647198438644409,0.9643253684043884,0.2679134011268616,0.24359235167503357,-0.03545143082737923,0.24678432941436768,-0.2867843271307015,-226.7539407647826,0.0,0.0
6.84,342,0.09146091341972351,0.9958086609840393,0.09158891439437866,3.5229921340942383,1.2133522033691406,2.0,0.2385542392730713,0.9711291790008545,0.24087683856487274,0.14709332585334778,-0.02467949129641056,0.14928792417049408,-0.18928792594699378,-226.9432286907296,0.0,0.0
6.86,343,0.161464661359787,0.986878514289856,0.16217459738254547,3.5292844772338867,0.31462356448173523,1.4928792715072632,0.21128518879413605,0.9774244427680969,0.2128896415233612,0.04982053488492966,-0.009454038925468922,0.050715044140815735,-0.07300192979150258,-227.0162306205211,0.0,0.0
6.88,344,0.23029839992523193,0.9731200337409973,0.2323843091726303,3.5104851722717285,-0.9399615526199341,0.507150411605835,0.18302473425865173,0.9831082820892334,0.18406227231025696,-0.0472736619412899,0.009988250210881233,-0.048322029411792755,-0.05089404579087785,-227.06712466631197,0.0,0.0
6.9,345,0.29716163873672485,0.9548271894454956,0.3017186224460602,3.4667158126831055,-2.188478946685791,-0.48322033882141113,0.15389446914196014,0.9880872964859009,0.15450850129127502,-0.14326715469360352,0.033260099589824677,-0.14721012115478516,-0.14954514265503718,-227.216669808967,0.0,0.0
6.92,346,0.36132150888442993,0.9324412941932678,0.36968475580215454,3.3983068466186523,-3.4204444885253906,-1.4721012115478516,0.12402476370334625,0.9922791123390198,0.12434494495391846,-0.23729674518108368,0.05983782559633255,-0.24533981084823608,-0.2670106327566409,-227.48368044172364,0.0,0.0
6.94,347,0.42225953936576843,0.9064749479293823,0.4359365403652191,3.312589645385742,-4.28585958480835,-2.0,0.09355364739894867,0.995614230632782,0.0936906561255455,-0.32870590686798096,0.08913926780223846,-0.3422459065914154,-0.38224589218800703,-227.86592633391163,0.0,0.0
6.96,348,0.4796852469444275,0.8774406313896179,0.5002959370613098,3.2179696559906006,-4.730996608734131,-2.0,0.06262560933828354,0.9980370998382568,0.06266661733388901,-0.41705963015556335,0.12059644609689713,-0.4376293122768402,-0.4776293264474534,-228.34355566035907,0.0,0.0
6.98,349,0.533383309841156,0.8458736538887024,0.5625953674316406,3.1149704456329346,-5.14995813369751,-2.0,0.031390100717544556,0.9995071887969971,0.031395260244607925,-0.5019932389259338,0.15363356471061707,-0.531200110912323,-0.57120009402994,-228.914755754389,0.0,0.0
7.0,350,0.5832128524780273,0.8123193383216858,0.622678279876709,3.0041470527648926,-5.541179180145264,-2.0,4.2862638516991895e-16,1.0,4.2862638516991895e-16,-0.5832128524780273,0.18768064677715302,-0.622678279876709,-0.6626782926519906,-229.577434047041,0.0,0.0
7.0200000000000005,351,0.6291038393974304,0.7773212790489197,0.6803997755050659,2.8860740661621094,-5.90364408493042,-2.0,-0.031390100717544556,0.9995071887969971,-0.031395260244607925,-0.6604939103126526,0.2221859246492386,-0.7117950320243835,-0.7517950335679815,-230.329229080609,0.0,0.0
7.04,352,0.6710518002510071,0.741410493850708,0.7356265187263489,2.7613368034362793,-6.236859321594238,-2.0,-0.06262560933828354,0.9980370998382568,-0.06266661733388901,-0.7336773872375488,0.25662660598754883,-0.7982931137084961,-0.8382931280631845,-231.16752220867218,0.0,0.0
7.0600000000000005,353,0.709111213684082,0.7050966024398804,0.7882369160652161,2.6305205821990967,-6.540813446044922,-2.0,-0.09355364739894867,0.995614230632782,-0.0936906561255455,-0.8026648759841919,0.2905175983905792,-0.8819276094436646,-0.9219275805824813,-232.08944978925467,0.0,0.0
7.08,354,0.7433876395225525,0.6688608527183533,0.8381209373474121,2.494201898574829,-6.815930366516113,-2.0,-0.12402476370334625,0.9922791123390198,-0.12434494495391846,-0.8674123883247375,0.3234182596206665,-0.9624658823013306,-1.002465906704869,-233.09191569595953,0.0,0.0
7.1000000000000005,355,0.7740288376808167,0.6331503391265869,0.8851798176765442,2.3529417514801025,-7.06300687789917,-2.0,-0.15389446914196014,0.9880872964859009,-0.15450850129127502,-0.927923321723938,0.35493695735931396,-1.0396883487701416,-1.0796882973505555,-234.17160399331007,0.0,0.0
7.12,356,0.8012164235115051,0.5983746647834778,0.9293254017829895,2.2072787284851074,-7.2831525802612305,-2.0,-0.18302473425865173,0.9831082820892334,-0.18406227231025696,-0.9842411875724792,0.3847336769104004,-1.1133877038955688,-1.1533876525416475,-235.32499164585172,0.0,0.0
7.140000000000001,357,0.8251568675041199,0.5649036169052124,0.9704798460006714,2.0577242374420166,-7.477723121643066,-2.0,-0.21128518879413605,0.9774244427680969,-0.2128896415233612,-1.0364420413970947,0.4125208258628845,-1.183369517326355,-1.2233695088370375,-236.54836115468876,0.0,0.0
7.16,358,0.8460730910301208,0.5330668687820435,1.0085750818252563,1.904759168624878,-7.648256301879883,-2.0,-0.2385542392730713,0.9711291790008545,-0.24087683856487274,-1.084627389907837,0.43806231021881104,-1.2494518756866455,-1.2894518843836937,-237.83781303907244,0.0,0.0
7.18,359,0.8641967177391052,0.5031540989875793,1.0435516834259033,1.748831033706665,-7.796411514282227,-2.0,-0.2647198438644409,0.9643253684043884,-0.2679134011268616,-1.1289165019989014,0.4611712694168091,-1.3114650249481201,-1.3514650645533228,-239.18927810362575,0.0,0.0
7.2,360,0.8797607421875,0.4754166901111603,1.0753587484359741,1.5903527736663818,-7.923908233642578,-2.0,-0.2896801233291626,0.9571235179901123,-0.29389262199401855,-1.1694408655166626,0.481706827878952,-1.3692513704299927,-1.4092513495588563,-240.5985294531846,0.0,0.0
7.22,361,0.8929933905601501,0.4500698447227478,1.1039527654647827,1.4297032356262207,-8.032478332519531,-2.0,-0.31334367394447327,0.9496397972106934,-0.3187119960784912,-1.2063370943069458,0.49956995248794556,-1.422664761543274,-1.4626647834558657,-242.06119423664046,0.0,0.0
7.24,362,0.9041121602058411,0.4272952079772949,1.1292973756790161,1.267227053642273,-8.123812675476074,-2.0,-0.3356296420097351,0.9419940114021301,-0.3422735631465912,-1.2397418022155762,0.5146988034248352,-1.4715708494186401,-1.5115708816997004,-243.57276511834016,0.0,0.0
7.26,363,0.91331946849823,0.4072438180446625,1.1513620615005493,1.103236436843872,-8.199525833129883,-2.0,-0.3564675450325012,0.9343076944351196,-0.3644843101501465,-1.2697869539260864,0.5270639061927795,-1.5158463716506958,-1.5558463720945381,-245.1286114904347,0.0,0.0
7.28,364,0.9207983016967773,0.39003902673721313,1.1701223850250244,0.9380140900611877,-8.261119842529297,-2.0,-0.37579697370529175,0.9267020225524902,-0.3852566182613373,-1.2965953350067139,0.5366629958152771,-1.5553789138793945,-1.5953789616517091,-246.7239904520864,0.0,0.0
7.3,365,0.9267091155052185,0.3757794201374054,1.1855586767196655,0.7718151211738586,-8.309948921203613,-2.0,-0.39356696605682373,0.9192959666252136,-0.404508501291275,-1.320276141166687,0.5435165166854858,-1.5900671482086182,-1.630067139657906,-248.35405759174432,0.0,0.0
7.32,366,0.9311871528625488,0.3645414113998413,1.1976560354232788,0.6048709750175476,-8.34720516204834,-2.0,-0.40973538160324097,0.9122044444084167,-0.4221639633178711,-1.3409225940704346,0.5476630330085754,-1.61981999874115,-1.659820025196569,-250.0138776169409,0.0,0.0
7.34,367,0.9343404769897461,0.3563816547393799,1.2064039707183838,0.4373931586742401,-8.373892784118652,-2.0,-0.42426797747612,0.9055367112159729,-0.43815332651138306,-1.3586084842681885,0.549155056476593,-1.644557237625122,-1.6845572654996444,-251.69843488244055,0.0,0.0
7.36,368,0.9362483024597168,0.3513389825820923,1.211795449256897,0.26957690715789795,-8.390811920166016,-2.0,-0.43713751435279846,0.899394690990448,-0.45241352915763855,-1.3733857870101929,0.5480557084083557,-1.664209008216858,-1.7042089898404928,-253.40264387228103,0.0,0.0
7.38,369,0.9369603395462036,0.3494356870651245,1.2138276100158691,0.10160578042268753,-8.398555755615234,-2.0,-0.44832292199134827,0.8938716650009155,-0.46488824486732483,-1.3852832317352295,0.544435977935791,-1.6787158250808716,-1.718715822202501,-255.12135969448354,0.0,0.0
7.4,370,0.936495840549469,0.35067862272262573,1.2125006914138794,-0.06634413450956345,-8.397496223449707,-2.0,-0.45780816674232483,0.8890510201454163,-0.4755282700061798,-1.3943040370941162,0.5383723974227905,-1.6880289316177368,-1.7280289546469791,-256.8493886491305,0.0,0.0
7.42,371,0.9348437190055847,0.355059415102005,1.2078187465667725,-0.23409974575042725,-8.38778018951416,-2.0,-0.4655815362930298,0.885004997253418,-0.48429158329963684,-1.4004253149032593,0.5299455523490906,-1.692110300064087,-1.7321102821226217,-258.5814989312531,0.0,0.0
7.44,372,0.9319626092910767,0.3625544309616089,1.1997889280319214,-0.40148642659187317,-8.36933422088623,-2.0,-0.4716346263885498,0.8817940354347229,-0.4911436140537262,-1.4035972356796265,0.519239604473114,-1.6909326314926147,-1.7309325983637858,-260.3124315296169,0.0,0.0
7.46,373,0.9277815222740173,0.3731239140033722,1.188422441482544,-0.5683236122131348,-8.341858863830566,-2.0,-0.475961834192276,0.8794659376144409,-0.4960573613643646,-1.4037433862686157,0.5063420534133911,-1.684479832649231,-1.7244798514684831,-262.03691138108536,0.0,0.0
7.48,374,0.9222010374069214,0.3867107927799225,1.1737340688705444,-0.7344204187393188,-8.304840087890625,-2.0,-0.4785594642162323,0.8780551552772522,-0.49901336431503296,-1.400760531425476,0.4913443624973297,-1.6727474927902222,-1.7127474566802574,-263.7496588377656,0.0,0.0
7.5,375,0.9150946736335754,0.40323904156684875,1.1557426452636719,-0.8995714783668518,-8.257553100585938,-2.0,-0.4794255495071411,0.8775825500488281,-0.5,-1.3945201635360718,0.47434350848197937,-1.6557426452636719,-1.6957426627735872,-265.44540150053916,0.0,0.0
7.5200000000000005,376,0.9063109755516052,0.42261138558387756,1.1344716548919678,-1.063552975654602,-8.199074745178223,-2.0,-0.4785594642162323,0.8780551552772522,-0.49901336431503296,-1.3848704099655151,0.45544376969337463,-1.633484959602356,-1.673484967217202,-267.11888646775634,0.0,0.0
7.54,377,0.8956760764122009,0.4447070062160492,1.1099492311477661,-1.226119041442871,-8.128299713134766,-2.0,-0.475961834192276,0.8794659376144409,-0.4960573613643646,-1.3716379404067993,0.4347589313983917,-1.6060066223144531,-1.6460065739282466,-268.76489304168456,0.0,0.0
7.5600000000000005,378,0.8829969167709351,0.4693787395954132,1.0822092294692993,-1.386998176574707,-8.043957710266113,-2.0,-0.4716346263885498,0.8817940354347229,-0.4911436140537262,-1.3546315431594849,0.4124153256416321,-1.5733529329299927,-1.6133528859079338,-270.3782459275925,0.0,0.0
7.58,379,0.8680650591850281,0.49645039439201355,1.0512914657592773,-1.5458909273147583,-7.944637775421143,-2.0,-0.4655815362930298,0.885004997253418,-0.48429158329963684,-1.3336466550827026,0.3885546028614044,-1.5355830192565918,-1.5755830233556027,-271.9538289509481,0.0,0.0
7.6000000000000005,380,0.8506613969802856,0.5257139801979065,1.0172420740127563,-1.7024672031402588,-7.828817844390869,-2.0,-0.45780816674232483,0.8890510201454163,-0.4755282700061798,-1.308469533920288,0.3633370101451874,-1.4927703142166138,-1.5327703560000012,-273.4865993069481,0.0,0.0
7.62,381,0.8305612802505493,0.5569272041320801,0.9801148176193237,-1.8563652038574219,-7.69489860534668,-2.0,-0.44832292199134827,0.8938716650009155,-0.46488824486732483,-1.2788841724395752,0.33694446086883545,-1.4450030326843262,-1.4850030363923168,-274.9716023433404,0.0,0.0
7.640000000000001,382,0.807541012763977,0.5898114442825317,0.9399709701538086,-2.007189989089966,-7.54124116897583,-2.0,-0.43713751435279846,0.899394690990448,-0.45241352915763855,-1.2446784973144531,0.30958321690559387,-1.3923845291137695,-1.4323845188271251,-276.4039868621675,0.0,0.0
7.66,383,0.7813841104507446,0.6240503787994385,0.8968806862831116,-2.1545143127441406,-7.366213321685791,-2.0,-0.42426797747612,0.9055367112159729,-0.43815332651138306,-1.205652117729187,0.2814863324165344,-1.3350340127944946,-1.3750340464736128,-277.77902090864114,0.0,0.0
7.68,384,0.7518893480300903,0.6592893600463867,0.8509231209754944,-2.2978789806365967,-7.168239593505859,-2.0,-0.40973538160324097,0.9122044444084167,-0.4221639633178711,-1.1616246700286865,0.25291508436203003,-1.2730871438980103,-1.3130870873157954,-279.09210799595695,0.0,0.0
7.7,385,0.7188782095909119,0.6951360702514648,0.8021872043609619,-2.436796188354492,-6.945855140686035,-2.0,-0.39356696605682373,0.9192959666252136,-0.404508501291275,-1.1124452352523804,0.22415991127490997,-1.2066956758499146,-1.2466956977488768,-280.3388036937058,0.0,0.0
7.72,386,0.6822035312652588,0.7311623096466064,0.7507721781730652,-2.570751428604126,-6.6977667808532715,-2.0,-0.37579697370529175,0.9267020225524902,-0.3852566182613373,-1.0580005645751953,0.1955397129058838,-1.13602876663208,-1.1760287913135588,-281.5148324850194,0.0,0.0
7.74,387,0.6417576670646667,0.7669074535369873,0.69678795337677,-2.699209690093994,-6.422909259796143,-2.0,-0.3564675450325012,0.9343076944351196,-0.3644843101501465,-0.998225212097168,0.16740022599697113,-1.0612722635269165,-1.1012722892409836,-282.61610477426035,0.0,0.0
7.76,388,0.5974805951118469,0.801883339881897,0.6403555870056152,-2.821619987487793,-6.120511531829834,-2.0,-0.3356296420097351,0.9419940114021301,-0.3422735631465912,-0.933110237121582,0.14011067152023315,-0.982629120349884,-1.0226291294033452,-283.6387339036637,0.0,0.0
7.78,389,0.5493675470352173,0.8355808258056641,0.5816071033477783,-2.93742299079895,-5.7901530265808105,-2.0,-0.31334367394447327,0.9496397972106934,-0.3187119960784912,-0.8627111911773682,0.1140589639544487,-0.9003190994262695,-0.9403191110862849,-284.57905301475,0.0,0.0
7.8,390,0.4974752962589264,0.8674781322479248,0.5206859111785889,-3.0460593700408936,-5.431818008422852,-2.0,-0.2896801233291626,0.9571235179901123,-0.29389262199401855,-0.7871553897857666,0.08964536339044571,-0.8145785331726074,-0.8545785548614697,-285.43363156961146,0.0,0.0
7.82,391,0.44192761182785034,0.8970507383346558,0.45774635672569275,-3.1469783782958984,-5.045947074890137,-2.0,-0.2647198438644409,0.9643253684043884,-0.2679134011268616,-0.7066474556922913,0.06727463752031326,-0.7256597876548767,-0.765659759840774,-286.19929132945225,0.0,0.0
7.84,392,0.3829183876514435,0.9237821698188782,0.39295339584350586,-3.239647626876831,-4.63347053527832,-2.0,-0.2385542392730713,0.9711291790008545,-0.24087683856487274,-0.6214725971221924,0.04734699800610542,-0.6338302493095398,-0.6738302447754022,-286.87312157422764,0.0,0.0
7.86,393,0.32071295380592346,0.947176456451416,0.3264821171760559,-3.3235645294189453,-4.195835113525391,-2.0,-0.21128518879413605,0.9774244427680969,-0.2128896415233612,-0.5319981575012207,0.030248025432229042,-0.5393717885017395,-0.579371764784566,-287.4524933390122,0.0,0.0
7.88,394,0.2556469440460205,0.9667702317237854,0.2585168182849884,-3.3982646465301514,-3.7350120544433594,-2.0,-0.18302473425865173,0.9831082820892334,-0.18406227231025696,-0.43867167830467224,0.016338098794221878,-0.44257909059524536,-0.4825791018301005,-287.9350724408423,0.0,0.0
7.9,395,0.1881224662065506,0.9821455478668213,0.1892501413822174,-3.463334321975708,-3.2534875869750977,-2.0,-0.15389446914196014,0.9880872964859009,-0.15450850129127502,-0.34201693534851074,0.00594171229749918,-0.34375864267349243,-0.3837586341729371,-288.3188310750152,0.0,0.0
7.92,396,0.11860192567110062,0.9929418563842773,0.11888175457715988,-3.518419027328491,-2.7542359828948975,-2.0,-0.12402476370334625,0.9922791123390198,-0.12434494495391846,-0.24262669682502747,-0.0006627594702877104,-0.24322669208049774,-0.2832266976430718,-288.60205777265827,0.0,0.0
7.94,397,0.04759911075234413,0.9988664984703064,0.047617100179195404,-3.563232660293579,-2.240673065185547,-2.0,-0.09355364739894867,0.995614230632782,-0.0936906561255455,-0.1411527544260025,-0.003252279944717884,-0.1413077563047409,-0.18130775924046416,-288.7833655318987,0.0,0.0
7.96,398,-0.024155760183930397,0.9997082352638245,-0.024158108979463577,-3.5887606143951416,-1.276397466659546,-1.4130775928497314,-0.06262560933828354,0.9980370998382568,-0.06266661733388901,-0.03846984729170799,-0.0016711170319467783,-0.03850850835442543,-0.058476390143751486,-288.8418419220425,0.0,0.0
7.98,399,-0.09577688574790955,0.9954028129577637,-0.09592392295598984,-3.5882906913757324,0.02349070832133293,-0.3850850760936737,-0.031390100717544556,0.9995071887969971,-0.031395260244607925,0.06438678503036499,0.004104382358491421,0.06452866643667221,-0.06601156936364831,-288.9078534914061,0.0,0.0
8.0,400,-0.1663830578327179,0.9860612154006958,-0.16716045141220093,-3.561826705932617,1.3232042789459229,0.6452866196632385,-4.898587410340671e-16,1.0,-4.898587410340671e-16,0.1663830578327179,0.01393880695104599,0.16716045141220093,-0.17132440542741073,-289.0791778968335,0.0,0.0
8.02,401,-0.23513010144233704,0.9719638824462891,-0.2373524159193039,-3.5095980167388916,2.6114351749420166,1.6716045141220093,0.031390100717544556,0.9995071887969971,0.031395260244607925,0.2665202021598816,0.02754330262541771,0.2687476873397827,-0.296690294086556,-289.3758681909201,0.0,0.0
8.040000000000001,402,-0.3014373183250427,0.9534859657287598,-0.30619972944259644,-3.442366361618042,3.361579656600952,2.0,0.06262560933828354,0.9980370998382568,0.06266661733388901,0.36406293511390686,0.044551096856594086,0.36886635422706604,-0.40886635982604386,-289.7847345507461,0.0,0.0
8.06,403,-0.36488407850265503,0.9310529828071594,-0.3735083043575287,-3.3654279708862305,3.8469138145446777,2.0,0.09355364739894867,0.995614230632782,0.0936906561255455,0.4584377408027649,0.06456128507852554,0.4671989679336548,-0.5071989618825262,-290.29193351262865,0.0,0.0
8.08,404,-0.42511826753616333,0.905137836933136,-0.4390925168991089,-3.2792112827301025,4.310838222503662,2.0,0.12402476370334625,0.9922791123390198,0.12434494495391846,0.5491430163383484,0.08714130520820618,0.5634374618530273,-0.6034374744252958,-290.8953709870539,0.0,0.0
8.1,405,-0.4818602502346039,0.8762480616569519,-0.5027764439582825,-3.1841957569122314,4.7507781982421875,2.0,0.15389446914196014,0.9880872964859009,0.15450850129127502,0.6357547044754028,0.11183920502662659,0.6572849154472351,-0.6972849430877142,-291.59265593014163,0.0,0.0
8.120000000000001,406,-0.5349043011665344,0.8449126482009888,-0.564394474029541,-3.080901861190796,5.164694309234619,2.0,0.18302473425865173,0.9831082820892334,0.18406227231025696,0.7179290652275085,0.13819566369056702,0.7484567761421204,-0.7884567596534483,-292.3811126897951,0.0,0.0
8.14,407,-0.5841172933578491,0.8116692900657654,-0.6237921118736267,-2.9698801040649414,5.551092147827148,2.0,0.21128518879413605,0.9774244427680969,0.2128896415233612,0.795402467250824,0.16575518250465393,0.8366817235946655,-0.8766817296056789,-293.2577944194008,0.0,0.0
8.16,408,-0.629435122013092,0.7770529985427856,-0.6808260679244995,-2.8516998291015625,5.909013271331787,2.0,0.2385542392730713,0.9711291790008545,0.24087683856487274,0.8679893612861633,0.19407615065574646,0.9217029213905334,-0.9617029160575045,-294.2194973354583,0.0,0.0
8.18,409,-0.6708577871322632,0.7415860295295715,-0.7353648543357849,-2.7269396781921387,6.23800802230835,2.0,0.2647198438644409,0.9643253684043884,0.2679134011268616,0.9355776309967041,0.2227393388748169,1.0032782554626465,-1.043278268548883,-295.2627756040072,0.0,0.0
8.2,410,-0.7084421515464783,0.705768883228302,-0.7872884273529053,-2.596177577972412,6.5380964279174805,2.0,0.2896801233291626,0.9571235179901123,0.29389262199401855,0.9981222748756409,0.2513546049594879,1.0811810493469238,-1.1211810507072824,-296.38395665471444,0.0,0.0
8.22,411,-0.7422944903373718,0.6700738072395325,-0.8364880681037903,-2.4599833488464355,6.809719562530518,2.0,0.31334367394447327,0.9496397972106934,0.3187119960784912,1.0556381940841675,0.2795659601688385,1.1552001237869263,-1.1952000850727398,-297.57915673978715,0.0,0.0
8.24,412,-0.7725619673728943,0.6349393725395203,-0.8828662633895874,-2.3189096450805664,7.053680896759033,2.0,0.3356296420097351,0.9419940114021301,0.3422735631465912,1.1081916093826294,0.30705466866493225,1.225139856338501,-1.2651398364447126,-298.84429657623184,0.0,0.0
8.26,413,-0.7994241118431091,0.6007670760154724,-0.9263360500335693,-2.173487901687622,7.271083831787109,2.0,0.3564675450325012,0.9343076944351196,0.3644843101501465,1.1558916568756104,0.3335406482219696,1.2908203601837158,-1.3308203569616628,-300.1751169331935,0.0,0.0
8.28,414,-0.8230841755867004,0.5679193735122681,-0.966820478439331,-2.0242226123809814,7.463268756866455,2.0,0.37579697370529175,0.9267020225524902,0.3852566182613373,1.1988811492919922,0.3587826192378998,1.3520771265029907,-1.3920771168831678,-301.5671940500767,0.0,0.0
8.3,415,-0.8437608480453491,0.5367192625999451,-1.0042521953582764,-1.8715876340866089,7.631750106811523,2.0,0.39356696605682373,0.9192959666252136,0.404508501291275,1.2373278141021729,0.3825766444206238,1.4087607860565186,-1.4487607448623965,-303.0159547949391,0.0,0.0
8.32,416,-0.8616808652877808,0.5074506402015686,-1.0385727882385254,-1.7160245180130005,7.778155326843262,2.0,0.40973538160324097,0.9122044444084167,0.4221639633178711,1.271416187286377,0.40475380420684814,1.4607367515563965,-1.5007367005523753,-304.51669149549144,0.0,0.0
8.34,417,-0.8770715594291687,0.48035967350006104,-1.069731593132019,-1.557941198348999,7.904167652130127,2.0,0.42426797747612,0.9055367112159729,0.43815332651138306,1.3013395071029663,0.4251770079135895,1.5078848600387573,-1.5478849008698548,-306.0645763963613,0.0,0.0
8.36,418,-0.8901552557945251,0.45565733313560486,-1.0976858139038086,-1.3977116346359253,8.01147747039795,2.0,0.43713751435279846,0.899394690990448,0.45241352915763855,1.327292799949646,0.44373732805252075,1.5500993728637695,-1.5900993193251596,-307.65467571568644,0.0,0.0
8.38,419,-0.9011431932449341,0.4335215389728546,-1.1223993301391602,-1.2356770038604736,8.101731300354004,2.0,0.44832292199134827,0.8938716650009155,0.46488824486732483,1.34946608543396,0.4603501260280609,1.5872875452041626,-1.6272875756782947,-309.2819632913647,0.0,0.0
8.4,420,-0.9102312922477722,0.41410019993782043,-1.1438422203063965,-1.072147011756897,8.176499366760254,2.0,0.45780816674232483,0.8890510201454163,0.4755282700061798,1.3680394887924194,0.47495079040527344,1.6193705797195435,-1.6593705309388453,-310.9413338223036,0.0,0.0
8.42,421,-0.9175961017608643,0.3975140154361725,-1.1619902849197388,-0.9074023365974426,8.237232208251953,2.0,0.4655815362930298,0.885004997253418,0.48429158329963684,1.383177638053894,0.4874909818172455,1.6462819576263428,-1.6862819005003595,-312.62761572280397,0.0,0.0
8.44,422,-0.9233916401863098,0.38385918736457825,-1.1768242120742798,-0.7416975498199463,8.28524112701416,2.0,0.4716346263885498,0.8817940354347229,0.4911436140537262,1.3950263261795044,0.49793487787246704,1.6679679155349731,-1.707967896070512,-314.33558361887447,0.0,0.0
8.46,423,-0.9277468323707581,0.3732101321220398,-1.1883295774459839,-0.5752642154693604,8.321667671203613,2.0,0.475961834192276,0.8794659376144409,0.4960573613643646,1.4037086963653564,0.5062558054924011,1.6843868494033813,-1.7243869050801786,-316.05997052395463,0.0,0.0
8.48,424,-0.9307636022567749,0.36562153697013855,-1.1964958906173706,-0.4083147943019867,8.347469329833984,2.0,0.4785594642162323,0.8780551552772522,0.49901336431503296,1.4093230962753296,0.512433648109436,1.6955091953277588,-1.7355092144565578,-317.7954797384112,0.0,0.0
8.5,425,-0.9325154423713684,0.36113014817237854,-1.2013168334960938,-0.2410466969013214,8.363405227661133,2.0,0.4794255495071411,0.8775825500488281,0.5,1.4119409322738647,0.516452431678772,1.7013168334960938,-1.741316784034486,-319.5367965224457,0.0,0.0
8.52,426,-0.9330463409423828,0.3597562313079834,-1.2027896642684937,-0.07364626228809357,8.37002182006836,2.0,0.4785594642162323,0.8780551552772522,0.49901336431503296,1.4116058349609375,0.5182989239692688,1.7018030881881714,-1.7418030734454657,-321.27859959589114,0.0,0.0
8.540000000000001,427,-0.9323704838752747,0.3615042567253113,-1.2009155750274658,0.09370674192905426,8.367650032043457,2.0,0.475961834192276,0.8794659376144409,0.4960573613643646,1.4083322286605835,0.5179616808891296,1.6969729661941528,-1.7369729250404284,-323.0155725209316,0.0,0.0
8.56,428,-0.9304718971252441,0.36636319756507874,-1.195698857307434,0.26083478331565857,8.356401443481445,2.0,0.4716346263885498,0.8817940354347229,0.4911436140537262,1.402106523513794,0.5154308676719666,1.6868425607681274,-1.7268425042345563,-324.74241502516617,0.0,0.0
8.58,429,-0.9273051023483276,0.374306321144104,-1.1871477365493774,0.4275580942630768,8.336165428161621,2.0,0.4655815362930298,0.885004997253418,0.48429158329963684,1.3928866386413574,0.510698676109314,1.671439290046692,-1.7114392975679196,-326.45385432273406,0.0,0.0
8.6,430,-0.9227954149246216,0.38529032468795776,-1.1752738952636719,0.5936903953552246,8.30661392211914,2.0,0.45780816674232483,0.8890510201454163,0.4755282700061798,1.380603551864624,0.5037606954574585,1.6508021354675293,-1.6908021677079037,-328.14465649044195,0.0,0.0
8.620000000000001,431,-0.9168403148651123,0.39925405383110046,-1.1600931882858276,0.7590344548225403,8.267204284667969,2.0,0.44832292199134827,0.8938716650009155,0.46488824486732483,1.3651632070541382,0.49461761116981506,1.6249815225601196,-1.6649814635310412,-329.809637953973,0.0,0.0
8.64,432,-0.9093111753463745,0.4161168336868286,-1.1416256427764893,0.9233782291412354,8.217188835144043,2.0,0.43713751435279846,0.899394690990448,0.45241352915763855,1.3464486598968506,0.4832778573036194,1.5940392017364502,-1.6340391822677778,-331.44367713624075,0.0,0.0
8.66,433,-0.9000550508499146,0.4357762038707733,-1.1198958158493042,1.0864908695220947,8.155630111694336,2.0,0.42426797747612,0.9055367112159729,0.43815332651138306,1.324323058128357,0.4697604775428772,1.558049201965332,-1.5980491794335152,-333.0417263156743,0.0,0.0
8.68,434,-0.8888977766036987,0.4581056237220764,-1.0949335098266602,1.2481191158294678,8.081411361694336,2.0,0.40973538160324097,0.9122044444084167,0.4221639633178711,1.298633098602295,0.45409879088401794,1.5170974731445312,-1.5570974208710262,-334.5988237365453,0.0,0.0
8.700000000000001,435,-0.8756469488143921,0.4829517602920532,-1.066773772239685,1.4079842567443848,7.993260860443115,2.0,0.39356696605682373,0.9192959666252136,0.404508501291275,1.2692139148712158,0.436344176530838,1.4712822437286377,-1.5112822696718644,-336.11010600621717,0.0,0.0
8.72,436,-0.8600961565971375,0.5101318955421448,-1.0354582071304321,1.565779685974121,7.889772891998291,2.0,0.37579697370529175,0.9267020225524902,0.3852566182613373,1.2358931303024292,0.41657012701034546,1.4207148551940918,-1.4607147990218061,-337.57082080523895,0.0,0.0
8.74,437,-0.8420296311378479,0.5394312739372253,-1.0010348558425903,1.7211685180664062,7.769440650939941,2.0,0.3564675450325012,0.9343076944351196,0.3644843101501465,1.1984971761703491,0.3948764503002167,1.3655191659927368,-1.4055191201390826,-338.97633992537806,0.0,0.0
8.76,438,-0.8212276101112366,0.5706007480621338,-0.9635591506958008,1.8737823963165283,7.6306891441345215,2.0,0.3356296420097351,0.9419940114021301,0.3422735631465912,1.1568572521209717,0.3713932931423187,1.3058327436447144,-1.3458327124777907,-340.32217263785583,0.0,0.0
8.78,439,-0.7974726557731628,0.6033550500869751,-0.9230947494506836,2.0232205390930176,7.471915245056152,2.0,0.31334367394447327,0.9496397972106934,0.3187119960784912,1.1108163595199585,0.3462847173213959,1.2418067455291748,-1.281806741309119,-341.60397937916497,0.0,0.0
8.8,440,-0.7705564498901367,0.6373717784881592,-0.8797137141227722,2.1690514087677,7.291534423828125,2.0,0.2896801233291626,0.9571235179901123,0.29389262199401855,1.0602365732192993,0.3197517395019531,1.1736063957214355,-1.213606345753467,-342.81758572491844,0.0,0.0
8.82,441,-0.7402872443199158,0.6722907423973083,-0.8334974646568298,2.310811996459961,7.088029384613037,2.0,0.2647198438644409,0.9643253684043884,0.2679134011268616,1.005007028579712,0.2920346260070801,1.1014108657836914,-1.14141087842627,-343.9589966033447,0.0,0.0
8.84,442,-0.7064977288246155,0.7077152729034424,-0.7845372557640076,2.448012113571167,6.8600077629089355,2.0,0.2385542392730713,0.9711291790008545,0.24087683856487274,0.9450519680976868,0.2634138762950897,1.0254141092300415,-1.0654140762133548,-345.02441067955806,0.0,0.0
8.86,443,-0.6690534949302673,0.7432142496109009,-0.7329344749450684,2.580137252807617,6.60625696182251,2.0,0.21128518879413605,0.9774244427680969,0.2128896415233612,0.8803386688232422,0.23421017825603485,0.945824146270752,-0.9858241404625219,-346.01023482002057,0.0,0.0
8.88,444,-0.6278606057167053,0.7783257961273193,-0.678801417350769,2.706653356552124,6.3258056640625,2.0,0.18302473425865173,0.9831082820892334,0.18406227231025696,0.8108853101730347,0.20478250086307526,0.8628637194633484,-0.9028637042333332,-346.9130985242539,0.0,0.0
8.9,445,-0.5828740000724792,0.8125625848770142,-0.6222611665725708,2.8270130157470703,6.017984867095947,2.0,0.15389446914196014,0.9880872964859009,0.15450850129127502,0.7367684841156006,0.1755247265100479,0.7767696380615234,-0.8167696643566794,-347.72986818861057,0.0,0.0
8.92,446,-0.5341042876243591,0.8454185724258423,-0.563447892665863,2.9406626224517822,5.6824822425842285,2.0,0.12402476370334625,0.9922791123390198,0.12434494495391846,0.6581290364265442,0.1468605250120163,0.6877928376197815,-0.7277928570762412,-348.4576610456868,0.0,0.0
8.94,447,-0.481624037027359,0.8763779401779175,-0.5025069117546082,3.047050714492798,5.319397449493408,2.0,0.09355364739894867,0.995614230632782,0.0936906561255455,0.5751776695251465,0.1192363053560257,0.5961975455284119,-0.6361975581052771,-349.09385860379206,0.0,0.0
8.96,448,-0.4255722463130951,0.9049244523048401,-0.43959417939186096,3.1456363201141357,4.929284572601318,2.0,0.06262560933828354,0.9980370998382568,0.06266661733388901,0.48819786310195923,0.09311264753341675,0.5022608041763306,-0.5422607911163316,-349.6361193949084,0.0,0.0
8.98,449,-0.36615729331970215,0.9305529594421387,-0.3748761713504791,3.2359001636505127,4.513186454772949,2.0,0.031390100717544556,0.9995071887969971,0.031395260244607925,0.3975473940372467,0.068954236805439,0.40627142786979675,-0.44627143300853206,-350.0823908279169,0.0,0.0
9.0,450,-0.30365753173828125,0.9527812600135803,-0.3085291087627411,3.3173532485961914,4.072656154632568,2.0,5.510910704284357e-16,1.0,5.510910704284357e-16,0.30365753173828125,0.04721875116229057,0.3085291087627411,-0.34852910970713746,-350.4309199376241,0.0,0.0
9.02,451,-0.2384195476770401,0.9711622595787048,-0.2407381385564804,3.3895483016967773,3.609759569168091,2.0,-0.031390100717544556,0.9995071887969971,-0.031395260244607925,0.20702944695949554,0.028344957157969475,0.20934288203716278,-0.24934288259629497,-350.6802628202204,0.0,0.0
9.040000000000001,452,-0.17085400223731995,0.985296368598938,-0.17169634997844696,3.452089548110962,3.127063751220703,2.0,-0.06262560933828354,0.9980370998382568,-0.06266661733388901,0.10822839289903641,0.012740733101963997,0.10902973264455795,-0.1490297327303893,-350.8292925529508,0.0,0.0
9.06,453,-0.10170029103755951,0.9948151111602783,-0.10187642276287079,3.4909961223602295,1.9453279972076416,1.0902973413467407,-0.09355364739894867,0.995614230632782,-0.0936906561255455,0.00814664177596569,0.0007991562015376985,0.008185768499970436,-0.020073250693122765,-350.84936580364393,0.0,0.0
9.08,454,-0.03177965432405472,0.9994949102401733,-0.03178500384092331,3.504570960998535,0.6787407994270325,0.08185769617557526,-0.12402476370334625,0.9922791123390198,-0.12434494495391846,-0.09224510937929153,-0.007215776015073061,-0.09255994111299515,-0.0926269452623256,-350.9419927489063,0.0,0.0
9.1,455,0.038060497492551804,0.9992754459381104,0.038069695234298706,3.492734909057617,-0.591802179813385,-0.9255993962287903,-0.15389446914196014,0.9880872964859009,-0.15450850129127502,-0.19195497035980225,-0.011188146658241749,-0.19257819652557373,-0.20114553398786497,-351.14313828289414,0.0,0.0
9.120000000000001,456,0.10697715729475021,0.9942615032196045,0.10718225687742233,3.4556281566619873,-1.8553441762924194,-1.9257819652557373,-0.18302473425865173,0.9831082820892334,-0.18406227231025696,-0.29000189900398254,-0.011153168976306915,-0.2912445366382599,-0.3283308939391463,-351.4714691768333,0.0,0.0
9.14,457,0.17443126440048218,0.9846693277359009,0.17532815039157867,3.407294750213623,-2.416670560836792,-2.0,-0.21128518879413605,0.9774244427680969,-0.2128896415233612,-0.3857164680957794,-0.007244895212352276,-0.3882178068161011,-0.4282177955785665,-351.89968697241187,0.0,0.0
9.16,458,0.23994538187980652,0.9707863926887512,0.2423095852136612,3.349071741104126,-2.911151647567749,-2.0,-0.2385542392730713,0.9711291790008545,-0.24087683856487274,-0.4784996211528778,0.0003427842166274786,-0.48318642377853394,-0.5231864198433583,-352.4228733922552,0.0,0.0
9.18,459,0.30309104919433594,0.9529616236686707,0.30793461203575134,3.281251907348633,-3.390988349914551,-2.0,-0.2647198438644409,0.9643253684043884,-0.2679134011268616,-0.5678108930587769,0.011363760568201542,-0.5758480429649353,-0.6158480179623576,-353.0387214102176,0.0,0.0
9.200000000000001,460,0.3634965419769287,0.9315955638885498,0.3720184564590454,3.204191207885742,-3.853039503097534,-2.0,-0.2896801233291626,0.9571235179901123,-0.29389262199401855,-0.6531766653060913,0.025527967140078545,-0.665911078453064,-0.7059110685406624,-353.74463247875826,0.0,0.0
9.22,461,0.42085209488868713,0.9071292877197266,0.43438443541526794,3.1182994842529297,-4.294582843780518,-2.0,-0.31334367394447327,0.9496397972106934,-0.3187119960784912,-0.7341957688331604,0.042510516941547394,-0.7530964016914368,-0.7930964259975595,-354.5377289047558,0.0,0.0
9.24,462,0.4749129116535187,0.8800327777862549,0.4948650896549225,3.0240323543548584,-4.713355541229248,-2.0,-0.3356296420097351,0.9419940114021301,-0.3422735631465912,-0.8105425238609314,0.061961233615875244,-0.8371386528015137,-0.877138630651636,-355.41486753540744,0.0,0.0
9.26,463,0.5254999995231628,0.8507936000823975,0.5533027052879333,2.9218809604644775,-5.10757303237915,-2.0,-0.3564675450325012,0.9343076944351196,-0.3644843101501465,-0.8819675445556641,0.08351410925388336,-0.9177870154380798,-0.9577870087549599,-356.3726545441624,0.0,0.0
9.28,464,0.5724985003471375,0.8199057579040527,0.6095499396324158,2.8123621940612793,-5.4759368896484375,-2.0,-0.37579697370529175,0.9267020225524902,-0.3852566182613373,-0.9482954740524292,0.1067962646484375,-0.9948065876960754,-1.0348065590712512,-357.40746110323363,0.0,0.0
9.3,465,0.6158545613288879,0.7878598570823669,0.6634701490402222,2.696009635925293,-5.817621231079102,-2.0,-0.39356696605682373,0.9192959666252136,-0.404508501291275,-1.009421467781067,0.1314360648393631,-1.0679786205291748,-1.1079786289647626,-358.5154397321984,0.0,0.0
9.32,466,0.6555701494216919,0.7551342844963074,0.7149374485015869,2.573364734649658,-6.1322503089904785,-2.0,-0.40973538160324097,0.9122044444084167,-0.4221639633178711,-1.0653055906295776,0.15707015991210938,-1.137101411819458,-1.1771013885886845,-359.6925411207871,0.0,0.0
9.34,467,0.6916974186897278,0.7221874594688416,0.7638368010520935,2.44496750831604,-6.419858455657959,-2.0,-0.42426797747612,0.9055367112159729,-0.43815332651138306,-1.1159653663635254,0.18334923684597015,-1.2019901275634766,-1.2419901164506568,-360.93453123723776,0.0,0.0
9.36,468,0.7243311405181885,0.6894522309303284,0.8100637793540955,2.3113505840301514,-6.680850028991699,-2.0,-0.43713751435279846,0.899394690990448,-0.45241352915763855,-1.1614686250686646,0.20994244515895844,-1.2624772787094116,-1.3024773132879375,-362.23700855052573,0.0,0.0
9.38,469,0.7536017894744873,0.6573312282562256,0.8535244464874268,2.173031806945801,-6.915942192077637,-2.0,-0.44832292199134827,0.8938716650009155,-0.46488824486732483,-1.2019246816635132,0.23654045164585114,-1.3184126615524292,-1.3584126637811482,-363.5954212143069,0.0,0.0
9.4,470,0.7796674966812134,0.6261937618255615,0.8941345810890198,2.0305094718933105,-7.1261138916015625,-2.0,-0.45780816674232483,0.8890510201454163,-0.4755282700061798,-1.2374756336212158,0.26285722851753235,-1.369662880897522,-1.409662867215589,-365.0050840815225,0.0,0.0
9.42,471,0.8027065396308899,0.5963742136955261,0.9318197965621948,1.884258508682251,-7.31254768371582,-2.0,-0.4655815362930298,0.885004997253418,-0.48429158329963684,-1.268288016319275,0.28863078355789185,-1.4161113500595093,-1.4561113588556485,-366.46119544037816,0.0,0.0
9.44,472,0.8229102492332458,0.5681713819503784,0.9665142893791199,1.7347270250320435,-7.4765729904174805,-2.0,-0.4716346263885498,0.8817940354347229,-0.4911436140537262,-1.2945449352264404,0.31362268328666687,-1.4576579332351685,-1.4976579436599597,-367.95885338403815,0.0,0.0
9.46,473,0.8404759764671326,0.5418488383293152,0.9981610178947449,1.5823347568511963,-7.619614601135254,-2.0,-0.475961834192276,0.8794659376144409,-0.4960573613643646,-1.3164377212524414,0.33761709928512573,-1.494218349456787,-1.5342183631807067,-369.49307174721883,0.0,0.0
9.48,474,0.8556008338928223,0.5176361799240112,1.0267105102539062,1.4274718761444092,-7.743139266967773,-2.0,-0.4785594642162323,0.8780551552772522,-0.49901336431503296,-1.334160327911377,0.36041897535324097,-1.5257238149642944,-1.5657238152141653,-371.058795562433,0.0,0.0
9.5,475,0.8684763312339783,0.49573060870170593,1.0521204471588135,1.2704997062683105,-7.848613262176514,-2.0,-0.4794255495071411,0.8775825500488281,-0.5,-1.3479019403457642,0.3818519413471222,-1.5521204471588135,-1.5921204441492833,-372.65091600658224,0.0,0.0
9.52,476,0.8792833089828491,0.47629907727241516,1.0743554830551147,1.1117504835128784,-7.937458515167236,-2.0,-0.4785594642162323,0.8780551552772522,-0.49901336431503296,-1.3578428030014038,0.40175607800483704,-1.573368787765503,-1.6133688181305585,-374.2642848247128,0.0,0.0
9.540000000000001,477,0.888187825679779,0.45948055386543274,1.0933860540390015,0.9515301585197449,-8.011017799377441,-2.0,-0.475961834192276,0.8794659376144409,-0.4960573613643646,-1.3641496896743774,0.4199853837490082,-1.5894434452056885,-1.6294434072244726,-375.89372823193725,0.0,0.0
9.56,478,0.8953375220298767,0.4453882873058319,1.109188437461853,0.7901196479797363,-8.070524215698242,-2.0,-0.4716346263885498,0.8817940354347229,-0.4911436140537262,-1.3669722080230713,0.4364057779312134,-1.6003320217132568,-1.6403320748457728,-377.53406030678303,0.0,0.0
9.58,479,0.9008588790893555,0.434112012386322,1.1217440366744995,0.6277781128883362,-8.117074966430664,-2.0,-0.4655815362930298,0.885004997253418,-0.48429158329963684,-1.3664404153823853,0.45089301466941833,-1.606035590171814,-1.6460355928277792,-379.1800958996108,0.0,0.0
9.6,480,0.904854953289032,0.4257199466228485,1.1310389041900635,0.4647459089756012,-8.151611328125,-2.0,-0.45780816674232483,0.8890510201454163,-0.4755282700061798,-1.3626631498336792,0.46333104372024536,-1.606567144393921,-1.6465671887533981,-380.8266630883642,0.0,0.0
9.620000000000001,481,0.9074034690856934,0.42026054859161377,1.1370638608932495,0.3012479543685913,-8.174898147583008,-2.0,-0.44832292199134827,0.8938716650009155,-0.46488824486732483,-1.3557263612747192,0.47361111640930176,-1.601952075958252,-1.6419521325235094,-382.4686152208877,0.0,0.0
9.64,482,0.9085557460784912,0.4177636504173279,1.1398138999938965,0.13749758899211884,-8.187518119812012,-2.0,-0.43713751435279846,0.899394690990448,-0.45241352915763855,-1.3456932306289673,0.4816310405731201,-1.5922273397445679,-1.6322273676316852,-384.1008425885194,0.0,0.0
9.66,483,0.9083358645439148,0.4182414710521698,1.1392878293991089,-0.026299510151147842,-8.189854621887207,-2.0,-0.42426797747612,0.9055367112159729,-0.43815332651138306,-1.3326038122177124,0.4872952103614807,-1.5774412155151367,-1.617441191228616,-385.71828377974805,0.0,0.0
9.68,484,0.9067404866218567,0.42168906331062317,1.1354889869689941,-0.18994140625,-8.18209457397461,-2.0,-0.40973538160324097,0.9122044444084167,-0.4221639633178711,-1.3164758682250977,0.4905153512954712,-1.5576529502868652,-1.5976529857743635,-387.3159367655224,0.0,0.0
9.700000000000001,485,0.9037388563156128,0.4280841648578644,1.1284245252609253,-0.35322582721710205,-8.164220809936523,-2.0,-0.39356696605682373,0.9192959666252136,-0.404508501291275,-1.2973058223724365,0.49121177196502686,-1.532932996749878,-1.5729330038616285,-388.88886976938403,0.0,0.0
9.72,486,0.8992734551429749,0.4373868405818939,1.1181055307388306,-0.515946090221405,-8.13601303100586,-2.0,-0.37579697370529175,0.9267020225524902,-0.3852566182613373,-1.2750704288482666,0.4893152117729187,-1.5033621788024902,-1.5433622066129944,-390.432231975997,0.0,0.0
9.74,487,0.8932610154151917,0.44953837990760803,1.1045478582382202,-0.6778872013092041,-8.09705638885498,-2.0,-0.3564675450325012,0.9343076944351196,-0.3644843101501465,-1.2497285604476929,0.484769344329834,-1.4690321683883667,-1.5090321548725114,-391.9412641308695,0.0,0.0
9.76,488,0.8855940103530884,0.464460164308548,1.0877714157104492,-0.8388221263885498,-8.046747207641602,-2.0,-0.3356296420097351,0.9419940114021301,-0.3422735631465912,-1.2212235927581787,0.47753387689590454,-1.4300450086593628,-1.4700449511898652,-393.4113090820594,0.0,0.0
9.78,489,0.876142680644989,0.482051819562912,1.0678012371063232,-0.9985082149505615,-7.984302043914795,-2.0,-0.31334367394447327,0.9496397972106934,-0.3187119960784912,-1.1894863843917847,0.46758797764778137,-1.3865132331848145,-1.4265132293013858,-394.8378223113608,0.0,0.0
9.8,490,0.8647576570510864,0.5021894574165344,1.0446676015853882,-1.1566836833953857,-7.908775806427002,-2.0,-0.2896801233291626,0.9571235179901123,-0.29389262199401855,-1.154437780380249,0.45493409037590027,-1.3385602235794067,-1.3785601864196066,-396.21638249778044,0.0,0.0
9.82,491,0.8512728214263916,0.5247233510017395,1.0184062719345093,-1.3130652904510498,-7.81907844543457,-2.0,-0.2647198438644409,0.9643253684043884,-0.2679134011268616,-1.1159926652908325,0.4396020174026489,-1.286319613456726,-1.3263196521361102,-397.5427021499166,0.0,0.0
9.84,492,0.8355094790458679,0.5494760274887085,0.989059329032898,-1.4673452377319336,-7.7139997482299805,-2.0,-0.2385542392730713,0.9711291790008545,-0.24087683856487274,-1.074063777923584,0.421653151512146,-1.2299362421035767,-1.2699361861169476,-398.8126383360335,0.0,0.0
9.86,493,0.8172804117202759,0.5762401819229126,0.9566755294799805,-1.619189977645874,-7.592235565185547,-2.0,-0.21128518879413605,0.9774244427680969,-0.2128896415233612,-1.0285656452178955,0.4011842906475067,-1.169565200805664,-1.209565195038291,-400.0222035310718,0.0,0.0
9.88,494,0.7963950634002686,0.6047767996788025,0.9213107824325562,-1.7682384252548218,-7.452421188354492,-2.0,-0.18302473425865173,0.9831082820892334,-0.18406227231025696,-0.9794197678565979,0.3783315420150757,-1.1053730249404907,-1.14537305740267,-401.16757658847445,0.0,0.0
9.9,495,0.7726650834083557,0.6348138451576233,0.8830287456512451,-1.9141017198562622,-7.293167591094971,-2.0,-0.15389446914196014,0.9880872964859009,-0.15450850129127502,-0.926559567451477,0.3532734513282776,-1.0375372171401978,-1.0775372430437087,-402.24511383151815,0.0,0.0
9.92,496,0.7459109425544739,0.6660457253456116,0.8419014811515808,-2.056363821029663,-7.113104820251465,-2.0,-0.12402476370334625,0.9922791123390198,-0.12434494495391846,-0.8699356913566589,0.3262334167957306,-0.9662464261054993,-1.0062464123430404,-403.2513602438612,0.0,0.0
9.94,497,0.7159680724143982,0.6981329917907715,0.7980098128318787,-2.194582462310791,-6.91092586517334,-2.0,-0.09355364739894867,0.995614230632782,-0.0936906561255455,-0.8095217347145081,0.2974812388420105,-0.8917005062103271,-0.931700478540562,-404.18306072240176,0.0,0.0
9.96,498,0.6826946139335632,0.7307038307189941,0.7514439821243286,-2.328291177749634,-6.685438632965088,-2.0,-0.06262560933828354,0.9980370998382568,-0.06266661733388901,-0.745320200920105,0.2673332691192627,-0.8141106367111206,-0.8541106151334812,-405.03717133753526,0.0,0.0
9.98,499,0.6459780931472778,0.7633559107780457,0.702303946018219,-2.457003355026245,-6.435614585876465,-2.0,-0.031390100717544556,0.9995071887969971,-0.031395260244607925,-0.6773682236671448,0.23615127801895142,-0.7336992025375366,-0.7736991893597889,-405.81087052689503,0.0,0.0
10.0,500,0.6057432293891907,0.7956601977348328,0.6506996154785156,-2.580216407775879,-6.160646438598633,-2.0,-6.123233998228043e-16,1.0,-6.123233998228043e-16,-0.6057432293891907,0.20433978736400604,-0.6506996154785156,-0.6906996022879124,-406.50157012918294,0.0,0.0
10.02,501,0.5619581937789917,0.8271656036376953,0.5967512726783752,-2.697416305541992,-5.859997272491455,-2.0,0.031390100717544556,0.9995071887969971,0.031395260244607925,-0.5305681228637695,0.17234158515930176,-0.5653560161590576,-0.6053560162249898,-407.10692614540795,0.0,0.0
10.040000000000001,502,0.5146415829658508,0.857405424118042,0.5405895709991455,-2.8080854415893555,-5.533454418182373,-2.0,0.06262560933828354,0.9980370998382568,0.06266661733388901,-0.4520159661769867,0.14063167572021484,-0.4779229462146759,-0.5179229511395413,-407.6248490965475,0.0,0.0
10.06,503,0.46386709809303284,0.8859047889709473,0.48235538601875305,-2.9117088317871094,-5.1811723709106445,-2.0,0.09355364739894867,0.995614230632782,0.0936906561255455,-0.37031346559524536,0.10970944911241531,-0.38866472244262695,-0.42866473367259833,-408.0535138302201,0.0,0.0
10.08,504,0.4097680151462555,0.912189781665802,0.42219972610473633,-3.0077831745147705,-4.803713321685791,-2.0,0.12402476370334625,0.9922791123390198,0.12434494495391846,-0.28574326634407043,0.08008935302495956,-0.29785478115081787,-0.33785478514744677,-408.3913686153675,0.0,0.0
10.1,505,0.3525393009185791,0.9357970356941223,0.360283225774765,-3.095824718475342,-4.402076244354248,-2.0,0.15389446914196014,0.9880872964859009,0.15450850129127502,-0.19864483177661896,0.05229027941823006,-0.20577473938465118,-0.24577473879159376,-408.6371433541591,0.0,0.0
10.120000000000001,506,0.2924383580684662,0.9562844038009644,0.2967756688594818,-3.1753790378570557,-3.9777145385742188,-2.0,0.18302473425865173,0.9831082820892334,0.18406227231025696,-0.10941361635923386,0.02682393044233322,-0.11271338164806366,-0.15271338109912921,-408.78985673525824,0.0,0.0
10.14,507,0.23003818094730377,0.9731816053390503,0.2321169227361679,-3.2329366207122803,-2.8778886795043945,-1.127133846282959,0.21128518879413605,0.9774244427680969,0.2128896415233612,-0.01875299960374832,0.004242854192852974,-0.019227277487516403,-0.0319315847919846,-408.82178832005025,0.0,0.0
10.16,508,0.16600000858306885,0.9861257672309875,0.1667719930410385,-3.2672462463378906,-1.7154754400253296,-0.19227281212806702,0.2385542392730713,0.9711291790008545,0.24087683856487274,0.07255423814058304,-0.014996577054262161,0.07410483807325363,-0.07447452626992694,-408.89626284632016,0.0,0.0
10.18,509,0.1010371595621109,0.9948826432228088,0.101209856569767,-3.278106927871704,-0.5430369973182678,0.7410483956336975,0.2647198438644409,0.9643253684043884,0.2679134011268616,0.16368268430233002,-0.030557291582226753,0.16670353710651398,-0.1721950646059618,-409.0684579109261,0.0,0.0
10.200000000000001,510,0.03589193895459175,0.999355673789978,0.03589965030550957,-3.2655105590820312,0.629824697971344,1.667035460472107,0.2896801233291626,0.9571235179901123,0.29389262199401855,0.25378820300102234,-0.04223216325044632,0.2579929828643799,-0.28578304579826697,-409.35424095672437,0.0,0.0
10.22,511,-0.028863197192549706,0.99958336353302,-0.02886720560491085,-3.238342761993408,1.358381748199463,2.0,0.31334367394447327,0.9496397972106934,0.3187119960784912,0.3422068655490875,-0.049943577498197556,0.3475792109966278,-0.3875792004340079,-409.7418201571584,0.0,0.0
10.24,512,-0.09276697039604187,0.9956878423690796,-0.09290054440498352,-3.201666831970215,1.8337987661361694,2.0,0.3356296420097351,0.9419940114021301,0.3422735631465912,0.428396612405777,-0.05369381979107857,0.4351741075515747,-0.47517409549012307,-410.2169942526485,0.0,0.0
10.26,513,-0.1553807258605957,0.9878546595573425,-0.15601284801959991,-3.1556148529052734,2.302595376968384,2.0,0.3564675450325012,0.9343076944351196,0.3644843101501465,0.5118482708930969,-0.05354695022106171,0.5204971432685852,-0.5604971550062159,-410.7774914076547,0.0,0.0
10.28,514,-0.2162974327802658,0.9763275384902954,-0.2180205136537552,-3.100383996963501,2.761549234390259,2.0,0.37579697370529175,0.9267020225524902,0.3852566182613373,0.592094361782074,-0.049625493586063385,0.6032771468162537,-0.6432771417735879,-411.42076854942826,0.0,0.0
10.3,515,-0.2751494348049164,0.9614014625549316,-0.2787451446056366,-3.0362305641174316,3.2076728343963623,2.0,0.39356696605682373,0.9192959666252136,0.404508501291275,0.6687164306640625,-0.042105525732040405,0.6832536458969116,-0.7232536275743516,-412.1440221770026,0.0,0.0
10.32,516,-0.33161452412605286,0.9434149861335754,-0.3380144238471985,-2.9634649753570557,3.638270616531372,2.0,0.40973538160324097,0.9122044444084167,0.4221639633178711,0.7413499355316162,-0.03121054358780384,0.7601783871650696,-0.8001783949031138,-412.94420057190575,0.0,0.0
10.34,517,-0.3854203522205353,0.9227411150932312,-0.3956633508205414,-2.8824453353881836,4.050983905792236,2.0,0.42426797747612,0.9055367112159729,0.43815332651138306,0.8096883296966553,-0.017204416915774345,0.8338167071342468,-0.8738166803933978,-413.81801725229917,0.0,0.0
10.36,518,-0.43634694814682007,0.8997784852981567,-0.4515347182750702,-2.7935690879821777,4.443821907043457,2.0,0.43713751435279846,0.899394690990448,0.45241352915763855,0.8734844923019409,-0.00038381191552616656,0.9039482474327087,-0.9439482460085168,-414.7619654983077,0.0,0.0
10.38,519,-0.4842274785041809,0.8749421238899231,-0.5054800510406494,-2.697265386581421,4.815181732177734,2.0,0.44832292199134827,0.8938716650009155,0.46488824486732483,0.9325503706932068,0.01892954111099243,0.9703682661056519,-1.010368269499697,-415.77233376780737,0.0,0.0
10.4,520,-0.5289474129676819,0.8486546277999878,-0.5573598146438599,-2.5939884185791016,5.163851261138916,2.0,0.45780816674232483,0.8890510201454163,0.4755282700061798,0.9867555499076843,0.04039640724658966,1.0328880548477173,-1.0728880509954781,-416.8452218188028,0.0,0.0
10.42,521,-0.5704420208930969,0.821337878704071,-0.607043981552124,-2.484208106994629,5.489005088806152,2.0,0.4655815362930298,0.885004997253418,0.48429158329963684,1.0360236167907715,0.06366714090108871,1.0913355350494385,-1.1313355376223306,-417.97655735642513,0.0,0.0
10.44,522,-0.6086928844451904,0.7934059500694275,-0.654412031173706,-2.3684043884277344,5.79018497467041,2.0,0.4716346263885498,0.8817940354347229,0.4911436140537262,1.0803275108337402,0.0883881151676178,1.1455556154251099,-1.1855556725679939,-419.16211302899313,0.0,0.0
10.46,523,-0.6437228918075562,0.7652586698532104,-0.6993532180786133,-2.2470591068267822,6.067273139953613,2.0,0.475961834192276,0.8794659376144409,0.4960573613643646,1.1196846961975098,0.11420725286006927,1.1954106092453003,-1.2354105788421648,-420.3975236078353,0.0,0.0
10.48,524,-0.6755911707878113,0.7372764348983765,-0.7417662143707275,-2.120650053024292,6.320455551147461,2.0,0.4785594642162323,0.8780551552772522,0.49901336431503296,1.1541506052017212,0.14077869057655334,1.2407796382904053,-1.2807795910759492,-421.67830319891124,0.0,0.0
10.5,525,-0.7043870091438293,0.7098161578178406,-0.78155916929245,-1.9896461963653564,6.5501861572265625,2.0,0.4794255495071411,0.8775825500488281,0.5,1.1838124990463257,0.16776640713214874,1.2815591096878052,-1.321559150999293,-422.99986234991053,0.0,0.0
10.52,526,-0.7302236557006836,0.6832082271575928,-0.8186492323875427,-1.8545033931732178,6.757139205932617,2.0,0.4785594642162323,0.8780551552772522,0.49901336431503296,1.2087830305099487,0.1948469579219818,1.3176625967025757,-1.3576625837595215,-424.35752493367005,0.0,0.0
10.540000000000001,527,-0.7532322406768799,0.65775465965271,-0.8529624342918396,-1.7156600952148438,6.942164421081543,2.0,0.475961834192276,0.8794659376144409,0.4960573613643646,1.2291940450668335,0.22171129286289215,1.3490197658538818,-1.3890197730486042,-425.7465447067187,0.0,0.0
10.56,528,-0.7735558748245239,0.6337280869483948,-0.8844331502914429,-1.5735353231430054,7.10624361038208,2.0,0.4716346263885498,0.8817940354347229,0.4911436140537262,1.2451905012130737,0.24806594848632812,1.3755767345428467,-1.415576753174461,-427.1621214598931,0.0,0.0
10.58,529,-0.791343629360199,0.6113715767860413,-0.91300368309021,-1.4285264015197754,7.2504448890686035,2.0,0.4655815362930298,0.885004997253418,0.48429158329963684,1.2569252252578735,0.2736334204673767,1.3972952365875244,-1.4372952358428412,-428.59941669573595,0.0,0.0
10.6,530,-0.806745707988739,0.5908988118171692,-0.93862384557724,-1.2810087203979492,7.375880718231201,2.0,0.45780816674232483,0.8890510201454163,0.4755282700061798,1.2645539045333862,0.29815220832824707,1.4141521453857422,-1.4541520886188564,-430.0535687843548,0.0,0.0
10.620000000000001,531,-0.8199081420898438,0.5724951028823853,-0.9612505435943604,-1.1313353776931763,7.483669281005859,2.0,0.44832292199134827,0.8938716650009155,0.46488824486732483,1.2682310342788696,0.3213765621185303,1.4261387586593628,-1.4661387809179853,-431.51970756527277,0.0,0.0
10.64,532,-0.8309690356254578,0.5563187003135681,-0.9808472990989685,-0.9798374176025391,7.574899196624756,2.0,0.43713751435279846,0.899394690990448,0.45241352915763855,1.2681065797805786,0.3430759906768799,1.4332607984542847,-1.4732608120343054,-432.9929683773071,0.0,0.0
10.66,533,-0.8400545716285706,0.5425019264221191,-0.9973837733268738,-0.8268254399299622,7.650598526000977,2.0,0.42426797747612,0.9055367112159729,0.43815332651138306,1.2643225193023682,0.36303478479385376,1.4355370998382568,-1.4755371342356043,-434.4685055115427,0.0,0.0
10.68,534,-0.847275972366333,0.5311529040336609,-1.0108356475830078,-0.6725912690162659,7.711707592010498,2.0,0.40973538160324097,0.9122044444084167,0.4221639633178711,1.2570114135742188,0.38105151057243347,1.432999610900879,-1.4729995824119362,-435.9415050939546,0.0,0.0
10.700000000000001,535,-0.8527269959449768,0.5223568677902222,-1.0211838483810425,-0.517410159111023,7.759055137634277,2.0,0.39356696605682373,0.9192959666252136,0.404508501291275,1.2462940216064453,0.39693909883499146,1.4256923198699951,-1.4656923202109953,-437.40719741416564,0.0,0.0
10.72,536,-0.8564817905426025,0.5161772966384888,-1.0284147262573242,-0.36154332756996155,7.793341636657715,2.0,0.37579697370529175,0.9267020225524902,0.3852566182613373,1.2322787046432495,0.41052475571632385,1.4136712551116943,-1.453671311068201,-438.86086872523384,0.0,0.0
10.74,537,-0.8585933446884155,0.5126572251319885,-1.0325194597244263,-0.2052408903837204,7.815122604370117,2.0,0.3564675450325012,0.9343076944351196,0.3644843101501465,1.215060830116272,0.4216504693031311,1.3970037698745728,-1.437003821064533,-440.2978725462984,0.0,0.0
10.76,538,-0.8590927124023438,0.5118199586868286,-1.0334943532943726,-0.048744939267635345,7.8247971534729,2.0,0.3356296420097351,0.9419940114021301,0.3422735631465912,1.1947224140167236,0.4301740825176239,1.3757679462432861,-1.4157679591298133,-441.7136405054282,0.0,0.0
10.78,539,-0.8579882383346558,0.5136693716049194,-1.03134024143219,0.10770711302757263,7.82260274887085,2.0,0.31334367394447327,0.9496397972106934,0.3187119960784912,1.1713318824768066,0.4359704256057739,1.3500522375106812,-1.3900522587509005,-443.10369276417913,0.0,0.0
10.8,540,-0.8552653193473816,0.518190324306488,-1.0260627269744873,0.26387929916381836,7.808609485626221,2.0,0.2896801233291626,0.9571235179901123,0.29389262199401855,1.144945502281189,0.43893319368362427,1.3199553489685059,-1.3599553040323977,-444.4636480682115,0.0,0.0
10.82,541,-0.8508872985839844,0.5253482460975647,-1.017672061920166,0.41953369975090027,7.782719135284424,2.0,0.2647198438644409,0.9643253684043884,0.2679134011268616,1.1156071424484253,0.43897712230682373,1.2855854034423828,-1.3255854016742186,-445.78923346988574,0.0,0.0
10.84,542,-0.844795823097229,0.5350887775421143,-1.0061835050582886,0.5744271278381348,7.744670867919922,2.0,0.2385542392730713,0.9711291790008545,0.24087683856487274,1.0833500623703003,0.43604037165641785,1.2470602989196777,-1.2870602991558338,-447.07629376904157,0.0,0.0
10.86,543,-0.8369122743606567,0.5473370552062988,-0.9916173219680786,0.7283079624176025,7.69404411315918,2.0,0.21128518879413605,0.9774244427680969,0.2128896415233612,1.0481975078582764,0.4300874173641205,1.2045069932937622,-1.2445069481293225,-448.32080071717087,0.0,0.0
10.88,544,-0.8271397352218628,0.5619962811470032,-0.9739990234375,0.8809133768081665,7.630270481109619,2.0,0.18302473425865173,0.9831082820892334,0.18406227231025696,1.010164499282837,0.4211120307445526,1.1580612659454346,-1.19806131070415,-449.518862027875,0.0,0.0
10.9,545,-0.815365195274353,0.5789469480514526,-0.9533597230911255,1.0319663286209106,7.552646636962891,2.0,0.15389446914196014,0.9880872964859009,0.15450850129127502,0.9692596793174744,0.40914031863212585,1.1078681945800781,-1.1478682049408158,-450.66673023281584,0.0,0.0
10.92,546,-0.8014622330665588,0.5980454087257385,-0.9297362565994263,1.181173324584961,7.460350513458252,2.0,0.12402476370334625,0.9922791123390198,0.12434494495391846,0.9254869818687439,0.39423373341560364,1.0540812015533447,-1.094081184451798,-451.76081141726763,0.0,0.0
10.94,547,-0.7852945923805237,0.619122326374054,-0.9031717777252197,1.328222632408142,7.352464199066162,2.0,0.09355364739894867,0.995614230632782,0.0936906561255455,0.8788482546806335,0.3764919340610504,0.9968624711036682,-1.0368624455389803,-452.7976738628066,0.0,0.0
10.96,548,-0.7667199373245239,0.6419817209243774,-0.8737161159515381,1.4727826118469238,7.227996349334717,2.0,0.06262560933828354,0.9980370998382568,0.06266661733388901,0.8293455243110657,0.356055349111557,0.9363827705383301,-0.9763827537917529,-453.7740566165984,0.0,0.0
10.98,549,-0.7455942630767822,0.6664001941680908,-0.8414261341094971,1.6145007610321045,7.085912227630615,2.0,0.031390100717544556,0.9995071887969971,0.031395260244607925,0.7769843339920044,0.33310702443122864,0.8728213906288147,-0.9128213805582431,-454.6868779971566,0.0,0.0
11.0,550,-0.7217767834663391,0.6921259164810181,-0.8063660264015198,1.7530040740966797,6.92516565322876,2.0,-1.1028011101830775e-15,1.0,-1.1028011101830775e-15,0.7217767834663391,0.30787408351898193,0.8063660264015198,-0.8463660382266133,-455.53324403538323,0.0,0.0
11.02,551,-0.6951352953910828,0.7188789248466492,-0.768608033657074,1.8878988027572632,6.744735240936279,2.0,-0.031390100717544556,0.9995071887969971,-0.031395260244607925,0.6637451648712158,0.2806282639503479,0.7372127771377563,-0.777212801873977,-456.3104568372572,0.0,0.0
11.040000000000001,552,-0.6655516028404236,0.7463518381118774,-0.7282326221466064,2.0187721252441406,6.543661594390869,2.0,-0.06262560933828354,0.9980370998382568,-0.06266661733388901,0.6029259562492371,0.251685231924057,0.6655660271644592,-0.7055660036302259,-457.01602284088744,0.0,0.0
11.06,553,-0.6329275369644165,0.7742109894752502,-0.6853287220001221,2.1451938152313232,6.321091651916504,2.0,-0.09355364739894867,0.995614230632782,-0.0936906561255455,0.5393739342689514,0.22140322625637054,0.5916380882263184,-0.6316380851503036,-457.64766092603776,0.0,0.0
11.08,554,-0.5971909165382385,0.8020991683006287,-0.6399943232536316,2.2667202949523926,6.076319694519043,2.0,-0.12402476370334625,0.9922791123390198,-0.12434494495391846,0.4731661379337311,0.1901799887418747,0.5156493782997131,-0.5556493929858155,-458.20331031902356,0.0,0.0
11.1,555,-0.5583009123802185,0.8296385407447815,-0.5923364162445068,2.382896900177002,5.808830261230469,2.0,-0.15389446914196014,0.9880872964859009,-0.15450850129127502,0.40440642833709717,0.15844875574111938,0.4378279149532318,-0.4778279014952657,-458.68113822051885,0.0,0.0
11.120000000000001,556,-0.5162539482116699,0.8564355969429016,-0.5424711108207703,2.4932637214660645,5.518340110778809,2.0,-0.18302473425865173,0.9831082820892334,-0.18406227231025696,0.3332291841506958,0.12667274475097656,0.3584088385105133,-0.3984088483262558,-459.0795470688451,0.0,0.0
11.14,557,-0.47108808159828186,0.8820861577987671,-0.49052390456199646,2.597360610961914,5.204840660095215,2.0,-0.21128518879413605,0.9774244427680969,-0.2128896415233612,0.259802907705307,0.09533828496932983,0.27763426303863525,-0.31763426852672555,-459.3971813373718,0.0,0.0
11.16,558,-0.4228873550891876,0.9061822295188904,-0.4366292655467987,2.694733142852783,4.868629455566406,2.0,-0.2385542392730713,0.9711291790008545,-0.24087683856487274,0.18433311581611633,0.06494691967964172,0.19575241208076477,-0.23575241505688516,-459.6329337524287,0.0,0.0
11.18,559,-0.37179622054100037,0.9283143877983093,-0.3809432089328766,2.7843027114868164,4.478484153747559,1.9575241804122925,-0.2647198438644409,0.9643253684043884,-0.2679134011268616,0.10707636922597885,0.0360109880566597,0.11302980035543442,-0.1513488060762036,-459.7842825585049,0.0,0.0
11.200000000000001,560,-0.31823357939720154,0.9480123519897461,-0.3238656222820282,2.8538787364959717,3.4788026809692383,1.1302978992462158,-0.2896801233291626,0.9571235179901123,-0.29389262199401855,0.028553448617458344,0.009111179038882256,0.029972992837429047,-0.04274872751607534,-459.827031286021,0.0,0.0
11.22,561,-0.26268547773361206,0.9648815393447876,-0.26580438017845154,2.903062582015991,2.4591805934906006,0.29972997307777405,-0.31334367394447327,0.9496397972106934,-0.3187119960784912,-0.0506582036614418,-0.015241722576320171,-0.05290762335062027,-0.05380600563793431,-459.8808372916589,0.0,0.0
11.24,562,-0.20569349825382233,0.97861647605896,-0.20717230439186096,2.931603193283081,1.4270362854003906,-0.5290762782096863,-0.3356296420097351,0.9419940114021301,-0.3422735631465912,-0.1299361288547516,-0.036622434854507446,-0.13510124385356903,-0.1379004639335234,-460.01873775559244,0.0,0.0
11.26,563,-0.1478402465581894,0.9890112280845642,-0.14838416874408722,2.9394071102142334,0.390195369720459,-1.3510125875473022,-0.3564675450325012,0.9343076944351196,-0.3644843101501465,-0.20862728357315063,-0.054703544825315475,-0.21610015630722046,-0.23435249944325356,-460.2530902550357,0.0,0.0
11.28,564,-0.08968435227870941,0.9959702491760254,-0.08980502188205719,2.928957223892212,-0.5224931836128235,-2.0,-0.37579697370529175,0.9267020225524902,-0.3852566182613373,-0.28611260652542114,-0.06926821172237396,-0.2954516112804413,-0.3354516021488758,-460.58854185718457,0.0,0.0
11.3,565,-0.03160060569643974,0.999500572681427,-0.03160586953163147,2.9099576473236084,-0.9499832391738892,-2.0,-0.39356696605682373,0.9192959666252136,-0.404508501291275,-0.3619663715362549,-0.08020462840795517,-0.37290263175964355,-0.4129026293737382,-461.0014444865583,0.0,0.0
11.32,566,0.026039691641926765,0.9996609091758728,0.02604263462126255,2.88242506980896,-1.376621961593628,-2.0,-0.40973538160324097,0.9122044444084167,-0.4221639633178711,-0.4357750713825226,-0.08745648711919785,-0.4482066035270691,-0.4882065975826315,-461.4896510841409,0.0,0.0
11.34,567,0.08287610113620758,0.9965598583221436,0.08297126740217209,2.8464314937591553,-1.7996779680252075,-2.0,-0.42426797747612,0.9055367112159729,-0.43815332651138306,-0.5071440935134888,-0.09102317690849304,-0.5211246013641357,-0.5611246063108342,-462.05077569045176,0.0,0.0
11.36,568,0.1385660022497177,0.9903532266616821,0.13901329040527344,2.8021016120910645,-2.2165021896362305,-2.0,-0.43713751435279846,0.899394690990448,-0.45241352915763855,-0.575703501701355,-0.09095852077007294,-0.5914268493652344,-0.6314268231428348,-462.6822025135946,0.0,0.0
11.38,569,0.19279077649116516,0.981239914894104,0.19400548934936523,2.74960994720459,-2.6245782375335693,-2.0,-0.44832292199134827,0.8938716650009155,-0.46488824486732483,-0.6411136984825134,-0.08736821264028549,-0.6588937640190125,-0.6988937392207017,-463.38109625281527,0.0,0.0
11.4,570,0.24526116251945496,0.9694570302963257,0.24778907001018524,2.689178705215454,-3.021568536758423,-2.0,-0.45780816674232483,0.8890510201454163,-0.4755282700061798,-0.7030693292617798,-0.08040603995323181,-0.7233173251152039,-0.7633173263648279,-464.1444135791801,0.0,0.0
11.42,571,0.29572129249572754,0.9552742838859558,0.30021050572395325,2.6210715770721436,-3.40535306930542,-2.0,-0.4655815362930298,0.885004997253418,-0.48429158329963684,-0.7613028287887573,-0.07026926428079605,-0.7845020890235901,-0.8245020794580876,-464.9689156586382,0.0,0.0
11.44,572,0.34395185112953186,0.9389873147010803,0.35112231969833374,2.545590400695801,-3.774059534072876,-2.0,-0.4716346263885498,0.8817940354347229,-0.4911436140537262,-0.815586507320404,-0.057193223387002945,-0.8422659039497375,-0.8822659310834217,-465.8511815897216,0.0,0.0
11.46,573,0.3897716999053955,0.9209114909172058,0.40038368105888367,2.463068723678589,-4.12608528137207,-2.0,-0.475961834192276,0.8794659376144409,-0.4960573613643646,-0.8657335042953491,-0.041445571929216385,-0.8964410424232483,-0.9364410290382663,-466.7876226187599,0.0,0.0
11.48,574,0.43303850293159485,0.901375412940979,0.4478610157966614,2.373866319656372,-4.460110187530518,-2.0,-0.4785594642162323,0.8780551552772522,-0.49901336431503296,-0.9115979671478271,-0.0233202762901783,-0.9468743801116943,-0.9868743711003083,-467.7744969898602,0.0,0.0
11.5,575,0.4736480116844177,0.8807142376899719,0.4934282898902893,2.278364419937134,-4.7751007080078125,-2.0,-0.4794255495071411,0.8775825500488281,-0.5,-0.9530735611915588,-0.0031316704116761684,-0.9934282898902893,-1.0334282951177447,-468.80792528497796,0.0,0.0
11.52,576,0.5115326046943665,0.8592638969421387,0.5369674563407898,2.1769583225250244,-5.070303916931152,-2.0,-0.4785594642162323,0.8780551552772522,-0.49901336431503296,-0.9900920391082764,0.018791280686855316,-1.0359808206558228,-1.0759808259920827,-469.88390611097003,0.0,0.0
11.540000000000001,577,0.5466585755348206,0.8373556137084961,0.5783685445785522,2.0700535774230957,-5.3452372550964355,-2.0,-0.475961834192276,0.8794659376144409,-0.4960573613643646,-1.0226203203201294,0.042110323905944824,-1.0744259357452393,-1.1144258842868016,-470.9983319952568,0.0,0.0
11.56,578,0.5790228843688965,0.8153112530708313,0.6175297498703003,1.9580602645874023,-5.599667072296143,-2.0,-0.4716346263885498,0.8817940354347229,-0.4911436140537262,-1.0506575107574463,0.0664827823638916,-1.108673334121704,-1.1486733639366922,-472.1470053591935,0.0,0.0
11.58,579,0.6086496114730835,0.7934391498565674,0.6543574929237366,1.841388463973999,-5.833588123321533,-2.0,-0.4655815362930298,0.885004997253418,-0.48429158329963684,-1.0742311477661133,0.09156585484743118,-1.1386491060256958,-1.1786490887891907,-473.3256544479827,0.0,0.0
11.6,580,0.6355853080749512,0.7720306515693665,0.6887664198875427,1.720444679260254,-6.047191619873047,-2.0,-0.45780816674232483,0.8890510201454163,-0.4755282700061798,-1.0933934450149536,0.11702034622430801,-1.1642946004867554,-1.2042946594518273,-474.5299491074345,0.0,0.0
11.620000000000001,581,0.6598949432373047,0.7513578534126282,0.720678985118866,1.5956279039382935,-6.240835666656494,-2.0,-0.44832292199134827,0.8938716650009155,-0.46488824486732483,-1.1082178354263306,0.14251381158828735,-1.1855672597885132,-1.2255672031493097,-475.7555163105838,0.0,0.0
11.64,582,0.6816574335098267,0.7316714525222778,0.7500255107879639,1.4673277139663696,-6.415013313293457,-2.0,-0.43713751435279846,0.899394690990448,-0.45241352915763855,-1.1187949180603027,0.16772320866584778,-1.2024390697479248,-1.2424390400346599,-476.99795535061844,0.0,0.0
11.66,583,0.7009609341621399,0.7131996750831604,0.7767439484596252,1.335921287536621,-6.570319175720215,-2.0,-0.42426797747612,0.9055367112159729,-0.43815332651138306,-1.1252288818359375,0.1923370063304901,-1.2148972749710083,-1.254897279694345,-478.25285263031276,0.0,0.0
11.68,584,0.7178989052772522,0.6961473822593689,0.800779402256012,1.201772928237915,-6.707417011260986,-2.0,-0.40973538160324097,0.9122044444084167,-0.4221639633178711,-1.1276342868804932,0.21605703234672546,-1.2229433059692383,-1.262943361493499,-479.51579599180627,0.0,0.0
11.700000000000001,585,0.7325659990310669,0.6806959509849548,0.8220840692520142,1.065232753753662,-6.82700777053833,-2.0,-0.39356696605682373,0.9192959666252136,-0.404508501291275,-1.1261329650878906,0.2385999709367752,-1.2265925407409668,-1.2665925519863181,-480.7823885437926,0.0,0.0
11.72,586,0.7450546622276306,0.6670033931732178,0.840616762638092,0.926636815071106,-6.929800987243652,-2.0,-0.37579697370529175,0.9267020225524902,-0.3852566182613373,-1.1208516359329224,0.25969862937927246,-1.2258734703063965,-1.2658734119327315,-482.0482619557253,0.0,0.0
11.74,587,0.755451500415802,0.6552045941352844,0.8563429117202759,0.7863070368766785,-7.016488552093506,-2.0,-0.3564675450325012,0.9343076944351196,-0.3644843101501465,-1.1119190454483032,0.2791031301021576,-1.2208272218704224,-1.2608272445763309,-483.3090892003016,0.0,0.0
11.76,588,0.7638347744941711,0.6454118490219116,0.8692339658737183,0.6445525884628296,-7.08772087097168,-2.0,-0.3356296420097351,0.9419940114021301,-0.3422735631465912,-1.0994644165039062,0.2965821921825409,-1.2115075588226318,-1.251507535805913,-484.5605967361075,0.0,0.0
11.78,589,0.770271897315979,0.6377156376838684,0.8792673945426941,0.5016708970069885,-7.144084930419922,-2.0,-0.31334367394447327,0.9496397972106934,-0.3187119960784912,-1.0836155414581299,0.31192418932914734,-1.19797945022583,-1.23797939569058,-485.7985761317981,0.0,0.0
11.8,590,0.7748175263404846,0.6321849822998047,0.8864263892173767,0.3579491376876831,-7.1860880851745605,-2.0,-0.2896801233291626,0.9571235179901123,-0.29389262199401855,-1.0644975900650024,0.32493856549263,-1.1803189516067505,-1.220319009684597,-487.0188951414827,0.0,0.0
11.82,591,0.7775119543075562,0.6288681626319885,0.8906996846199036,0.21366627514362335,-7.214142799377441,-2.0,-0.2647198438644409,0.9643253684043884,-0.2679134011268616,-1.042231798171997,0.3354572057723999,-1.1586130857467651,-1.1986131065714458,-488.2175082480541,0.0,0.0
11.84,592,0.778380274772644,0.6277930736541748,0.892081618309021,0.06909514218568802,-7.2285566329956055,-2.0,-0.2385542392730713,0.9711291790008545,-0.24087683856487274,-1.0169345140457153,0.3433360755443573,-1.1329584121704102,-1.172958448976365,-489.3904666970305,0.0,0.0
11.86,593,0.7774314880371094,0.6289676427841187,0.8905717134475708,-0.07549533247947693,-7.229523658752441,-2.0,-0.21128518879413605,0.9774244427680969,-0.2128896415233612,-0.9887166619300842,0.34845679998397827,-1.1034613847732544,-1.143461351035204,-490.5339280480657,0.0,0.0
11.88,594,0.7746585607528687,0.6323797702789307,0.8861749768257141,-0.2198377549648285,-7.21712064743042,-2.0,-0.18302473425865173,0.9831082820892334,-0.18406227231025696,-0.957683265209198,0.3507285416126251,-1.0702372789382935,-1.110237226569282,-491.644165274635,0.0,0.0
11.9,595,0.7700386047363281,0.6379972696304321,0.8789016604423523,-0.3636638820171356,-7.191306114196777,-2.0,-0.15389446914196014,0.9880872964859009,-0.15450850129127502,-0.9239330887794495,0.35008999705314636,-1.0334101915359497,-1.0734101698823257,-492.7175754445173,0.0,0.0
11.92,596,0.7635337114334106,0.6457679867744446,0.8687676191329956,-0.5067023038864136,-7.15192174911499,-2.0,-0.12402476370334625,0.9922791123390198,-0.12434494495391846,-0.8875584602355957,0.3465111255645752,-0.9931125640869141,-1.0331125700633312,-493.75068801458065,0.0,0.0
11.94,597,0.7550917863845825,0.6556190848350525,0.8557940721511841,-0.6486762762069702,-7.098697662353516,-2.0,-0.09355364739894867,0.995614230632782,-0.0936906561255455,-0.8486454486846924,0.3399951457977295,-0.9494847655296326,-0.9894847584458265,-494.7401727730265,0.0,0.0
11.96,598,0.7446485161781311,0.6674568057060242,0.8400080800056458,-0.7893015146255493,-7.031262397766113,-2.0,-0.06262560933828354,0.9980370998382568,-0.06266661733388901,-0.8072741031646729,0.3305802643299103,-0.902674674987793,-0.942674687636625,-495.6828474606631,0.0,0.0
11.98,599,0.7321290969848633,0.6811659336090088,0.8214423656463623,-0.9282845854759216,-6.94915246963501,-2.0,-0.031390100717544556,0.9995071887969971,-0.031395260244607925,-0.7635191679000854,0.31834131479263306,-0.8528376221656799,-0.8928376392874321,-496.57568509995053,0.0,0.0
12.0,600,0.7174507975578308,0.6966091990470886,0.8001359701156616,-1.0653212070465088,-6.8518290519714355,-2.0,-7.347880586115415e-16,1.0,-7.347880586115415e-16,-0.7174507975578308,0.30339083075523376,-0.8001359701156616,-0.8401359565455739,-497.4158210564961,0.0,0.0
12.02,601,0.7005258202552795,0.7136270403862,0.7761340737342834,-1.2000950574874878,-6.738694667816162,-2.0,0.031390100717544556,0.9995071887969971,0.031395260244607925,-0.6691356897354126,0.2858801484107971,-0.7447388172149658,-0.7847387958985726,-498.2005598523947,0.0,0.0
12.040000000000001,602,0.6812644004821777,0.7320374250411987,0.7494885325431824,-1.3322772979736328,-6.609115123748779,-2.0,0.06262560933828354,0.9980370998382568,0.06266661733388901,-0.618638813495636,0.2659996747970581,-0.6868218779563904,-0.7268218919407102,-498.9273817443354,0.0,0.0
12.06,603,0.6595786213874817,0.7516356110572815,0.7202579975128174,-1.4615261554718018,-6.462442398071289,-2.0,0.09355364739894867,0.995614230632782,0.0936906561255455,-0.5660249590873718,0.24397864937782288,-0.6265673041343689,-0.6665673274664855,-499.5939490718019,0.0,0.0
12.08,604,0.6353859901428223,0.7721947431564331,0.6885082721710205,-1.5874871015548706,-6.298042297363281,-2.0,0.12402476370334625,0.9922791123390198,0.12434494495391846,-0.5113611817359924,0.22008441388607025,-0.564163327217102,-0.6041633002734964,-500.1981123720754,0.0,0.0
12.1,605,0.6086137890815735,0.7934666275978088,0.6543123722076416,-1.7097934484481812,-6.115321636199951,-2.0,0.15389446914196014,0.9880872964859009,0.15450850129127502,-0.45471930503845215,0.19462066888809204,-0.4998038709163666,-0.5398038771803767,-500.73791624925576,0.0,0.0
12.120000000000001,606,0.5792033076286316,0.815183162689209,0.6177510023117065,-1.8280686140060425,-5.913758754730225,-2.0,0.18302473425865173,0.9831082820892334,0.18406227231025696,-0.39617854356765747,0.167925164103508,-0.4336887300014496,-0.4736887250871497,-501.2116049743429,0.0,0.0
12.14,607,0.5471138954162598,0.8370581269264221,0.5789124369621277,-1.9419273138046265,-5.692935466766357,-2.0,0.21128518879413605,0.9774244427680969,0.2128896415233612,-0.3358287215232849,0.1403663009405136,-0.3660227954387665,-0.4060228084818403,-501.61762778282474,0.0,0.0
12.16,608,0.5123275518417358,0.8587900996208191,0.5378928780555725,-2.050978660583496,-5.452568531036377,-2.0,0.2385542392730713,0.9711291790008545,0.24087683856487274,-0.27377331256866455,0.11233904957771301,-0.29701605439186096,-0.33701604268782687,-501.95464382551256,0.0,0.0
12.18,609,0.47485238313674927,0.8800654411315918,0.4947962760925293,-2.154829502105713,-5.192538261413574,-2.0,0.2647198438644409,0.9643253684043884,0.2679134011268616,-0.21013253927230835,0.08425989747047424,-0.22688288986682892,-0.26688289240625435,-502.22152671791883,0.0,0.0
12.200000000000001,610,0.4347264766693115,0.9005625247955322,0.44973453879356384,-2.2530879974365234,-4.9129204750061035,-2.0,0.2896801233291626,0.9571235179901123,0.29389262199401855,-0.14504633843898773,0.056560974568128586,-0.1558419018983841,-0.19584190578609725,-502.41736862370493,0.0,0.0
12.22,611,0.392142653465271,0.9199044108390808,0.4029596447944641,-2.3387444019317627,-4.28282356262207,-1.558419108390808,0.31334367394447327,0.9496397972106934,0.3187119960784912,-0.07879896461963654,0.029735371470451355,-0.0842476487159729,-0.10853435054924133,-502.52590297425417,0.0,0.0
12.24,612,0.347415030002594,0.9377114772796631,0.35481300950050354,-2.4073312282562256,-3.4293439388275146,-0.842476487159729,0.3356296420097351,0.9419940114021301,0.3422735631465912,-0.011785406619310379,0.004282563924789429,-0.012539466843008995,-0.0196371328470029,-502.54554010710115,0.0,0.0
12.26,613,0.30090591311454773,0.9536538124084473,0.3056424558162689,-2.458528757095337,-2.5598771572113037,-0.1253945678472519,0.3564675450325012,0.9343076944351196,0.3644843101501465,0.055561624467372894,-0.019346123561263084,0.05884186923503876,-0.05899910798046976,-502.6045392150816,0.0,0.0
12.280000000000001,614,0.25301918387413025,0.9674612879753113,0.25579971075057983,-2.4921369552612305,-1.6804063320159912,0.5884186625480652,0.37579697370529175,0.9267020225524902,0.3852566182613373,0.1227777898311615,-0.040759239345788956,0.12945692241191864,-0.13291928133401568,-502.7374584964156,0.0,0.0
12.3,615,0.20419184863567352,0.9789308905601501,0.2056380808353424,-2.5080809593200684,-0.7972065806388855,1.2945691347122192,0.39356696605682373,0.9192959666252136,0.404508501291275,0.1893751323223114,-0.059634946286678314,0.19887040555477142,-0.21562950522882987,-502.95308800164446,0.0,0.0
12.32,616,0.1548837274312973,0.9879326820373535,0.15550975501537323,-2.5064163208007812,0.08323968946933746,1.9887042045593262,0.40973538160324097,0.9122044444084167,0.4221639633178711,0.25485166907310486,-0.07572828233242035,0.26665419340133667,-0.30620364639838676,-503.25929164804285,0.0,0.0
12.34,617,0.1053672581911087,0.9944334030151367,0.1055632084608078,-2.4973275661468506,0.4544335901737213,2.0,0.42426797747612,0.9055367112159729,0.43815332651138306,0.3189007043838501,-0.08889669179916382,0.33259013295173645,-0.3725901326223177,-503.63188178066514,0.0,0.0
12.36,618,0.05591484159231186,0.9984355568885803,0.05594401806592941,-2.480959415435791,0.8184101581573486,2.0,0.43713751435279846,0.899394690990448,0.45241352915763855,0.381222665309906,-0.09904085844755173,0.39646950364112854,-0.43646950647769883,-504.06835128714283,0.0,0.0
12.38,619,0.006797436624765396,0.9999768733978271,0.006797489244490862,-2.457326650619507,1.1816425323486328,2.0,0.44832292199134827,0.8938716650009155,0.46488824486732483,0.4415254592895508,-0.10610522329807281,0.45809075236320496,-0.4980907538243842,-504.5664420409672,0.0,0.0
12.4,620,-0.04172007367014885,0.9991293549537659,-0.04173218831419945,-2.4264838695526123,1.542137622833252,2.0,0.45780816674232483,0.8890510201454163,0.4755282700061798,0.4995282292366028,-0.11007833480834961,0.5172604322433472,-0.5572604446218485,-505.1237024855891,0.0,0.0
12.42,621,-0.08938323706388474,0.9959973096847534,-0.08950268477201462,-2.3885247707366943,1.8979486227035522,2.0,0.4655815362930298,0.885004997253418,0.48429158329963684,0.5549647808074951,-0.11099231243133545,0.5737942457199097,-0.613794263197425,-505.7374967487865,0.0,0.0
12.44,622,-0.13595198094844818,0.9907154440879822,-0.13637429475784302,-2.343580722808838,2.247206926345825,2.0,0.4716346263885498,0.8817940354347229,0.4911436140537262,0.6075866222381592,-0.1089213639497757,0.6275179386138916,-0.6675179214279423,-506.4050146702144,0.0,0.0
12.46,623,-0.18120406568050385,0.9834455251693726,-0.18221065402030945,-2.2918176651000977,2.588150978088379,2.0,0.475961834192276,0.8794659376144409,0.4960573613643646,0.6571658849716187,-0.10397957265377045,0.6782680153846741,-0.7182679997780104,-507.1232826699924,0.0,0.0
12.48,624,-0.22493793070316315,0.9743731021881104,-0.22687934339046478,-2.2334346771240234,2.919152021408081,2.0,0.4785594642162323,0.8780551552772522,0.49901336431503296,0.7034974098205566,-0.09631793946027756,0.7258927226066589,-0.76589270555695,-507.88917537554937,0.0,0.0
12.5,625,-0.2669748067855835,0.9637035131454468,-0.270252525806427,-2.1686599254608154,3.238734722137451,2.0,0.4794255495071411,0.8775825500488281,0.5,0.7464003562927246,-0.08612094074487686,0.770252525806427,-0.8102525396943855,-508.69942791524375,0.0,0.0
12.52,626,-0.3071601688861847,0.9516578316688538,-0.31220749020576477,-2.097748041152954,3.5455920696258545,2.0,0.4785594642162323,0.8780551552772522,0.49901336431503296,0.785719633102417,-0.07360267639160156,0.8112208843231201,-0.8512208654702235,-509.55064878071397,0.0,0.0
12.540000000000001,627,-0.34536436200141907,0.9384686946868896,-0.3526270389556885,-2.0209760665893555,3.8385965824127197,2.0,0.475961834192276,0.8794659376144409,0.4960573613643646,0.8213261961936951,-0.05900272727012634,0.8486843705177307,-0.8886843748764808,-510.4393331555905,0.0,0.0
12.56,628,-0.3814827501773834,0.9243759512901306,-0.3913998305797577,-1.9386399984359741,4.116805076599121,2.0,0.4716346263885498,0.8817940354347229,0.4911436140537262,0.8531174063682556,-0.042581893503665924,0.8825434446334839,-0.9225434505451486,-511.36187660613564,0.0,0.0
12.58,629,-0.41543489694595337,0.9096229076385498,-0.4284208416938782,-1.851050853729248,4.379458427429199,2.0,0.4655815362930298,0.885004997253418,0.48429158329963684,0.8810164332389832,-0.02461792156100273,0.9127123951911926,-0.9527124233632908,-512.314589029499,0.0,0.0
12.6,630,-0.4471633732318878,0.8944522738456726,-0.46359145641326904,-1.7585313320159912,4.6259765625,2.0,0.45780816674232483,0.8890510201454163,0.4755282700061798,0.9049715399742126,-0.005401290953159332,0.9391197562217712,-0.9791197279395638,-513.2937087574385,0.0,0.0
12.620000000000001,631,-0.47663214802742004,0.8791028261184692,-0.49681970477104187,-1.6614123582839966,4.855949401855469,2.0,0.44832292199134827,0.8938716650009155,0.46488824486732483,0.9249550700187683,0.014768844470381737,0.9617079496383667,-1.0017079599245944,-514.2954167173631,0.0,0.0
12.64,632,-0.5038242936134338,0.8638061881065369,-0.5280203223228455,-1.5600298643112183,5.069124221801758,2.0,0.43713751435279846,0.899394690990448,0.45241352915763855,0.9409617781639099,0.03558850288391113,0.9804338216781616,-1.0204338407759022,-515.315850558139,0.0,0.0
12.66,633,-0.5287394523620605,0.8487842082977295,-0.5571147799491882,-1.4547221660614014,5.265388011932373,2.0,0.42426797747612,0.9055367112159729,0.43815332651138306,0.9530074000358582,0.05675250291824341,0.9952681064605713,-1.0352680968669488,-516.351118655006,0.0,0.0
12.68,634,-0.5513914823532104,0.8342466354370117,-0.5840312838554382,-1.3458271026611328,5.4447526931762695,2.0,0.40973538160324097,0.9122044444084167,0.4221639633178711,0.9611268639564514,0.07795781642198563,1.006195306777954,-1.0461952608552392,-517.3973139158612,0.0,0.0
12.700000000000001,635,-0.571805477142334,0.8203892707824707,-0.6087049245834351,-1.2336804866790771,5.607331275939941,2.0,0.39356696605682373,0.9192959666252136,0.404508501291275,0.9653724431991577,0.09890670329332352,1.0132133960723877,-1.0532134039460832,-518.4505273198073,0.0,0.0
12.72,636,-0.5900148153305054,0.807392418384552,-0.6310771703720093,-1.1186139583587646,5.753321647644043,2.0,0.37579697370529175,0.9267020225524902,0.3852566182613373,0.9658117890357971,0.11930960416793823,1.016333818435669,-1.0563338081274827,-519.5068611279348,0.0,0.0
12.74,637,-0.6060587763786316,0.7954198718070984,-0.6510962843894958,-1.0009543895721436,5.882981777191162,2.0,0.3564675450325012,0.9343076944351196,0.3644843101501465,0.9625263214111328,0.13888783752918243,1.0155805349349976,-1.055580587628132,-520.562441715563,0.0,0.0
12.76,638,-0.6199796199798584,0.7846179008483887,-0.6687167286872864,-0.8810220956802368,5.996613025665283,2.0,0.3356296420097351,0.9419940114021301,0.3422735631465912,0.9556092619895935,0.15737611055374146,1.0109902620315552,-1.050990268790575,-521.6134319843535,0.0,0.0
12.780000000000001,639,-0.6318202614784241,0.7751149535179138,-0.6838993430137634,-0.7591313123703003,6.09453821182251,2.0,0.31334367394447327,0.9496397972106934,0.3187119960784912,0.9451639652252197,0.17452485859394073,1.0026112794876099,-1.042611337285579,-522.6560433216391,0.0,0.0
12.8,640,-0.6416220664978027,0.7670209407806396,-0.6966111063957214,-0.6355896592140198,6.177084922790527,2.0,0.2896801233291626,0.9571235179901123,0.29389262199401855,0.9313021898269653,0.19010256230831146,0.9905037879943848,-1.0305037611524661,-523.6865470827915,0.0,0.0
12.82,641,-0.6494227647781372,0.7604275345802307,-0.7068250775337219,-0.5106982588768005,6.244568824768066,2.0,0.2647198438644409,0.9643253684043884,0.2679134011268616,0.9141426086425781,0.20389780402183533,0.9747384786605835,-1.014738497564724,-524.7012855803563,0.0,0.0
12.84,642,-0.6552550196647644,0.7554077506065369,-0.7145201563835144,-0.38475266098976135,6.297279357910156,2.0,0.2385542392730713,0.9711291790008545,0.24087683856487274,0.8938092589378357,0.21572142839431763,0.9553970098495483,-0.9953969905186841,-525.6966825708749,0.0,0.0
12.86,643,-0.6591448187828064,0.752016007900238,-0.7196810245513916,-0.2580433189868927,6.3354668617248535,2.0,0.21128518879413605,0.9774244427680969,0.2128896415233612,0.8704299926757812,0.2254084348678589,0.9325706362724304,-0.9725706658515437,-526.6692532367265,0.0,0.0
12.88,644,-0.6611106991767883,0.7502883672714233,-0.7222981452941895,-0.13085663318634033,6.359334468841553,2.0,0.18302473425865173,0.9831082820892334,0.18406227231025696,0.8441354036331177,0.23281992971897125,0.9063604474067688,-0.9463604291352756,-527.6156136658618,0.0,0.0
12.9,645,-0.6611628532409668,0.7502424120903015,-0.7223676443099976,-0.0034760551061481237,6.3690290451049805,2.0,0.15389446914196014,0.9880872964859009,0.15450850129127502,0.8150573372840881,0.23784486949443817,0.876876175403595,-0.9168761710834832,-528.5324898369453,0.0,0.0
12.92,646,-0.6593029499053955,0.7518773674964905,-0.719891369342804,0.12381666898727417,6.364635944366455,2.0,0.12402476370334625,0.9922791123390198,0.12434494495391846,0.7833277583122253,0.2404017448425293,0.8442362546920776,-0.8842362841646204,-529.41672612111,0.0,0.0
12.94,647,-0.6555241942405701,0.7551741600036621,-0.7148765325546265,0.2507402300834656,6.3461785316467285,2.0,0.09355364739894867,0.995614230632782,0.0936906561255455,0.7490778565406799,0.24044005572795868,0.8085671663284302,-0.8485671931490087,-530.265293314259,0.0,0.0
12.96,648,-0.6498113870620728,0.760095477104187,-0.7073363065719604,0.37701255083084106,6.3136162757873535,2.0,0.06262560933828354,0.9980370998382568,0.06266661733388901,0.7124370336532593,0.23794160783290863,0.7700029015541077,-0.8100029013400517,-531.075296215599,0.0,0.0
12.98,649,-0.6421420574188232,0.766585648059845,-0.6972892880439758,0.5023495554924011,6.266849517822266,2.0,0.031390100717544556,0.9995071887969971,0.031395260244607925,0.6735321879386902,0.2329215556383133,0.7286845445632935,-0.768684553260614,-531.8439807688596,0.0,0.0
13.0,650,-0.6324871182441711,0.774570882320404,-0.6847600340843201,0.6264640092849731,6.205722332000732,2.0,2.5723772274061606e-15,1.0,2.5723772274061606e-15,0.6324871182441711,0.22542914748191833,0.6847600340843201,-0.7247600135939894,-532.5687407824536,0.0,0.0
13.02,651,-0.6208125352859497,0.7839590311050415,-0.6697787046432495,0.7490646243095398,6.130031585693359,2.0,-0.031390100717544556,0.9995071887969971,-0.031395260244607925,0.5894224047660828,0.21554815769195557,0.6383834481239319,-0.6783834612246872,-533.2471242436783,0.0,0.0
13.040000000000001,652,-0.6070806384086609,0.7946402430534363,-0.6523815989494324,0.8698554039001465,6.039538383483887,2.0,-0.06262560933828354,0.9980370998382568,-0.06266661733388901,0.5444550514221191,0.20339687168598175,0.5897150039672852,-0.6297149963004742,-533.8768392399787,0.0,0.0
13.06,653,-0.5912524461746216,0.8064865469932556,-0.6326109170913696,0.9885349273681641,5.933976173400879,2.0,-0.09355364739894867,0.995614230632782,-0.0936906561255455,0.4976987838745117,0.18912768363952637,0.5389202833175659,-0.5789202573574854,-534.4557594973362,0.0,0.0
13.08,654,-0.5732895135879517,0.8193528652191162,-0.6105149984359741,1.104796290397644,5.813069820404053,2.0,-0.12402476370334625,0.9922791123390198,-0.12434494495391846,0.4492647349834442,0.17292623221874237,0.48617005348205566,-0.5261700447334305,-534.9819295420697,0.0,0.0
13.1,655,-0.5531564950942993,0.8330773711204529,-0.5861484408378601,1.218327283859253,5.676547527313232,2.0,-0.15389446914196014,0.9880872964859009,-0.15450850129127502,0.399262011051178,0.155009925365448,0.4316399395465851,-0.4716399457599568,-535.4535694878297,0.0,0.0
13.120000000000001,656,-0.5308237075805664,0.8474822640419006,-0.5595722198486328,1.328810453414917,5.5241618156433105,2.0,-0.18302473425865173,0.9831082820892334,-0.18406227231025696,0.34779900312423706,0.13562604784965515,0.37550994753837585,-0.41550995659935425,-535.8690794444291,0.0,0.0
13.14,657,-0.5062697529792786,0.8623751401901245,-0.5308537483215332,1.4359246492385864,5.355705261230469,2.0,-0.21128518879413605,0.9774244427680969,-0.2128896415233612,0.2949845790863037,0.11504929512739182,0.317964106798172,-0.3579640950985253,-536.2270435395276,0.0,0.0
13.16,658,-0.4794842004776001,0.8775505423545837,-0.5000668168067932,1.5393452644348145,5.171032428741455,2.0,-0.2385542392730713,0.9711291790008545,-0.24087683856487274,0.24092994630336761,0.09357865899801254,0.25918999314308167,-0.29918999870389845,-536.5262335382315,0.0,0.0
13.18,659,-0.4504701793193817,0.8927914500236511,-0.4672918915748596,1.6387468576431274,4.97007942199707,2.0,-0.2647198438644409,0.9643253684043884,-0.2679134011268616,0.1857503205537796,0.07153388112783432,0.19937850534915924,-0.23937850134242958,-536.765612039574,0.0,0.0
13.200000000000001,660,-0.4192487597465515,0.907871425151825,-0.4326176643371582,1.7337112426757812,4.748219966888428,1.99378502368927,-0.2896801233291626,0.9571235179901123,-0.29389262199401855,0.12956860661506653,0.04925210773944855,0.13872504234313965,-0.17847683310773327,-536.9440888726817,0.0,0.0
13.22,661,-0.38602569699287415,0.9224880337715149,-0.3963194191455841,1.81491219997406,4.060046195983887,1.387250542640686,-0.31334367394447327,0.9496397972106934,-0.3187119960784912,0.07268200069665909,0.02715175971388817,0.07760743796825409,-0.09685207558500247,-537.0409409482668,0.0,0.0
13.24,662,-0.3510380983352661,0.9363611936569214,-0.35867950320243835,1.8819957971572876,3.3541805744171143,0.7760743498802185,-0.3356296420097351,0.9419940114021301,-0.3422735631465912,0.01540845725685358,0.0056328484788537025,0.01640596240758896,-0.022428875651612577,-537.0633698239184,0.0,0.0
13.26,663,-0.31455281376838684,0.94923996925354,-0.3199855089187622,1.9347004890441895,2.635232448577881,0.16405951976776123,-0.3564675450325012,0.9343076944351196,-0.3644843101501465,-0.04191473126411438,-0.014932266436517239,-0.044498808681964874,-0.04476796290417357,-537.1081377868226,0.0,0.0
13.280000000000001,664,-0.27686330676078796,0.9609093070030212,-0.2805282771587372,1.9728610515594482,1.9080299139022827,-0.44498804211616516,-0.37579697370529175,0.9267020225524902,-0.3852566182613373,-0.0989336371421814,-0.034207284450531006,-0.1047283336520195,-0.10670847957266659,-537.2148462663953,0.0,0.0
13.3,665,-0.23828542232513428,0.9711951613426208,-0.24060003459453583,1.9964126348495483,1.1775771379470825,-1.0472832918167114,-0.39356696605682373,0.9192959666252136,-0.404508501291275,-0.15528155863285065,-0.051899224519729614,-0.1639084666967392,-0.17487648702858222,-537.3897227534238,0.0,0.0
13.32,666,-0.1991516798734665,0.9799686670303345,-0.20049217343330383,2.0053927898406982,0.44900599122047424,-1.6390846967697144,-0.40973538160324097,0.9122044444084167,-0.4221639633178711,-0.21058371663093567,-0.06776425242424011,-0.22167178988456726,-0.24853776849016962,-537.638260521914,0.0,0.0
13.34,667,-0.15974102914333344,0.9871589541435242,-0.16042830049991608,2.0031938552856445,-0.10994376987218857,-2.0,-0.42426797747612,0.9055367112159729,-0.43815332651138306,-0.26452693343162537,-0.08162227272987366,-0.2777250409126282,-0.3177250364716452,-537.9559855583857,0.0,0.0
13.36,668,-0.12023277580738068,0.9927457571029663,-0.12052435427904129,1.9951972961425781,-0.39982518553733826,-2.0,-0.43713751435279846,0.899394690990448,-0.45241352915763855,-0.316904753446579,-0.09335104376077652,-0.33188918232917786,-0.37188916901582586,-538.3278747274015,0.0,0.0
13.38,669,-0.08080828934907913,0.9967296719551086,-0.08089649677276611,1.9813932180404663,-0.6902072429656982,-2.0,-0.44832292199134827,0.8938716650009155,-0.46488824486732483,-0.36751461029052734,-0.10285798460245132,-0.3839917480945587,-0.4239917491635354,-538.751866476565,0.0,0.0
13.4,670,-0.04164848104119301,0.9991323351860046,-0.04166053235530853,1.961798071861267,-0.9797552824020386,-2.0,-0.45780816674232483,0.8890510201454163,-0.4755282700061798,-0.4161596894264221,-0.11008132249116898,-0.4338677227497101,-0.4738677256983694,-539.2257342022634,0.0,0.0
13.42,671,-0.002931422321125865,0.9999957084655762,-0.0029314265120774508,1.936455249786377,-1.2671387195587158,-2.0,-0.4655815362930298,0.885004997253418,-0.48429158329963684,-0.4626500904560089,-0.1149907037615776,-0.48136016726493835,-0.5213601539594672,-539.7470943562229,0.0,0.0
13.44,672,0.03517000377178192,0.9993813633918762,0.035177260637283325,1.905434250831604,-1.5510491132736206,-2.0,-0.4716346263885498,0.8817940354347229,-0.4911436140537262,-0.5068046450614929,-0.11758728325366974,-0.5263208746910095,-0.5663208849506137,-540.3134152411735,0.0,0.0
13.46,673,0.07249022275209427,0.997369110584259,0.0725538581609726,1.8688299655914307,-1.8302171230316162,-2.0,-0.475961834192276,0.8794659376144409,-0.4960573613643646,-0.5484520196914673,-0.11790318042039871,-0.568611204624176,-0.608611209595033,-540.9220264507685,0.0,0.0
13.48,674,0.10887284576892853,0.9940556883811951,0.10908908396959305,1.8267613649368286,-2.1034278869628906,-2.0,-0.4785594642162323,0.8780551552772522,-0.49901336431503296,-0.587432324886322,-0.11600053310394287,-0.6081024408340454,-0.6481024513334916,-541.5701289021019,0.0,0.0
13.5,675,0.1441723108291626,0.9895526170730591,0.14467650651931763,1.779370665550232,-2.369535446166992,-2.0,-0.4794255495071411,0.8775825500488281,-0.5,-0.6235978603363037,-0.11197003722190857,-0.6446765065193176,-0.6846765010881031,-542.2548054031901,0.0,0.0
13.52,676,0.17825515568256378,0.9839842915534973,0.17921292781829834,1.7268211841583252,-2.627474308013916,-2.0,-0.4785594642162323,0.8780551552772522,-0.49901336431503296,-0.6568146347999573,-0.10592914372682571,-0.6782262921333313,-0.7182262895784247,-542.9730316927685,0.0,0.0
13.540000000000001,677,0.2110009342432022,0.9774858355522156,0.21259884536266327,1.6692959070205688,-2.876268148422241,-2.0,-0.475961834192276,0.8794659376144409,-0.4960573613643646,-0.6869627833366394,-0.09801991283893585,-0.7086561918258667,-0.7486561930446965,-543.7216878858131,0.0,0.0
13.56,678,0.24230286478996277,0.9702006578445435,0.24473874270915985,1.6069951057434082,-3.1150379180908203,-2.0,-0.4716346263885498,0.8817940354347229,-0.4911436140537262,-0.713937520980835,-0.08840660005807877,-0.7358823418617249,-0.7758823695672055,-544.4975702553803,0.0,0.0
13.58,679,0.27206799387931824,0.9622780084609985,0.2755414545536041,1.5401350259780884,-3.343005657196045,-2.0,-0.4655815362930298,0.885004997253418,-0.48429158329963684,-0.7376495003700256,-0.07727303355932236,-0.759833037853241,-0.7998330243318412,-545.2974032797122,0.0,0.0
13.6,680,0.3002171814441681,0.9538708925247192,0.30492034554481506,1.468945026397705,-3.559495449066162,-2.0,-0.45780816674232483,0.8890510201454163,-0.4755282700061798,-0.7580253481864929,-0.06481986492872238,-0.7804486155509949,-0.8204486033421244,-546.1178518830543,0.0,0.0
13.620000000000001,681,0.3266846835613251,0.94513338804245,0.3327936828136444,1.393666386604309,-3.7639334201812744,-2.0,-0.44832292199134827,0.8938716650009155,-0.46488824486732483,-0.7750076055526733,-0.05126170814037323,-0.7976819276809692,-0.8376819161824941,-546.9555337992368,0.0,0.0
13.64,682,0.3514174222946167,0.9362188577651978,0.3590846657752991,1.314549446105957,-3.9558451175689697,-2.0,-0.43713751435279846,0.899394690990448,-0.45241352915763855,-0.7885549664497375,-0.03682420030236244,-0.8114981651306152,-0.8514981894658394,-547.8070319887026,0.0,0.0
13.66,683,0.374374121427536,0.9272777438163757,0.3837217092514038,1.2318525314331055,-4.134849548339844,-2.0,-0.42426797747612,0.9055367112159729,-0.43815332651138306,-0.798642098903656,-0.02174106240272522,-0.8218750357627869,-0.8618750535248141,-548.6689070422275,0.0,0.0
13.68,684,0.39552417397499084,0.9184555411338806,0.406638503074646,1.1458394527435303,-4.300652027130127,-2.0,-0.40973538160324097,0.9122044444084167,-0.4221639633178711,-0.8052595853805542,-0.006251138169318438,-0.8288024663925171,-0.8688024657119318,-549.5377095079394,0.0,0.0
13.700000000000001,685,0.4148464798927307,0.9098914265632629,0.4277740716934204,1.0567786693572998,-4.453038215637207,-2.0,-0.39356696605682373,0.9192959666252136,-0.404508501291275,-0.8084134459495544,0.009404527954757214,-0.8322826027870178,-0.8722825743444051,-550.4099920822838,0.0,0.0
13.72,686,0.4323279857635498,0.901716411113739,0.4470728933811188,0.9649414420127869,-4.591862201690674,-2.0,-0.37579697370529175,0.9267020225524902,-0.3852566182613373,-0.8081249594688416,0.024985598400235176,-0.832329511642456,-0.8723295278585557,-551.2823216101424,0.0,0.0
13.74,687,0.44796234369277954,0.8940524458885193,0.46448493003845215,0.870600700378418,-4.717038631439209,-2.0,-0.3564675450325012,0.9343076944351196,-0.3644843101501465,-0.8044298887252808,0.040255289524793625,-0.8289692401885986,-0.8689692341231963,-552.1512908442655,0.0,0.0
13.76,688,0.4617486000061035,0.8870108723640442,0.4799655079841614,0.7740300893783569,-4.828530311584473,-2.0,-0.3356296420097351,0.9419940114021301,-0.3422735631465912,-0.7973782420158386,0.05498318746685982,-0.822239100933075,-0.8622390751041006,-553.0135299193696,0.0,0.0
13.780000000000001,689,0.4736896753311157,0.8806918263435364,0.4934755861759186,0.6755032539367676,-4.926341533660889,-2.0,-0.31334367394447327,0.9496397972106934,-0.3187119960784912,-0.7870333194732666,0.06894796341657639,-0.8121875524520874,-0.8521875821791628,-553.8657175015487,0.0,0.0
13.8,690,0.48379120230674744,0.8751834630966187,0.5049814581871033,0.5752931833267212,-5.01050329208374,-2.0,-0.2896801233291626,0.9571235179901123,-0.29389262199401855,-0.7734713554382324,0.08194006234407425,-0.7988740801811218,-0.8388740773849995,-554.7045915789337,0.0,0.0
13.82,691,0.4920603632926941,0.8705610632896423,0.5144549012184143,0.4736718535423279,-5.081067085266113,-2.0,-0.2647198438644409,0.9643253684043884,-0.2679134011268616,-0.756780207157135,0.0937642827630043,-0.7823683023452759,-0.8223682857425335,-555.5269598646762,0.0,0.0
13.84,692,0.49850475788116455,0.8668869733810425,0.5218730568885803,0.3709098994731903,-5.138096809387207,-2.0,-0.2385542392730713,0.9711291790008545,-0.24087683856487274,-0.7370589971542358,0.10424221307039261,-0.7627499103546143,-0.8027499235741555,-556.3297097882504,0.0,0.0
13.86,693,0.5031315684318542,0.8642098307609558,0.5272186398506165,0.2672767639160156,-5.181657791137695,-2.0,-0.21128518879413605,0.9774244427680969,-0.2128896415233612,-0.7144168019294739,0.1132146492600441,-0.7401082515716553,-0.7801082674020441,-557.1098180556525,0.0,0.0
13.88,694,0.505946934223175,0.8625646233558655,0.5304794311523438,0.16304048895835876,-5.211813449859619,-2.0,-0.18302473425865173,0.9831082820892334,-0.18406227231025696,-0.6889716982841492,0.1205437034368515,-0.7145417332649231,-0.7545417076198588,-557.8643597632723,0.0,0.0
13.9,695,0.5069552659988403,0.8619723916053772,0.5316488146781921,0.058468110859394073,-5.228618621826172,-2.0,-0.15389446914196014,0.9880872964859009,-0.15450850129127502,-0.6608496904373169,0.12611490488052368,-0.6861572861671448,-0.7261572906719764,-558.5905170539443,0.0,0.0
13.92,696,0.5061590075492859,0.8624401688575745,0.5307253003120422,-0.04617420583963394,-5.232115745544434,-2.0,-0.12402476370334625,0.9922791123390198,-0.12434494495391846,-0.630183756351471,0.1298389434814453,-0.6550702452659607,-0.6950702529689109,-559.2855873069132,0.0,0.0
13.94,697,0.5035586953163147,0.8639610409736633,0.527712881565094,-0.15062087774276733,-5.2223334312438965,-2.0,-0.09355364739894867,0.995614230632782,-0.0936906561255455,-0.5971123576164246,0.13165321946144104,-0.6214035749435425,-0.6614035492272548,-559.9469908561404,0.0,0.0
13.96,698,0.4991527795791626,0.8665139675140381,0.5226207375526428,-0.25460657477378845,-5.199284553527832,-2.0,-0.06262560933828354,0.9980370998382568,-0.06266661733388901,-0.5617783665657043,0.13152308762073517,-0.5852873921394348,-0.625287377359563,-560.5722782334999,0.0,0.0
13.98,699,0.4929381310939789,0.870064377784729,0.5154634714126587,-0.35786592960357666,-5.162968635559082,-2.0,-0.031390100717544556,0.9995071887969971,-0.031395260244607925,-0.5243282318115234,0.12944284081459045,-0.5468587279319763,-0.5868587014663276,-561.1591369349662,0.0,0.0
14.0,700,0.4849104583263397,0.8745638132095337,0.5062607526779175,-0.4601334035396576,-5.113372325897217,-2.0,-8.572527703398379e-16,1.0,-8.572527703398379e-16,-0.4849104583263397,0.1254361867904663,-0.5062607526779175,-0.5462607739100631,-561.7053977088763,0.0,0.0
14.02,701,0.4750650227069855,0.8799507021903992,0.49503791332244873,-0.5611428618431091,-5.050473690032959,-2.0,0.031390100717544556,0.9995071887969971,0.031395260244607925,-0.4436749219894409,0.11955650895833969,-0.4636426568031311,-0.5036426568924712,-562.2090403657687,0.0,0.0
14.040000000000001,702,0.4633975028991699,0.8861505389213562,0.4818253517150879,-0.6606278419494629,-4.974247932434082,-2.0,0.06262560933828354,0.9980370998382568,0.06266661733388901,-0.4007718861103058,0.11188656091690063,-0.4191587567329407,-0.4591587434217147,-562.6681991091905,0.0,0.0
14.06,703,0.4499049782752991,0.8930764198303223,0.46665892004966736,-0.7583212852478027,-4.884673595428467,-2.0,0.09355364739894867,0.995614230632782,0.0936906561255455,-0.3563513159751892,0.10253781080245972,-0.37296828627586365,-0.41296827706034933,-563.0811673862509,0.0,0.0
14.08,704,0.43458715081214905,0.9006298184394836,0.44957980513572693,-0.8539560437202454,-4.781738758087158,-2.0,0.12402476370334625,0.9922791123390198,0.12434494495391846,-0.3105623722076416,0.09164933115243912,-0.32523486018180847,-0.36523486939802224,-563.4464022556489,0.0,0.0
14.1,705,0.4174474775791168,0.9087010622024536,0.4306344985961914,-0.947265088558197,-4.665451526641846,-2.0,0.15389446914196014,0.9880872964859009,0.15450850129127502,-0.2635529935359955,0.07938623428344727,-0.27612602710723877,-0.3161260138095772,-563.7625282694585,0.0,0.0
14.120000000000001,706,0.39849457144737244,0.9171707034111023,0.4098748564720154,-1.0379819869995117,-4.535847187042236,-2.0,0.18302473425865173,0.9831082820892334,0.18406227231025696,-0.2154698371887207,0.06593761593103409,-0.22581259906291962,-0.2658125937517237,-564.0283408632102,0.0,0.0
14.14,707,0.37774351239204407,0.9259102940559387,0.38735803961753845,-1.1258419752120972,-4.392999649047852,-2.0,0.21128518879413605,0.9774244427680969,0.2128896415233612,-0.16645832359790802,0.05151417851448059,-0.17446838319301605,-0.21446838363258708,-564.2428092468429,0.0,0.0
14.16,708,0.3552887737751007,0.9347565770149231,0.36322298645973206,-1.206752896308899,-4.045541763305664,-1.744683861732483,0.2385542392730713,0.9711291790008545,0.24087683856487274,-0.11673452705144882,0.036372579634189606,-0.12234613299369812,-0.15278535337996688,-564.3955946002228,0.0,0.0
14.18,709,0.3313116133213043,0.9435213804244995,0.33769336342811584,-1.2764804363250732,-3.486379861831665,-1.223461389541626,0.2647198438644409,0.9643253684043884,0.2679134011268616,-0.0665917620062828,0.020803969353437424,-0.06977996230125427,-0.08474854163957397,-564.4803431418624,0.0,0.0
14.200000000000001,710,0.3060094118118286,0.9520285129547119,0.31099849939346313,-1.334742546081543,-2.913106918334961,-0.6977996230125427,0.2896801233291626,0.9571235179901123,0.29389262199401855,-0.016329264268279076,0.005095022264868021,-0.017105884850025177,-0.021975127579978417,-564.5023182694423,0.0,0.0
14.22,711,0.2795945405960083,0.9601181745529175,0.28337177634239197,-1.3813366889953613,-2.3297054767608643,-0.17105889320373535,0.31334367394447327,0.9496397972106934,0.3187119960784912,0.03374914452433586,-0.010478373616933823,0.03534021973609924,-0.03563282987571277,-564.537951099318,0.0,0.0
14.24,712,0.2522927522659302,0.9676509499549866,0.255048930644989,-1.4161419868469238,-1.7402650117874146,0.35340219736099243,0.3356296420097351,0.9419940114021301,0.3422735631465912,0.08333686739206314,-0.025656921789050102,0.08722461760044098,-0.08847354792733246,-564.6264246472454,0.0,0.0
14.26,713,0.2243407666683197,0.9745107293128967,0.2262665182352066,-1.439121127128601,-1.148953914642334,0.872246265411377,0.3564675450325012,0.9343076944351196,0.3644843101501465,0.13212676346302032,-0.040203046053647995,0.13821780681610107,-0.14582593495319832,-564.7722505821986,0.0,0.0
14.280000000000001,714,0.19598330557346344,0.9806072115898132,0.19726009666919708,-1.450320839881897,-0.5599867105484009,1.3821779489517212,0.37579697370529175,0.9267020225524902,0.3852566182613373,0.17981365323066711,-0.05390520766377449,0.1879965215921402,-0.20710068270930013,-564.9793512649079,0.0,0.0
14.3,715,0.167469784617424,0.9858772158622742,0.16826264560222626,-1.4498724937438965,0.022413792088627815,1.8799651861190796,0.39356696605682373,0.9192959666252136,0.404508501291275,0.22609718143939972,-0.06658126413822174,0.23624585568904877,-0.2715885421685783,-565.2509398070765,0.0,0.0
14.32,716,0.13894309103488922,0.9903003573417664,0.13939407467842102,-1.4434282779693604,0.32221126556396484,2.0,0.40973538160324097,0.9122044444084167,0.4221639633178711,0.27079227566719055,-0.078095942735672,0.2827698886394501,-0.3227698825325999,-565.5737096896091,0.0,0.0
14.34,717,0.11051206290721893,0.9938747882843018,0.11073825508356094,-1.4327912330627441,0.5318547487258911,2.0,0.42426797747612,0.9055367112159729,0.43815332651138306,0.31375589966773987,-0.08833809942007065,0.3274150788784027,-0.36741508443392495,-565.941124774043,0.0,0.0
14.36,718,0.08228554576635361,0.9966087937355042,0.08237868547439575,-1.4179785251617432,0.7406371831893921,2.0,0.43713751435279846,0.899394690990448,0.45241352915763855,0.35485196113586426,-0.09721411764621735,0.3700348436832428,-0.4100348404127511,-566.3511596144558,0.0,0.0
14.38,719,0.05437139421701431,0.9985207915306091,0.05439822003245354,-1.3990232944488525,0.9477583169937134,2.0,0.44832292199134827,0.8938716650009155,0.46488824486732483,0.39395150542259216,-0.10464910417795181,0.4104900360107422,-0.450490023569496,-566.8016496380253,0.0,0.0
14.4,720,0.026875486597418785,0.9996387958526611,0.02687872387468815,-1.3759747743606567,1.1524258852005005,2.0,0.45780816674232483,0.8890510201454163,0.4755282700061798,0.4309326708316803,-0.11058778315782547,0.448649525642395,-0.4886495348826007,-567.2902991729079,0.0,0.0
14.42,721,-9.922777826432139e-05,1.0,-9.922777826432139e-05,-1.3488975763320923,1.3538626432418823,2.0,0.4655815362930298,0.885004997253418,0.48429158329963684,0.4656807482242584,-0.11499499529600143,0.4843907952308655,-0.5243908083448255,-567.8146899812527,0.0,0.0
14.44,722,-0.026453567668795586,0.9996500611305237,-0.02645665407180786,-1.317871332168579,1.5513137578964233,2.0,0.4716346263885498,0.8817940354347229,0.4911436140537262,0.49808821082115173,-0.1178559809923172,0.5176002979278564,-0.5576002786996994,-568.3722902599525,0.0,0.0
14.46,723,-0.05209286883473396,0.9986422657966614,-0.052116457372903824,-1.2829902172088623,1.7440522909164429,2.0,0.475961834192276,0.8794659376144409,0.4960573613643646,0.5280547142028809,-0.11917629837989807,0.5481737852096558,-0.5881738086304906,-568.960464068583,0.0,0.0
14.48,724,-0.07692763209342957,0.9970366954803467,-0.07700370997190475,-1.244362473487854,1.9313853979110718,2.0,0.4785594642162323,0.8780551552772522,0.49901336431503296,0.5554870963096619,-0.11898152530193329,0.5760170817375183,-0.6160170726592025,-569.5764811412422,0.0,0.0
14.5,725,-0.10087402909994125,0.9948992133140564,-0.10104589909315109,-1.2021093368530273,2.112658739089966,2.0,0.4794255495071411,0.8775825500488281,0.5,0.5802995562553406,-0.11731664091348648,0.6010459065437317,-0.6410458954604763,-570.2175270367027,0.0,0.0
14.52,726,-0.12385432422161102,0.9923003911972046,-0.12417317926883698,-1.1563642024993896,2.287259817123413,2.0,0.4785594642162323,0.8780551552772522,0.49901336431503296,0.6024137735366821,-0.11424525827169418,0.6231865286827087,-0.6631865427730159,-570.8807135794757,0.0,0.0
14.540000000000001,727,-0.14579707384109497,0.9893144965171814,-0.14631861448287964,-1.107271671295166,2.4546217918395996,2.0,0.475961834192276,0.8794659376144409,0.4960573613643646,0.6217588782310486,-0.10984857380390167,0.6423759460449219,-0.6823759635867981,-571.5630895430625,0.0,0.0
14.56,728,-0.1666373610496521,0.9860182404518127,-0.16741836071014404,-1.0549871921539307,2.614224672317505,2.0,0.4716346263885498,0.8817940354347229,0.4911436140537262,0.6382719874382019,-0.10422419011592865,0.6585620045661926,-0.6985619827853184,-572.2616515258478,0.0,0.0
14.58,729,-0.18631669878959656,0.9824897646903992,-0.1874118596315384,-0.9996752738952637,2.765596389770508,2.0,0.4655815362930298,0.885004997253418,0.48429158329963684,0.651898205280304,-0.09748473763465881,0.6717034578323364,-0.7117034439163712,-572.9733549697642,0.0,0.0
14.6,730,-0.20478303730487823,0.9788073897361755,-0.20624203979969025,-0.9415090084075928,2.908313035964966,2.0,0.45780816674232483,0.8890510201454163,0.4755282700061798,0.6625912189483643,-0.08975638449192047,0.6817703247070312,-0.7217703022409994,-573.6951252720052,0.0,0.0
14.620000000000001,731,-0.22199049592018127,0.975048840045929,-0.2238554209470749,-0.8806690573692322,3.0419979095458984,2.0,0.44832292199134827,0.8938716650009155,0.46488824486732483,0.6703134179115295,-0.08117715269327164,0.6887436509132385,-0.7287436686581524,-574.4238689406633,0.0,0.0
14.64,732,-0.23789910972118378,0.971289873123169,-0.24020227789878845,-0.8173426985740662,3.1663200855255127,2.0,0.43713751435279846,0.899394690990448,0.45241352915763855,0.675036609172821,-0.07189518958330154,0.692615807056427,-0.7326158055135679,-575.1564847461768,0.0,0.0
14.66,733,-0.25247448682785034,0.9676035642623901,-0.25523674488067627,-0.7517228126525879,3.2809929847717285,2.0,0.42426797747612,0.9055367112159729,0.43815332651138306,0.676742434501648,-0.06206686794757843,0.6933900713920593,-0.7333900756683966,-575.8898748218452,0.0,0.0
14.68,734,-0.26568740606307983,0.9640592336654663,-0.26891687512397766,-0.6840074062347412,3.385770559310913,2.0,0.40973538160324097,0.9122044444084167,0.4221639633178711,0.6754227876663208,-0.05185480788350105,0.6910808682441711,-0.7310808465206956,-576.6209556683659,0.0,0.0
14.700000000000001,735,-0.27751338481903076,0.9607217907905579,-0.28120484948158264,-0.6143984794616699,3.480445384979248,2.0,0.39356696605682373,0.9192959666252136,0.404508501291275,0.6710803508758545,-0.04142582416534424,0.6857133507728577,-0.7257133509377449,-577.3466690193037,0.0,0.0
14.72,736,-0.2879321873188019,0.9576507806777954,-0.29206687211990356,-0.5431016087532043,3.5648446083068848,2.0,0.37579697370529175,0.9267020225524902,0.3852566182613373,0.6637291312217712,-0.03094877302646637,0.6773235201835632,-0.717323507267029,-578.0639925265707,0.0,0.0
14.74,737,-0.29692745208740234,0.9549000263214111,-0.30147337913513184,-0.4703250527381897,3.638827323913574,2.0,0.3564675450325012,0.9343076944351196,0.3644843101501465,0.6533949971199036,-0.020592326298356056,0.6659576892852783,-0.7059577007487431,-578.7699502273194,0.0,0.0
14.76,738,-0.3044862151145935,0.9525167346000671,-0.30939897894859314,-0.3962794244289398,3.7022809982299805,2.0,0.3356296420097351,0.9419940114021301,0.3422735631465912,0.6401158571243286,-0.01052271667867899,0.6516725420951843,-0.6916725287536147,-579.4616227560731,0.0,0.0
14.780000000000001,739,-0.3105984032154083,0.9505411982536316,-0.3158225119113922,-0.32117709517478943,3.755117654800415,2.0,0.31334367394447327,0.9496397972106934,0.3187119960784912,0.6239420771598816,-0.0009014339302666485,0.6345345377922058,-0.6745345123194758,-580.1361572683926,0.0,0.0
14.8,740,-0.3152567148208618,0.9490064382553101,-0.32072713971138,-0.24523164331912994,3.797271966934204,2.0,0.2896801233291626,0.9571235179901123,0.29389262199401855,0.6049368381500244,0.008117083460092545,0.614619791507721,-0.6546197764616803,-580.7907770448543,0.0,0.0
14.82,741,-0.3184560537338257,0.9479376077651978,-0.3241003155708313,-0.16865769028663635,3.828697443008423,2.0,0.2647198438644409,0.9643253684043884,0.2679134011268616,0.5831758975982666,0.016387736424803734,0.5920137166976929,-0.6320137016906355,-581.4227907465449,0.0,0.0
14.84,742,-0.32019346952438354,0.9473521709442139,-0.3259337246417999,-0.09167039394378662,3.849365234375,2.0,0.2385542392730713,0.9711291790008545,0.24087683856487274,0.5587477087974548,0.023777004331350327,0.5668105483055115,-0.6068105490895745,-582.0296012956345,0.0,0.0
14.86,743,-0.32046791911125183,0.9472593665122986,-0.3262234032154083,-0.014485168270766735,3.8592612743377686,2.0,0.21128518879413605,0.9774244427680969,0.2128896415233612,0.5317531228065491,0.030165087431669235,0.5391130447387695,-0.5791130611929873,-582.6087143568275,0.0,0.0
14.88,744,-0.31928014755249023,0.9476603865623474,-0.3249697685241699,0.06268254667520523,3.8583858013153076,2.0,0.18302473425865173,0.9831082820892334,0.18406227231025696,0.5023048520088196,0.03544792905449867,0.5090320110321045,-0.5490320407669489,-583.1577463975945,0.0,0.0
14.9,745,-0.3166326880455017,0.9485481977462769,-0.3221774101257324,0.13961760699748993,3.846752882003784,2.0,0.15389446914196014,0.9880872964859009,0.15450850129127502,0.47052717208862305,0.03953906148672104,0.47668591141700745,-0.5166859094332182,-583.6744323070277,0.0,0.0
14.92,746,-0.3125300109386444,0.9499078989028931,-0.3178552985191345,0.2161054015159607,3.8243894577026367,2.0,0.12402476370334625,0.9922791123390198,0.12434494495391846,0.43655478954315186,0.0423712395131588,0.442200243473053,-0.48220024790645905,-584.1566325549342,0.0,0.0
14.94,747,-0.3069785535335541,0.951716423034668,-0.31201666593551636,0.2919321060180664,3.7913355827331543,2.0,0.09355364739894867,0.995614230632782,0.0936906561255455,0.40053218603134155,0.043897807598114014,0.40570732951164246,-0.4457073194342589,-584.6023398743685,0.0,0.0
14.96,748,-0.29998692870140076,0.9539433121681213,-0.30467894673347473,0.36688506603240967,3.747647285461426,2.0,0.06262560933828354,0.9980370998382568,0.06266661733388901,0.3626125454902649,0.0440937802195549,0.36734557151794434,-0.40734557785027503,-585.0096854522187,0.0,0.0
14.98,749,-0.29156631231307983,0.9565505981445312,-0.29586389660835266,0.44075295329093933,3.6933956146240234,2.0,0.031390100717544556,0.9995071887969971,0.031395260244607925,0.3229564130306244,0.04295659437775612,0.3272591531276703,-0.36725916147756715,-585.3769446136963,0.0,0.0
15.0,750,-0.28173068165779114,0.9594935178756714,-0.28559738397598267,0.5133264064788818,3.6286709308624268,2.0,-8.57871739666044e-16,1.0,-8.57871739666044e-16,0.28173068165779114,0.040506474673748016,0.28559738397598267,-0.3255973739590981,-585.7025419876554,0.0,0.0
15.02,751,-0.2704971730709076,0.9627207517623901,-0.27390941977500916,0.584398090839386,3.5535836219787598,2.0,-0.031390100717544556,0.9995071887969971,-0.031395260244607925,0.23910705745220184,0.036786437034606934,0.24251414835453033,-0.2825141529511654,-585.9850561406066,0.0,0.0
15.040000000000001,752,-0.2578865587711334,0.9661751985549927,-0.2608341574668884,0.6537634134292603,3.4682679176330566,2.0,-0.06262560933828354,0.9980370998382568,-0.06266661733388901,0.19526095688343048,0.031861890107393265,0.19816753268241882,-0.23816752749885547,-586.2232236681054,0.0,0.0
15.06,753,-0.24392904341220856,0.9697930812835693,-0.24641521275043488,0.7209462523460388,3.3591408729553223,1.9816752672195435,-0.09355364739894867,0.995614230632782,-0.0936906561255455,0.1503753960132599,0.025821156799793243,0.15272456407546997,-0.19199493098160242,-586.4152185990871,0.0,0.0
15.08,754,-0.2287866175174713,0.9734765887260437,-0.2308310568332672,0.7792083621025085,2.913106679916382,1.5272456407546997,-0.12402476370334625,0.9922791123390198,-0.12434494495391846,0.10476185381412506,0.018802525475621223,0.10648611187934875,-0.12981090082472954,-586.5450294999118,0.0,0.0
15.1,755,-0.21263006329536438,0.9771327972412109,-0.21426579356193542,0.8282628059387207,2.4527230262756348,1.0648610591888428,-0.15389446914196014,0.9880872964859009,-0.15450850129127502,0.05873560160398483,0.010954517871141434,0.059757299721241,-0.07109658937685585,-586.6161260892887,0.0,0.0
15.120000000000001,756,-0.19563794136047363,0.9806761741638184,-0.1969079226255417,0.8678937554359436,1.9815455675125122,0.597572922706604,-0.18302473425865173,0.9831082820892334,-0.18406227231025696,0.012613211758434772,0.0024321165401488543,0.012845644727349281,-0.01641657858092875,-586.6325426678696,0.0,0.0
15.14,757,-0.1779952198266983,0.9840313792228699,-0.1789487600326538,0.8979578018188477,1.5032025575637817,0.1284564882516861,-0.21128518879413605,0.9774244427680969,-0.2128896415233612,-0.033289965242147446,-0.0066068945452570915,-0.0339408814907074,-0.03410589159538683,-586.666648559465,0.0,0.0
15.16,758,-0.15989181399345398,0.9871345162391663,-0.1605810672044754,0.9183852076530457,1.0213698148727417,-0.3394087553024292,-0.2385542392730713,0.9711291790008545,-0.24087683856487274,-0.07866241782903671,-0.016005368903279305,-0.08029577881097794,-0.08144775907262772,-586.7480963185376,0.0,0.0
15.18,759,-0.14152075350284576,0.9899352788925171,-0.14199745655059814,0.9291800856590271,0.5397462844848633,-0.8029577732086182,-0.2647198438644409,0.9643253684043884,-0.2679134011268616,-0.12319909781217575,-0.025609929114580154,-0.12591594457626343,-0.13236335058098475,-586.8804596691185,0.0,0.0
15.200000000000001,760,-0.1230761855840683,0.9923972487449646,-0.12338904291391373,0.9304206371307373,0.062025099992752075,-1.2591594457626343,-0.2896801233291626,0.9571235179901123,-0.29389262199401855,-0.1666039526462555,-0.0352737121284008,-0.17050358653068542,-0.18635840422864397,-587.0668180733471,0.0,0.0
15.22,761,-0.10475136339664459,0.9944984316825867,-0.1049438863992691,0.9222579002380371,-0.4081345498561859,-1.7050358057022095,-0.31334367394447327,0.9496397972106934,-0.3187119960784912,-0.20859231054782867,-0.044858649373054504,-0.2137681096792221,-0.24283957621687788,-587.309657649564,0.0,0.0
15.24,762,-0.08669530600309372,0.9962348937988281,-0.08680427819490433,0.9069803953170776,-0.7638764977455139,-2.0,-0.3356296420097351,0.9419940114021301,-0.3422735631465912,-0.2489343285560608,-0.05424084514379501,-0.25546926259994507,-0.29546927295687025,-587.6051269225209,0.0,0.0
15.26,763,-0.06896834075450897,0.9976188540458679,-0.06902313232421875,0.8890573978424072,-0.8961510062217712,-2.0,-0.3564675450325012,0.9343076944351196,-0.3644843101501465,-0.28749918937683105,-0.0633111372590065,-0.29546117782592773,-0.33546118121596363,-587.9405881037368,0.0,0.0
15.280000000000001,764,-0.051629383116960526,0.9986662864685059,-0.051652345806360245,0.8685392737388611,-1.0259051322937012,-2.0,-0.37579697370529175,0.9267020225524902,-0.3852566182613373,-0.3241675794124603,-0.07196428626775742,-0.33360427618026733,-0.3736042743668166,-588.3141923781036,0.0,0.0
15.3,765,-0.03473565727472305,0.999396562576294,-0.03474264591932297,0.8454851508140564,-1.1527070999145508,-2.0,-0.39356696605682373,0.9192959666252136,-0.404508501291275,-0.3588313162326813,-0.08010058850049973,-0.36976584792137146,-0.4097658528230936,-588.7239582309267,0.0,0.0
15.32,766,-0.01834236830472946,0.9998317360877991,-0.018343396484851837,0.8199623823165894,-1.2761380672454834,-2.0,-0.40973538160324097,0.9122044444084167,-0.4221639633178711,-0.3913930058479309,-0.0876273363828659,-0.40382057428359985,-0.44382056580025236,-589.1677787967269,0.0,0.0
15.34,767,-0.0025024646893143654,0.9999968409538269,-0.0025024674832820892,0.7920464873313904,-1.3957946300506592,-2.0,-0.42426797747612,0.9055367112159729,-0.43815332651138306,-0.4217655062675476,-0.09446018189191818,-0.43565088510513306,-0.47565087263906103,-589.643429669366,0.0,0.0
15.36,768,0.012733601965010166,0.9999189376831055,0.012733946554362774,0.7618206739425659,-1.5112898349761963,-2.0,-0.43713751435279846,0.899394690990448,-0.45241352915763855,-0.44987112283706665,-0.10052424669265747,-0.465147465467453,-0.5051474724746683,-590.1485771418406,0.0,0.0
15.38,769,0.027318058535456657,0.9996268153190613,0.027321457862854004,0.7293755412101746,-1.622255802154541,-2.0,-0.44832292199134827,0.8938716650009155,-0.46488824486732483,-0.4756409525871277,-0.10575512051582336,-0.49220970273017883,-0.5322097005091063,-590.6807868423498,0.0,0.0
15.4,770,0.041205961257219315,0.9991506934165955,0.041217632591724396,0.6948086619377136,-1.728344202041626,-2.0,-0.45780816674232483,0.8890510201454163,-0.4755282700061798,-0.49901410937309265,-0.1100996658205986,-0.5167458653450012,-0.5567458893558699,-591.2375327317056,0.0,0.0
15.42,771,0.05435531213879585,0.9985216856002808,0.05438211187720299,0.6582241058349609,-1.829228162765503,-2.0,-0.4655815362930298,0.885004997253418,-0.48429158329963684,-0.5199368596076965,-0.1135166585445404,-0.5386736989021301,-0.5786736941410676,-591.8162064258468,0.0,0.0
15.44,772,0.06672713905572891,0.9977712631225586,0.06677675247192383,0.6197320818901062,-1.9246026277542114,-2.0,-0.4716346263885498,0.8817940354347229,-0.4911436140537262,-0.5383617877960205,-0.1159771978855133,-0.5579203963279724,-0.5979203802631897,-592.41412680611,0.0,0.0
15.46,773,0.07828553766012192,0.9969309568405151,0.07836572080850601,0.5794483423233032,-2.0141849517822266,-2.0,-0.475961834192276,0.8794659376144409,-0.4960573613643646,-0.5542473793029785,-0.11746503412723541,-0.57442307472229,-0.6144230729294577,-593.0285498790394,0.0,0.0
15.48,774,0.08899769932031631,0.9960318207740784,0.08911560475826263,0.5374940633773804,-2.097715139389038,-2.0,-0.4785594642162323,0.8780551552772522,-0.49901336431503296,-0.567557156085968,-0.11797668039798737,-0.5881289839744568,-0.6281289677983773,-593.6566788468377,0.0,0.0
15.5,775,0.09883388876914978,0.9951039552688599,0.09899549931287766,0.49399492144584656,-2.1749565601348877,-2.0,-0.4794255495071411,0.8775825500488281,-0.5,-0.5782594084739685,-0.11752138286828995,-0.5989955067634583,-0.6389955022626091,-594.2956743491003,0.0,0.0
15.52,776,0.10776742547750473,0.9941761493682861,0.10797712206840515,0.44908103346824646,-2.245695114135742,-2.0,-0.4785594642162323,0.8780551552772522,-0.49901336431503296,-0.5863268971443176,-0.11612097918987274,-0.6069905161857605,-0.6469904871016172,-594.9426648362019,0.0,0.0
15.540000000000001,777,0.11577463895082474,0.99327552318573,0.1160348504781723,0.4028862416744232,-2.309739351272583,-2.0,-0.475961834192276,0.8794659376144409,-0.4960573613643646,-0.5917364358901978,-0.11380956321954727,-0.6120921969413757,-0.6520921984177613,-595.5947570346196,0.0,0.0
15.56,778,0.12283479422330856,0.9924271106719971,0.12314580380916595,0.35554784536361694,-2.366920232772827,-2.0,-0.4716346263885498,0.8817940354347229,-0.4911436140537262,-0.594469428062439,-0.11063306778669357,-0.614289402961731,-0.654289429941274,-596.2490464645609,0.0,0.0
15.58,779,0.12893003225326538,0.9916536808013916,0.1292899250984192,0.30720603466033936,-2.4170899391174316,-2.0,-0.4655815362930298,0.885004997253418,-0.48429158329963684,-0.5945115685462952,-0.10664869844913483,-0.6135814785957336,-0.6535815059479266,-596.9026279705089,0.0,0.0
15.6,780,0.1340452879667282,0.9909752011299133,0.1344500035047531,0.2580035924911499,-2.46012282371521,-2.0,-0.45780816674232483,0.8890510201454163,-0.4755282700061798,-0.5918534398078918,-0.10192420333623886,-0.6099782586097717,-0.6499782551776087,-597.5526062256865,0.0,0.0
15.620000000000001,781,0.13816826045513153,0.9904087781906128,0.13861170411109924,0.2080853134393692,-2.49591326713562,-2.0,-0.44832292199134827,0.8938716650009155,-0.46488824486732483,-0.5864911675453186,-0.09653709828853607,-0.6034999489784241,-0.6434999462724784,-598.1961061719591,0.0,0.0
15.64,782,0.14128929376602173,0.9899683594703674,0.14176365733146667,0.15759779512882233,-2.524376153945923,-2.0,-0.43713751435279846,0.899394690990448,-0.45241352915763855,-0.5784268379211426,-0.09057366847991943,-0.5941771864891052,-0.6341771853700663,-598.8302833573291,0.0,0.0
15.66,783,0.1434013545513153,0.989664614200592,0.14389744400978088,0.10668887197971344,-2.5454459190368652,-2.0,-0.42426797747612,0.9055367112159729,-0.43815332651138306,-0.5676693320274353,-0.08412793278694153,-0.5820508003234863,-0.6220507765903327,-599.4523341339194,0.0,0.0
15.68,784,0.14449992775917053,0.9895048141479492,0.14500758051872253,0.055507346987724304,-2.5590763092041016,-2.0,-0.40973538160324097,0.9122044444084167,-0.4221639633178711,-0.5542353391647339,-0.07730038464069366,-0.567171573638916,-0.6071715462473428,-600.0595056801667,0.0,0.0
15.700000000000001,785,0.1445831060409546,0.989492654800415,0.14509163796901703,0.004202550742775202,-2.565239906311035,-2.0,-0.39356696605682373,0.9192959666252136,-0.404508501291275,-0.5381500720977783,-0.0701967105269432,-0.5496001243591309,-0.5896001316968995,-600.6491058118636,0.0,0.0
15.72,786,0.14365141093730927,0.9896283745765686,0.14415010809898376,-0.04707600548863411,-2.56392765045166,-2.0,-0.37579697370529175,0.9267020225524902,-0.3852566182613373,-0.5194483995437622,-0.06292632222175598,-0.529406726360321,-0.5694067358029884,-601.2185125476666,0.0,0.0
15.74,787,0.14170792698860168,0.9899085164070129,0.14218653738498688,-0.09817900508642197,-2.555149793624878,-2.0,-0.3564675450325012,0.9343076944351196,-0.3644843101501465,-0.4981754422187805,-0.05560080334544182,-0.5066708326339722,-0.5466708480694905,-601.7651833957361,0.0,0.0
15.76,788,0.13875821232795715,0.9903262853622437,0.1392073780298233,-0.14895768463611603,-2.5389342308044434,-2.0,-0.3356296420097351,0.9419940114021301,-0.3422735631465912,-0.4743878245353699,-0.04833225905895233,-0.4814809262752533,-0.521480933541406,-602.2866643292775,0.0,0.0
15.780000000000001,789,0.13481038808822632,0.9908714294433594,0.13522209227085114,-0.19926424324512482,-2.5153276920318604,-2.0,-0.31334367394447327,0.9496397972106934,-0.3187119960784912,-0.4481540620326996,-0.04123162105679512,-0.45393410325050354,-0.4939340906334017,-602.7805984199109,0.0,0.0
15.8,790,0.12987513840198517,0.9915303587913513,0.13024304807186127,-0.24895213544368744,-2.4843950271606445,-2.0,-0.2896801233291626,0.9571235179901123,-0.29389262199401855,-0.41955527663230896,-0.03440684452652931,-0.424135684967041,-0.4641356790947059,-603.2447340990057,0.0,0.0
15.82,791,0.1239657998085022,0.9922865033149719,0.12428551912307739,-0.2978765666484833,-2.446220636367798,-2.0,-0.2647198438644409,0.9643253684043884,-0.2679134011268616,-0.3886856436729431,-0.027961131185293198,-0.39219892024993896,-0.4321989193700279,-603.6769330183757,0.0,0.0
15.84,792,0.1170983538031578,0.9931203126907349,0.11736762523651123,-0.3458947241306305,-2.4009079933166504,-2.0,-0.2385542392730713,0.9711291790008545,-0.24087683856487274,-0.3556526005268097,-0.021991148591041565,-0.35824447870254517,-0.39824446466793656,-604.0751774830437,0.0,0.0
15.860000000000001,793,0.10929154604673386,0.9940097332000732,0.10951030254364014,-0.392866313457489,-2.3485801219940186,-2.0,-0.21128518879413605,0.9774244427680969,-0.2128896415233612,-0.3205767273902893,-0.016585279256105423,-0.32239994406700134,-0.36239994710249124,-604.4375774301462,0.0,0.0
15.88,794,0.10056693106889725,0.9949302673339844,0.10073722153902054,-0.4386539161205292,-2.2893800735473633,-2.0,-0.18302473425865173,0.9831082820892334,-0.18406227231025696,-0.2835916578769684,-0.011821986176073551,-0.2847994863986969,-0.3247994993320579,-604.7623769294783,0.0,0.0
15.9,795,0.09094890207052231,0.9958555698394775,0.09107475727796555,-0.4831233620643616,-2.2234716415405273,-2.0,-0.15389446914196014,0.9880872964859009,-0.15450850129127502,-0.24484337866306305,-0.007768270559608936,-0.24558325111865997,-0.28558325318249106,-605.0479601826607,0.0,0.0
15.92,796,0.08046478778123856,0.996757447719574,0.0805518701672554,-0.5261441469192505,-2.1510393619537354,-2.0,-0.12402476370334625,0.9922791123390198,-0.12434494495391846,-0.2044895440340042,-0.00447832839563489,-0.20489682257175446,-0.244896816810712,-605.2928569994715,0.0,0.0
15.94,797,0.06914485991001129,0.997606635093689,0.0692000761628151,-0.5675899386405945,-2.072289228439331,-2.0,-0.09355364739894867,0.995614230632782,-0.0936906561255455,-0.16269850730895996,-0.0019923902582377195,-0.1628907322883606,-0.2028907320396742,-605.4957477315112,0.0,0.0
15.96,798,0.057133495807647705,0.9983665347099304,0.05716462433338165,-0.6017724871635437,-1.7091292142868042,-1.628907322883606,-0.06262560933828354,0.9980370998382568,-0.06266661733388901,-0.11975910514593124,-0.0003294576599728316,-0.11983124166727066,-0.1463646315883961,-605.6421123630996,0.0,0.0
15.98,799,0.04459576681256294,0.999005138874054,0.04461056366562843,-0.627703070640564,-1.2965275049209595,-1.1983124017715454,-0.031390100717544556,0.9995071887969971,-0.031395260244607925,-0.0759858712553978,0.0005020954995416105,-0.07600582391023636,-0.0903653497491179,-605.7324777128488,0.0,0.0
16.0,800,0.03170134127140045,0.9994974136352539,0.03170665353536606,-0.6451954245567322,-0.8746181726455688,-0.7600582242012024,-9.797174820681343e-16,1.0,-9.797174820681343e-16,-0.03170134127140045,0.0005026138969697058,-0.03170665353536606,-0.037483540241679394,-605.7699612530904,0.0,0.0
16.02,801,0.018622931092977524,0.9998265504837036,0.01862400770187378,-0.6541323661804199,-0.44684770703315735,-0.3170665502548218,0.031390100717544556,0.9995071887969971,0.031395260244607925,0.012767171487212181,-0.0003193688753526658,0.012771252542734146,-0.013776564247165673,-605.7837378173375,0.0,0.0
16.04,802,0.005534650292247534,0.9999846816062927,0.005534678231924772,-0.654466450214386,-0.016703853383660316,0.12771253287792206,0.06262560933828354,0.9980370998382568,0.06266661733388901,0.05709095671772957,-0.001947593642398715,0.05713193863630295,-0.057295043249841804,-605.8410328605873,0.0,0.0
16.06,803,-0.007389659062027931,0.9999727010726929,-0.0073897261172533035,-0.6462202072143555,0.4123108386993408,0.5713194012641907,0.09355364739894867,0.995614230632782,0.0936906561255455,0.10094330459833145,-0.004358456004410982,0.10108038038015366,-0.10434444202857843,-605.945377302616,0.0,0.0
16.080000000000002,804,-0.019978119060397148,0.999800443649292,-0.0199794489890337,-0.6294861435890198,0.8367055654525757,1.0108038187026978,0.12402476370334625,0.9922791123390198,0.12434494495391846,0.14400288462638855,-0.007521294057369232,0.144324392080307,-0.15454163608958463,-606.0999189387055,0.0,0.0
16.1,805,-0.03206246346235275,0.9994858503341675,-0.03206796199083328,-0.6044255495071411,1.2530276775360107,1.4432439804077148,0.15389446914196014,0.9880872964859009,0.15450850129127502,0.1859569400548935,-0.011398577131330967,0.1865764558315277,-0.20740598804199128,-606.3073249267475,0.0,0.0
16.12,806,-0.04347960650920868,0.9990543127059937,-0.04349331557750702,-0.5712677836418152,1.6578890085220337,1.8657646179199219,0.18302473425865173,0.9831082820892334,0.18406227231025696,0.2265043407678604,-0.015946004539728165,0.22755558788776398,-0.2623663683812833,-606.5696912951288,0.0,0.0
16.14,807,-0.054155636578798294,0.9985325336456299,-0.05418214201927185,-0.5344412922859192,1.841323733329773,2.0,0.21128518879413605,0.9774244427680969,0.2128896415233612,0.26544082164764404,-0.021108049899339676,0.26707178354263306,-0.30707178816135566,-606.8767630832901,0.0,0.0
16.16,808,-0.06405967473983765,0.9979460835456848,-0.06410357356071472,-0.4960714876651764,1.9184916019439697,2.0,0.2385542392730713,0.9711291790008545,0.24087683856487274,0.30261391401290894,-0.026816895231604576,0.30498039722442627,-0.3449804091047483,-607.2217434923949,0.0,0.0
16.18,809,-0.07316359877586365,0.9973199367523193,-0.07322902977466583,-0.45627304911613464,1.9899218082427979,2.0,0.2647198438644409,0.9643253684043884,0.2679134011268616,0.33788344264030457,-0.0329945906996727,0.3411424160003662,-0.3811424305140005,-607.602885922909,0.0,0.0
16.2,810,-0.08144202828407288,0.9966780543327332,-0.08153232932090759,-0.4151648283004761,2.0554113388061523,2.0,0.2896801233291626,0.9571235179901123,0.29389262199401855,0.3711221516132355,-0.03955456614494324,0.37542495131492615,-0.4154249555642633,-608.0183108784732,0.0,0.0
16.22,811,-0.08887230604887009,0.9960430264472961,-0.08898971229791641,-0.37286925315856934,2.114778518676758,2.0,0.31334367394447327,0.9496397972106934,0.3187119960784912,0.40221598744392395,-0.04640323296189308,0.407701700925827,-0.4477017093248236,-608.4660125877981,0.0,0.0
16.240000000000002,812,-0.09543449431657791,0.9954357147216797,-0.09557995200157166,-0.3295120298862457,2.167860507965088,2.0,0.3356296420097351,0.9419940114021301,0.3422735631465912,0.4310641288757324,-0.05344168469309807,0.43785351514816284,-0.4778535082094458,-608.9438660960076,0.0,0.0
16.26,813,-0.10111130774021149,0.9948751330375671,-0.10128439217805862,-0.28522172570228577,2.2145159244537354,2.0,0.3564675450325012,0.9343076944351196,0.3644843101501465,0.4575788378715515,-0.06056740880012512,0.4657686948776245,-0.5057687033574815,-609.4496347993651,0.0,0.0
16.28,814,-0.10588809847831726,0.9943780303001404,-0.10608697682619095,-0.2401292771100998,2.254622220993042,2.0,0.37579697370529175,0.9267020225524902,0.3852566182613373,0.4816850423812866,-0.06767603009939194,0.49134358763694763,-0.5313435965340494,-609.9809783958991,0.0,0.0
16.3,815,-0.10975278913974762,0.9939588904380798,-0.10997433215379715,-0.19436775147914886,2.288076400756836,2.0,0.39356696605682373,0.9192959666252136,0.404508501291275,0.5033197402954102,-0.07466296851634979,0.514482855796814,-0.5544828272291231,-610.5354612231282,0.0,0.0
16.32,816,-0.1126958504319191,0.993629515171051,-0.11293576657772064,-0.14807184040546417,2.3147950172424316,2.0,0.40973538160324097,0.9122044444084167,0.4221639633178711,0.5224312543869019,-0.08142510801553726,0.5350997447967529,-0.5750997297228112,-611.1105609528511,0.0,0.0
16.34,817,-0.1147102490067482,0.9933989644050598,-0.11496331542730331,-0.10137759894132614,2.334712505340576,2.0,0.42426797747612,0.9055367112159729,0.43815332651138306,0.5389782190322876,-0.08786230534315109,0.5531166791915894,-0.5931166589683092,-611.7036776118193,0.0,0.0
16.36,818,-0.1157914325594902,0.9932735562324524,-0.11605175584554672,-0.05442195385694504,2.3477823734283447,2.0,0.43713751435279846,0.899394690990448,0.45241352915763855,0.5529289245605469,-0.09387887269258499,0.5684652924537659,-0.6084652842255587,-612.3121428960449,0.0,0.0
16.38,819,-0.11593729257583618,0.9932565093040466,-0.11619860678911209,-0.007342426106333733,2.353976249694824,2.0,0.44832292199134827,0.8938716650009155,0.46488824486732483,0.5642601847648621,-0.0993848592042923,0.5810868740081787,-0.6210868494584755,-612.9332297455034,0.0,0.0
16.4,820,-0.1151481494307518,0.9933483004570007,-0.1154041439294815,0.03972325474023819,2.3532838821411133,2.0,0.45780816674232483,0.8890510201454163,0.4755282700061798,0.5729563236236572,-0.10429732501506805,0.5909324288368225,-0.6309323995877303,-613.5641621450911,0.0,0.0
16.42,821,-0.11342675238847733,0.9935463666915894,-0.11367139220237732,0.08663751184940338,2.345712900161743,2.0,0.4655815362930298,0.885004997253418,0.48429158329963684,0.5790082812309265,-0.10854136198759079,0.5979629755020142,-0.6379629717706542,-614.2021251168618,0.0,0.0
16.44,822,-0.11077828705310822,0.9938451647758484,-0.11100612580776215,0.13326327502727509,2.3312883377075195,2.0,0.4716346263885498,0.8817940354347229,0.4911436140537262,0.5824128985404968,-0.1120510846376419,0.6021497249603271,-0.6421497509611679,-614.844274867823,0.0,0.0
16.46,823,-0.10721039026975632,0.9942363500595093,-0.10741683840751648,0.17946435511112213,2.310053825378418,2.0,0.475961834192276,0.8794659376144409,0.4960573613643646,0.5831722021102905,-0.11477041244506836,0.6034741997718811,-0.6434741890869391,-615.4877490569099,0.0,0.0
16.48,824,-0.10273315012454987,0.9947089552879333,-0.1029147207736969,0.22510576248168945,2.2820706367492676,2.0,0.4785594642162323,0.8780551552772522,0.49901336431503296,0.5812926292419434,-0.11665380001068115,0.6019281148910522,-0.6419280872695042,-616.1296771441795,0.0,0.0
16.5,825,-0.09735917299985886,0.995249330997467,-0.09751363843679428,0.2700541317462921,2.247417688369751,2.0,0.4794255495071411,0.8775825500488281,0.5,0.5767847299575806,-0.11766675114631653,0.5975136160850525,-0.6375136406069749,-616.7671907847864,0.0,0.0
16.52,826,-0.09110358357429504,0.9958414435386658,-0.09123007953166962,0.3141779899597168,2.206192970275879,2.0,0.4785594642162323,0.8780551552772522,0.49901336431503296,0.5696630477905273,-0.11778626590967178,0.5902434587478638,-0.630243445139417,-617.3974342299258,0.0,0.0
16.54,827,-0.08398407697677612,0.996467113494873,-0.08408311754465103,0.35734823346138,2.158512830734253,2.0,0.475961834192276,0.8794659376144409,0.4960573613643646,0.5599458813667297,-0.11700115352869034,0.5801404714584351,-0.6201404667247864,-618.0175746966506,0.0,0.0
16.56,828,-0.07602093368768692,0.9971061944961548,-0.07609434425830841,0.3994385004043579,2.1045122146606445,2.0,0.4716346263885498,0.8817940354347229,0.4911436140537262,0.5476555824279785,-0.11531215906143188,0.5672379732131958,-0.6072379716693096,-618.6248126683199,0.0,0.0
16.580000000000002,829,-0.06723707169294357,0.9977370500564575,-0.06728783994913101,0.44032537937164307,2.0443451404571533,2.0,0.4655815362930298,0.885004997253418,0.48429158329963684,0.532818615436554,-0.11273203045129776,0.5515794157981873,-0.5915794190808907,-619.2163920874008,0.0,0.0
16.6,830,-0.057658061385154724,0.9983363747596741,-0.057690057903528214,0.4798890948295593,1.9781845808029175,2.0,0.45780816674232483,0.8890510201454163,0.4755282700061798,0.5154662132263184,-0.1092853844165802,0.5332183241844177,-0.5732183150477921,-619.7896104024486,0.0,0.0
16.62,831,-0.047312118113040924,0.99888014793396,-0.04732978716492653,0.5180135369300842,1.9062232971191406,2.0,0.44832292199134827,0.8938716650009155,0.46488824486732483,0.4956350326538086,-0.10500848293304443,0.5122180581092834,-0.5522180288874287,-620.341828431336,0.0,0.0
16.64,832,-0.03623011335730553,0.9993434548377991,-0.03623804450035095,0.5545870065689087,1.8286733627319336,2.0,0.43713751435279846,0.899394690990448,0.45241352915763855,0.4733676314353943,-0.09994879364967346,0.4886515736579895,-0.5286515718614657,-620.8704800031975,0.0,0.0
16.66,833,-0.024445563554763794,0.9997011423110962,-0.02444799803197384,0.5895023345947266,1.745766043663025,2.0,0.42426797747612,0.9055367112159729,0.43815332651138306,0.4487135410308838,-0.09416447579860687,0.46260133385658264,-0.5026013389127042,-621.3730813421101,0.0,0.0
16.68,834,-0.011994563974440098,0.9999280571937561,-0.011994851753115654,0.6226573586463928,1.6577519178390503,2.0,0.40973538160324097,0.9122044444084167,0.4221639633178711,0.4217299520969391,-0.08772363513708115,0.4341588020324707,-0.4741588141457224,-621.8472401562559,0.0,0.0
16.7,835,0.0010842559859156609,0.9999994039535522,0.0010842562187463045,0.6539553999900818,1.5649003982543945,2.0,0.39356696605682373,0.9192959666252136,0.404508501291275,0.392482727766037,-0.08070346713066101,0.4034242331981659,-0.4434242409455861,-622.2906643972015,0.0,0.0
16.72,836,0.014749828726053238,0.9998912215232849,0.014750363305211067,0.6833053827285767,1.4674992561340332,2.0,0.37579697370529175,0.9267020225524902,0.3852566182613373,0.3610471189022064,-0.07318919152021408,0.37050625681877136,-0.41050625780562455,-622.7011706550071,0.0,0.0
16.740000000000002,837,0.028958763927221298,0.9995806217193604,0.028962813317775726,0.7106224298477173,1.3658541440963745,2.0,0.3564675450325012,0.9343076944351196,0.3644843101501465,0.3275087773799896,-0.06527289748191833,0.33552148938179016,-0.37552150111444427,-623.0766921561216,0.0,0.0
16.76,838,0.04366548731923103,0.9990462064743042,0.0436793752014637,0.7358282208442688,1.2602875232696533,2.0,0.3356296420097351,0.9419940114021301,0.3422735631465912,0.2919641435146332,-0.05705218017101288,0.2985941767692566,-0.338594176331982,-623.4152863324535,0.0,0.0
16.78,839,0.05882241949439049,0.9982684850692749,0.05885639414191246,0.7588509321212769,1.1511375904083252,2.0,0.31334367394447327,0.9496397972106934,0.3187119960784912,0.2545212507247925,-0.04862866923213005,0.25985559821128845,-0.2998555991622451,-623.7151419316158,0.0,0.0
16.8,840,0.07438015937805176,0.9972299337387085,0.07444892078638077,0.7796260714530945,1.038757085800171,2.0,0.2896801233291626,0.9571235179901123,0.29389262199401855,0.21529997885227203,-0.04010644555091858,0.21944370865821838,-0.25944370850399856,-623.9745856401198,0.0,0.0
16.82,841,0.0902877226471901,0.9959157109260559,0.09041084349155426,0.7980963587760925,0.9235119819641113,2.0,0.2647198438644409,0.9643253684043884,0.2679134011268616,0.17443212866783142,-0.03159036114811897,0.1775025576353073,-0.21750255312757144,-624.1920881932474,0.0,0.0
16.84,842,0.10642565786838531,0.9943206906318665,0.10662759095430374,0.8108373284339905,0.6370486617088318,1.7750256061553955,0.2385542392730713,0.9711291790008545,0.24087683856487274,0.13212858140468597,-0.023191487416625023,0.1342492401599884,-0.165756404171354,-624.3578445974188,0.0,0.0
16.86,843,0.12261239439249039,0.9924546480178833,0.12292171269655228,0.814706027507782,0.19343619048595428,1.3424924612045288,0.21128518879413605,0.9774244427680969,0.2128896415233612,0.08867279440164566,-0.015030177310109138,0.08996793627738953,-0.10799079518626178,-624.4658353926051,0.0,0.0
16.88,844,0.13866440951824188,0.9903393983840942,0.1391126662492752,0.8095477819442749,-0.25791266560554504,0.8996793031692505,0.18302473425865173,0.9831082820892334,0.18406227231025696,0.04436032101511955,-0.007231118157505989,0.04494960978627205,-0.053043838053747516,-624.5188792306589,0.0,0.0
16.9,845,0.154398113489151,0.9880087375640869,0.15501824021339417,0.7952786087989807,-0.7134593725204468,0.4494960606098175,0.15389446914196014,0.9880872964859009,0.15450850129127502,-0.00050364900380373,7.857475429773331e-05,-0.0005097414250485599,-0.0025302084576913552,-624.5214094391165,0.0,0.0
16.92,846,0.1696317195892334,0.9855075478553772,0.1704559624195099,0.7718859910964966,-1.1696301698684692,-0.005097373388707638,0.12402476370334625,0.9922791123390198,0.12434494495391846,-0.045606955885887146,0.006771598942577839,-0.04611101374030113,-0.04611127463242693,-624.5675207137489,0.0,0.0
16.94,847,0.1841868907213211,0.9828912615776062,0.18524454534053802,0.7394291162490845,-1.6228437423706055,-0.4611101448535919,0.09355364739894867,0.995614230632782,0.0936906561255455,-0.09063324332237244,0.012723000720143318,-0.09155388176441193,-0.09368010895093434,-624.6612008226998,0.0,0.0
16.96,848,0.19789041578769684,0.9802241325378418,0.19920530915260315,0.6980383396148682,-2.069537878036499,-0.9155388474464417,0.06262560933828354,0.9980370998382568,0.06266661733388901,-0.1352648138999939,0.01781294122338295,-0.13653868436813354,-0.1449208048565357,-624.8061216275563,0.0,0.0
16.98,849,0.21057547628879547,0.9775776267051697,0.21216359734535217,0.647914469242096,-2.506195306777954,-1.365386962890625,0.031390100717544556,0.9995071887969971,0.031395260244607925,-0.17918537557125092,0.021929606795310974,-0.18076834082603455,-0.19941115113954713,-625.0055327786959,0.0,0.0
17.0,850,0.22208283841609955,0.9750277996063232,0.22395013272762299,0.5893270969390869,-2.929368257522583,-1.8076833486557007,2.817306544983635e-15,1.0,2.817306544983635e-15,-0.22208283841609955,0.02497219853103161,-0.22395013272762299,-0.2566273301112097,-625.262160108807,0.0,0.0
17.02,851,0.23233164846897125,0.9726366400718689,0.23447425663471222,0.5262055993080139,-3.156074285507202,-2.0,-0.031390100717544556,0.9995071887969971,-0.031395260244607925,-0.263721764087677,0.02687058597803116,-0.26586949825286865,-0.30586951031792275,-625.568029619125,0.0,0.0
17.04,852,0.24130146205425262,0.970450222492218,0.24370671808719635,0.46162334084510803,-3.2291128635406494,-2.0,-0.06262560933828354,0.9980370998382568,-0.06266661733388901,-0.30392706394195557,0.027586882933974266,-0.30637332797050476,-0.3463733341691178,-625.9144029532941,0.0,0.0
17.06,853,0.24897532165050507,0.9685098528862,0.25162211060523987,0.3957696259021759,-3.2926864624023438,-2.0,-0.09355364739894867,0.995614230632782,-0.0936906561255455,-0.34252896904945374,0.027104409411549568,-0.34531277418136597,-0.3853127669649851,-626.2997157202591,0.0,0.0
17.080000000000002,854,0.25533950328826904,0.9668514728546143,0.2581988275051117,0.3288360834121704,-3.346677303314209,-2.0,-0.12402476370334625,0.9922791123390198,-0.12434494495391846,-0.3793642520904541,0.025427667424082756,-0.38254377245903015,-0.4225437746426089,-626.7222594949017,0.0,0.0
17.1,855,0.260383278131485,0.9655053615570068,0.26341915130615234,0.26101621985435486,-3.390991687774658,-2.0,-0.15389446914196014,0.9880872964859009,-0.15450850129127502,-0.4142777621746063,0.022581957280635834,-0.41792765259742737,-0.4579276529337843,-627.1801871478355,0.0,0.0
17.12,856,0.2640986442565918,0.9644956588745117,0.2672692537307739,0.19250507652759552,-3.425558090209961,-2.0,-0.18302473425865173,0.9831082820892334,-0.18406227231025696,-0.44712337851524353,0.018612632527947426,-0.4513315260410309,-0.49133153353649567,-627.6715186813719,0.0,0.0
17.14,857,0.26648011803627014,0.9638404250144958,0.2697392404079437,0.1234985813498497,-3.450324535369873,-2.0,-0.21128518879413605,0.9774244427680969,-0.2128896415233612,-0.477765291929245,0.013584037311375141,-0.48262888193130493,-0.5226288745656006,-628.1941475559375,0.0,0.0
17.16,858,0.2675246298313141,0.9635510444641113,0.27082309126853943,0.0541934072971344,-3.4652585983276367,-2.0,-0.2385542392730713,0.9711291790008545,-0.24087683856487274,-0.506078839302063,0.00757815083488822,-0.511699914932251,-0.5516999339983277,-628.7458474899358,0.0,0.0
17.18,859,0.26723143458366394,0.9636324048042297,0.27051883935928345,-0.01521348487585783,-3.4703447818756104,-2.0,-0.2647198438644409,0.9643253684043884,-0.2679134011268616,-0.5319513082504272,0.0006929812370799482,-0.538432240486145,-0.5784322247343778,-629.3242797146702,0.0,0.0
17.2,860,0.2656020224094391,0.9640827775001526,0.2688283324241638,-0.08452518284320831,-3.4655847549438477,-2.0,-0.2896801233291626,0.9571235179901123,-0.29389262199401855,-0.5552821755409241,-0.006959244143217802,-0.5627209544181824,-0.6027209497882935,-629.9270006644584,0.0,0.0
17.22,861,0.26264017820358276,0.9648938775062561,0.26575741171836853,-0.15354512631893158,-3.4509971141815186,-2.0,-0.31334367394447327,0.9496397972106934,-0.3187119960784912,-0.5759838819503784,-0.015254054218530655,-0.5844694375991821,-0.6244694160279229,-630.5514700804864,0.0,0.0
17.240000000000002,862,0.25835198163986206,0.9660508632659912,0.26131588220596313,-0.22207747399806976,-3.42661714553833,-2.0,-0.3356296420097351,0.9419940114021301,-0.3422735631465912,-0.5939816236495972,-0.024056827649474144,-0.6035894155502319,-0.6435894247729737,-631.1950595052593,0.0,0.0
17.26,863,0.25274595618247986,0.9675326943397522,0.2555173337459564,-0.2899273931980133,-3.3924968242645264,-2.0,-0.3564675450325012,0.9343076944351196,-0.3644843101501465,-0.6092135310173035,-0.033224962651729584,-0.6200016140937805,-0.6600016374760727,-631.8550611427354,0.0,0.0
17.28,864,0.24583330750465393,0.9693121314048767,0.24837929010391235,-0.35690152645111084,-3.3487062454223633,-2.0,-0.37579697370529175,0.9267020225524902,-0.3852566182613373,-0.6216302514076233,-0.04261009395122528,-0.633635938167572,-0.6736359146310913,-632.5286970573665,0.0,0.0
17.3,865,0.23762795329093933,0.9713562726974487,0.2399231344461441,-0.4228082299232483,-3.295334815979004,-2.0,-0.39356696605682373,0.9192959666252136,-0.404508501291275,-0.6311949491500854,-0.05206029862165451,-0.6444316506385803,-0.6844316259938663,-633.2131286833603,0.0,0.0
17.32,866,0.22814691066741943,0.9736267328262329,0.2301739603281021,-0.48745808005332947,-3.232492446899414,-2.0,-0.40973538160324097,0.9122044444084167,-0.4221639633178711,-0.6378822922706604,-0.06142229586839676,-0.652337908744812,-0.6923379301640686,-633.9054666135244,0.0,0.0
17.34,867,0.21741046011447906,0.9760802984237671,0.21916067600250244,-0.5506643056869507,-3.160311222076416,-2.0,-0.42426797747612,0.9055367112159729,-0.43815332651138306,-0.6416784524917603,-0.07054358720779419,-0.6573140025138855,-0.6973140215674409,-634.6027806350918,0.0,0.0
17.36,868,0.20544248819351196,0.9786691665649414,0.20691581070423126,-0.6122432351112366,-3.0789475440979004,-2.0,-0.43713751435279846,0.899394690990448,-0.45241352915763855,-0.6425800323486328,-0.07927451282739639,-0.659329354763031,-0.6993293428987346,-635.3021099779905,0.0,0.0
17.38,869,0.19227072596549988,0.9813418984413147,0.19347551465034485,-0.6720149517059326,-2.988584041595459,-2.0,-0.44832292199134827,0.8938716650009155,-0.46488824486732483,-0.6405936479568481,-0.08747024834156036,-0.6583637595176697,-0.6983637611408808,-636.0004737391314,0.0,0.0
17.400000000000002,870,0.17792701721191406,0.9840436577796936,0.17887943983078003,-0.7298035621643066,-2.8894312381744385,-2.0,-0.45780816674232483,0.8890510201454163,-0.4755282700061798,-0.6357351541519165,-0.09499268233776093,-0.6544076800346375,-0.6944077053671306,-636.6948814444985,0.0,0.0
17.42,871,0.16244758665561676,0.986717164516449,0.1631706804037094,-0.7854381799697876,-2.7817304134368896,-2.0,-0.4655815362930298,0.885004997253418,-0.48429158329963684,-0.6280291080474854,-0.1017121747136116,-0.6474622488021851,-0.6874622646621936,-637.3823437091606,0.0,0.0
17.44,872,0.1458732634782791,0.9893032908439636,0.14639562368392944,-0.8387532234191895,-2.6657540798187256,-2.0,-0.4716346263885498,0.8817940354347229,-0.4911436140537262,-0.6175078749656677,-0.10750922560691833,-0.637539267539978,-0.6775392446661521,-638.0598829538268,0.0,0.0
17.46,873,0.1282496303319931,0.9917418956756592,0.12860383093357086,-0.8895894289016724,-2.541809320449829,-2.0,-0.475961834192276,0.8794659376144409,-0.4960573613643646,-0.6042114496231079,-0.11227597296237946,-0.6246612071990967,-0.6646611814512556,-638.724544135278,0.0,0.0
17.48,874,0.10962716490030289,0.9939727783203125,0.10984794795513153,-0.9377941489219666,-2.4102370738983154,-2.0,-0.4785594642162323,0.8780551552772522,-0.49901336431503296,-0.5881866216659546,-0.1159176230430603,-0.6088613271713257,-0.6488613116849467,-639.373405446963,0.0,0.0
17.5,875,0.09006130695343018,0.9959362149238586,0.09018349647521973,-0.983222484588623,-2.2714145183563232,-2.0,-0.4794255495071411,0.8775825500488281,-0.5,-0.5694868564605713,-0.11835366487503052,-0.5901834964752197,-0.6301834983104709,-640.0035889452735,0.0,0.0
17.52,876,0.06961239874362946,0.9975740909576416,0.06966874748468399,-1.0257375240325928,-2.1257553100585938,-2.0,-0.4785594642162323,0.8780551552772522,-0.49901336431503296,-0.548171877861023,-0.1195189580321312,-0.5686821341514587,-0.6086821112854437,-640.6122710565589,0.0,0.0
17.54,877,0.0483456589281559,0.9988306760787964,0.048364512622356415,-1.0652117729187012,-1.9737080335617065,-2.0,-0.475961834192276,0.8794659376144409,-0.4960573613643646,-0.5243074893951416,-0.11936472356319427,-0.5444218516349792,-0.5844218632542694,-641.1966929198132,0.0,0.0
17.56,878,0.02633093111217022,0.9996532797813416,0.026333974674344063,-1.1015268564224243,-1.8157577514648438,-2.0,-0.4716346263885498,0.8817940354347229,-0.4911436140537262,-0.49796557426452637,-0.11785922199487686,-0.5174775719642639,-0.5574776003864953,-641.7541705201998,0.0,0.0
17.580000000000002,879,0.0036424603313207626,0.9999933838844299,0.0036424684803932905,-1.134575366973877,-1.652422547340393,-2.0,-0.4655815362930298,0.885004997253418,-0.48429158329963684,-0.4692239761352539,-0.11498837172985077,-0.48793405294418335,-0.5279340489834976,-642.2821045691833,0.0,0.0
17.6,880,-0.01964147575199604,0.9998070597648621,-0.01964273862540722,-1.1642603874206543,-1.4842528104782104,-2.0,-0.45780816674232483,0.8890510201454163,-0.4755282700061798,-0.43816667795181274,-0.11075608432292938,-0.45588552951812744,-0.49588551883288684,-642.7779900880162,0.0,0.0
17.62,881,-0.04343900457024574,0.9990561008453369,-0.043452680110931396,-1.1904969215393066,-1.3118280172348022,-2.0,-0.44832292199134827,0.8938716650009155,-0.46488824486732483,-0.40488389134407043,-0.105184406042099,-0.42143556475639343,-0.46143556466579067,-643.2394256526819,0.0,0.0
17.64,882,-0.06766517460346222,0.9977080821990967,-0.06771691888570786,-1.213212013244629,-1.135753870010376,-2.0,-0.43713751435279846,0.899394690990448,-0.45241352915763855,-0.36947235465049744,-0.09831340610980988,-0.3846966028213501,-0.4246966074383811,-643.6641222601203,0.0,0.0
17.66,883,-0.09223254770040512,0.9957374930381775,-0.09236381947994232,-1.2323452234268188,-0.9566580057144165,-2.0,-0.42426797747612,0.9055367112159729,-0.43815332651138306,-0.3320354223251343,-0.09020081162452698,-0.34578952193260193,-0.3857895175075697,-644.0499117776278,0.0,0.0
17.68,884,-0.11705184727907181,0.9931257963180542,-0.11732079833745956,-1.2478488683700562,-0.7751860618591309,-2.0,-0.40973538160324097,0.9122044444084167,-0.4221639633178711,-0.29268354177474976,-0.08092138171195984,-0.30484315752983093,-0.3448431620934507,-644.3947549397212,0.0,0.0
17.7,885,-0.142032653093338,0.9898619651794434,-0.14251457154750824,-1.2596888542175293,-0.5919966697692871,-2.0,-0.39356696605682373,0.9192959666252136,-0.404508501291275,-0.2515343129634857,-0.07056602835655212,-0.2619939148426056,-0.30199391971068457,-644.6967488594319,0.0,0.0
17.72,886,-0.16708411276340485,0.9859426617622375,-0.16787146031856537,-1.2678439617156982,-0.4077564775943756,-2.0,-0.37579697370529175,0.9267020225524902,-0.3852566182613373,-0.2087128460407257,-0.05924062058329582,-0.2173851579427719,-0.2573851645007509,-644.9541340239326,0.0,0.0
17.740000000000002,887,-0.19211573898792267,0.9813722968101501,-0.19331759214401245,-1.2723066806793213,-0.22313453257083893,-2.0,-0.3564675450325012,0.9343076944351196,-0.3644843101501465,-0.16435179114341736,-0.04706456512212753,-0.17116671800613403,-0.2111667236018001,-645.1653007475344,0.0,0.0
17.76,888,-0.21695369482040405,0.9761819243431091,-0.21869273483753204,-1.2687575817108154,0.17745263874530792,-1.7116671800613403,-0.3356296420097351,0.9419940114021301,-0.3422735631465912,-0.11867594718933105,-0.03418786823749542,-0.12358081340789795,-0.1528788567377598,-645.3181796042721,0.0,0.0
17.78,889,-0.24137365818023682,0.9704322814941406,-0.24378110468387604,-1.2544183731079102,0.7169589996337891,-1.235808253288269,-0.31334367394447327,0.9496397972106934,-0.3187119960784912,-0.07197002321481705,-0.020792460069060326,-0.07493088394403458,-0.09020310332153078,-645.4083827075937,0.0,0.0
17.8,890,-0.2651554048061371,0.9642056822776794,-0.2683650851249695,-1.2291991710662842,1.2609657049179077,-0.7493088245391846,-0.2896801233291626,0.9571235179901123,-0.29389262199401855,-0.024524729698896408,-0.007082175929099321,-0.025527533143758774,-0.031142170593015654,-645.4395248781867,0.0,0.0
17.82,891,-0.288085401058197,0.957604706287384,-0.2922268807888031,-1.1930887699127197,1.8055193424224854,-0.25527527928352356,-0.2647198438644409,0.9643253684043884,-0.2679134011268616,0.023365546017885208,0.0067206379026174545,0.024313470348715782,-0.0249651248753841,-645.4644900030621,0.0,0.0
17.84,892,-0.3099590539932251,0.950749933719635,-0.3151499629020691,-1.1461551189422607,2.346680164337158,0.24313466250896454,-0.2385542392730713,0.9711291790008545,-0.24087683856487274,0.0714048221707344,0.020379269495606422,0.07427313178777695,-0.07486427770276817,-645.5393542807649,0.0,0.0
17.86,893,-0.3305826485157013,0.9437770247459412,-0.3369208574295044,-1.0885440111160278,2.8805530071258545,0.7427313327789307,-0.21128518879413605,0.9774244427680969,-0.2128896415233612,0.11929744482040405,0.033647406846284866,0.12403120845556259,-0.1295477036198639,-645.6689019843848,0.0,0.0
17.88,894,-0.3497745096683502,0.936833918094635,-0.35733041167259216,-1.0204777717590332,3.4033162593841553,1.240312099456787,-0.18302473425865173,0.9831082820892334,-0.18406227231025696,0.16674979031085968,0.046274393796920776,0.173268124461174,-0.18865187075121842,-645.857553855136,0.0,0.0
17.900000000000002,895,-0.3673660457134247,0.9300764203071594,-0.3761754631996155,-0.9422528147697449,3.9112448692321777,1.732681393623352,-0.15389446914196014,0.9880872964859009,-0.15450850129127502,0.21347157657146454,0.058010850101709366,0.22166696190834045,-0.2516888118637391,-646.1092426669996,0.0,0.0
17.92,896,-0.3832618296146393,0.923639714717865,-0.39332523941993713,-0.857488214969635,4.238230228424072,2.0,-0.12402476370334625,0.9922791123390198,-0.12434494495391846,0.2592370808124542,0.06863939017057419,0.2689802944660187,-0.308980283982672,-646.4182229509823,0.0,0.0
17.94,897,-0.3974481225013733,0.9176246523857117,-0.40873420238494873,-0.7704481482505798,4.3520050048828125,2.0,-0.09355364739894867,0.995614230632782,-0.0936906561255455,0.3038944602012634,0.07798958569765091,0.31504353880882263,-0.3550435330477982,-646.7732664840302,0.0,0.0
17.96,898,-0.409915953874588,0.9121233224868774,-0.42236191034317017,-0.6813858151435852,4.453116416931152,2.0,-0.06262560933828354,0.9980370998382568,-0.06266661733388901,0.3472903370857239,0.08591378480195999,0.35969528555870056,-0.39969528982851016,-647.1729617738587,0.0,0.0
17.98,899,-0.4206602871417999,0.9072182178497314,-0.43417301774024963,-0.5905556678771973,4.541508674621582,2.0,-0.031390100717544556,0.9995071887969971,-0.031395260244607925,0.38927018642425537,0.09228897839784622,0.402777761220932,-0.44277775970415684,-647.6157395335629,0.0,0.0
18.0,900,-0.4296790063381195,0.902981698513031,-0.4441372752189636,-0.4982125759124756,4.617154121398926,2.0,-1.1021821408568715e-15,1.0,-1.1021821408568715e-15,0.4296790063381195,0.097018301486969,0.4441372752189636,-0.4841372707486029,-648.0998768043115,0.0,0.0
18.02,901,-0.4369719922542572,0.89947509765625,-0.45222949981689453,-0.40461164712905884,4.680046081542969,2.0,0.031390100717544556,0.9995071887969971,0.031395260244607925,0.46836209297180176,0.10003209859132767,0.48362475633621216,-0.5236247632735135,-648.623501567585,0.0,0.0
18.04,902,-0.4425404369831085,0.8967485427856445,-0.4584296643733978,-0.3100077509880066,4.730194568634033,2.0,0.06262560933828354,0.9980370998382568,0.06266661733388901,0.5051660537719727,0.10128854960203171,0.5210962891578674,-0.5610962752766258,-649.1845978428616,0.0,0.0
18.06,903,-0.4463861882686615,0.89484041929245,-0.4627227783203125,-0.21465541422367096,4.7676167488098145,2.0,0.09355364739894867,0.995614230632782,0.0936906561255455,0.539939820766449,0.10077382624149323,0.5564134120941162,-0.5964134241072532,-649.7810112669689,0.0,0.0
18.080000000000002,904,-0.4485112428665161,0.8937771916389465,-0.46509894728660583,-0.11880869418382645,4.7923359870910645,2.0,0.12402476370334625,0.9922791123390198,0.12434494495391846,0.5725359916687012,0.09850192815065384,0.5894438624382019,-0.6294438842978342,-650.4104551512668,0.0,0.0
18.1,905,-0.44891732931137085,0.8935732841491699,-0.4655533730983734,-0.02272116020321846,4.804376602172852,2.0,0.15389446914196014,0.9880872964859009,0.15450850129127502,0.6028118133544922,0.09451400488615036,0.6200618743896484,-0.6600618611100553,-651.0705170123769,0.0,0.0
18.12,906,-0.4476059079170227,0.8942309021949768,-0.46408629417419434,0.07335406541824341,4.8037614822387695,2.0,0.18302473425865173,0.9831082820892334,0.18406227231025696,0.6306306719779968,0.08887738734483719,0.6481485366821289,-0.6881485589190391,-651.7586655712959,0.0,0.0
18.14,907,-0.4445779323577881,0.8957402110099792,-0.4607029855251312,0.1691642552614212,4.7905097007751465,2.0,0.21128518879413605,0.9774244427680969,0.2128896415233612,0.6558631062507629,0.08168427646160126,0.6735926270484924,-0.7135926431193619,-652.4722582144152,0.0,0.0
18.16,908,-0.43983402848243713,0.8980790972709656,-0.4554138481616974,0.26445701718330383,4.764638423919678,2.0,0.2385542392730713,0.9711291790008545,0.24087683856487274,0.678388237953186,0.07305009663105011,0.6962906718254089,-0.7362906937939663,-653.2085489082092,0.0,0.0
18.18,909,-0.43337488174438477,0.9012137651443481,-0.4482342600822449,0.358980268239975,4.726161956787109,2.0,0.2647198438644409,0.9643253684043884,0.2679134011268616,0.6980947256088257,0.06311162561178207,0.7161476612091064,-0.75614764895128,-653.9646965571604,0.0,0.0
18.2,910,-0.4252015948295593,0.9050986766815186,-0.43918460607528687,0.452482134103775,4.675094127655029,2.0,0.2896801233291626,0.9571235179901123,0.29389262199401855,0.7148817181587219,0.05202484503388405,0.7330772280693054,-0.773077234718486,-654.7377737918789,0.0,0.0
18.22,911,-0.41531622409820557,0.9096770882606506,-0.42829039692878723,0.544711172580719,4.611452579498291,2.0,0.31334367394447327,0.9496397972106934,0.3187119960784912,0.7286598682403564,0.039962682873010635,0.747002363204956,-0.7870023794898422,-655.5247761713688,0.0,0.0
18.240000000000002,912,-0.40372252464294434,0.9148814678192139,-0.4155820608139038,0.6354164481163025,4.535262584686279,2.0,0.3356296420097351,0.9419940114021301,0.3422735631465912,0.7393521666526794,0.02711254172027111,0.7578555941581726,-0.797855608678715,-656.3226317800475,0.0,0.0
18.26,913,-0.39042675495147705,0.9206339716911316,-0.40109509229660034,0.7243476510047913,4.446560382843018,2.0,0.3564675450325012,0.9343076944351196,0.3644843101501465,0.7468942999839783,0.013673721812665462,0.7655794024467468,-0.8055794164215195,-657.128211196469,0.0,0.0
18.28,914,-0.3754386305809021,0.9268472790718079,-0.3848699927330017,0.811255693435669,4.345401763916016,2.0,0.37579697370529175,0.9267020225524902,0.3852566182613373,0.7512356042861938,-0.00014522603305522352,0.7701265811920166,-0.8101266103405234,-657.9383378068095,0.0,0.0
18.3,915,-0.3587721288204193,0.9334251880645752,-0.366952121257782,0.8958930373191833,4.231867790222168,2.0,0.39356696605682373,0.9192959666252136,0.404508501291275,0.7523391246795654,-0.014129223302006721,0.7714606523513794,-0.8114606253010733,-658.7497984321105,0.0,0.0
18.32,916,-0.3404466211795807,0.9402638673782349,-0.34739184379577637,0.9780144691467285,4.106070041656494,2.0,0.40973538160324097,0.9122044444084167,0.4221639633178711,0.7501819729804993,-0.028059424832463264,0.7695558071136475,-0.8095558020059985,-659.5593542341165,0.0,0.0
18.34,917,-0.3204876780509949,0.9472526907920837,-0.3262442946434021,1.0573776960372925,3.968160390853882,2.0,0.42426797747612,0.9055367112159729,0.43815332651138306,0.7447556853294373,-0.041715994477272034,0.7643976211547852,-0.8043976262649168,-660.3637518603815,0.0,0.0
18.36,918,-0.29892829060554504,0.9542755484580994,-0.30356940627098083,1.1337443590164185,3.8183364868164062,2.0,0.43713751435279846,0.899394690990448,0.45241352915763855,0.7360658049583435,-0.05488089472055435,0.7559829354286194,-0.7959829248655204,-661.159734785247,0.0,0.0
18.38,919,-0.27580949664115906,0.9612123370170593,-0.2794317603111267,1.2068814039230347,3.6568496227264404,2.0,0.44832292199134827,0.8938716650009155,0.46488824486732483,0.7241324186325073,-0.06734064221382141,0.7443200349807739,-0.7843200141637257,-661.9440547994108,0.0,0.0
18.400000000000002,920,-0.25118133425712585,0.9679400324821472,-0.25390052795410156,1.2765616178512573,3.4840104579925537,2.0,0.45780816674232483,0.8890510201454163,0.4755282700061798,0.7089895009994507,-0.07888904213905334,0.729428768157959,-0.769428797802736,-662.7134835972136,0.0,0.0
18.42,921,-0.2251034677028656,0.9743348360061646,-0.22704923152923584,1.3425655364990234,3.3001956939697266,2.0,0.4655815362930298,0.885004997253418,0.48429158329963684,0.690684974193573,-0.08932986855506897,0.7113407850265503,-0.7513408103686886,-663.4648244075822,0.0,0.0
18.44,922,-0.1976456195116043,0.9802735447883606,-0.19895558059215546,1.4046825170516968,3.1058526039123535,2.0,0.4716346263885498,0.8817940354347229,0.4911436140537262,0.6692802309989929,-0.09847947210073471,0.6900991797447205,-0.7300992042898131,-664.194923611872,0.0,0.0
18.46,923,-0.16888797283172607,0.9856352806091309,-0.16970132291316986,1.4627125263214111,2.9015021324157715,2.0,0.475961834192276,0.8794659376144409,0.4960573613643646,0.6448497772216797,-0.10616931319236755,0.6657586693763733,-0.7057586778810168,-664.900682289753,0.0,0.0
18.48,924,-0.13892121613025665,0.9903034567832947,-0.13937197625637054,1.5164674520492554,2.68774151802063,2.0,0.4785594642162323,0.8780551552772522,0.49901336431503296,0.6174806356430054,-0.11224828660488129,0.6383853554725647,-0.6783853431169676,-665.57906763287,0.0,0.0
18.5,925,-0.10784637182950974,0.9941675662994385,-0.10805653035640717,1.565772294998169,2.465245246887207,2.0,0.4794255495071411,0.8775825500488281,0.5,0.5872719287872314,-0.11658500880002975,0.6080565452575684,-0.6480565324702416,-666.2271241653402,0.0,0.0
18.52,926,-0.07577447593212128,0.997124969959259,-0.07584717869758606,1.610467553138733,2.2347631454467773,2.0,0.4785594642162323,0.8780551552772522,0.49901336431503296,0.5543339252471924,-0.11906982958316803,0.5748605728149414,-0.6148605449598988,-666.8419847103002,0.0,0.0
18.54,927,-0.04282588139176369,0.9990825653076172,-0.04283898323774338,1.6504099369049072,1.9971182346343994,2.0,0.475961834192276,0.8794659376144409,0.4960573613643646,0.518787682056427,-0.11961660534143448,0.5388963222503662,-0.578896332399298,-667.4208810426994,0.0,0.0
18.56,928,-0.009129375219345093,0.999958336353302,-0.00912950187921524,1.685473918914795,1.7532010078430176,2.0,0.4716346263885498,0.8817940354347229,0.4911436140537262,0.4807640016078949,-0.11816426366567612,0.5002731084823608,-0.540273127686869,-667.9611541703863,0.0,0.0
18.580000000000002,929,0.025178901851177216,0.9996829628944397,0.025181563571095467,1.7155532836914062,1.5039640665054321,2.0,0.4655815362930298,0.885004997253418,0.48429158329963684,0.440402626991272,-0.11467796564102173,0.4591100215911865,-0.4991100178247681,-668.4602641882111,0.0,0.0
18.6,930,0.059956811368465424,0.9982009530067444,0.05999279394745827,1.7405614852905273,1.250412940979004,2.0,0.45780816674232483,0.8890510201454163,0.4755282700061798,0.3978513479232788,-0.10914997011423111,0.41553547978401184,-0.45553546515188564,-668.915799653363,0.0,0.0
18.62,931,0.09505771845579147,0.9954717755317688,0.09520146250724792,1.7604334354400635,0.9935966730117798,2.0,0.44832292199134827,0.8938716650009155,0.46488824486732483,0.3532651960849762,-0.10160008817911148,0.3696867823600769,-0.4096867810139983,-669.325486434377,0.0,0.0
18.64,932,0.13033214211463928,0.9914703965187073,0.13070397078990936,1.7751253843307495,0.7345965504646301,2.0,0.43713751435279846,0.899394690990448,0.45241352915763855,0.3068053722381592,-0.09207571297883987,0.321709543466568,-0.3617095567407712,-669.6871959911177,0.0,0.0
18.66,933,0.16562949120998383,0.9861880540847778,0.16639629006385803,1.7846156358718872,0.47451406717300415,2.0,0.42426797747612,0.9055367112159729,0.43815332651138306,0.258638471364975,-0.08065136522054672,0.2717570662498474,-0.31175705733557735,-669.9989530484534,0.0,0.0
18.68,934,0.20079989731311798,0.9796322584152222,0.2021743804216385,1.7889047861099243,0.2144579440355301,2.0,0.40973538160324097,0.9122044444084167,0.4221639633178711,0.20893548429012299,-0.0674278512597084,0.2199895828962326,-0.25998958369244407,-670.2589426321458,0.0,0.0
18.7,935,0.2356960028409958,0.9718268513679504,0.23793469369411469,1.7880154848098755,-0.044469162821769714,2.0,0.39356696605682373,0.9192959666252136,0.404508501291275,0.15787096321582794,-0.052530884742736816,0.16657380759716034,-0.2065738094220572,-670.4655164415678,0.0,0.0
18.72,936,0.270078182220459,0.9628384113311768,0.27347424626350403,1.776977777481079,-0.5518803596496582,1.6657381057739258,0.37579697370529175,0.9267020225524902,0.3852566182613373,0.10571876168251038,-0.03613636642694473,0.11178237944841385,-0.1395292124009264,-670.6050456539688,0.0,0.0
18.740000000000002,937,0.30365613102912903,0.9527816772460938,0.3085276484489441,1.752670407295227,-1.2153692245483398,1.1178237199783325,0.3564675450325012,0.9343076944351196,0.3644843101501465,0.0528113916516304,-0.018473979085683823,0.05595666170120239,-0.06845195959247997,-670.6734976135613,0.0,0.0
18.76,938,0.3361527919769287,0.9418074488639832,0.34282898902893066,1.7150664329528809,-1.8802002668380737,0.5595665574073792,0.3356296420097351,0.9419940114021301,0.3422735631465912,-0.000523159047588706,0.0001865637459559366,-0.0005554290837608278,-0.0036865765155484256,-670.6771841900768,0.0,0.0
18.78,939,0.36730852723121643,0.9300991296768188,0.376113623380661,1.6642318964004517,-2.541724681854248,-0.005554188974201679,0.31334367394447327,0.9496397972106934,0.3187119960784912,-0.053964853286743164,0.019540637731552124,-0.0574016273021698,-0.05740193451760039,-670.7345861245944,0.0,0.0
18.8,940,0.3968845307826996,0.9178685545921326,0.4081200957298279,1.600324034690857,-3.1953933238983154,-0.574016273021698,0.2896801233291626,0.9571235179901123,0.29389262199401855,-0.10720440000295639,0.039254967123270035,-0.11422747373580933,-0.11752242279201411,-670.8521085473865,0.0,0.0
18.82,941,0.42466503381729126,0.9053505659103394,0.438591867685318,1.5235881805419922,-3.836796283721924,-1.1422748565673828,0.2647198438644409,0.9643253684043884,0.2679134011268616,-0.15994517505168915,0.05897481366991997,-0.17067846655845642,-0.18372638522337056,-671.0358349326099,0.0,0.0
18.84,942,0.4504586160182953,0.8927972912788391,0.46727895736694336,1.4343541860580444,-4.461696147918701,-1.7067846059799194,0.2385542392730713,0.9711291790008545,0.24087683856487274,-0.211904376745224,0.07833186537027359,-0.22640211880207062,-0.25553325118219794,-671.2913681837921,0.0,0.0
18.86,943,0.47416800260543823,0.8804343938827515,0.4940188229084015,1.3369934558868408,-4.868037700653076,-2.0,0.21128518879413605,0.9774244427680969,0.2128896415233612,-0.2628828287124634,0.09699007868766785,-0.2811291813850403,-0.32112917389461043,-671.6124973576867,0.0,0.0
18.88,944,0.4957890212535858,0.8684430122375488,0.5187431573867798,1.2362169027328491,-5.038828372955322,-2.0,0.18302473425865173,0.9831082820892334,0.18406227231025696,-0.31276431679725647,0.11466531455516815,-0.3346808850765228,-0.3746808815866572,-671.9871782392734,0.0,0.0
18.900000000000002,945,0.5153275728225708,0.8569932579994202,0.5413898229598999,1.1323343515396118,-5.194126129150391,-2.0,0.15389446914196014,0.9880872964859009,0.15450850129127502,-0.36143311858177185,0.13109400868415833,-0.38688135147094727,-0.42688134861254134,-672.414059587886,0.0,0.0
18.92,946,0.5327975153923035,0.8462427854537964,0.5619029402732849,1.025654673576355,-5.333985328674316,-2.0,0.12402476370334625,0.9922791123390198,0.12434494495391846,-0.408772736787796,0.14603635668754578,-0.43755799531936646,-0.4775579960121071,-672.8916175838981,0.0,0.0
18.94,947,0.5482184886932373,0.8363351225852966,0.5802326202392578,0.9164842963218689,-5.45851993560791,-2.0,0.09355364739894867,0.995614230632782,0.0936906561255455,-0.45466485619544983,0.15927909314632416,-0.4865419566631317,-0.5265419682024804,-673.4181595521006,0.0,0.0
18.96,948,0.5616139769554138,0.8273993730545044,0.5963351726531982,0.8051266074180603,-5.567885875701904,-2.0,0.06262560933828354,0.9980370998382568,0.06266661733388901,-0.4989883601665497,0.17063769698143005,-0.5336685180664062,-0.5736685402908288,-673.9918280923914,0.0,0.0
18.98,949,0.5730090737342834,0.819549024105072,0.6101728081703186,0.6918812394142151,-5.662267208099365,-2.0,0.031390100717544556,0.9995071887969971,0.031395260244607925,-0.5416189432144165,0.17995817959308624,-0.578777551651001,-0.6187775220944582,-674.6106056144858,0.0,0.0
19.0,950,0.5824289917945862,0.812881588935852,0.6217136383056641,0.5770440697669983,-5.7418599128723145,-2.0,-6.129423691490104e-16,1.0,-6.129423691490104e-16,-0.5824289917945862,0.18711844086647034,-0.6217136383056641,-0.6617136627281911,-675.272319277214,0.0,0.0
19.02,951,0.5898973941802979,0.8074781894683838,0.6309317946434021,0.46090683341026306,-5.806860446929932,-2.0,-0.031390100717544556,0.9995071887969971,-0.031395260244607925,-0.6212875247001648,0.19202901422977448,-0.6623270511627197,-0.7023270590957411,-675.9746463363098,0.0,0.0
19.04,952,0.5954349637031555,0.8034034967422485,0.6378069519996643,0.3437577486038208,-5.857454299926758,-2.0,-0.06262560933828354,0.9980370998382568,-0.06266661733388901,-0.658060610294342,0.1946335881948471,-0.7004735469818115,-0.7404735710020189,-676.7151199073118,0.0,0.0
19.06,953,0.5990583896636963,0.8007053732872009,0.6423245668411255,0.2258816659450531,-5.893803596496582,-2.0,-0.09355364739894867,0.995614230632782,-0.0936906561255455,-0.6926119923591614,0.19490888714790344,-0.736015260219574,-0.7760152449069726,-677.4911351522187,0.0,0.0
19.080000000000002,954,0.6007794737815857,0.7994148135185242,0.6444758176803589,0.10756082087755203,-5.916042327880859,-2.0,-0.12402476370334625,0.9922791123390198,-0.12434494495391846,-0.7248042225837708,0.1928643137216568,-0.7688207626342773,-0.8088207475886655,-678.2999558998074,0.0,0.0
19.1,955,0.600604772567749,0.7995460629463196,0.6442573070526123,-0.010924549773335457,-5.92426872253418,-2.0,-0.15389446914196014,0.9880872964859009,-0.15450850129127502,-0.7544992566108704,0.1885412335395813,-0.7987658381462097,-0.8387658101902816,-679.1387217099976,0.0,0.0
19.12,956,0.5985352396965027,0.801096498966217,0.6416714191436768,-0.12929534912109375,-5.918540000915527,-2.0,-0.18302473425865173,0.9831082820892334,-0.18406227231025696,-0.781559944152832,0.18201182782649994,-0.8257336616516113,-0.8657336823078301,-680.0044553923054,0.0,0.0
19.14,957,0.5945661664009094,0.8040466904640198,0.6367259621620178,-0.24727283418178558,-5.898874282836914,-2.0,-0.21128518879413605,0.9774244427680969,-0.2128896415233612,-0.8058513402938843,0.17337775230407715,-0.8496155738830566,-0.8896155949467118,-680.8940709872521,0.0,0.0
19.16,958,0.5886876583099365,0.8083605766296387,0.6294344067573547,-0.3645778000354767,-5.86524772644043,-2.0,-0.2385542392730713,0.9711291790008545,-0.24087683856487274,-0.8272418975830078,0.16276857256889343,-0.8703112006187439,-0.9103112303475238,-681.8043822175996,0.0,0.0
19.18,959,0.5808852314949036,0.8139854669570923,0.6198158264160156,-0.48092973232269287,-5.81759786605835,-2.0,-0.2647198438644409,0.9643253684043884,-0.2679134011268616,-0.8456050753593445,0.15033988654613495,-0.8877291679382324,-0.9277291958670556,-682.7321114134667,0.0,0.0
19.2,960,0.571140706539154,0.8208521604537964,0.6078948974609375,-0.5960463285446167,-5.755828380584717,-2.0,-0.2896801233291626,0.9571235179901123,-0.29389262199401855,-0.8608208894729614,0.13627135753631592,-0.901787519454956,-0.9417874983103096,-683.673898911777,0.0,0.0
19.22,961,0.5594333410263062,0.8288753032684326,0.5937020182609558,-0.7096426486968994,-5.679816246032715,-2.0,-0.31334367394447327,0.9496397972106934,-0.3187119960784912,-0.8727770447731018,0.12076446413993835,-0.912414014339447,-0.9524140143565947,-684.6263129261336,0.0,0.0
19.240000000000002,962,0.5457412004470825,0.8379538059234619,0.577273428440094,-0.821431040763855,-5.589419364929199,-2.0,-0.3356296420097351,0.9419940114021301,-0.3422735631465912,-0.8813708424568176,0.1040402501821518,-0.9195469617843628,-0.9595469520198434,-685.5858598781534,0.0,0.0
19.26,963,0.5300427675247192,0.8479709029197693,0.5586509704589844,-0.931120753288269,-5.484487056732178,-2.0,-0.3564675450325012,0.9343076944351196,-0.3644843101501465,-0.8865103125572205,0.08633679151535034,-0.9231352806091309,-0.963135297445328,-686.5489951755987,0.0,0.0
19.28,964,0.5123187303543091,0.8587954044342041,0.5378826260566711,-1.038418173789978,-5.364872455596924,-2.0,-0.37579697370529175,0.9267020225524902,-0.3852566182613373,-0.8881157040596008,0.06790664792060852,-0.923139214515686,-0.9631392407881025,-687.5121344163869,0.0,0.0
19.3,965,0.49255406856536865,0.8702818751335144,0.5150220990180969,-1.1430270671844482,-5.230444431304932,-2.0,-0.39356696605682373,0.9192959666252136,-0.404508501291275,-0.8861210346221924,0.049014098942279816,-0.9195305705070496,-0.9595305744606397,-688.4716649908474,0.0,0.0
19.32,966,0.47073978185653687,0.8822721242904663,0.4901290833950043,-1.2446491718292236,-5.0811028480529785,-2.0,-0.40973538160324097,0.9122044444084167,-0.4221639633178711,-0.8804751634597778,0.029932327568531036,-0.9122930765151978,-0.952293056697477,-689.4239580475449,0.0,0.0
19.34,967,0.44687527418136597,0.89459627866745,0.4632693827152252,-1.3429850339889526,-4.9167938232421875,-2.0,-0.42426797747612,0.9055367112159729,-0.43815332651138306,-0.8711432218551636,0.010940414853394032,-0.9014227390289307,-0.9414227331828802,-690.3653807807278,0.0,0.0
19.36,968,0.42097023129463196,0.9070744514465332,0.4345146715641022,-1.4377354383468628,-4.737523078918457,-2.0,-0.43713751435279846,0.899394690990448,-0.45241352915763855,-0.8581077456474304,-0.007679773028939962,-0.8869282007217407,-0.9269282094438466,-691.2923089901717,0.0,0.0
19.38,969,0.39304670691490173,0.9195185303688049,0.40394261479377747,-1.528602957725525,-4.5433735847473145,-2.0,-0.44832292199134827,0.8938716650009155,-0.46488824486732483,-0.84136962890625,-0.025646835565567017,-0.8688308596611023,-0.908830866843066,-692.2011398570148,0.0,0.0
19.400000000000002,970,0.36314094066619873,0.9317342042922974,0.3716367483139038,-1.6152933835983276,-4.3345184326171875,-2.0,-0.45780816674232483,0.8890510201454163,-0.4755282700061798,-0.8209490776062012,-0.04268321394920349,-0.8471649885177612,-0.8871650153310646,-693.0883048723459,0.0,0.0
19.42,971,0.33130502700805664,0.9435237050056458,0.3376863896846771,-1.6975181102752686,-4.111236095428467,-2.0,-0.4655815362930298,0.885004997253418,-0.48429158329963684,-0.7968865633010864,-0.058518700301647186,-0.821977972984314,-0.8619779766448371,-693.9502828489908,0.0,0.0
19.44,972,0.29760831594467163,0.9546880722045898,0.3021864593029022,-1.7749963998794556,-3.87391996383667,-2.0,-0.4716346263885498,0.8817940354347229,-0.4911436140537262,-0.7692429423332214,-0.07289399951696396,-0.7933300733566284,-0.8333300923780651,-694.7836129413689,0.0,0.0
19.46,973,0.2621382772922516,0.965030312538147,0.26523730158805847,-1.8474582433700562,-3.6230907440185547,-2.0,-0.475961834192276,0.8794659376144409,-0.4960573613643646,-0.7381001114845276,-0.08556438237428665,-0.7612946629524231,-0.8012946522936574,-695.5849075936626,0.0,0.0
19.48,974,0.22500130534172058,0.9743584394454956,0.22694437205791473,-1.9146462678909302,-3.359402656555176,-2.0,-0.4785594642162323,0.8780551552772522,-0.49901336431503296,-0.7035607695579529,-0.0963033065199852,-0.7259577512741089,-0.7659577393927685,-696.3508653330554,0.0,0.0
19.5,975,0.18632271885871887,0.9824885725975037,0.18741798400878906,-1.9763193130493164,-3.0836479663848877,-2.0,-0.4794255495071411,0.8775825500488281,-0.5,-0.6657482385635376,-0.10490603744983673,-0.6874179840087891,-0.7274179895760576,-697.0782833226315,0.0,0.0
19.52,976,0.14624649286270142,0.9892481565475464,0.14677290618419647,-2.032254457473755,-2.796757459640503,-2.0,-0.4785594642162323,0.8780551552772522,-0.49901336431503296,-0.6248059272766113,-0.11119302362203598,-0.6457862854003906,-0.6857862652027881,-697.7640695878342,0.0,0.0
19.54,977,0.10493435710668564,0.9944791793823242,0.10512789338827133,-2.0822503566741943,-2.4997990131378174,-2.0,-0.475961834192276,0.8794659376144409,-0.4960573613643646,-0.5808961987495422,-0.11501320451498032,-0.6011852622032166,-0.6411852434321729,-698.4052548312663,0.0,0.0
19.56,978,0.0625644102692604,0.9980409145355225,0.06260529905557632,-2.1261298656463623,-2.193970203399658,-2.0,-0.4716346263885498,0.8817940354347229,-0.4911436140537262,-0.534199059009552,-0.11624686419963837,-0.5537489056587219,-0.5937489218708791,-698.9990037531372,0.0,0.0
19.580000000000002,979,0.019329261034727097,0.9998131990432739,0.0193304643034935,-2.1637415885925293,-1.8805878162384033,-2.0,-0.4655815362930298,0.885004997253418,-0.48429158329963684,-0.484910786151886,-0.11480817198753357,-0.5036220550537109,-0.5436220456956954,-699.5426257988329,0.0,0.0
19.6,980,-0.024566324427723885,0.9996982216835022,-0.024568796157836914,-2.194962978363037,-1.5610747337341309,-2.0,-0.45780816674232483,0.8890510201454163,-0.4755282700061798,-0.4332418441772461,-0.11064719408750534,-0.4509594738483429,-0.4909594620113433,-700.0335852608442,0.0,0.0
19.62,981,-0.06890818476676941,0.9976230263710022,-0.06896283477544785,-2.2197020053863525,-1.236942172050476,-2.0,-0.44832292199134827,0.8938716650009155,-0.46488824486732483,-0.37941473722457886,-0.10375133156776428,-0.3959254026412964,-0.43592540867918783,-700.4695106695234,0.0,0.0
19.64,982,-0.11347582191228867,0.9935407638549805,-0.11372078210115433,-2.2378973960876465,-0.9097692370414734,-2.0,-0.43713751435279846,0.899394690990448,-0.45241352915763855,-0.3236616849899292,-0.09414608031511307,-0.3386927545070648,-0.37869274615402476,-700.8482034156774,0.0,0.0
19.66,983,-0.15804573893547058,0.9874317646026611,-0.15871119499206543,-2.249521017074585,-0.5811804533004761,-2.0,-0.42426797747612,0.9055367112159729,-0.43815332651138306,-0.2662222385406494,-0.08189510554075241,-0.2794421315193176,-0.3194421419396394,-701.167645557617,0.0,0.0
19.68,984,-0.20239482820034027,0.9793040156364441,-0.20380274951457977,-2.254577398300171,-0.2528214752674103,-2.0,-0.40973538160324097,0.9122044444084167,-0.4221639633178711,-0.2073405534029007,-0.06709957867860794,-0.21836121380329132,-0.25836121807476653,-701.4260067756918,0.0,0.0
19.7,985,-0.24630391597747803,0.969192624092102,-0.24886482954025269,-2.2531039714813232,0.07366660237312317,-2.0,-0.39356696605682373,0.9192959666252136,-0.404508501291275,-0.1472630500793457,-0.04989669844508171,-0.15564367175102234,-0.19564367255694456,-701.6216504482487,0.0,0.0
19.72,986,-0.28943371772766113,0.9571980834007263,-0.29363515973091125,-2.2385170459747314,0.72934490442276,-1.5564367771148682,-0.37579697370529175,0.9267020225524902,-0.3852566182613373,-0.08636325597763062,-0.030496036633849144,-0.09162145107984543,-0.11584640883811262,-701.7374968570869,0.0,0.0
19.740000000000002,987,-0.33140748739242554,0.9434877038002014,-0.3377949893474579,-2.207991361618042,1.5262919664382935,-0.9162145256996155,-0.3564675450325012,0.9343076944351196,-0.3644843101501465,-0.025060031563043594,-0.00918000377714634,-0.026689322665333748,-0.035083812264206905,-701.7725806693511,0.0,0.0
19.76,988,-0.37187349796295166,0.9282833933830261,-0.3810264468193054,-2.161571979522705,2.320960521697998,-0.2668931782245636,-0.3356296420097351,0.9419940114021301,-0.3422735631465912,0.03624385595321655,0.013710607774555683,0.038752879947423935,-0.03946519961194988,-701.8120458689631,0.0,0.0
19.78,989,-0.4105113446712494,0.9118555188179016,-0.423014760017395,-2.099416732788086,3.107764720916748,0.3875286877155304,-0.31334367394447327,0.9496397972106934,-0.3187119960784912,0.09716767072677612,0.03778430446982384,0.1043027713894844,-0.10580455806317644,-701.9178504270262,0.0,0.0
19.8,990,-0.44703733921051025,0.8945152759552002,-0.4634505808353424,-2.021790027618408,3.881336212158203,1.0430277585983276,-0.2896801233291626,0.9571235179901123,-0.29389262199401855,0.15735721588134766,0.06260821968317032,0.16955794394016266,-0.18043701081527702,-702.0982874378415,0.0,0.0
19.82,991,-0.48120757937431335,0.8766067028045654,-0.5020317435264587,-1.9290584325790405,4.6365790367126465,1.6955794095993042,-0.2647198438644409,0.9643253684043884,-0.2679134011268616,0.21648772060871124,0.0877186730504036,0.23411834239959717,-0.2628682376275161,-702.361155675469,0.0,0.0
19.84,992,-0.5129070281982422,0.8584441542625427,-0.5385677814483643,-1.8268020153045654,5.112824440002441,2.0,-0.2385542392730713,0.9711291790008545,-0.24087683856487274,0.2743527889251709,0.11268501728773117,0.2976909279823303,-0.33769094011581297,-702.6988466155849,0.0,0.0
19.86,993,-0.5421275496482849,0.84029620885849,-0.5729669332504272,-1.7199575901031494,5.342218399047852,2.0,-0.21128518879413605,0.9774244427680969,-0.2128896415233612,0.33084234595298767,0.13712823390960693,0.36007729172706604,-0.4000772833006772,-703.0989238988856,0.0,0.0
19.88,994,-0.5688811540603638,0.8224197030067444,-0.6051447987556458,-1.6088935136795044,5.553201675415039,2.0,-0.18302473425865173,0.9831082820892334,-0.18406227231025696,0.3858564496040344,0.160688579082489,0.4210825264453888,-0.4610825239713342,-703.5600064228569,0.0,0.0
19.900000000000002,995,-0.5931971073150635,0.8050572872161865,-0.6350243091583252,-1.4939759969711304,5.745876789093018,2.0,-0.15389446914196014,0.9880872964859009,-0.15450850129127502,0.43930262327194214,0.18303002417087555,0.48051583766937256,-0.5205158236732884,-704.0805222465301,0.0,0.0
19.92,996,-0.6151180267333984,0.7884350419044495,-0.6625356674194336,-1.3755666017532349,5.920471668243408,2.0,-0.12402476370334625,0.9922791123390198,-0.12434494495391846,0.4910932779312134,0.2038440853357315,0.5381907224655151,-0.5781907091367361,-704.6587129556668,0.0,0.0
19.94,997,-0.6346967816352844,0.7727612853050232,-0.6876160502433777,-1.2540203332901,6.077314376831055,2.0,-0.09355364739894867,0.995614230632782,-0.0936906561255455,0.5411431193351746,0.2228529453277588,0.593925416469574,-0.6339254014389699,-705.2926383571058,0.0,0.0
19.96,998,-0.6519927978515625,0.75822514295578,-0.7102097272872925,-1.1296842098236084,6.2168073654174805,2.0,-0.06262560933828354,0.9980370998382568,-0.06266661733388901,0.5893672108650208,0.2398119419813156,0.6475431323051453,-0.6875431250637705,-705.9801814821697,0.0,0.0
19.98,999,-0.6670690774917603,0.7449958920478821,-0.7302676439285278,-1.0028961896896362,6.339400291442871,2.0,-0.031390100717544556,0.9995071887969971,-0.031395260244607925,0.6356789469718933,0.2545113265514374,0.6988723874092102,-0.7388724050728767,-706.7190538872426,0.0,0.0
20.0,1000,-0.6799888014793396,0.733222484588623,-0.7477473616600037,-0.8739847540855408,6.445569038391113,2.0,-1.2246467996456087e-15,1.0,-1.2246467996456087e-15,0.6799888014793396,0.26677751541137695,0.7477473616600037,-0.7877473601194918,-707.5068012473621,0.0,0.0
20.02,1001,-0.690812885761261,0.7230335474014282,-0.7626127600669861,-0.7432689070701599,6.535791873931885,2.0,0.031390100717544556,0.9995071887969971,0.031395260244607925,0.7222030162811279,0.27647364139556885,0.7940080165863037,-0.8340079983549428,-708.3408092457171,0.0,0.0
20.04,1002,-0.6995974183082581,0.7145372629165649,-0.7748339176177979,-0.6110583543777466,6.610528469085693,2.0,0.06262560933828354,0.9980370998382568,0.06266661733388901,0.7622230052947998,0.2834998369216919,0.8375005125999451,-0.8775005224489537,-709.218309768166,0.0,0.0
20.06,1003,-0.7063913941383362,0.7078214287757874,-0.7843869924545288,-0.4776543080806732,6.670202732086182,2.0,0.09355364739894867,0.995614230632782,0.0936906561255455,0.799945056438446,0.28779280185699463,0.8780776262283325,-0.9180776489996961,-710.1363874171657,0.0,0.0
20.080000000000002,1004,-0.7112353444099426,0.7029539942741394,-0.7912539839744568,-0.3433505594730377,6.715187072753906,2.0,0.12402476370334625,0.9922791123390198,0.12434494495391846,0.8352600932121277,0.28932514786720276,0.9155989289283752,-0.9555989465849745,-711.0919863637506,0.0,0.0
20.1,1005,-0.7141595482826233,0.6999829411506653,-0.7954226732254028,-0.20843477547168732,6.745789527893066,2.0,0.15389446914196014,0.9880872964859009,0.15450850129127502,0.8680540323257446,0.2881043255329132,0.9499312043190002,-0.9899311956281077,-712.0819175593787,0.0,0.0
20.12,1006,-0.715183436870575,0.6989368200302124,-0.7968865036964417,-0.0731898695230484,6.762245178222656,2.0,0.18302473425865173,0.9831082820892334,0.18406227231025696,0.8982081413269043,0.2841714918613434,0.9809487462043762,-1.0209487721425647,-713.1028663315212,0.0,0.0
20.14,1007,-0.7143146991729736,0.6998245716094971,-0.7956444025039673,0.06210426613688469,6.764706611633301,2.0,0.21128518879413605,0.9774244427680969,0.2128896415233612,0.9255999326705933,0.27759987115859985,1.0085340738296509,-1.048534056294724,-714.1514003878159,0.0,0.0
20.16,1008,-0.7115495204925537,0.7026359438896179,-0.7917010188102722,0.19716909527778625,6.753241539001465,2.0,0.2385542392730713,0.9711291790008545,0.24087683856487274,0.950103759765625,0.2684932053089142,1.0325778722763062,-1.0725778655958016,-715.2239782534117,0.0,0.0
20.18,1009,-0.7068722248077393,0.7073412537574768,-0.7850664854049683,0.33172571659088135,6.727831840515137,2.0,0.2647198438644409,0.9643253684043884,0.2679134011268616,0.9715920686721802,0.2569841146469116,1.0529799461364746,-1.09297991141013,-716.3169581648218,0.0,0.0
20.2,1010,-0.7002564668655396,0.7138913869857788,-0.7757566571235657,0.46549317240715027,6.688372611999512,2.0,0.2896801233291626,0.9571235179901123,0.29389262199401855,0.9899365901947021,0.2432321310043335,1.0696492195129395,-1.1096492763535477,-717.4266074411754,0.0,0.0
20.22,1011,-0.6916657090187073,0.7222177982330322,-0.7637929320335388,0.5981867909431458,6.63468074798584,2.0,0.31334367394447327,0.9496397972106934,0.3187119960784912,1.005009412765503,0.22742201387882233,1.0825048685073853,-1.122504909057853,-718.5491123502333,0.0,0.0
20.240000000000002,1012,-0.6810550689697266,0.7322322130203247,-0.74920254945755,0.7295167446136475,6.566498756408691,2.0,0.3356296420097351,0.9419940114021301,0.3422735631465912,1.016684651374817,0.209761843085289,1.0914760828018188,-1.1314761317008344,-719.6805884819341,0.0,0.0
20.26,1013,-0.6683726906776428,0.7438265681266785,-0.7320188283920288,0.8591868877410889,6.483505725860596,2.0,0.3564675450325012,0.9343076944351196,0.3644843101501465,1.024840235710144,0.19048112630844116,1.0965031385421753,-1.1365031546539623,-720.8170916365881,0.0,0.0
20.28,1014,-0.6535618901252747,0.7568730711936951,-0.7122809886932373,0.9868935346603394,6.3853325843811035,2.0,0.37579697370529175,0.9267020225524902,0.3852566182613373,1.0293588638305664,0.16982893645763397,1.097537636756897,-1.1375375915923223,-721.9546292281805,0.0,0.0
20.3,1015,-0.636563777923584,0.7712240815162659,-0.6900344491004944,1.1123249530792236,6.271573066711426,2.0,0.39356696605682373,0.9192959666252136,0.404508501291275,1.0301307439804077,0.14807187020778656,1.0945429801940918,-1.134542967458952,-723.0891721956394,0.0,0.0
20.32,1016,-0.6173197627067566,0.7867123484611511,-0.665331244468689,1.2351610660552979,6.141805648803711,2.0,0.40973538160324097,0.9122044444084167,0.4221639633178711,1.0270551443099976,0.12549208104610443,1.08749520778656,-1.1274952107984875,-724.216667406438,0.0,0.0
20.34,1017,-0.5957746505737305,0.8031516671180725,-0.6382297873497009,1.35507333278656,5.995611667633057,2.0,0.42426797747612,0.9055367112159729,0.43815332651138306,1.0200425386428833,0.1023850217461586,1.076383113861084,-1.116383121198047,-725.333050527636,0.0,0.0
20.36,1018,-0.5718795657157898,0.8203375935554504,-0.6087952852249146,1.4717252254486084,5.832596302032471,2.0,0.43713751435279846,0.899394690990448,0.45241352915763855,1.0090171098709106,0.07905711233615875,1.0612088441848755,-1.1012088019271737,-726.4342593295632,0.0,0.0
20.38,1019,-0.5455957055091858,0.83804851770401,-0.5770998001098633,1.5847735404968262,5.652414321899414,2.0,0.44832292199134827,0.8938716650009155,0.46488824486732483,0.9939186573028564,0.05582316964864731,1.0419880151748657,-1.0819880473881551,-727.5162473769514,0.0,0.0
20.400000000000002,1020,-0.5168972015380859,0.8560474514961243,-0.5432224273681641,1.6938693523406982,5.45479154586792,2.0,0.45780816674232483,0.8890510201454163,0.4755282700061798,0.9747053980827332,0.033003535121679306,1.0187506675720215,-1.0587506747109812,-728.5749980516623,0.0,0.0
20.42,1021,-0.4857746660709381,0.8740840554237366,-0.5072492361068726,1.798660397529602,5.239551067352295,2.0,0.4655815362930298,0.885004997253418,0.48429158329963684,0.9513561725616455,0.01092092040926218,0.991540789604187,-1.0315407887926533,-729.606538840455,0.0,0.0
20.44,1022,-0.4522382915019989,0.8918971419334412,-0.4692733585834503,1.8987932205200195,5.006637096405029,2.0,0.4716346263885498,0.8817940354347229,0.4911436140537262,0.9238729476928711,-0.010103083215653896,0.9604169726371765,-1.0004169703261923,-730.6069558107812,0.0,0.0
20.46,1023,-0.4163208305835724,0.9092177748680115,-0.42939502000808716,1.9939159154891968,4.756138801574707,2.0,0.475961834192276,0.8794659376144409,0.4960573613643646,0.8922826647758484,-0.029751835390925407,0.9254523515701294,-0.9654523769234955,-731.5724081877047,0.0,0.0
20.48,1024,-0.37807992100715637,0.9257729649543762,-0.38772138953208923,2.083682060241699,4.488308429718018,2.0,0.4785594642162323,0.8780551552772522,0.49901336431503296,0.8566393852233887,-0.04771780967712402,0.8867347240447998,-0.9267347483335713,-732.4991429360383,0.0,0.0
20.5,1025,-0.3376002609729767,0.9412896037101746,-0.34436631202697754,2.1677536964416504,4.203585147857666,2.0,0.4794255495071411,0.8775825500488281,0.5,0.8170257806777954,-0.06370701640844345,0.8443663120269775,-0.8843663080070538,-733.3835092440454,0.0,0.0
20.52,1026,-0.29499492049217224,0.9554988145828247,-0.29945018887519836,2.2458059787750244,3.9026031494140625,2.0,0.4785594642162323,0.8780551552772522,0.49901336431503296,0.7735543847084045,-0.0774436742067337,0.7984635829925537,-0.8384635548583503,-734.2219727989037,0.0,0.0
20.54,1027,-0.2504059970378876,0.9681409001350403,-0.25309959053993225,2.3175299167633057,3.586207389831543,2.0,0.475961834192276,0.8794659376144409,0.4960573613643646,0.7263678312301636,-0.08867497742176056,0.7491569519042969,-0.7891569410092095,-735.0111297399129,0.0,0.0
20.56,1028,-0.20400458574295044,0.978969931602478,-0.20544680953025818,2.382639169692993,3.2554547786712646,2.0,0.4716346263885498,0.8817940354347229,0.4911436140537262,0.6756392121315002,-0.09717586636543274,0.6965904235839844,-0.7365904335234148,-735.7477201734363,0.0,0.0
20.580000000000002,1029,-0.15598973631858826,0.9877586960792542,-0.15662938356399536,2.440871477127075,2.9116148948669434,2.0,0.4655815362930298,0.885004997253418,0.48429158329963684,0.6215712428092957,-0.10275367647409439,0.6409209370613098,-0.6809209606028568,-736.4286411340391,0.0,0.0
20.6,1030,-0.10658663511276245,0.9943034052848816,-0.1067894846200943,2.491994619369507,2.556161880493164,2.0,0.45780816674232483,0.8890510201454163,0.4755282700061798,0.5643947720527649,-0.10525241494178772,0.5823177695274353,-0.6223177453321067,-737.0509588793713,0.0,0.0
20.62,1031,-0.05604391172528267,0.9984282851219177,-0.05607328936457634,2.5358097553253174,2.1907613277435303,2.0,0.44832292199134827,0.8938716650009155,0.46488824486732483,0.5043668150901794,-0.1045566275715828,0.5209615230560303,-0.5609615327370041,-737.6119204121082,0.0,0.0
20.64,1032,-0.00463017588481307,0.9999892711639404,-0.004630192182958126,2.5721547603607178,1.8172502517700195,2.0,0.43713751435279846,0.899394690990448,0.45241352915763855,0.44176769256591797,-0.10059460252523422,0.45704370737075806,-0.4970437185551189,-738.1089641306634,0.0,0.0
20.66,1033,0.04737021401524544,0.9988774061203003,0.047387950122356415,2.60090708732605,1.4376107454299927,2.0,0.42426797747612,0.9055367112159729,0.43815332651138306,0.37689775228500366,-0.09334071725606918,0.39076539874076843,-0.43076539058906366,-738.5397295212524,0.0,0.0
20.68,1034,0.0996619462966919,0.9950213432312012,0.09982766956090927,2.621985912322998,1.0539395809173584,2.0,0.40973538160324097,0.9122044444084167,0.4221639633178711,0.3100734353065491,-0.08281692862510681,0.3223362863063812,-0.36233629571384696,-738.9020658169662,0.0,0.0
20.7,1035,0.15194393694400787,0.9883891344070435,0.15253475308418274,2.6353540420532227,0.6684128046035767,2.0,0.39356696605682373,0.9192959666252136,0.404508501291275,0.24162302911281586,-0.06909316778182983,0.2519737482070923,-0.29197374743292,-739.1940395643992,0.0,0.0
20.72,1036,0.2039148360490799,0.9789886474609375,0.20535513758659363,2.641019105911255,0.2832466959953308,2.0,0.37579697370529175,0.9267020225524902,0.3852566182613373,0.17188212275505066,-0.052286602556705475,0.17990149557590485,-0.21990149023448577,-739.4139410546337,0.0,0.0
20.740000000000002,1037,0.2552202343940735,0.9668829441070557,0.258075475692749,2.6360175609588623,-0.25008052587509155,1.799014925956726,0.3564675450325012,0.9343076944351196,0.3644843101501465,0.10124728828668594,-0.03257523477077484,0.10640883445739746,-0.13877337842716253,-739.5527144330608,0.0,0.0
20.76,1038,0.3053675591945648,0.9522345662117004,0.31032440066337585,2.6124460697174072,-1.1785674095153809,1.0640883445739746,0.3356296420097351,0.9419940114021301,0.3422735631465912,0.030262071639299393,-0.010240528732538223,0.03194915130734444,-0.043271989423547,-739.5959864224844,0.0,0.0
20.78,1039,0.35389402508735657,0.9352855086326599,0.36173129081726074,2.5703442096710205,-2.1050899028778076,0.31949159502983093,0.31334367394447327,0.9496397972106934,0.3187119960784912,-0.04055033251643181,0.014354260638356209,-0.04301929473876953,-0.04404004290094673,-739.6400264653854,0.0,0.0
20.8,1040,0.4003777503967285,0.9163501858711243,0.41192904114723206,2.509888172149658,-3.0228078365325928,-0.4301929175853729,0.2896801233291626,0.9571235179901123,0.29389262199401855,-0.11069762706756592,0.040773335844278336,-0.1180364266037941,-0.11988708551908193,-739.7599135509045,0.0,0.0
20.82,1041,0.4444469213485718,0.8958051800727844,0.4605567455291748,2.431384801864624,-3.925173282623291,-1.1803642511367798,0.2647198438644409,0.9643253684043884,0.2679134011268616,-0.17972706258296967,0.06852016597986221,-0.19264334440231323,-0.2065759472895852,-739.966489498194,0.0,0.0
20.84,1042,0.4857858717441559,0.8740778565406799,0.5072620511054993,2.335264205932617,-4.806020259857178,-1.9264334440231323,0.2385542392730713,0.9711291790008545,0.24087683856487274,-0.2472316324710846,0.09705132991075516,-0.26638519763946533,-0.30349665296615935,-740.2699861511602,0.0,0.0
20.86,1043,0.5243083238601685,0.851528525352478,0.5519025921821594,2.232029438018799,-5.161742210388184,-2.0,0.21128518879413605,0.9774244427680969,0.2128896415233612,-0.3130231201648712,0.12589594721794128,-0.3390129804611206,-0.37901297491205926,-740.6489991260722,0.0,0.0
20.88,1044,0.5599841475486755,0.8285033106803894,0.5943666696548462,2.1232035160064697,-5.4412994384765625,-2.0,0.18302473425865173,0.9831082820892334,0.18406227231025696,-0.3769594430923462,0.15460500121116638,-0.4103044271469116,-0.45030441352647405,-741.0993035395987,0.0,0.0
20.900000000000002,1045,0.5928158760070801,0.8053380250930786,0.6345508694648743,2.009209394454956,-5.699703693389893,-2.0,0.15389446914196014,0.9880872964859009,0.15450850129127502,-0.43892142176628113,0.18274927139282227,-0.48004236817359924,-0.5200423803993287,-741.6193459199981,0.0,0.0
20.92,1046,0.6228342652320862,0.7823538184165955,0.6723602414131165,1.8904696702957153,-5.936988353729248,-2.0,0.12402476370334625,0.9922791123390198,0.12434494495391846,-0.4988095164299011,0.2099253386259079,-0.5480153560638428,-0.5880153264502684,-742.2073612464484,0.0,0.0
20.94,1047,0.6500941514968872,0.7598536610603333,0.7077082991600037,1.7674016952514648,-6.153395652770996,-2.0,0.09355364739894867,0.995614230632782,0.0936906561255455,-0.5565404891967773,0.23576055467128754,-0.6140176653862,-0.6540176468365367,-742.861378893285,0.0,0.0
20.96,1048,0.6746693253517151,0.7381201386451721,0.7405166029930115,1.640414834022522,-6.3493452072143555,-2.0,0.06262560933828354,0.9980370998382568,0.06266661733388901,-0.6120436787605286,0.2599169611930847,-0.6778500080108643,-0.7178499834053064,-743.5792288766903,0.0,0.0
20.98,1049,0.6966481804847717,0.7174129486083984,0.7707147598266602,1.5099068880081177,-6.525394916534424,-2.0,0.031390100717544556,0.9995071887969971,0.031395260244607925,-0.6652580499649048,0.282094269990921,-0.7393195033073425,-0.7793194784658433,-744.3585483551561,0.0,0.0
21.0,1050,0.7161287665367126,0.6979681849479675,0.7982400059700012,1.3762626647949219,-6.682210445404053,-2.0,-4.904777103602732e-16,1.0,-4.904777103602732e-16,-0.7161287665367126,0.30203181505203247,-0.7982400059700012,-0.8382399920792933,-745.1967883472354,0.0,0.0
21.02,1051,0.7332143783569336,0.6799975633621216,0.8230370283126831,1.2398521900177002,-6.820527076721191,-2.0,-0.031390100717544556,0.9995071887969971,-0.031395260244607925,-0.7646045088768005,0.3195096552371979,-0.8544322848320007,-0.894432294778841,-746.0912206420143,0.0,0.0
21.04,1052,0.7480093836784363,0.6636881828308105,0.8450576066970825,1.1010297536849976,-6.941119194030762,-2.0,-0.06262560933828354,0.9980370998382568,-0.06266661733388901,-0.810634970664978,0.3343489170074463,-0.9077242612838745,-0.9477242470159081,-747.0389448890302,0.0,0.0
21.06,1053,0.7606152892112732,0.6492028832435608,0.8642603158950806,0.9601343870162964,-7.044767379760742,-2.0,-0.09355364739894867,0.995614230632782,-0.0936906561255455,-0.8541688919067383,0.3464113473892212,-0.9579509496688843,-0.9979509757476251,-748.0368958647778,0.0,0.0
21.080000000000002,1054,0.771127462387085,0.6366807818412781,0.8806101083755493,0.8174898028373718,-7.132231712341309,-2.0,-0.12402476370334625,0.9922791123390198,-0.12434494495391846,-0.89515221118927,0.3555983304977417,-1.0049550533294678,-1.0449550575073034,-749.0818509222851,0.0,0.0
21.1,1055,0.7796321511268616,0.6262377500534058,0.8940781950950623,0.6734052300453186,-7.204226016998291,-2.0,-0.15389446914196014,0.9880872964859009,-0.15450850129127502,-0.9335266351699829,0.3618495464324951,-1.0485867261886597,-1.0885867160910236,-750.1704376383761,0.0,0.0
21.12,1056,0.7862038016319275,0.6179672479629517,0.9046417474746704,0.5281773209571838,-7.261396408081055,-2.0,-0.18302473425865173,0.9831082820892334,-0.18406227231025696,-0.9692285656929016,0.36514103412628174,-1.088703989982605,-1.1287040417037668,-751.2991416800799,0.0,0.0
21.14,1057,0.7909032106399536,0.6119412183761597,0.9122835993766785,0.3820912837982178,-7.3043012619018555,-2.0,-0.21128518879413605,0.9774244427680969,-0.2128896415233612,-1.0021884441375732,0.36548322439193726,-1.1251732110977173,-1.1651732370758132,-752.4643149171557,0.0,0.0
21.16,1058,0.793775737285614,0.608210563659668,0.9169920682907104,0.23542331159114838,-7.333398818969727,-2.0,-0.2385542392730713,0.9711291790008545,-0.24087683856487274,-1.03233003616333,0.3629186451435089,-1.1578688621520996,-1.1978688947172063,-753.6621838118729,0.0,0.0
21.18,1059,0.7948503494262695,0.6068055033683777,0.9187608957290649,0.08844264596700668,-7.349033355712891,-2.0,-0.2647198438644409,0.9643253684043884,-0.2679134011268616,-1.0595701932907104,0.35751983523368835,-1.1866743564605713,-1.2266743081424683,-754.8888581200154,0.0,0.0
21.2,1060,0.7941387891769409,0.6077364087104797,0.9175891876220703,-0.058585911989212036,-7.351428031921387,-2.0,-0.2896801233291626,0.9571235179901123,-0.29389262199401855,-1.0838189125061035,0.3493870794773102,-1.2114818096160889,-1.251481818583208,-756.1403399385986,0.0,0.0
21.22,1061,0.7916355133056641,0.6109936237335205,0.9134811758995056,-0.2053994983434677,-7.340679168701172,-2.0,-0.31334367394447327,0.9496397972106934,-0.3187119960784912,-1.104979157447815,0.33864617347717285,-1.2321932315826416,-1.272193197414347,-757.4125331360129,0.0,0.0
21.240000000000002,1062,0.7873178124427795,0.6165473461151123,0.9064465165138245,-0.35173460841178894,-7.316755771636963,-2.0,-0.3356296420097351,0.9419940114021301,-0.3422735631465912,-1.1229474544525146,0.3254466652870178,-1.2487200498580933,-1.2887200632505138,-758.7012531992634,0.0,0.0
21.26,1063,0.7811464667320251,0.6243478059768677,0.8964999914169312,-0.4973246157169342,-7.279500961303711,-2.0,-0.3564675450325012,0.9343076944351196,-0.3644843101501465,-1.1376140117645264,0.30995991826057434,-1.2609843015670776,-1.300984331416703,-760.0022375306801,0.0,0.0
21.28,1064,0.7730669975280762,0.6343243718147278,0.8836620450019836,-0.6418973207473755,-7.228635787963867,-2.0,-0.37579697370529175,0.9267020225524902,-0.3852566182613373,-1.1488639116287231,0.29237765073776245,-1.2689186334609985,-1.3089186922561316,-761.3111562229362,0.0,0.0
21.3,1065,0.7630109786987305,0.6463854908943176,0.8679586052894592,-0.785172700881958,-7.163769245147705,-2.0,-0.39356696605682373,0.9192959666252136,-0.404508501291275,-1.1565779447555542,0.2729104459285736,-1.2724671363830566,-1.3124671135022683,-762.6236233364385,0.0,0.0
21.32,1066,0.7508984208106995,0.6604177355766296,0.8494213819503784,-0.9268609285354614,-7.084409713745117,-2.0,-0.40973538160324097,0.9122044444084167,-0.4221639633178711,-1.1606338024139404,0.2517867088317871,-1.2715853452682495,-1.311585360709757,-763.9352086971483,0.0,0.0
21.34,1067,0.7366397976875305,0.6762853264808655,0.8280881643295288,-1.0666605234146118,-6.989977836608887,-2.0,-0.42426797747612,0.9055367112159729,-0.43815332651138306,-1.1609077453613281,0.22925136983394623,-1.2662415504455566,-1.3062415285124485,-765.2414502256607,0.0,0.0
21.36,1068,0.7201392650604248,0.6938295364379883,0.8040030598640442,-1.2042570114135742,-6.879827499389648,-2.0,-0.43713751435279846,0.899394690990448,-0.45241352915763855,-1.1572767496109009,0.20556515455245972,-1.2564165592193604,-1.2964165742660971,-766.5378667999269,0.0,0.0
21.38,1069,0.7012979388237,0.7128682732582092,0.7772166132926941,-1.3393223285675049,-6.753265380859375,-2.0,-0.44832292199134827,0.8938716650009155,-0.46488824486732483,-1.1496208906173706,0.1810033917427063,-1.2421048879623413,-1.2821048444555931,-767.8199716443825,0.0,0.0
21.400000000000002,1070,0.680017352104187,0.7331960201263428,0.7477863430976868,-1.4715138673782349,-6.609574794769287,-2.0,-0.45780816674232483,0.8890510201454163,-0.4755282700061798,-1.1378254890441895,0.1558550000190735,-1.2233145236968994,-1.2633145831295174,-769.083286227512,0.0,0.0
21.42,1071,0.6562038064002991,0.7545837163925171,0.715776801109314,-1.6004747152328491,-6.4480462074279785,-2.0,-0.4655815362930298,0.885004997253418,-0.48429158329963684,-1.121785283088684,0.13042128086090088,-1.2000683546066284,-1.240068410604682,-770.3233546381166,0.0,0.0
21.44,1072,0.6297723650932312,0.7767797112464905,0.6812601089477539,-1.7258347272872925,-6.268001556396484,-2.0,-0.4716346263885498,0.8817940354347229,-0.4911436140537262,-1.1014070510864258,0.10501432418823242,-1.1724038124084473,-1.2124037598070363,-771.5357583979236,0.0,0.0
21.46,1073,0.6006516218185425,0.7995108366012573,0.6443158984184265,-1.8472113609313965,-6.068831443786621,-2.0,-0.475961834192276,0.8794659376144409,-0.4960573613643646,-1.076613426208496,0.0799550861120224,-1.1403732299804688,-1.1803732569370384,-772.7161316548606,0.0,0.0
21.48,1074,0.5687881112098694,0.8224840760231018,0.6050316691398621,-1.9642119407653809,-5.850024223327637,-2.0,-0.4785594642162323,0.8780551552772522,-0.49901336431503296,-1.0473475456237793,0.055571068078279495,-1.104045033454895,-1.1440450327293294,-773.86017668759,0.0,0.0
21.5,1075,0.5341508388519287,0.845389187335968,0.5635029673576355,-2.0764358043670654,-5.61120080947876,-2.0,-0.4794255495071411,0.8775825500488281,-0.5,-1.0135763883590698,0.03219336271286011,-1.0635029077529907,-1.103502950481762,-774.9636796380718,0.0,0.0
21.52,1076,0.496735543012619,0.8679019808769226,0.5198333859443665,-2.183478832244873,-5.352148532867432,-2.0,-0.4785594642162323,0.8780551552772522,-0.49901336431503296,-0.9752950072288513,0.010153192095458508,-1.0188467502593994,-1.0588467373213957,-776.0225263753931,0.0,0.0
21.54,1077,0.45656871795654297,0.8896881341934204,0.4741346538066864,-2.28493595123291,-5.072851181030273,-2.0,-0.475961834192276,0.8794659376144409,-0.4960573613643646,-0.9325305819511414,-0.010222201235592365,-0.970192015171051,-1.0101920059113778,-777.0327183813044,0.0,0.0
21.56,1078,0.4137110412120819,0.9104082584381104,0.4265265166759491,-2.380406379699707,-4.773519515991211,-2.0,-0.4716346263885498,0.8817940354347229,-0.4911436140537262,-0.8853456377983093,-0.028614189475774765,-0.9176701307296753,-0.9576701550276568,-777.9903885363321,0.0,0.0
21.580000000000002,1079,0.3682597875595093,0.9297229647636414,0.37713655829429626,-2.469498634338379,-4.45461368560791,-2.0,-0.4655815362930298,0.885004997253418,-0.48429158329963684,-0.8338413238525391,-0.044717937707901,-0.8614281415939331,-0.9014281391742994,-778.8918166755064,0.0,0.0
21.6,1080,0.32035085558891296,0.9472989439964294,0.32609984278678894,-2.551835775375366,-4.116865158081055,-2.0,-0.45780816674232483,0.8890510201454163,-0.4755282700061798,-0.7781590223312378,-0.05824796110391617,-0.8016281127929688,-0.8416280996627841,-779.7334447751692,0.0,0.0
21.62,1081,0.27015942335128784,0.9628155827522278,0.2735586166381836,-2.627061605453491,-3.7612876892089844,-2.0,-0.44832292199134827,0.8938716650009155,-0.46488824486732483,-0.7184823155403137,-0.06894392520189285,-0.738446831703186,-0.7784468523268961,-780.5118916274961,0.0,0.0
21.64,1082,0.21789947152137756,0.9759712219238281,0.21966169774532318,-2.694845199584961,-3.3891830444335938,-2.0,-0.43713751435279846,0.899394690990448,-0.45241352915763855,-0.655036985874176,-0.07657653838396072,-0.6720752120018005,-0.7120752302205415,-781.2239668577166,0.0,0.0
21.66,1083,0.16382217407226562,0.9864898920059204,0.16456393897533417,-2.7548880577087402,-3.002138614654541,-2.0,-0.42426797747612,0.9055367112159729,-0.43815332651138306,-0.588090181350708,-0.0809532031416893,-0.6027172803878784,-0.6427172831578207,-781.8666841408744,0.0,0.0
21.68,1084,0.10821305960416794,0.9941277503967285,0.10842537879943848,-2.8069283962249756,-2.602013349533081,-2.0,-0.40973538160324097,0.9122044444084167,-0.4221639633178711,-0.5179484486579895,-0.08192329853773117,-0.5305893421173096,-0.5705893396775198,-782.437273480552,0.0,0.0
21.7,1085,0.05138780176639557,0.9986788034439087,0.05141044408082962,-2.8507466316223145,-2.190917730331421,-2.0,-0.39356696605682373,0.9192959666252136,-0.404508501291275,-0.4449547827243805,-0.07938282936811447,-0.45591893792152405,-0.49591894079608795,-782.933192421348,0.0,0.0
21.72,1086,-0.0063129207119345665,0.999980092048645,-0.006312962621450424,-2.8861703872680664,-1.7711827754974365,-2.0,-0.37579697370529175,0.9267020225524902,-0.3852566182613373,-0.3694840371608734,-0.073278047144413,-0.37894365191459656,-0.418943658583164,-783.3521360799313,0.0,0.0
21.740000000000002,1087,-0.06452962756156921,0.9979158043861389,-0.06457449495792389,-2.913076639175415,-1.3453212976455688,-2.0,-0.3564675450325012,0.9343076944351196,-0.3644843101501465,-0.291937917470932,-0.0636080801486969,-0.2999098300933838,-0.33990981597357295,-783.6920458959048,0.0,0.0
21.76,1088,-0.12289098650217056,0.9924201965332031,-0.12320242822170258,-2.931396484375,-0.9159829020500183,-2.0,-0.3356296420097351,0.9419940114021301,-0.3422735631465912,-0.21273864805698395,-0.05042614787817001,-0.21907112002372742,-0.2590711271449161,-783.9511170230497,0.0,0.0
21.78,1089,-0.18102121353149414,0.9834792017936707,-0.18202471733093262,-2.9411144256591797,-0.48590222001075745,-2.0,-0.31334367394447327,0.9496397972106934,-0.3187119960784912,-0.13232247531414032,-0.0338393971323967,-0.1366872787475586,-0.17668728008462906,-784.1278043031343,0.0,0.0
21.8,1090,-0.23836328089237213,0.9711760878562927,-0.24068020284175873,-2.932774543762207,0.4170007109642029,-1.366872787475586,-0.2896801233291626,0.9571235179901123,-0.29389262199401855,-0.05131685733795166,-0.014052550308406353,-0.053212422877550125,-0.07189583554028305,-784.1997001386746,0.0,0.0
21.82,1091,-0.29432564973831177,0.9557051658630371,-0.2987498342990875,-2.9034814834594727,1.4646437168121338,-0.5321241617202759,-0.2647198438644409,0.9643253684043884,-0.2679134011268616,0.029605796560645103,0.008620169013738632,0.03083643689751625,-0.03366799865927526,-784.233368137334,0.0,0.0
21.84,1092,-0.3483564853668213,0.9373621344566345,-0.35581719875335693,-2.8533685207366943,2.505654811859131,0.3083643317222595,-0.2385542392730713,0.9711291790008545,-0.24087683856487274,0.1098022609949112,0.03376705199480057,0.11494036763906479,-0.11589125253348274,-784.3492593898675,0.0,0.0
21.86,1093,-0.39995867013931274,0.9165331721305847,-0.41147172451019287,-2.782726764678955,3.5320870876312256,1.149403691291809,-0.21128518879413605,0.9774244427680969,-0.2128896415233612,0.1886734664440155,0.060891274362802505,0.19858209788799286,-0.2117933802555933,-784.5610527701231,0.0,0.0
21.88,1094,-0.4487013816833496,0.8936817646026611,-0.4653117060661316,-2.6919984817504883,4.536413669586182,1.985821008682251,-0.18302473425865173,0.9831082820892334,-0.18406227231025696,0.2656766474246979,0.08942656219005585,0.28124943375587463,-0.32068428028820356,-784.8817370504113,0.0,0.0
21.900000000000002,1095,-0.4944402873516083,0.8692116141319275,-0.5171907544136047,-2.5939531326293945,4.902270317077637,2.0,-0.15389446914196014,0.9880872964859009,-0.15450850129127502,0.34054580330848694,0.11887568235397339,0.3626822829246521,-0.40268227102770027,-785.284419321439,0.0,0.0
21.92,1096,-0.5370835065841675,0.8435291051864624,-0.5669757723808289,-2.489250659942627,5.235117435455322,2.0,-0.12402476370334625,0.9922791123390198,-0.12434494495391846,0.41305872797966003,0.14875003695487976,0.4426308274269104,-0.4826308384089056,-785.7670501598479,0.0,0.0
21.94,1097,-0.576585054397583,0.8170371055603027,-0.6145428419113159,-2.378351926803589,5.544938564300537,2.0,-0.09355364739894867,0.995614230632782,-0.0936906561255455,0.48303139209747314,0.17857711017131805,0.5208521485328674,-0.5608521629949224,-786.3279023228429,0.0,0.0
21.96,1098,-0.6129409074783325,0.790128767490387,-0.6597772836685181,-2.261723756790161,5.8314127922058105,2.0,-0.06262560933828354,0.9980370998382568,-0.06266661733388901,0.5503153204917908,0.20790833234786987,0.5971106886863708,-0.6371106767219457,-786.9650129995648,0.0,0.0
21.98,1099,-0.6461842060089111,0.7631814479827881,-0.7025739550590515,-2.1398332118988037,6.094527244567871,2.0,-0.031390100717544556,0.9995071887969971,-0.031395260244607925,0.614794135093689,0.23632574081420898,0.6711786985397339,-0.7111786960310575,-787.6761916955959,0.0,0.0
22.0,1100,-0.6763800978660583,0.7365527749061584,-0.7428367733955383,-2.0131423473358154,6.3345441818237305,2.0,2.205602220366155e-15,1.0,2.205602220366155e-15,0.6763800978660583,0.26344722509384155,0.7428367733955383,-0.7828368004282246,-788.4590284960241,0.0,0.0
22.02,1101,-0.7036197781562805,0.7105766534805298,-0.780478835105896,-1.8821030855178833,6.55195951461792,2.0,0.031390100717544556,0.9995071887969971,0.031395260244607925,0.7350098490715027,0.2889305353164673,0.8118740916252136,-0.8518741211058776,-789.31090261713,0.0,0.0
22.04,1102,-0.7280149459838867,0.6855612993240356,-0.8154219388961792,-1.747153878211975,6.747461318969727,2.0,0.06262560933828354,0.9980370998382568,0.06266661733388901,0.7906405329704285,0.3124758005142212,0.8780885338783264,-0.9180885545147514,-790.2289911716447,0.0,0.0
22.06,1103,-0.7496917843818665,0.6617870926856995,-0.847596287727356,-1.6087160110473633,6.9218878746032715,2.0,0.09355364739894867,0.995614230632782,0.0936906561255455,0.8432454466819763,0.33382710814476013,0.9412869215011597,-0.9812869161777173,-791.2102780878224,0.0,0.0
22.080000000000002,1104,-0.7687856554985046,0.6395065188407898,-0.876940131187439,-1.4671924114227295,7.076184272766113,2.0,0.12402476370334625,0.9922791123390198,0.12434494495391846,0.8928104043006897,0.35277259349823,1.0012850761413574,-1.0412850498888846,-792.2515631377113,0.0,0.0
22.1,1105,-0.7854354977607727,0.6189435124397278,-0.9033994078636169,-1.322965145111084,7.211359977722168,2.0,0.15389446914196014,0.9880872964859009,0.15450850129127502,0.939329981803894,0.3691437542438507,1.0579079389572144,-1.0979079068355773,-793.3494710445468,0.0,0.0
22.12,1106,-0.7997792363166809,0.600294291973114,-0.9269273281097412,-1.176396131515503,7.3284525871276855,2.0,0.18302473425865173,0.9831082820892334,0.18406227231025696,0.9828039407730103,0.38281404972076416,1.1109895706176758,-1.1509896082180315,-794.5004606527649,0.0,0.0
22.14,1107,-0.8119493126869202,0.5837278962135315,-0.9474838376045227,-1.0278263092041016,7.42849063873291,2.0,0.21128518879413605,0.9774244427680969,0.2128896415233612,1.023234486579895,0.39369654655456543,1.1603734493255615,-1.2003735037167762,-795.7008341564817,0.0,0.0
22.16,1108,-0.8220690488815308,0.5693877935409546,-0.9650353789329529,-0.8775770664215088,7.512460708618164,2.0,0.2385542392730713,0.9711291790008545,0.24087683856487274,1.060623288154602,0.4017413854598999,1.2059122323989868,-1.2459122367585802,-796.9467463932403,0.0,0.0
22.18,1109,-0.8302490711212158,0.5573925375938416,-0.9795544147491455,-0.7259514331817627,7.581282138824463,2.0,0.2647198438644409,0.9643253684043884,0.2679134011268616,1.0949689149856567,0.4069328308105469,1.2474678754806519,-1.2874678260322763,-798.2342142192726,0.0,0.0
22.2,1110,-0.836584746837616,0.5478375554084778,-0.9910191297531128,-0.573235809803009,7.6357808113098145,2.0,0.2896801233291626,0.9571235179901123,0.29389262199401855,1.1262649297714233,0.4092859625816345,1.2849117517471313,-1.3249117711667198,-799.5591259904394,0.0,0.0
22.22,1111,-0.8411538004875183,0.5407959818840027,-0.9994131922721863,-0.4197024405002594,7.676668643951416,2.0,0.31334367394447327,0.9496397972106934,0.3187119960784912,1.154497504234314,0.4088438153266907,1.3181252479553223,-1.358125188948666,-800.917251179388,0.0,0.0
22.240000000000002,1112,-0.8440147638320923,0.5363199710845947,-1.004725456237793,-0.2656118869781494,7.704527854919434,2.0,0.3356296420097351,0.9419940114021301,0.3422735631465912,1.1796443462371826,0.4056740403175354,1.346998929977417,-1.3869989849595337,-802.3042501643475,0.0,0.0
22.26,1113,-0.8452056050300598,0.5344412922859192,-1.006949782371521,-0.11121591925621033,7.719799041748047,2.0,0.3564675450325012,0.9343076944351196,0.3644843101501465,1.201673150062561,0.3998664319515228,1.3714340925216675,-1.4114340640619458,-803.7156842284095,0.0,0.0
22.28,1114,-0.8447431325912476,0.5351720452308655,-1.00608491897583,0.043239496648311615,7.722770690917969,2.0,0.37579697370529175,0.9267020225524902,0.3852566182613373,1.2205400466918945,0.39153000712394714,1.3913415670394897,-1.4313415817765498,-805.147025810186,0.0,0.0
22.3,1115,-0.8426224589347839,0.5385047793388367,-1.0021346807479858,0.19751101732254028,7.713575839996338,2.0,0.39356696605682373,0.9192959666252136,0.404508501291275,1.2361894845962524,0.38079118728637695,1.406643271446228,-1.4466432372502542,-806.5936690474363,0.0,0.0
22.32,1116,-0.8388175964355469,0.5444126129150391,-0.9951076507568359,0.35135477781295776,7.692188262939453,2.0,0.40973538160324097,0.9122044444084167,0.4221639633178711,1.248552918434143,0.3677918314933777,1.417271614074707,-1.457271607219329,-808.0509406546556,0.0,0.0
22.34,1117,-0.8332815766334534,0.5528488159179688,-0.9850171804428101,0.5045232772827148,7.658424377441406,2.0,0.42426797747612,0.9055367112159729,0.43815332651138306,1.257549524307251,0.35268789529800415,1.423170566558838,-1.4631705190971083,-809.5141111737528,0.0,0.0
22.36,1118,-0.8259481191635132,0.5637461543083191,-0.9718819260597229,0.6567622423171997,7.611949443817139,2.0,0.43713751435279846,0.899394690990448,0.45241352915763855,1.2630856037139893,0.3356485366821289,1.424295425415039,-1.4642954600506617,-810.9784066338034,0.0,0.0
22.38,1119,-0.8167327642440796,0.5770161747932434,-0.9557257890701294,0.807807981967926,7.5522847175598145,2.0,0.44832292199134827,0.8938716650009155,0.46488824486732483,1.2650556564331055,0.3168555200099945,1.4206140041351318,-1.4606140176555336,-812.4390206514589,0.0,0.0
22.400000000000002,1120,-0.8055351972579956,0.5925479531288147,-0.936578094959259,0.9573843479156494,7.478818416595459,2.0,0.45780816674232483,0.8890510201454163,0.4755282700061798,1.263343334197998,0.2965030372142792,1.4121063947677612,-1.452106346420483,-813.8911269978794,0.0,0.0
22.42,1121,-0.7922417521476746,0.6102073192596436,-0.9144740700721741,1.1052007675170898,7.3908233642578125,2.0,0.4655815362930298,0.885004997253418,0.48429158329963684,1.2578233480453491,0.2747976779937744,1.3987656831741333,-1.4387656531472135,-815.3298926510266,0.0,0.0
22.44,1122,-0.776728630065918,0.6298353672027588,-0.8894550800323486,1.2509502172470093,7.287473678588867,2.0,0.4716346263885498,0.8817940354347229,0.4911436140537262,1.2483632564544678,0.2519586682319641,1.3805986642837524,-1.4205986927348997,-816.7504913437615,0.0,0.0
22.46,1123,-0.758865237236023,0.6512476801872253,-0.8615689277648926,1.3943076133728027,7.16787052154541,2.0,0.475961834192276,0.8794659376144409,0.4960573613643646,1.2348270416259766,0.22821827232837677,1.3576263189315796,-1.3976262646670754,-818.1481176084286,0.0,0.0
22.48,1124,-0.738518476486206,0.6742332577705383,-0.8308703303337097,1.5349289178848267,7.031064510345459,2.0,0.4785594642162323,0.8780551552772522,0.49901336431503296,1.2170778512954712,0.20382189750671387,1.3298836946487427,-1.3698836990532683,-819.5180013074819,0.0,0.0
22.5,1125,-0.7155570983886719,0.6985542178153992,-0.7974213361740112,1.6724507808685303,6.876089572906494,2.0,0.4794255495071411,0.8775825500488281,0.5,1.194982647895813,0.17902833223342896,1.2974213361740112,-1.337421319776684,-820.8554226272586,0.0,0.0
22.52,1126,-0.689857006072998,0.723945677280426,-0.76129150390625,1.8064906597137451,6.7019944190979,2.0,0.4785594642162323,0.8780551552772522,0.49901336431503296,1.1684165000915527,0.15410949289798737,1.2603049278259277,-1.3003048710736873,-822.1557274983322,0.0,0.0
22.54,1127,-0.6613060235977173,0.750116229057312,-0.7225585579872131,1.9366482496261597,6.507879257202148,2.0,0.475961834192276,0.8794659376144409,0.4960573613643646,1.137267827987671,0.1293497383594513,1.2186158895492554,-1.258615892805482,-823.4143433911377,0.0,0.0
22.56,1128,-0.6298098564147949,0.776749312877655,-0.681308388710022,2.062506914138794,6.292934894561768,2.0,0.4716346263885498,0.8817940354347229,0.4911436140537262,1.1014444828033447,0.10504472255706787,1.1724519729614258,-1.2124520288540719,-824.6267954199917,0.0,0.0
22.580000000000002,1129,-0.5952973365783691,0.8035054802894592,-0.6376356482505798,2.1836366653442383,6.056481838226318,2.0,0.4655815362930298,0.885004997253418,0.48429158329963684,1.060878872871399,0.08149951696395874,1.121927261352539,-1.161927252568694,-825.7887226725604,0.0,0.0
22.6,1130,-0.5577261447906494,0.8300250172615051,-0.591643750667572,2.2995967864990234,5.798014163970947,2.0,0.45780816674232483,0.8890510201454163,0.4755282700061798,1.0155342817306519,0.05902595818042755,1.0671720504760742,-1.1071719930950426,-826.8958946656554,0.0,0.0
22.62,1131,-0.5170876383781433,0.8559324741363525,-0.5434449315071106,2.4099414348602295,5.517234802246094,2.0,0.44832292199134827,0.8938716650009155,0.46488824486732483,0.965410590171814,0.03793922811746597,1.0083332061767578,-1.0483331468253625,-827.9442278124808,0.0,0.0
22.64,1132,-0.47341209650039673,0.880841076374054,-0.4931604266166687,2.514223575592041,5.214099407196045,2.0,0.43713751435279846,0.899394690990448,0.45241352915763855,0.9105495810508728,0.018553607165813446,0.9455739855766296,-0.9855739591907038,-828.9298017716715,0.0,0.0
22.66,1133,-0.42677202820777893,0.9043592214584351,-0.4409204125404358,2.6120004653930664,4.888845920562744,2.0,0.42426797747612,0.9055367112159729,0.43815332651138306,0.8510400056838989,0.0011774501763284206,0.8790737390518188,-0.9190737636372637,-829.8488755353087,0.0,0.0
22.68,1134,-0.3772856593132019,0.9260969161987305,-0.3868635892868042,2.70284104347229,4.542025089263916,2.0,0.40973538160324097,0.9122044444084167,0.4221639633178711,0.7870210409164429,-0.013892505317926407,0.8090275526046753,-0.8490275669192571,-830.697903102228,0.0,0.0
22.7,1135,-0.32511845231056213,0.9456732869148254,-0.3311369717121124,2.7863314151763916,4.174522876739502,2.0,0.39356696605682373,0.9192959666252136,0.404508501291275,0.7186853885650635,-0.026377355679869652,0.7356454730033875,-0.775645472799336,-831.4735485750273,0.0,0.0
22.72,1136,-0.2704836130142212,0.9627245664596558,-0.2738953232765198,2.8620829582214355,3.787571430206299,2.0,0.37579697370529175,0.9267020225524902,0.3852566182613373,0.6462805867195129,-0.03602255880832672,0.6591519117355347,-0.6991519398288323,-832.1727005148562,0.0,0.0
22.740000000000002,1137,-0.21364106237888336,0.9769122004508972,-0.2153005599975586,2.9297380447387695,3.3827550411224365,2.0,0.3564675450325012,0.9343076944351196,0.3644843101501465,0.5701085925102234,-0.04260451719164848,0.5797848701477051,-0.6197848729943425,-832.7924853878505,0.0,0.0
22.76,1138,-0.15489482879638672,0.987930953502655,-0.15552100539207458,2.9889779090881348,2.96199893951416,2.0,0.3356296420097351,0.9419940114021301,0.3422735631465912,0.4905244708061218,-0.045936934649944305,0.4977945387363434,-0.5377945535263933,-833.330279941377,0.0,0.0
22.78,1139,-0.09458880126476288,0.9955164194107056,-0.0947304219007492,3.0395290851593018,2.5275521278381348,2.0,0.31334367394447327,0.9496397972106934,0.3187119960784912,0.40793249011039734,-0.0458766333758831,0.4134424030780792,-0.45344241589068685,-833.7837223572676,0.0,0.0
22.8,1140,-0.03310101106762886,0.9994519948959351,-0.03310706093907356,3.0811681747436523,2.0819547176361084,2.0,0.2896801233291626,0.9571235179901123,0.29389262199401855,0.32278114557266235,-0.042328499257564545,0.326999694108963,-0.3669996857079277,-834.1507220429755,0.0,0.0
22.82,1141,0.029163364320993423,0.9995746612548828,0.029167501255869865,3.1137280464172363,1.6279969215393066,2.0,0.2647198438644409,0.9643253684043884,0.2679134011268616,0.2355564832687378,-0.03524929657578468,0.23874589800834656,-0.2787458968395848,-834.4294679398151,0.0,0.0
22.84,1142,0.09178018569946289,0.995779275894165,0.09190952777862549,3.137101411819458,1.1686657667160034,2.0,0.2385542392730713,0.9711291790008545,0.24087683856487274,0.1467740535736084,-0.02465011738240719,0.14896731078624725,-0.18896730989313126,-834.6184352497082,0.0,0.0
22.86,1143,0.15416400134563446,0.9880452752113342,0.1547812968492508,3.143588066101074,0.3243408501148224,1.489673137664795,0.21128518879413605,0.9774244427680969,0.2128896415233612,0.05712117999792099,-0.010620814748108387,0.05810835584998131,-0.0802996156490163,-834.6987348653572,0.0,0.0
22.88,1144,0.21561980247497559,0.9764773845672607,0.21732652187347412,3.1272614002227783,-0.8163335919380188,0.5810835361480713,0.18302473425865173,0.9831082820892334,0.18406227231025696,-0.03259507194161415,0.006630915682762861,-0.033264242112636566,-0.03664082357738815,-834.7353756889346,0.0,0.0
22.900000000000002,1145,0.2754814326763153,0.9613063931465149,0.2790904641151428,3.088197946548462,-1.9531768560409546,-0.33264246582984924,0.15389446914196014,0.9880872964859009,0.15450850129127502,-0.12158696353435516,0.02678089775145054,-0.12458197772502899,-0.12568849100731025,-834.8610641799419,0.0,0.0
22.92,1146,0.33313223719596863,0.9428800940513611,0.3396236300468445,3.0266573429107666,-3.077026844024658,-1.2458198070526123,0.12402476370334625,0.9922791123390198,0.12434494495391846,-0.20910747349262238,0.049399007111787796,-0.21527868509292603,-0.23079935131262933,-835.0918635312545,0.0,0.0
22.94,1147,0.3880648612976074,0.9216320514678955,0.3985309600830078,2.9453670978546143,-4.064519882202148,-2.0,0.09355364739894867,0.995614230632782,0.0936906561255455,-0.29451119899749756,0.07398217171430588,-0.3048402965068817,-0.34484030852217623,-835.4367038397767,0.0,0.0
22.96,1148,0.4400479197502136,0.8979743123054504,0.45565205812454224,2.8560543060302734,-4.465638637542725,-2.0,0.06262560933828354,0.9980370998382568,0.06266661733388901,-0.3774223327636719,0.10006280243396759,-0.39298543334007263,-0.43298543352266283,-835.8696892732993,0.0,0.0
22.98,1149,0.48890602588653564,0.8723364472389221,0.5108352303504944,2.7591590881347656,-4.844754695892334,-2.0,0.031390100717544556,0.9995071887969971,0.031395260244607925,-0.4575159251689911,0.12717074155807495,-0.47943997383117676,-0.5194399731535125,-836.3891292464529,0.0,0.0
23.0,1150,0.5345187187194824,0.8451566696166992,0.5639382004737854,2.6551473140716553,-5.200594425201416,-2.0,3.1847007331080833e-15,1.0,3.1847007331080833e-15,-0.5345187187194824,0.15484336018562317,-0.5639382004737854,-0.6039381777234124,-836.9930674241763,0.0,0.0
23.02,1151,0.5768181681632996,0.8168725371360779,0.6148282289505005,2.544501543045044,-5.532289505004883,-2.0,-0.031390100717544556,0.9995071887969971,-0.031395260244607925,-0.6082082986831665,0.1826346516609192,-0.6462234854698181,-0.6862234665171831,-837.6792908906934,0.0,0.0
23.04,1152,0.6157854795455933,0.7879138588905334,0.6633824706077576,2.4277143478393555,-5.839358806610107,-2.0,-0.06262560933828354,0.9980370998382568,-0.06266661733388901,-0.678411066532135,0.2101232409477234,-0.7260491251945496,-0.7660491090864565,-838.4453399997799,0.0,0.0
23.06,1153,0.6514455080032349,0.7586954236030579,0.7094880938529968,2.3052806854248047,-6.121680736541748,-2.0,-0.09355364739894867,0.995614230632782,-0.0936906561255455,-0.7449991106987,0.23691879212856293,-0.8031787872314453,-0.8431787627609252,-839.2885187625408,0.0,0.0
23.080000000000002,1154,0.6838613748550415,0.7296119928359985,0.7530419230461121,2.1776914596557617,-6.379457950592041,-2.0,-0.12402476370334625,0.9922791123390198,-0.12434494495391846,-0.8078861236572266,0.26266714930534363,-0.8773868680000305,-0.9173868789439664,-840.2059056414847,0.0,0.0
23.1,1155,0.7131282687187195,0.7010335922241211,0.7939504981040955,2.0454280376434326,-6.613173484802246,-2.0,-0.15389446914196014,0.9880872964859009,-0.15450850129127502,-0.8670227527618408,0.2870537042617798,-0.9484589695930481,-0.9884589931078622,-841.1943646345926,0.0,0.0
23.12,1156,0.7393669486045837,0.6733027100563049,0.8321296572685242,1.9089571237564087,-6.823544502258301,-2.0,-0.18302473425865173,0.9831082820892334,-0.18406227231025696,-0.9223916530609131,0.30980560183525085,-1.0161919593811035,-1.05619191493138,-842.2505565495239,0.0,0.0
23.14,1157,0.7627171874046326,0.6467321515083313,0.8675041794776917,1.7687275409698486,-7.011477947235107,-2.0,-0.21128518879413605,0.9774244427680969,-0.2128896415233612,-0.9740023612976074,0.3306922912597656,-1.0803937911987305,-1.1203938357844199,-843.3709503853083,0.0,0.0
23.16,1158,0.783331573009491,0.6216040849685669,0.9000075459480286,1.6251671314239502,-7.178019046783447,-2.0,-0.2385542392730713,0.9711291790008545,-0.24087683856487274,-1.021885871887207,0.3495250940322876,-1.1408843994140625,-1.1808843708511838,-844.5518347561596,0.0,0.0
23.18,1159,0.8013694882392883,0.5981696844100952,0.9295811653137207,1.4786810874938965,-7.324306011199951,-2.0,-0.2647198438644409,0.9643253684043884,-0.2679134011268616,-1.0660892724990845,0.3661556839942932,-1.1974945068359375,-1.2374945527031236,-845.7893293088626,0.0,0.0
23.2,1160,0.81699138879776,0.5766498446464539,0.9561741948127747,1.3296505212783813,-7.451526641845703,-2.0,-0.2896801233291626,0.9571235179901123,-0.29389262199401855,-1.1066715717315674,0.38047364354133606,-1.2500667572021484,-1.2900667922041602,-847.0793961010668,0.0,0.0
23.22,1161,0.8303540945053101,0.5572361350059509,0.9797428250312805,1.1784330606460571,-7.56087589263916,-2.0,-0.31334367394447327,0.9496397972106934,-0.3187119960784912,-1.143697738647461,0.3924036920070648,-1.2984548807144165,-1.338454821368917,-848.4178509224357,0.0,0.0
23.240000000000002,1162,0.841606080532074,0.540091872215271,1.0002501010894775,1.0253626108169556,-7.653521537780762,-2.0,-0.3356296420097351,0.9419940114021301,-0.3422735631465912,-1.177235722541809,0.4019021689891815,-1.3425235748291016,-1.3825236313086915,-849.8003745537444,0.0,0.0
23.26,1163,0.8508837223052979,0.5253540873527527,1.017665147781372,0.8707512617111206,-7.730567932128906,-2.0,-0.3564675450325012,0.9343076944351196,-0.3644843101501465,-1.2073512077331543,0.40895360708236694,-1.3821494579315186,-1.42214941678309,-851.2225239705275,0.0,0.0
23.28,1164,0.8583078980445862,0.5131350755691528,1.0319628715515137,0.7148906588554382,-7.79302978515625,-2.0,-0.37579697370529175,0.9267020225524902,-0.3852566182613373,-1.234104871749878,0.4135669767856598,-1.4172195196151733,-1.457219537206061,-852.6797435077335,0.0,0.0
23.3,1165,0.8639814257621765,0.5035236477851868,1.0431239604949951,0.5580544471740723,-7.841808795928955,-2.0,-0.39356696605682373,0.9192959666252136,-0.404508501291275,-1.257548451423645,0.41577231884002686,-1.4476325511932373,-1.487632502292219,-854.1673760100257,0.0,0.0
23.32,1166,0.8679869174957275,0.49658703804016113,1.0511339902877808,0.4005010426044464,-7.877670764923096,-2.0,-0.40973538160324097,0.9122044444084167,-0.4221639633178711,-1.2777223587036133,0.4156173765659332,-1.4732979536056519,-1.513297988914883,-855.6806739989406,0.0,0.0
23.34,1167,0.870384931564331,0.49237188696861267,1.055983543395996,0.24247640371322632,-7.901232719421387,-2.0,-0.42426797747612,0.9055367112159729,-0.43815332651138306,-1.2946529388427734,0.41316479444503784,-1.494136929512024,-1.5341368942050382,-857.2148108931457,0.0,0.0
23.36,1168,0.8712130188941956,0.49090516567230225,1.057667851448059,0.08421739935874939,-7.912950038909912,-2.0,-0.43713751435279846,0.899394690990448,-0.45241352915763855,-1.3083505630493164,0.40848952531814575,-1.51008141040802,-1.550081428460779,-858.7648923216065,0.0,0.0
23.38,1169,0.8704850673675537,0.492194801568985,1.0561870336532593,-0.07404475659132004,-7.913107872009277,-2.0,-0.44832292199134827,0.8938716650009155,-0.46488824486732483,-1.3188079595565796,0.40167686343193054,-1.5210752487182617,-1.5610752500563363,-860.3259675716628,0.0,0.0
23.400000000000002,1170,0.868191123008728,0.49622994661331177,1.0515453815460205,-0.2320811003446579,-7.901817321777344,-2.0,-0.45780816674232483,0.8890510201454163,-0.4755282700061798,-1.3259992599487305,0.3928210437297821,-1.527073621749878,-1.5670736432264574,-861.8930412148892,0.0,0.0
23.42,1171,0.8642975687980652,0.5029808282852173,1.0437521934509277,-0.38966137170791626,-7.8790130615234375,-2.0,-0.4655815362930298,0.885004997253418,-0.48429158329963684,-1.3298790454864502,0.3820241689682007,-1.5280437469482422,-1.5680437383356136,-863.4610849532248,0.0,0.0
23.44,1172,0.8587479591369629,0.5123982429504395,1.0328211784362793,-0.5465505123138428,-7.844457149505615,-2.0,-0.4716346263885498,0.8817940354347229,-0.4911436140537262,-1.3303825855255127,0.36939582228660583,-1.523964762687683,-1.5639647729991295,-865.025049726224,0.0,0.0
23.46,1173,0.8514642119407654,0.5244127511978149,1.0187710523605347,-0.702505350112915,-7.7977423667907715,-2.0,-0.475961834192276,0.8794659376144409,-0.4960573613643646,-1.3274259567260742,0.355053186416626,-1.5148284435272217,-1.5548283911795964,-866.5798781174036,0.0,0.0
23.48,1174,0.8423482179641724,0.5389336943626404,1.001625657081604,-0.8572714328765869,-7.7383036613464355,-2.0,-0.4785594642162323,0.8780551552772522,-0.49901336431503296,-1.3209075927734375,0.3391214609146118,-1.5006389617919922,-1.5406389761136001,-868.1205170935173,0.0,0.0
23.5,1175,0.8312841653823853,0.5558476448059082,0.9814140200614929,-1.010580062866211,-7.66542911529541,-2.0,-0.4794255495071411,0.8775825500488281,-0.5,-1.3107097148895264,0.3217349052429199,-1.4814139604568481,-1.5214140116118084,-869.6419311051291,0.0,0.0
23.52,1176,0.8181412816047668,0.5750172734260559,0.9581711292266846,-1.1621454954147339,-7.578276634216309,-2.0,-0.4785594642162323,0.8780551552772522,-0.49901336431503296,-1.2967007160186768,0.3030379116535187,-1.4571844339370728,-1.4971844649075985,-871.1391155700367,0.0,0.0
23.54,1177,0.8027769327163696,0.5962794423103333,0.9319378137588501,-1.3116633892059326,-7.475893974304199,-2.0,-0.475961834192276,0.8794659376144409,-0.4960573613643646,-1.2787387371063232,0.28318649530410767,-1.427995204925537,-1.4679951828033853,-872.6071107528401,0.0,0.0
23.56,1178,0.7850406169891357,0.6194443106651306,0.9027616381645203,-1.4588083028793335,-7.35724401473999,-2.0,-0.4716346263885498,0.8817940354347229,-0.4911436140537262,-1.2566752433776855,0.2623497545719147,-1.3939052820205688,-1.4339052913891426,-874.0410160442292,0.0,0.0
23.580000000000002,1179,0.764778196811676,0.6442936658859253,0.870697021484375,-1.603232979774475,-7.221230983734131,-2.0,-0.4655815362930298,0.885004997253418,-0.48429158329963684,-1.230359673500061,0.24071134626865387,-1.3549885749816895,-1.3949885881082085,-875.4360046323374,0.0,0.0
23.6,1180,0.7418370246887207,0.6705802083015442,0.8358056545257568,-1.744567632675171,-7.066734313964844,-2.0,-0.45780816674232483,0.8890510201454163,-0.4755282700061798,-1.1996451616287231,0.2184707671403885,-1.3113338947296143,-1.3513339134609592,-876.7873385457983,0.0,0.0
23.62,1181,0.7160710096359253,0.6980274319648743,0.798157274723053,-1.882420539855957,-6.89264440536499,-2.0,-0.44832292199134827,0.8938716650009155,-0.46488824486732483,-1.1643939018249512,0.19584423303604126,-1.2630454301834106,-1.303045488223819,-878.0903840340221,0.0,0.0
23.64,1182,0.6873466968536377,0.726329505443573,0.7578296661376953,-2.01637864112854,-6.697901725769043,-2.0,-0.43713751435279846,0.899394690990448,-0.45241352915763855,-1.1244841814041138,0.1730652004480362,-1.2102432250976562,-1.250243200792129,-879.3406272348143,0.0,0.0
23.66,1183,0.6555490493774414,0.7551525831222534,0.7149094939231873,-2.1460092067718506,-6.481539249420166,-2.0,-0.42426797747612,0.9055367112159729,-0.43815332651138306,-1.0798170566558838,0.1503841131925583,-1.1530628204345703,-1.1930628282186817,-880.533690063033,0.0,0.0
23.68,1184,0.6205878853797913,0.7841368913650513,0.6694921851158142,-2.2708637714385986,-6.242726802825928,-2.0,-0.40973538160324097,0.9122044444084167,-0.4221639633178711,-1.0303232669830322,0.1280675232410431,-1.09165620803833,-1.1316561738146194,-881.6653462368475,0.0,0.0
23.7,1185,0.5824037790298462,0.812899649143219,0.6216825842857361,-2.3904802799224854,-5.980817794799805,-2.0,-0.39356696605682373,0.9192959666252136,-0.404508501291275,-0.9759707450866699,0.10639629513025284,-1.0261911153793335,-1.0661911039125203,-882.73153734076,0.0,0.0
23.72,1186,0.5409740805625916,0.8410392999649048,0.5715948343276978,-2.5043880939483643,-5.695392608642578,-2.0,-0.37579697370529175,0.9267020225524902,-0.3852566182613373,-0.9167709946632385,0.08566275238990784,-0.9568514823913574,-0.9968514666685291,-883.7283888074286,0.0,0.0
23.740000000000002,1187,0.49631816148757935,0.868140697479248,0.5193525552749634,-2.612114191055298,-5.3863019943237305,-2.0,-0.3564675450325012,0.9343076944351196,-0.3644843101501465,-0.8527857065200806,0.06616701185703278,-0.8838368654251099,-0.9238368766986116,-884.6522256841272,0.0,0.0
23.76,1188,0.44850218296051025,0.8937817215919495,0.46508878469467163,-2.7131881713867188,-5.053706645965576,-2.0,-0.3356296420097351,0.9419940114021301,-0.3422735631465912,-0.7841318249702454,0.048212286084890366,-0.8073623776435852,-0.8473623509807844,-885.499588035108,0.0,0.0
23.78,1189,0.39764225482940674,0.9175405502319336,0.40894579887390137,-2.807150363922119,-4.698110103607178,-2.0,-0.31334367394447327,0.9496397972106934,-0.3187119960784912,-0.7109859585762024,0.03209926187992096,-0.7276577949523926,-0.7676577838589164,-886.2672458189669,0.0,0.0
23.8,1190,0.34390708804130554,0.9390037059783936,0.3510746359825134,-2.8935582637786865,-4.320384979248047,-2.0,-0.2896801233291626,0.9571235179901123,-0.29389262199401855,-0.6335872411727905,0.018119828775525093,-0.644967257976532,-0.6849672521616124,-886.9522130711285,0.0,0.0
23.82,1191,0.28751832246780396,0.9577751159667969,0.291634738445282,-2.971993923187256,-3.921787977218628,-2.0,-0.2647198438644409,0.9643253684043884,-0.2679134011268616,-0.5522381663322449,0.006550224963575602,-0.5595481395721436,-0.5995481453607951,-887.5517612164894,0.0,0.0
23.84,1192,0.2287498414516449,0.9734852313995361,0.2307932823896408,-3.0420732498168945,-3.5039663314819336,-2.0,-0.2385542392730713,0.9711291790008545,-0.24087683856487274,-0.4673040807247162,-0.002356062876060605,-0.47167012095451355,-0.5116701202431019,-888.0634313367325,0.0,0.0
23.86,1193,0.16792483627796173,0.9857997894287109,0.16872423887252808,-3.103452205657959,-3.0689492225646973,-2.0,-0.21128518879413605,0.9774244427680969,-0.2128896415233612,-0.3792100250720978,-0.00837534386664629,-0.3816138803958893,-0.42161388460067506,-888.4850452213332,0.0,0.0
23.88,1194,0.1054113432765007,0.9944286942481995,0.1056075468659401,-3.155834674835205,-2.6191275119781494,-2.0,-0.18302473425865173,0.9831082820892334,-0.18406227231025696,-0.28843608498573303,-0.011320394463837147,-0.28966981172561646,-0.3296698197627634,-888.814715041096,0.0,0.0
23.900000000000002,1195,0.041615936905145645,0.9991337060928345,0.04162795841693878,-3.198979139328003,-2.1572201251983643,-2.0,-0.15389446914196014,0.9880872964859009,-0.15450850129127502,-0.1955104023218155,-0.011046391911804676,-0.1961364597082138,-0.23613645713790996,-889.0508514982339,0.0,0.0
23.92,1196,-0.023012492805719376,0.9997351765632629,-0.023014523088932037,-3.232124090194702,-1.657251000404358,-1.9613646268844604,-0.12402476370334625,0.9922791123390198,-0.12434494495391846,-0.10101226717233658,-0.007456053979694843,-0.10133042186498642,-0.13979993108895256,-889.1906514293229,0.0,0.0
23.94,1197,-0.08773185312747955,0.9961441159248352,-0.08784478902816772,-3.24151349067688,-0.46945908665657043,-1.0133042335510254,-0.09355364739894867,0.995614230632782,-0.0936906561255455,-0.005821792874485254,-0.0005298868636600673,-0.005845865700393915,-0.016113720089804717,-889.2067651494127,0.0,0.0
23.96,1198,-0.15179669857025146,0.9884117245674133,-0.15238578617572784,-3.2270493507385254,0.7231999039649963,-0.05845864862203598,-0.06262560933828354,0.9980370998382568,-0.06266661733388901,0.08917108923196793,0.00962535198777914,0.08971916139125824,-0.08975333632966574,-889.2965184857424,0.0,0.0
23.98,1199,-0.21448297798633575,0.9767277240753174,-0.21616247296333313,-3.1888344287872314,1.910752296447754,0.8971916437149048,-0.031390100717544556,0.9995071887969971,-0.031395260244607925,0.1830928772687912,0.02277948334813118,0.1847672015428543,-0.19281673383078482,-889.4893352195731,0.0,0.0
24.0,1200,-0.2751116156578064,0.9614123106002808,-0.27870580554008484,-3.127166509628296,3.0833938121795654,1.8476721048355103,-1.469576117223083e-15,1.0,-1.469576117223083e-15,0.2751116156578064,0.03858770430088043,0.27870580554008484,-0.3128447149095502,-889.8021799344828,0.0,0.0
24.02,1201,-0.33329153060913086,0.9428238272666931,-0.33979254961013794,-3.0543384552001953,3.64140248298645,2.0,0.031390100717544556,0.9995071887969971,0.031395260244607925,0.3646816313266754,0.056683387607336044,0.37118783593177795,-0.41118782260486725,-890.2133677570877,0.0,0.0
24.04,1202,-0.38872987031936646,0.9213517904281616,-0.39925265312194824,-2.97300386428833,4.06673002243042,2.0,0.06262560933828354,0.9980370998382568,0.06266661733388901,0.4513554871082306,0.07668531686067581,0.46191924810409546,-0.5019192557115664,-890.7152870127992,0.0,0.0
24.060000000000002,1203,-0.44118982553482056,0.8974137902259827,-0.45692408084869385,-2.8835723400115967,4.471567630767822,2.0,0.09355364739894867,0.995614230632782,0.0936906561255455,0.5347434878349304,0.09820044040679932,0.5506147742271423,-0.5906147452514472,-891.3059017580506,0.0,0.0
24.080000000000002,1204,-0.490491658449173,0.871445894241333,-0.5126538872718811,-2.7864887714385986,4.854187965393066,2.0,0.12402476370334625,0.9922791123390198,0.12434494495391846,0.6145164370536804,0.12083324044942856,0.6369988322257996,-0.676998805306377,-891.982900563357,0.0,0.0
24.1,1205,-0.5365118980407715,0.8438927531242371,-0.5662983059883118,-2.682223081588745,5.21328592300415,2.0,0.15389446914196014,0.9880872964859009,0.15450850129127502,0.6904063820838928,0.14419454336166382,0.7208068370819092,-0.760806818366666,-892.7437073817237,0.0,0.0
24.12,1206,-0.5791809558868408,0.8151990175247192,-0.6177235841751099,-2.571263551712036,5.547969818115234,2.0,0.18302473425865173,0.9831082820892334,0.18406227231025696,0.7622056603431702,0.16790929436683655,0.8017858862876892,-0.8417858690760133,-893.5854932507997,0.0,0.0
24.14,1207,-0.6184791326522827,0.7858012318611145,-0.6668057441711426,-2.454108715057373,5.857746124267578,2.0,0.21128518879413605,0.9774244427680969,0.2128896415233612,0.8297643065452576,0.19162322580814362,0.8796954154968262,-0.9196954116169794,-894.5051886624167,0.0,0.0
24.16,1208,-0.6544318199157715,0.756121039390564,-0.7134309411048889,-2.331258773803711,6.142488956451416,2.0,0.2385542392730713,0.9711291790008545,0.24087683856487274,0.8929860591888428,0.21500816941261292,0.9543077945709229,-0.9943077803256457,-895.4994964427424,0.0,0.0
24.18,1209,-0.6871036887168884,0.7265594005584717,-0.7574951648712158,-2.2032108306884766,6.402404308319092,2.0,0.2647198438644409,0.9643253684043884,0.2679134011268616,0.9518235325813293,0.23776598274707794,1.0254085063934326,-1.0654085564576095,-896.5649049991999,0.0,0.0
24.2,1210,-0.7165921926498413,0.6974923610687256,-0.7989041805267334,-2.070451021194458,6.637985706329346,2.0,0.2896801233291626,0.9571235179901123,0.29389262199401855,1.006272315979004,0.25963112711906433,1.092796802520752,-1.132796806495637,-897.6977018056956,0.0,0.0
24.22,1211,-0.7430211305618286,0.6692679524421692,-0.837573230266571,-1.9334516525268555,6.849968910217285,2.0,0.31334367394447327,0.9496397972106934,0.3187119960784912,1.0563647747039795,0.28037184476852417,1.1562851667404175,-1.1962852090078142,-898.8939870147034,0.0,0.0
24.240000000000002,1212,-0.7665339708328247,0.6422037482261658,-0.8734265565872192,-1.7926660776138306,7.039282321929932,2.0,0.3356296420097351,0.9419940114021301,0.3422735631465912,1.102163553237915,0.29979026317596436,1.2157000303268433,-1.2557000878929903,-900.1496871025964,0.0,0.0
24.26,1213,-0.7872873544692993,0.6165862679481506,-0.9063970446586609,-1.6485260725021362,7.206998825073242,2.0,0.3564675450325012,0.9343076944351196,0.3644843101501465,1.1437548398971558,0.317721426486969,1.2708814144134521,-1.3108813699809807,-901.4605684725774,0.0,0.0
24.28,1214,-0.8054449558258057,0.5926705598831177,-0.9364258646965027,-1.5014402866363525,7.354286193847656,2.0,0.37579697370529175,0.9267020225524902,0.3852566182613373,1.1812418699264526,0.33403146266937256,1.3216824531555176,-1.3616824845003528,-902.8222509570777,0.0,0.0
24.3,1215,-0.8211719989776611,0.5706807374954224,-0.963461697101593,-1.3517930507659912,7.482365131378174,2.0,0.39356696605682373,0.9192959666252136,0.404508501291275,1.2147389650344849,0.34861519932746887,1.3679702281951904,-1.407970221008798,-904.2302211780865,0.0,0.0
24.32,1216,-0.8346299529075623,0.5508111119270325,-0.9874606132507324,-1.1999437808990479,7.592465400695801,2.0,0.40973538160324097,0.9122044444084167,0.4221639633178711,1.2443653345108032,0.3613933324813843,1.4096245765686035,-1.4496245611198126,-905.6798457392063,0.0,0.0
24.34,1217,-0.8459718823432922,0.5332275032997131,-1.008385181427002,-1.0462279319763184,7.685787677764893,2.0,0.42426797747612,0.9055367112159729,0.43815332651138306,1.2702398300170898,0.372309148311615,1.4465384483337402,-1.4865384978671534,-907.1663842370734,0.0,0.0
24.36,1218,-0.8553387522697449,0.5180691480636597,-1.0262043476104736,-0.8909585475921631,7.763471603393555,2.0,0.43713751435279846,0.899394690990448,0.45241352915763855,1.2924762964248657,0.38132551312446594,1.4786179065704346,-1.518617854922425,-908.6850020919959,0.0,0.0
24.38,1219,-0.862855851650238,0.5054500102996826,-1.0408928394317627,-0.7344272136688232,7.826565742492676,2.0,0.44832292199134827,0.8938716650009155,0.46488824486732483,1.3111788034439087,0.3884216248989105,1.5057811737060547,-1.5457811162020159,-910.2307832081979,0.0,0.0
24.400000000000002,1220,-0.8686302900314331,0.4954608678817749,-1.0524309873580933,-0.5769071578979492,7.876003265380859,2.0,0.45780816674232483,0.8890510201454163,0.4755282700061798,1.3264384269714355,0.39359015226364136,1.5279592275619507,-1.567959274728482,-911.7987424829264,0.0,0.0
24.42,1221,-0.8727483153343201,0.48817044496536255,-1.0608041286468506,-0.41865554451942444,7.912580966949463,2.0,0.4655815362930298,0.885004997253418,0.48429158329963684,1.338329792022705,0.3968345522880554,1.545095682144165,-1.5850957079917163,-913.3838381909181,0.0,0.0
24.44,1222,-0.8752741813659668,0.4836270213127136,-1.0660024881362915,-0.25991663336753845,7.93694543838501,2.0,0.4716346263885498,0.8817940354347229,0.4911436140537262,1.3469088077545166,0.39816704392433167,1.5571460723876953,-1.597146085511972,-914.9809842764301,0.0,0.0
24.46,1223,-0.8762485980987549,0.4818592965602875,-1.0680209398269653,-0.10092510282993317,7.9495768547058105,2.0,0.475961834192276,0.8794659376144409,0.4960573613643646,1.3522104024887085,0.39760664105415344,1.5640783309936523,-1.6040783128500347,-916.5850625892801,0.0,0.0
24.48,1224,-0.8756881952285767,0.4828770160675049,-1.0668591260910034,0.05809057503938675,7.950783729553223,2.0,0.4785594642162323,0.8780551552772522,0.49901336431503296,1.3542476892471313,0.3951781392097473,1.5658725500106812,-1.6058725149367115,-918.1909351042168,0.0,0.0
24.5,1225,-0.8735851645469666,0.4866712689399719,-1.0625211000442505,0.21690452098846436,7.940697193145752,2.0,0.4794255495071411,0.8775825500488281,0.5,1.3530107736587524,0.3909112811088562,1.5625211000442505,-1.6025210602908695,-919.7934561645077,0.0,0.0
24.52,1226,-0.8699077367782593,0.4932144582271576,-1.055015206336975,0.3752899169921875,7.91926908493042,2.0,0.4785594642162323,0.8780551552772522,0.49901336431503296,1.348467230796814,0.3848406970500946,1.5540286302566528,-1.5940286264422587,-921.38748479095,0.0,0.0
24.54,1227,-0.8646005988121033,0.5024597644805908,-1.0443549156188965,0.5330153703689575,7.88627290725708,2.0,0.475961834192276,0.8794659376144409,0.4960573613643646,1.3405624628067017,0.3770062029361725,1.5404123067855835,-1.5804123056471597,-922.9678970965972,0.0,0.0
24.560000000000002,1228,-0.8575862050056458,0.5143402814865112,-1.0305581092834473,0.6898415684700012,7.841310977935791,2.0,0.4716346263885498,0.8817940354347229,0.4911436140537262,1.3292207717895508,0.36745378375053406,1.521701693534851,-1.5617017487550815,-924.5295988453523,0.0,0.0
24.580000000000002,1229,-0.8487663269042969,0.5287681221961975,-1.0136477947235107,0.8455179929733276,7.783821105957031,2.0,0.4655815362930298,0.885004997253418,0.48429158329963684,1.3143478631973267,0.35623684525489807,1.4979393482208252,-1.5379393438280253,-926.0675381891804,0.0,0.0
24.6,1230,-0.8380243182182312,0.5456328988075256,-0.9936521649360657,0.9997798204421997,7.7130913734436035,2.0,0.45780816674232483,0.8890510201454163,0.4755282700061798,1.2958325147628784,0.34341809153556824,1.4691804647445679,-1.5091804248091019,-927.5767186139894,0.0,0.0
24.62,1231,-0.8252277374267578,0.5648001432418823,-0.9706052541732788,1.1523452997207642,7.62827205657959,2.0,0.44832292199134827,0.8938716650009155,0.46488824486732483,1.2735506296157837,0.3290715217590332,1.4354934692382812,-1.475493504170192,-929.0522121181597,0.0,0.0
24.64,1232,-0.8102315068244934,0.58610999584198,-0.9445469975471497,1.3029133081436157,7.52839994430542,2.0,0.43713751435279846,0.899394690990448,0.45241352915763855,1.2473690509796143,0.313284695148468,1.3969604969024658,-1.436960522034182,-930.4891726401938,0.0,0.0
24.66,1233,-0.7928818464279175,0.6093753576278687,-0.9155237674713135,1.4511616230010986,7.412418842315674,2.0,0.42426797747612,0.9055367112159729,0.43815332651138306,1.2171498537063599,0.2961612939834595,1.3536771535873413,-1.393677102773204,-931.882849742967,0.0,0.0
24.68,1234,-0.7730205655097961,0.6343809962272644,-0.8835888504981995,1.5967458486557007,7.279209613800049,2.0,0.40973538160324097,0.9122044444084167,0.4221639633178711,1.182755947113037,0.27782344818115234,1.3057527542114258,-1.3457528085521873,-933.2286025515192,0.0,0.0
24.7,1235,-0.7504897713661194,0.6608820557594299,-0.8488028645515442,1.7392982244491577,7.127620697021484,2.0,0.39356696605682373,0.9192959666252136,0.404508501291275,1.144056797027588,0.2584139108657837,1.2533113956451416,-1.2933113777543372,-934.5219139292735,0.0,0.0
24.72,1236,-0.7251376509666443,0.688603937625885,-0.8112342953681946,1.878428339958191,6.956504821777344,2.0,0.37579697370529175,0.9267020225524902,0.3852566182613373,1.100934624671936,0.2380981147289276,1.1964908838272095,-1.236490934747249,-935.7584048640208,0.0,0.0
24.740000000000002,1237,-0.6968240141868591,0.7172421813011169,-0.7709598541259766,2.013723611831665,6.764759540557861,2.0,0.3564675450325012,0.9343076944351196,0.3644843101501465,1.0532915592193604,0.21706555783748627,1.135444164276123,-1.1754441560970563,-936.9338490201178,0.0,0.0
24.76,1238,-0.6654263734817505,0.7464635372161865,-0.7280648350715637,2.1447508335113525,6.55136775970459,2.0,0.3356296420097351,0.9419940114021301,0.3422735631465912,1.0010559558868408,0.19553051888942719,1.0703383684158325,-1.110338377202046,-938.0441873973199,0.0,0.0
24.78,1239,-0.6308464407920837,0.7759076952934265,-0.6826436519622803,2.27105975151062,6.315446376800537,2.0,0.31334367394447327,0.9496397972106934,0.3187119960784912,0.9441901445388794,0.17373208701610565,1.0013556480407715,-1.0413556224972693,-939.0855430198171,0.0,0.0
24.8,1240,-0.5930164456367493,0.80519038438797,-0.6347998976707458,2.392185688018799,6.05628776550293,2.0,0.2896801233291626,0.9571235179901123,0.29389262199401855,0.8826965689659119,0.15193314850330353,0.9286925196647644,-0.9686925419874555,-940.0542355618046,0.0,0.0
24.82,1241,-0.5519049167633057,0.8339070677757263,-0.5846468210220337,2.5076537132263184,5.773411273956299,2.0,0.2647198438644409,0.9643253684043884,0.2679134011268616,0.8166247606277466,0.1304183155298233,0.8525602221488953,-0.8925602370076395,-940.9467957988122,0.0,0.0
24.84,1242,-0.5075225830078125,0.8616384267807007,-0.5323071479797363,2.61698579788208,5.4666032791137695,2.0,0.2385542392730713,0.9711291790008545,0.24087683856487274,0.7460768222808838,0.10949072986841202,0.7731839418411255,-0.8131839588920307,-941.7599797577043,0.0,0.0
24.86,1243,-0.4599270224571228,0.8879567384719849,-0.4779130220413208,2.719705104827881,5.135960578918457,2.0,0.21128518879413605,0.9774244427680969,0.2128896415233612,0.6712121963500977,0.08946774154901505,0.6908026933670044,-0.7308026657377745,-942.490782423442,0.0,0.0
24.88,1244,-0.4092264771461487,0.912432849407196,-0.4216061532497406,2.8153436183929443,4.781924247741699,2.0,0.18302473425865173,0.9831082820892334,0.18406227231025696,0.5922512412071228,0.07067546993494034,0.6056684255599976,-0.6456684247371673,-943.1364508481793,0.0,0.0
24.900000000000002,1245,-0.35558244585990906,0.9346449375152588,-0.36353716254234314,2.903449773788452,4.405308246612549,2.0,0.15389446914196014,0.9880872964859009,0.15450850129127502,0.509476900100708,0.05344236642122269,0.5180456638336182,-0.5580456506366387,-943.6944964988159,0.0,0.0
24.92,1246,-0.2992105782032013,0.9541870951652527,-0.3038652241230011,2.983596086502075,4.007318496704102,2.0,0.12402476370334625,0.9922791123390198,0.12434494495391846,0.42323535680770874,0.03809202089905739,0.42821016907691956,-0.4682101747308751,-944.1627066735467,0.0,0.0
24.94,1247,-0.2403801679611206,0.9706788063049316,-0.24275748431682587,3.055387258529663,3.589556932449341,2.0,0.09355364739894867,0.995614230632782,0.0936906561255455,0.33393383026123047,0.024935418739914894,0.33644813299179077,-0.3764481433268761,-944.5391548168736,0.0,0.0
24.96,1248,-0.17941142618656158,0.9837741255760193,-0.18038813769817352,3.1184675693511963,3.154020071029663,2.0,0.06262560933828354,0.9980370998382568,0.06266661733388901,0.24203702807426453,0.01426295842975378,0.24305474758148193,-0.283054749669617,-944.8222095665433,0.0,0.0
24.98,1249,-0.11667121946811676,0.9931706190109253,-0.1169375479221344,3.1725292205810547,2.7030770778656006,2.0,0.031390100717544556,0.9995071887969971,0.031395260244607925,0.14806132018566132,0.006336616817861795,0.14833280444145203,-0.1883328087054079,-945.0105423752486,0.0,0.0
25.0,1250,-0.05272173509001732,0.9986092448234558,-0.05274619162082672,3.2095677852630615,1.851934790611267,1.483328104019165,-2.4554833984323965e-16,1.0,-2.4554833984323965e-16,0.05272173509001732,0.0013907578540965915,0.05274619162082672,-0.07474881337651218,-945.0852911886251,0.0,0.0
25.02,1251,0.0117101538926363,0.9999314546585083,0.011710422113537788,3.2228305339813232,0.6631377935409546,0.5274618864059448,-0.031390100717544556,0.9995071887969971,-0.031395260244607925,-0.043100256472826004,-0.000424224475864321,-0.043105680495500565,-0.04588784231435685,-945.1311790309394,0.0,0.0
25.04,1252,0.07588189840316772,0.9971168041229248,0.07595491409301758,3.2122244834899902,-0.5303062200546265,-0.43105682730674744,-0.06262560933828354,0.9980370998382568,-0.06266661733388901,-0.13850751519203186,0.0009202779037877917,-0.138621523976326,-0.1404796289680177,-945.2716586599074,0.0,0.0
25.060000000000002,1253,0.1390599012374878,0.9902839660644531,0.13951203227043152,3.177856206893921,-1.7184209823608398,-1.386215329170227,-0.09355364739894867,0.995614230632782,-0.0936906561255455,-0.23261354863643646,0.0053302692249417305,-0.23320269584655762,-0.2524186202301019,-945.5240772801375,0.0,0.0
25.080000000000002,1254,0.20064105093479156,0.9796648025512695,0.20201224088668823,3.1250100135803223,-2.6423027515411377,-2.0,-0.12402476370334625,0.9922791123390198,-0.12434494495391846,-0.3246658146381378,0.012614298611879349,-0.3263571858406067,-0.3663571789683443,-945.8904344591058,0.0,0.0
25.1,1255,0.2602441608905792,0.9655428528785706,0.2632750868797302,3.0631420612335205,-3.093404531478882,-2.0,-0.15389446914196014,0.9880872964859009,-0.15450850129127502,-0.41413864493370056,0.02254445105791092,-0.41778355836868286,-0.45778357174888845,-946.3482180308547,0.0,0.0
25.12,1256,0.31753239035606384,0.9482474327087402,0.32312607765197754,2.9925496578216553,-3.529614210128784,-2.0,-0.18302473425865173,0.9831082820892334,-0.18406227231025696,-0.5005571246147156,0.03486088290810585,-0.5071883201599121,-0.5471883443671723,-946.8954063752219,0.0,0.0
25.14,1257,0.3722180724143982,0.9281452894210815,0.38139766454696655,2.9135804176330566,-3.94846510887146,-2.0,-0.21128518879413605,0.9774244427680969,-0.2128896415233612,-0.583503246307373,0.04927915334701538,-0.5942873358726501,-0.6342873211923529,-947.5296936964143,0.0,0.0
25.16,1258,0.42406585812568665,0.9056313633918762,0.4379301369190216,2.8266232013702393,-4.347853660583496,-2.0,-0.2385542392730713,0.9711291790008545,-0.24087683856487274,-0.6626200675964355,0.06549781560897827,-0.6788069605827332,-0.7188069783353297,-948.2485006747496,0.0,0.0
25.18,1259,0.4728938639163971,0.881119430065155,0.49257218837738037,2.732102155685425,-4.726062774658203,-2.0,-0.2647198438644409,0.9643253684043884,-0.2679134011268616,-0.7376136779785156,0.08320595324039459,-0.7604855895042419,-0.800485579514858,-949.0489862542645,0.0,0.0
25.2,1260,0.5185732841491699,0.8550331592559814,0.5451815128326416,2.6304666996002197,-5.081770420074463,-2.0,-0.2896801233291626,0.9571235179901123,-0.29389262199401855,-0.8082534074783325,0.10209033638238907,-0.8390741348266602,-0.8790741407827611,-949.9280603950473,0.0,0.0
25.22,1261,0.5610264539718628,0.8277978897094727,0.5956252217292786,2.522185802459717,-5.414045333862305,-2.0,-0.31334367394447327,0.9496397972106934,-0.3187119960784912,-0.8743700981140137,0.1218419000506401,-0.9143372178077698,-0.9543372239004326,-950.8823976189477,0.0,0.0
25.240000000000002,1262,0.6002231240272522,0.7998326420783997,0.643779993057251,2.4077389240264893,-5.722333908081055,-2.0,-0.3356296420097351,0.9419940114021301,-0.3422735631465912,-0.9358527064323425,0.14216139912605286,-0.9860535860061646,-1.0260535628183896,-951.908451181766,0.0,0.0
25.26,1263,0.636176347732544,0.7715436816215515,0.6895322203636169,2.2876102924346924,-6.006431579589844,-2.0,-0.3564675450325012,0.9343076944351196,-0.3644843101501465,-0.9926438927650452,0.16276401281356812,-1.0540165901184082,-1.094016531731121,-953.0024677134971,0.0,0.0
25.28,1264,0.6689370274543762,0.7433190941810608,0.7327778339385986,2.1622812747955322,-6.266452789306641,-2.0,-0.37579697370529175,0.9267020225524902,-0.3852566182613373,-1.044734001159668,0.18338295817375183,-1.1180344820022583,-1.1580344664569864,-954.1605021799542,0.0,0.0
25.3,1265,0.6985881328582764,0.7155240178108215,0.773422360420227,2.0322256088256836,-6.5027899742126465,-2.0,-0.39356696605682373,0.9192959666252136,-0.404508501291275,-1.0921550989151,0.2037719041109085,-1.1779308319091797,-1.217930853380773,-955.3784330333349,0.0,0.0
25.32,1266,0.7252383232116699,0.6884979605674744,0.8113804459571838,1.8979041576385498,-6.716070652008057,-2.0,-0.40973538160324097,0.9122044444084167,-0.4221639633178711,-1.1349736452102661,0.22370648384094238,-1.2335443496704102,-1.2735444018977087,-956.6519774352325,0.0,0.0
25.34,1267,0.7490159869194031,0.6625518798828125,0.8465756773948669,1.759761929512024,-6.907112121582031,-2.0,-0.42426797747612,0.9055367112159729,-0.43815332651138306,-1.1732839345932007,0.24298478662967682,-1.28472900390625,-1.324729017258842,-957.9767064524914,0.0,0.0
25.36,1268,0.7700631618499756,0.6379676461219788,0.8789401650428772,1.6182243824005127,-7.076876163482666,-2.0,-0.43713751435279846,0.899394690990448,-0.45241352915763855,-1.2072006464004517,0.26142704486846924,-1.3313536643981934,-1.3713536910156034,-959.348060143507,0.0,0.0
25.38,1269,0.7885293960571289,0.6149970889091492,0.9084140658378601,1.4736958742141724,-7.226423263549805,-2.0,-0.44832292199134827,0.8938716650009155,-0.46488824486732483,-1.2368522882461548,0.27887460589408875,-1.3733023405075073,-1.4133023259946744,-960.7613624695017,0.0,0.0
25.400000000000002,1270,0.8045665621757507,0.5938624739646912,0.9349452257156372,1.3265585899353027,-7.356868743896484,-2.0,-0.45780816674232483,0.8890510201454163,-0.4755282700061798,-1.262374758720398,0.2951885163784027,-1.4104734659194946,-1.4504735120106578,-962.2118359815123,0.0,0.0
25.42,1271,0.8183238506317139,0.5747573971748352,0.9584887027740479,1.1771717071533203,-7.469344615936279,-2.0,-0.4655815362930298,0.885004997253418,-0.48429158329963684,-1.2839053869247437,0.31024760007858276,-1.4427802562713623,-1.4827802674532535,-963.6946162489655,0.0,0.0
25.44,1272,0.8299433588981628,0.5578476786613464,0.9790061116218567,1.0258724689483643,-7.564961910247803,-2.0,-0.4716346263885498,0.8817940354347229,-0.4911436140537262,-1.3015780448913574,0.32394638657569885,-1.4701497554779053,-1.5101497605702265,-965.2047660095358,0.0,0.0
25.46,1273,0.839556097984314,0.5432729721069336,0.9964656829833984,0.8729768395423889,-7.644778251647949,-2.0,-0.475961834192276,0.8794659376144409,-0.4960573613643646,-1.3155179023742676,0.3361929953098297,-1.4925230741500854,-1.5325230227991349,-966.737289032335,0.0,0.0
25.48,1274,0.8472790122032166,0.5311480760574341,1.0108412504196167,0.7187814116477966,-7.709770679473877,-2.0,-0.4785594642162323,0.8780551552772522,-0.49901336431503296,-1.3258384466171265,0.3469070494174957,-1.5098546743392944,-1.5498546649555467,-968.2871436972905,0.0,0.0
25.5,1275,0.8532117605209351,0.5215646028518677,1.0221126079559326,0.5635652542114258,-7.760809421539307,-2.0,-0.4794255495071411,0.8775825500488281,-0.5,-1.3326373100280762,0.35601794719696045,-1.5221126079559326,-1.5621126055233714,-969.8492563028138,0.0,0.0
25.52,1276,0.8574351072311401,0.5145921111106873,1.0302644968032837,0.40759244561195374,-7.798639297485352,-2.0,-0.4785594642162323,0.8780551552772522,-0.49901336431503296,-1.3359946012496948,0.36346304416656494,-1.5292778015136719,-1.5692778187564356,-971.4185341215702,0.0,0.0
25.54,1277,0.860008716583252,0.5102793574333191,1.035286784172058,0.25111517310142517,-7.823863506317139,-2.0,-0.475961834192276,0.8794659376144409,-0.4960573613643646,-1.3359705209732056,0.3691866099834442,-1.5313440561294556,-1.5713441088165372,-972.9898782303868,0.0,0.0
25.560000000000002,1278,0.8609703779220581,0.5086551308631897,1.0371743440628052,0.0943765640258789,-7.836930751800537,-2.0,-0.4716346263885498,0.8817940354347229,-0.4911436140537262,-1.332605004310608,0.3731389343738556,-1.528317928314209,-1.5683179147541064,-974.5581961451409,0.0,0.0
25.580000000000002,1279,0.8603350520133972,0.5097289681434631,1.0359265804290771,-0.062386009842157364,-7.838128566741943,-2.0,-0.4655815362930298,0.885004997253418,-0.48429158329963684,-1.3259165287017822,0.37527599930763245,-1.5202181339263916,-1.5602181497836949,-976.1184142949246,0.0,0.0
25.6,1280,0.8580948114395142,0.5134912729263306,1.0315477848052979,-0.21893751621246338,-7.82757568359375,-2.0,-0.45780816674232483,0.8890510201454163,-0.4755282700061798,-1.3159029483795166,0.3755597174167633,-1.5070760250091553,-1.5470760770083907,-977.665490371933,0.0,0.0
25.62,1281,0.8542190790176392,0.5199131965637207,1.0240470170974731,-0.3750419616699219,-7.805222511291504,-2.0,-0.44832292199134827,0.8938716650009155,-0.46488824486732483,-1.302541971206665,0.3739584684371948,-1.4889352321624756,-1.5289352224884478,-979.1944255944214,0.0,0.0
25.64,1282,0.8486552834510803,0.5289463400840759,1.0134377479553223,-0.5304590463638306,-7.770853042602539,-2.0,-0.43713751435279846,0.899394690990448,-0.45241352915763855,-1.2857928276062012,0.3704483211040497,-1.4658513069152832,-1.505851325309796,-980.7002769197312,0.0,0.0
25.66,1283,0.8413299322128296,0.5405219197273254,0.9997389912605286,-0.6849408149719238,-7.7240891456604,-2.0,-0.42426797747612,0.9055367112159729,-0.43815332651138306,-1.265597939491272,0.3650147616863251,-1.4378923177719116,-1.4778923230651833,-982.1781692427963,0.0,0.0
25.68,1284,0.8321505188941956,0.5545498728752136,0.9829744100570679,-0.8382288217544556,-7.66439962387085,-2.0,-0.40973538160324097,0.9122044444084167,-0.4221639633178711,-1.2418859004974365,0.3576545715332031,-1.405138373374939,-1.4451383698944098,-983.6233076126907,0.0,0.0
25.7,1285,0.8210074305534363,0.5709174871444702,0.9631733894348145,-0.9900510907173157,-7.591113567352295,-2.0,-0.39356696605682373,0.9192959666252136,-0.404508501291275,-1.2145744562149048,0.348378449678421,-1.367681860923767,-1.4076818829233544,-985.0309894956141,0.0,0.0
25.72,1286,0.8077768683433533,0.5894883871078491,0.9403709769248962,-1.1401197910308838,-7.503435134887695,-2.0,-0.37579697370529175,0.9267020225524902,-0.3852566182613373,-1.183573842048645,0.3372136354446411,-1.3256275653839111,-1.3656276115845971,-986.3966171071987,0.0,0.0
25.740000000000002,1287,0.7923237085342407,0.6101008653640747,0.9146084189414978,-1.2881290912628174,-7.400463581085205,-2.0,-0.3564675450325012,0.9343076944351196,-0.3644843101501465,-1.1487913131713867,0.3242068290710449,-1.2790926694869995,-1.3190927228941518,-987.7157098300929,0.0,0.0
25.76,1288,0.7745057344436646,0.6325668692588806,0.8859333395957947,-1.4337533712387085,-7.281217098236084,-2.0,-0.3356296420097351,0.9419940114021301,-0.3422735631465912,-1.1101353168487549,0.3094271421432495,-1.2282068729400635,-1.2682068943101756,-988.9839167244031,0.0,0.0
25.78,1289,0.7541773319244385,0.6566708087921143,0.8544003963470459,-1.5766465663909912,-7.144659996032715,-2.0,-0.31334367394447327,0.9496397972106934,-0.3187119960784912,-1.0675209760665894,0.2929689586162567,-1.173112392425537,-1.2131124043340793,-990.1970291287372,0.0,0.0
25.8,1290,0.7311946749687195,0.6821688413619995,0.8200715780258179,-1.71644127368927,-6.9897356033325195,-2.0,-0.2896801233291626,0.9571235179901123,-0.29389262199401855,-1.0208747386932373,0.2749546468257904,-1.1139642000198364,-1.153964209571591,-991.3509933383087,0.0,0.0
25.82,1291,0.705420732498169,0.7087888121604919,0.7830166220664978,-1.852749228477478,-6.815398216247559,-2.0,-0.2647198438644409,0.9643253684043884,-0.2679134011268616,-0.9701406359672546,0.2555365562438965,-1.0509300231933594,-1.0909299956050693,-992.4419233339138,0.0,0.0
25.84,1292,0.6767309904098511,0.7362303733825684,0.7433133721351624,-1.985162377357483,-6.620655059814453,-2.0,-0.2385542392730713,0.9711291790008545,-0.24087683856487274,-0.9152852296829224,0.23489882051944733,-0.9841901659965515,-1.0241901878092077,-993.466113521723,0.0,0.0
25.86,1293,0.6450191140174866,0.7641664743423462,0.7010482549667358,-2.1132545471191406,-6.404604911804199,-2.0,-0.21128518879413605,0.9774244427680969,-0.2128896415233612,-0.8563042879104614,0.21325799822807312,-0.9139379262924194,-0.9539379072530731,-994.420051428976,0.0,0.0
25.88,1294,0.6102028489112854,0.7922452092170715,0.6563165783882141,-2.236584186553955,-6.166481018066406,-2.0,-0.18302473425865173,0.9831082820892334,-0.18406227231025696,-0.7932275533676147,0.19086307287216187,-0.8403788805007935,-0.8803788561668187,-995.3004302851427,0.0,0.0
25.900000000000002,1295,0.5722301006317139,0.8200930953025818,0.6092225909233093,-2.3546979427337646,-5.90569543838501,-2.0,-0.15389446914196014,0.9880872964859009,-0.15450850129127502,-0.7261245846748352,0.1679941862821579,-0.7637311220169067,-0.8037311172102808,-996.104161402353,0.0,0.0
25.92,1296,0.531084418296814,0.8473188877105713,0.5598798990249634,-2.4671356678009033,-5.62188196182251,-2.0,-0.12402476370334625,0.9922791123390198,-0.12434494495391846,-0.6551092267036438,0.1449602246284485,-0.6842248439788818,-0.7242248510623099,-996.8283862534154,0.0,0.0
25.94,1297,0.4867900311946869,0.8735190033912659,0.5084112286567688,-2.573434352874756,-5.31493616104126,-2.0,-0.09355364739894867,0.995614230632782,-0.0936906561255455,-0.5803436636924744,0.12209522724151611,-0.6021018624305725,-0.6421018777423162,-997.4704881311577,0.0,0.0
25.96,1298,0.4394160509109497,0.8982836604118347,0.4549485146999359,-2.67313551902771,-4.985054016113281,-2.0,-0.06262560933828354,0.9980370998382568,-0.06266661733388901,-0.5020416975021362,0.09975343942642212,-0.5176151394844055,-0.5576151286502096,-998.028103259808,0.0,0.0
25.98,1299,0.3890800178050995,0.9212039709091187,0.39963269233703613,-2.7657907009124756,-4.632761001586914,-2.0,-0.031390100717544556,0.9995071887969971,-0.031395260244607925,-0.42047011852264404,0.07830324023962021,-0.43102794885635376,-0.47102795860803964,-998.499131218416,0.0,0.0
26.0,1300,0.3359496593475342,0.94187992811203,0.3426133096218109,-2.8509693145751953,-4.258938789367676,-2.0,-5.144754454812321e-15,1.0,-5.144754454812321e-15,-0.3359496593475342,0.05812005698680878,-0.3426133096218109,-0.38261331021117423,-998.8817445286271,0.0,0.0
26.02,1301,0.28024372458457947,0.9599288702011108,0.2840479910373688,-2.9282662868499756,-3.8648383617401123,-2.0,0.031390100717544556,0.9995071887969971,0.031395260244607925,-0.24885360896587372,0.03957832604646683,-0.25265273451805115,-0.29265272650352087,-999.1743972551307,0.0,0.0
26.04,1302,0.22223074734210968,0.9749941229820251,0.22410182654857635,-2.997307777404785,-3.452083110809326,-2.0,0.06262560933828354,0.9980370998382568,0.06266661733388901,-0.15960513055324554,0.023042988032102585,-0.16143521666526794,-0.2014352122887844,-999.3758324674194,0.0,0.0
26.060000000000002,1303,0.16234064102172852,0.9867347478866577,0.16306230425834656,-3.051976442337036,-2.7334277629852295,-1.6143521070480347,0.09355364739894867,0.995614230632782,0.0936906561255455,-0.06878699362277985,0.00887946505099535,-0.06937164068222046,-0.09543297108271928,-999.4712654385021,0.0,0.0
26.080000000000002,1304,0.10120908170938492,0.9948651790618896,0.10138266533613205,-3.083981513977051,-1.60025954246521,-0.6937164664268494,0.12402476370334625,0.9922791123390198,0.12434494495391846,0.022815680131316185,-0.0025860543828457594,0.02296227402985096,-0.02777469995886455,-999.4990401384609,0.0,0.0
26.1,1305,0.03951003775000572,0.9992191791534424,0.039520323276519775,-3.0931172370910645,-0.45677945017814636,0.2296227663755417,0.15389446914196014,0.9880872964859009,0.15450850129127502,0.11438443511724472,-0.011131883598864079,0.11498817056417465,-0.11551543846698127,-999.614555576928,0.0,0.0
26.12,1306,-0.022065144032239914,0.9997565150260925,-0.022066935896873474,-3.0793631076812744,0.6877081394195557,1.1498817205429077,0.18302473425865173,0.9831082820892334,0.18406227231025696,0.20508988201618195,-0.016648225486278534,0.20612920820713043,-0.2193514928231442,-999.8339070697511,0.0,0.0
26.14,1307,-0.08284799754619598,0.9965621829032898,-0.08294306695461273,-3.043806552886963,1.7778204679489136,2.0,0.21128518879413605,0.9774244427680969,0.2128896415233612,0.29413318634033203,-0.019137738272547722,0.29583272337913513,-0.33583271398608433,-1000.1697397837372,0.0,0.0
26.16,1308,-0.14244356751441956,0.989802896976471,-0.14292971789836884,-2.9993326663970947,2.2236969470977783,2.0,0.2385542392730713,0.9711291790008545,0.24087683856487274,0.38099780678749084,-0.018673749640583992,0.3838065564632416,-0.4238065589377035,-1000.5935463426749,0.0,0.0
26.18,1309,-0.2004842460155487,0.9796969294548035,-0.20185217261314392,-2.946122646331787,2.660503625869751,2.0,0.2647198438644409,0.9643253684043884,0.2679134011268616,0.4652040898799896,-0.015371566638350487,0.4697655737400055,-0.5097655716455026,-1001.1033119143204,0.0,0.0
26.2,1310,-0.256636381149292,0.9665080308914185,-0.2595404088497162,-2.8844118118286133,3.0855424404144287,2.0,0.2896801233291626,0.9571235179901123,0.29389262199401855,0.5463165044784546,-0.009384514763951302,0.5534330606460571,-0.5934330356051387,-1001.6967449499256,0.0,0.0
26.22,1311,-0.31060561537742615,0.9505388736724854,-0.3158301115036011,-2.8144843578338623,3.4963676929473877,2.0,0.31334367394447327,0.9496397972106934,0.3187119960784912,0.6239492893218994,-0.0008990794885903597,0.6345421075820923,-0.6745420925901957,-1002.3712870425157,0.0,0.0
26.240000000000002,1312,-0.3621407151222229,0.9321234226226807,-0.37056344747543335,-2.7366678714752197,3.89082407951355,2.0,0.3356296420097351,0.9419940114021301,0.3422735631465912,0.697770357131958,0.009870585985481739,0.7128369808197021,-0.752837009336295,-1003.124124051852,0.0,0.0
26.26,1313,-0.41103580594062805,0.9116191864013672,-0.4235899746417999,-2.6513264179229736,4.267075061798096,2.0,0.3564675450325012,0.9343076944351196,0.3644843101501465,0.7675033211708069,0.022688504308462143,0.7880743145942688,-0.8280742986387404,-1003.9521983504908,0.0,0.0
26.28,1314,-0.4571312963962555,0.8893992304801941,-0.4747670590877533,-2.558854103088379,4.623620510101318,2.0,0.37579697370529175,0.9267020225524902,0.3852566182613373,0.8329282402992249,0.03730279952287674,0.8600236773490906,-0.9000236866340009,-1004.8522220371248,0.0,0.0
26.3,1315,-0.5003131628036499,0.8658445477485657,-0.5239604115486145,-2.459667921066284,4.959300518035889,2.0,0.39356696605682373,0.9192959666252136,0.404508501291275,0.8938801288604736,0.053451426327228546,0.9284689426422119,-0.9684689225620247,-1005.8206909596868,0.0,0.0
26.32,1316,-0.5405110716819763,0.8413369059562683,-0.5710444450378418,-2.3542022705078125,5.27329158782959,2.0,0.40973538160324097,0.9122044444084167,0.4221639633178711,0.9502464532852173,0.07086753845214844,0.9932084083557129,-1.0332084315887597,-1006.8538993912755,0.0,0.0
26.34,1317,-0.5776954293251038,0.8162524104118347,-0.6159024834632874,-2.2429003715515137,5.565093040466309,2.0,0.42426797747612,0.9055367112159729,0.43815332651138306,1.0019633769989014,0.0892842635512352,1.0540558099746704,-1.0940558151419386,-1007.9479552064174,0.0,0.0
26.36,1318,-0.611873209476471,0.7909559011459351,-0.6584267020225525,-2.1262102127075195,5.834502696990967,2.0,0.43713751435279846,0.899394690990448,0.45241352915763855,1.0490107536315918,0.10843879729509354,1.1108402013778687,-1.150840206553804,-1009.0987954129712,0.0,0.0
26.38,1319,-0.6430836915969849,0.7657959461212158,-0.6985182762145996,-2.0045783519744873,6.081589698791504,2.0,0.44832292199134827,0.8938716650009155,0.46488824486732483,1.0914065837860107,0.1280757635831833,1.163406491279602,-1.2034064925332801,-1010.3022019055045,0.0,0.0
26.400000000000002,1320,-0.6713932156562805,0.7411012649536133,-0.7360871434211731,-1.8784452676773071,6.306659698486328,2.0,0.45780816674232483,0.8890510201454163,0.4755282700061798,1.1292014122009277,0.1479497253894806,1.2116154432296753,-1.2516154130719912,-1011.5538173185765,0.0,0.0
26.42,1321,-0.6968900561332703,0.7171779274940491,-0.7710520029067993,-1.7482409477233887,6.510217666625977,2.0,0.4655815362930298,0.885004997253418,0.48429158329963684,1.1624716520309448,0.1678270399570465,1.2553435564041138,-1.2953435538274567,-1012.849160872404,0.0,0.0
26.44,1322,-0.7196788191795349,0.6943071484565735,-0.8033396005630493,-1.6143823862075806,6.692927837371826,2.0,0.4716346263885498,0.8817940354347229,0.4911436140537262,1.1913135051727295,0.187486931681633,1.2944833040237427,-1.3344832458584084,-1014.1836441182625,0.0,0.0
26.46,1323,-0.739875316619873,0.6727439761161804,-0.8328850269317627,-1.4772708415985107,6.855576038360596,2.0,0.475961834192276,0.8794659376144409,0.4960573613643646,1.2158371210098267,0.2067219465970993,1.3289424180984497,-1.3689423878729978,-1015.5525865061354,0.0,0.0
26.48,1324,-0.7576016783714294,0.6527171730995178,-0.859630823135376,-1.3372901678085327,6.999030590057373,2.0,0.4785594642162323,0.8780551552772522,0.49901336431503296,1.2361611127853394,0.22533796727657318,1.3586442470550537,-1.3986442059662805,-1016.9512307121017,0.0,0.0
26.5,1325,-0.7729812860488892,0.6344287991523743,-0.8835269808769226,-1.1948062181472778,7.124202728271484,2.0,0.4794255495071411,0.8775825500488281,0.5,1.2524068355560303,0.24315375089645386,1.3835269212722778,-1.4235269652538989,-1018.3747576773557,0.0,0.0
26.52,1326,-0.7861349582672119,0.6180549263954163,-0.9045302867889404,-1.0501658916473389,7.232015132904053,2.0,0.4785594642162323,0.8780551552772522,0.49901336431503296,1.264694333076477,0.2600002586841583,1.4035435914993286,-1.44354364693953,-1019.8183013242951,0.0,0.0
26.54,1327,-0.7971765995025635,0.6037461757659912,-0.9226042628288269,-0.9036985039710999,7.323369026184082,2.0,0.475961834192276,0.8794659376144409,0.4960573613643646,1.273138403892517,0.2757197916507721,1.4186615943908691,-1.4586616032652093,-1021.2769629275604,0.0,0.0
26.560000000000002,1328,-0.806210458278656,0.5916288495063782,-0.9377185702323914,-0.7557162046432495,7.399115562438965,2.0,0.4716346263885498,0.8817940354347229,0.4911436140537262,1.277845025062561,0.2901651859283447,1.42886221408844,-1.4688622015582145,-1022.7458251291185,0.0,0.0
26.580000000000002,1329,-0.8133276104927063,0.5818060040473938,-0.9498488903045654,-0.6065155267715454,7.4600324630737305,2.0,0.4655815362930298,0.885004997253418,0.48429158329963684,1.2789090871810913,0.30319899320602417,1.4341404438018799,-1.4741404672661624,-1024.2199655963848,0.0,0.0
26.6,1330,-0.8186041116714478,0.5743581652641296,-0.9589764475822449,-0.4563794732093811,7.506802082061768,2.0,0.45780816674232483,0.8890510201454163,0.4755282700061798,1.2764122486114502,0.3146928548812866,1.434504747390747,-1.4745047345111018,-1025.694470330896,0.0,0.0
26.62,1331,-0.8220990896224976,0.5693444609642029,-0.9650880694389343,-0.30557960271835327,7.539994239807129,2.0,0.44832292199134827,0.8938716650009155,0.46488824486732483,1.2704219818115234,0.32452720403671265,1.4299763441085815,-1.4699763113282367,-1027.1644466422242,0.0,0.0
26.64,1332,-0.8238530158996582,0.5668034553527832,-0.9681756496429443,-0.15437853336334229,7.560052871704102,2.0,0.43713751435279846,0.899394690990448,0.45241352915763855,1.2609905004501343,0.3325912058353424,1.4205892086029053,-1.4605891654076193,-1028.6250358076318,0.0,0.0
26.66,1333,-0.8238874077796936,0.5667535066604614,-0.9682362675666809,-0.0030327821150422096,7.567287921905518,2.0,0.42426797747612,0.9055367112159729,0.43815332651138306,1.2481553554534912,0.3387831747531891,1.406389594078064,-1.4463896348391188,-1030.0714254424709,0.0,0.0
26.68,1334,-0.8222038745880127,0.5691930651664734,-0.9652721881866455,0.1482045203447342,7.561865329742432,2.0,0.40973538160324097,0.9122044444084167,0.4221639633178711,1.2319393157958984,0.34301134943962097,1.3874361515045166,-1.4274361670738487,-1031.4988616095447,0.0,0.0
26.7,1335,-0.8187844753265381,0.5741009712219238,-0.9592905640602112,0.29908066987991333,7.543807506561279,2.0,0.39356696605682373,0.9192959666252136,0.404508501291275,1.2123514413833618,0.3451949656009674,1.3637990951538086,-1.4037990880541347,-1032.9026606975988,0.0,0.0
26.72,1336,-0.8135921955108643,0.5814359784126282,-0.9503037929534912,0.44934049248695374,7.512991428375244,2.0,0.37579697370529175,0.9267020225524902,0.3852566182613373,1.1893891096115112,0.34526607394218445,1.3355604410171509,-1.3755604022194228,-1034.2782210998182,0.0,0.0
26.740000000000002,1337,-0.8065716028213501,0.5911363959312439,-0.93832927942276,0.5987235903739929,7.469154357910156,2.0,0.3564675450325012,0.9343076944351196,0.3644843101501465,1.163039207458496,0.3431713283061981,1.3028136491775513,-1.3428136228541223,-1035.6210347226722,0.0,0.0
26.76,1338,-0.7976508140563965,0.6031195521354675,-0.9233900904655457,0.7469615340232849,7.411898612976074,2.0,0.3356296420097351,0.9419940114021301,0.3422735631465912,1.1332803964614868,0.338874489068985,1.2656636238098145,-1.3056636309946568,-1036.9266983536668,0.0,0.0
26.78,1339,-0.7867428660392761,0.6172808408737183,-0.9055145382881165,0.8937756419181824,7.340704917907715,2.0,0.31334367394447327,0.9496397972106934,0.3187119960784912,1.1000865697860718,0.3323589563369751,1.2242265939712524,-1.2642265598459388,-1038.1909249135126,0.0,0.0
26.8,1340,-0.7737484574317932,0.6334929466247559,-0.8847370743751526,1.0388745069503784,7.254944324493408,2.0,0.2896801233291626,0.9571235179901123,0.29389262199401855,1.0634286403656006,0.32363054156303406,1.178629755973816,-1.2186297003680888,-1039.4095546138808,0.0,0.0
26.82,1341,-0.7585585117340088,0.651604950428009,-0.861098051071167,1.1819524765014648,7.153896331787109,2.0,0.2647198438644409,0.9643253684043884,0.2679134011268616,1.0232783555984497,0.3127204179763794,1.1290113925933838,-1.1690114223846975,-1040.5785660362656,0.0,0.0
26.84,1342,-0.7410576939582825,0.6714413166046143,-0.8346442580223083,1.3226878643035889,7.036770820617676,2.0,0.2385542392730713,0.9711291790008545,0.24087683856487274,0.9796119332313538,0.29968783259391785,1.0755211114883423,-1.1155211042453717,-1041.6940871405109,0.0,0.0
26.86,1343,-0.7211282253265381,0.6928016543388367,-0.8054293990135193,1.460742473602295,6.902731418609619,2.0,0.21128518879413605,0.9774244427680969,0.2128896415233612,0.9324133992195129,0.28462281823158264,1.018319010734558,-1.0583190627690886,-1042.7524062032799,0.0,0.0
26.88,1344,-0.6986538171768188,0.7154598832130432,-0.7735142111778259,1.5957609415054321,6.750923156738281,2.0,0.18302473425865173,0.9831082820892334,0.18406227231025696,0.8816785216331482,0.2676484286785126,0.9575764536857605,-0.9975764739357679,-1043.7499826772157,0.0,0.0
26.900000000000002,1345,-0.6735245585441589,0.7391648292541504,-0.7389667630195618,1.727371096611023,6.580504417419434,2.0,0.15389446914196014,0.9880872964859009,0.15450850129127502,0.8274190425872803,0.2489224374294281,0.8934752941131592,-0.9334752736250921,-1044.6834579508409,0.0,0.0
26.92,1346,-0.6456415057182312,0.7636406421661377,-0.7018631100654602,1.8551846742630005,6.390680313110352,2.0,0.12402476370334625,0.9922791123390198,0.12434494495391846,0.769666314125061,0.22863849997520447,0.8262080550193787,-0.8662080266831811,-1045.549665977524,0.0,0.0
26.94,1347,-0.614922046661377,0.7885879278182983,-0.6622871160507202,1.9787994623184204,6.1807379722595215,2.0,0.09355364739894867,0.995614230632782,0.0936906561255455,0.7084757089614868,0.20702633261680603,0.7559777498245239,-0.7959777517954223,-1046.3456437293194,0.0,0.0
26.96,1348,-0.5813046097755432,0.8136860728263855,-0.6203310489654541,2.0978012084960938,5.9500837326049805,2.0,0.06262560933828354,0.9980370998382568,0.06266661733388901,0.643930196762085,0.18435104191303253,0.6829977035522461,-0.7229976891326698,-1047.068641418452,0.0,0.0
26.98,1349,-0.5447540283203125,0.8385959267616272,-0.5760957598686218,2.2117667198181152,5.6982808113098145,2.0,0.031390100717544556,0.9995071887969971,0.031395260244607925,0.5761440992355347,0.16091130673885345,0.6074910163879395,-0.6474909975968404,-1047.7161324160488,0.0,0.0
27.0,1350,-0.5052661895751953,0.8629635572433472,-0.5296903848648071,2.320268392562866,5.425086498260498,2.0,-3.675797306915444e-15,1.0,-3.675797306915444e-15,0.5052661895751953,0.13703644275665283,0.5296903848648071,-0.5696903687963399,-1048.285822784845,0.0,0.0
27.02,1351,-0.46287232637405396,0.8864249587059021,-0.48123279213905334,2.4228782653808594,5.130485534667969,2.0,-0.031390100717544556,0.9995071887969971,-0.031395260244607925,0.4314822256565094,0.11308224499225616,0.4498375356197357,-0.4898375456990748,-1048.7756603305443,0.0,0.0
27.04,1352,-0.4176426827907562,0.9086113572120667,-0.4308493435382843,2.5191726684570312,4.814724922180176,2.0,-0.06262560933828354,0.9980370998382568,-0.06266661733388901,0.3550170660018921,0.08942573517560959,0.3681827485561371,-0.4081827352938758,-1049.1838430658381,0.0,0.0
27.060000000000002,1353,-0.3696892559528351,0.9291554689407349,-0.37867456674575806,2.6087393760681152,4.478337287902832,2.0,-0.09355364739894867,0.995614230632782,-0.0936906561255455,0.2761356234550476,0.0664587914943695,0.28498390316963196,-0.3249839065667396,-1049.508826972405,0.0,0.0
27.080000000000002,1354,-0.31916749477386475,0.9476982951164246,-0.3248509168624878,2.6911826133728027,4.122160911560059,2.0,-0.12402476370334625,0.9922791123390198,-0.12434494495391846,0.1951427310705185,0.04458080232143402,0.20050597190856934,-0.24050596766475604,-1049.7493329400697,0.0,0.0
27.1,1355,-0.2662768065929413,0.9638965725898743,-0.269528329372406,2.766129732131958,3.7473554611206055,2.0,-0.15389446914196014,0.9880872964859009,-0.15450850129127502,0.11238234490156174,0.024190688505768776,0.11501982063055038,-0.15501981923941197,-1049.9043527593092,0.0,0.0
27.12,1356,-0.2115088701248169,0.9773761034011841,-0.2131185084581375,2.820490837097168,2.718050479888916,1.1501981019973755,-0.18302473425865173,0.9831082820892334,-0.18406227231025696,0.02848414145410061,0.0057322317734360695,0.02905622497200966,-0.04228578298069247,-1049.94663854229,0.0,0.0
27.14,1357,-0.15540888905525208,0.9878502488136292,-0.15604135394096375,2.8538572788238525,1.6683298349380493,0.29056230187416077,-0.21128518879413605,0.9774244427680969,-0.2128896415233612,-0.05587630346417427,-0.010425773449242115,-0.05684829130768776,-0.05769255569953729,-1050.0043310979895,0.0,0.0
27.16,1358,-0.0985599234700203,0.9951311349868774,-0.09872019290924072,2.866058111190796,0.6100390553474426,-0.5684828758239746,-0.2385542392730713,0.9711291790008545,-0.24087683856487274,-0.1399943232536316,-0.024001942947506905,-0.14215664565563202,-0.14538837279347183,-1050.1497194707829,0.0,0.0
27.18,1359,-0.04156645014882088,0.9991357326507568,-0.04157842695713043,2.857088088989258,-0.4484974145889282,-1.4215664863586426,-0.2647198438644409,0.9643253684043884,-0.2679134011268616,-0.22315339744091034,-0.0348103828728199,-0.22633497416973114,-0.2465434812432553,-1050.396262952026,0.0,0.0
27.2,1360,0.015042241662740707,0.9998868703842163,0.015042808838188648,2.831061840057373,-1.3013156652450562,-2.0,-0.2896801233291626,0.9571235179901123,-0.29389262199401855,-0.3047223687171936,-0.04276334494352341,-0.3089354336261749,-0.3489354350527291,-1050.7451983870787,0.0,0.0
27.22,1361,0.07091773301362991,0.997482180595398,0.07097730785608292,2.796725034713745,-1.7168381214141846,-2.0,-0.31334367394447327,0.9496397972106934,-0.3187119960784912,-0.3842613995075226,-0.047842372208833694,-0.38968929648399353,-0.4296893058537557,-1051.1748876929325,0.0,0.0
27.240000000000002,1362,0.12572753429412842,0.9920648336410522,0.12606115639209747,2.7541921138763428,-2.1266543865203857,-2.0,-0.3356296420097351,0.9419940114021301,-0.3422735631465912,-0.4613571763038635,-0.050070781260728836,-0.46833470463752747,-0.5083347042568241,-1051.6832223971894,0.0,0.0
27.26,1363,0.17916107177734375,0.9838197827339172,0.180133655667305,2.7036256790161133,-2.528322458267212,-2.0,-0.3564675450325012,0.9343076944351196,-0.3644843101501465,-0.535628616809845,-0.049512043595314026,-0.5446179509162903,-0.5846179763010251,-1052.2678403734903,0.0,0.0
27.28,1364,0.23093479871749878,0.9729692339897156,0.23303835093975067,2.6452343463897705,-2.9195635318756104,-2.0,-0.37579697370529175,0.9267020225524902,-0.3852566182613373,-0.6067317724227905,-0.046267200261354446,-0.6182949542999268,-0.6582949698490728,-1052.9261353433394,0.0,0.0
27.3,1365,0.2807963192462921,0.9597674012184143,0.2846237123012543,2.579268217086792,-3.2982990741729736,-2.0,-0.39356696605682373,0.9192959666252136,-0.404508501291275,-0.6743633151054382,-0.040471430867910385,-0.6891322135925293,-0.7291322118755187,-1053.655267555215,0.0,0.0
27.32,1366,0.32852739095687866,0.9444944262504578,0.33474400639533997,2.506014585494995,-3.6626815795898438,-2.0,-0.40973538160324097,0.9122044444084167,-0.4221639633178711,-0.7382627725601196,-0.0322900153696537,-0.7569079995155334,-0.7969079710573189,-1054.4521755262724,0.0,0.0
27.34,1367,0.37394580245018005,0.9274505376815796,0.3832598626613617,2.4257924556732178,-4.011116027832031,-2.0,-0.42426797747612,0.9055367112159729,-0.43815332651138306,-0.7982137799263,-0.02191387116909027,-0.8214132189750671,-0.8614131955942448,-1055.3135887218666,0.0,0.0
27.36,1368,0.41690605878829956,0.9089495539665222,0.43003877997398376,2.33894681930542,-4.342273712158203,-2.0,-0.43713751435279846,0.899394690990448,-0.45241352915763855,-0.8540436029434204,-0.00955489743500948,-0.8824523091316223,-0.9224523196793575,-1056.236041041546,0.0,0.0
27.38,1369,0.45729905366897583,0.8893129825592041,0.474955677986145,2.245844841003418,-4.655097007751465,-2.0,-0.44832292199134827,0.8938716650009155,-0.46488824486732483,-0.9056219458580017,0.00455869035795331,-0.9398439526557922,-0.9798439355146661,-1057.2158849770608,0.0,0.0
27.400000000000002,1370,0.4950506091117859,0.868864119052887,0.5178930759429932,2.146868944168091,-4.94879674911499,-2.0,-0.45780816674232483,0.8890510201454163,-0.4755282700061798,-0.9528587460517883,0.020186861976981163,-0.9934213161468506,-1.0334213310801263,-1058.2493063081408,0.0,0.0
27.42,1371,0.5301193594932556,0.8479230403900146,0.5587413311004639,2.042412281036377,-5.222842216491699,-2.0,-0.4655815362930298,0.885004997253418,-0.48429158329963684,-0.9957008957862854,0.03708196431398392,-1.0430328845977783,-1.083032896894222,-1059.332339205035,0.0,0.0
27.44,1372,0.5624936819076538,0.826801598072052,0.5973987579345703,1.932873249053955,-5.476943492889404,-2.0,-0.4716346263885498,0.8817940354347229,-0.4911436140537262,-1.0341283082962036,0.05499248206615448,-1.0885424613952637,-1.1285424076583142,-1060.4608816126934,0.0,0.0
27.46,1373,0.59218829870224,0.8057996034622192,0.6337718367576599,1.8186527490615845,-5.711030006408691,-2.0,-0.475961834192276,0.8794659376144409,-0.4960573613643646,-1.0681501626968384,0.07366633415222168,-1.1298291683197021,-1.169829186892242,-1061.6307107995856,0.0,0.0
27.48,1374,0.6192402839660645,0.7852015495300293,0.6677747964859009,1.7001482248306274,-5.925224781036377,-2.0,-0.4785594642162323,0.8780551552772522,-0.49901336431503296,-1.0977997779846191,0.0928536131978035,-1.1667882204055786,-1.2067881644111913,-1062.8374989639967,0.0,0.0
27.5,1375,0.6437049508094788,0.7652737498283386,0.6993298530578613,1.577751874923706,-6.119815826416016,-2.0,-0.4794255495071411,0.8775825500488281,-0.5,-1.1231305599212646,0.1123088151216507,-1.1993298530578613,-1.2393298377589888,-1064.0768288017557,0.0,0.0
27.52,1376,0.6656517386436462,0.7462625503540039,0.7283667922019958,1.4518474340438843,-6.295225143432617,-2.0,-0.4785594642162323,0.8780551552772522,-0.49901336431503296,-1.1442111730575562,0.1317926049232483,-1.2273801565170288,-1.2673801495176478,-1065.3442089512735,0.0,0.0
27.54,1377,0.6851596832275391,0.7283928394317627,0.7548229694366455,1.322807788848877,-6.451976776123047,-2.0,-0.475961834192276,0.8794659376144409,-0.4960573613643646,-1.1611214876174927,0.15107306838035583,-1.250880241394043,-1.290880292793371,-1066.6350892440669,0.0,0.0
27.560000000000002,1378,0.7023139595985413,0.7118673324584961,0.7786428332328796,1.1909945011138916,-6.590667724609375,-2.0,-0.4716346263885498,0.8817940354347229,-0.4911436140537262,-1.1739485263824463,0.169926717877388,-1.2697864770889282,-1.3097864571839029,-1067.9448757012508,0.0,0.0
27.580000000000002,1379,0.7172013521194458,0.696865975856781,0.7997779250144958,1.056755781173706,-6.711936950683594,-2.0,-0.4655815362930298,0.885004997253418,-0.48429158329963684,-1.1827828884124756,0.18813902139663696,-1.284069538116455,-1.3240695272170337,-1069.2689452284678,0.0,0.0
27.6,1380,0.7299073934555054,0.6835460066795349,0.8181864619255066,0.9204269647598267,-6.816437244415283,-2.0,-0.45780816674232483,0.8890510201454163,-0.4755282700061798,-1.1877155303955078,0.20550498366355896,-1.2937147617340088,-1.3337147446737825,-1070.6026599731415,0.0,0.0
27.62,1381,0.7405127882957458,0.6720422506332397,0.8338330984115601,0.7823308110237122,-6.904809951782227,-2.0,-0.44832292199134827,0.8938716650009155,-0.46488824486732483,-1.1888357400894165,0.22182942926883698,-1.2987213134765625,-1.33872134542909,-1071.9413813185706,0.0,0.0
27.64,1382,0.749090850353241,0.6624673008918762,0.8466886281967163,0.6427775621414185,-6.977660179138184,-2.0,-0.43713751435279846,0.899394690990448,-0.45241352915763855,-1.1862283945083618,0.23692740499973297,-1.2991021871566772,-1.3391021805100982,-1073.2804834990807,0.0,0.0
27.66,1383,0.7557050585746765,0.6549121141433716,0.8567299842834473,0.5020667910575867,-7.0355401039123535,-2.0,-0.42426797747612,0.9055367112159729,-0.43815332651138306,-1.1799730062484741,0.25062456727027893,-1.294883370399475,-1.3348833300325835,-1074.6153668291133,0.0,0.0
27.68,1384,0.7604070901870728,0.6494467258453369,0.8639397621154785,0.36048823595046997,-7.078927516937256,-2.0,-0.40973538160324097,0.9122044444084167,-0.4221639633178711,-1.1701425313949585,0.26275771856307983,-1.2861037254333496,-1.3261037175669725,-1075.9414705466802,0.0,0.0
27.7,1385,0.7632356286048889,0.6461201906204224,0.8683062195777893,0.2183239609003067,-7.108213901519775,-2.0,-0.39356696605682373,0.9192959666252136,-0.404508501291275,-1.1568026542663574,0.27317574620246887,-1.2728147506713867,-1.3128147313356293,-1077.254285278016,0.0,0.0
27.72,1386,0.7642149329185486,0.6449616551399231,0.8698232173919678,0.07585009932518005,-7.123693466186523,-2.0,-0.37579697370529175,0.9267020225524902,-0.3852566182613373,-1.1400119066238403,0.2817403972148895,-1.2550798654556274,-1.2950798574731652,-1078.549365135489,0.0,0.0
27.740000000000002,1387,0.7633543610572815,0.6459799408912659,0.8684900403022766,-0.06666102260351181,-7.125555992126465,-2.0,-0.3564675450325012,0.9343076944351196,-0.3644843101501465,-1.1198219060897827,0.28832778334617615,-1.2329742908477783,-1.272974329404325,-1079.8223394648935,0.0,0.0
27.76,1388,0.7606483101844788,0.6491641998291016,0.8643112182617188,-0.2089386284351349,-7.113880157470703,-2.0,-0.3356296420097351,0.9419940114021301,-0.3422735631465912,-1.0962779521942139,0.29282987117767334,-1.2065848112106323,-1.2465847962175043,-1081.068924261111,0.0,0.0
27.78,1389,0.7560762763023376,0.6544834971427917,0.8572970032691956,-0.35071131587028503,-7.088634967803955,-2.0,-0.31334367394447327,0.9496397972106934,-0.3187119960784912,-1.0694199800491333,0.2951562702655792,-1.1760090589523315,-1.2160090117374178,-1082.2849332728485,0.0,0.0
27.8,1390,0.7496035695075989,0.6618870496749878,0.8474628925323486,-0.49170491099357605,-7.049679279327393,-2.0,-0.2896801233291626,0.9571235179901123,-0.29389262199401855,-1.0392836332321167,0.2952364385128021,-1.1413555145263672,-1.1813555448289703,-1083.4662888176774,0.0,0.0
27.82,1391,0.7411825060844421,0.6713036298751831,0.834830105304718,-0.6316403150558472,-6.996769428253174,-2.0,-0.2647198438644409,0.9643253684043884,-0.2679134011268616,-1.0059022903442383,0.2930217385292053,-1.1027435064315796,-1.14274351029399,-1084.6090323279714,0.0,0.0
27.84,1392,0.7307537794113159,0.6826411485671997,0.8194254636764526,-0.7702315449714661,-6.929563522338867,-2.0,-0.2385542392730713,0.9711291790008545,-0.24087683856487274,-0.9693080186843872,0.2884880304336548,-1.0603023767471313,-1.1003023185530816,-1085.7093346465244,0.0,0.0
27.86,1393,0.7182485461235046,0.6957866549491882,0.8012818098068237,-0.9071843028068542,-6.847637176513672,-2.0,-0.21128518879413605,0.9774244427680969,-0.2128896415233612,-0.9295337200164795,0.2816378176212311,-1.0141714811325073,-1.0541714411391643,-1086.7635060876637,0.0,0.0
27.88,1394,0.7035906910896301,0.7106055021286011,0.7804378867149353,-1.0421942472457886,-6.750494003295898,-2.0,-0.18302473425865173,0.9831082820892334,-0.18406227231025696,-0.8866153955459595,0.2725028097629547,-0.9645001888275146,-1.0045001878742594,-1087.768006275538,0.0,0.0
27.900000000000002,1395,0.6866995096206665,0.7269414067268372,0.7569389939308167,-1.1749459505081177,-6.6375861167907715,-2.0,-0.15389446914196014,0.9880872964859009,-0.15450850129127502,-0.8405939340591431,0.2611458897590637,-0.9114474654197693,-0.9514474904687119,-1088.7194537660068,0.0,0.0
27.92,1396,0.6674929261207581,0.7446161508560181,0.7308367490768433,-1.3051124811172485,-6.508330821990967,-2.0,-0.12402476370334625,0.9922791123390198,-0.12434494495391846,-0.7915176749229431,0.2476629763841629,-0.8551816940307617,-0.895181686193283,-1089.6146354522002,0.0,0.0
27.94,1397,0.6458908915519714,0.7634297609329224,0.7021896243095398,-1.432355284690857,-6.362137317657471,-2.0,-0.09355364739894867,0.995614230632782,-0.0936906561255455,-0.7394444942474365,0.2321844846010208,-0.7958803176879883,-0.8358802942558561,-1090.4505157464562,0.0,0.0
27.96,1398,0.6218189597129822,0.7831610441207886,0.6710631847381592,-1.5563238859176636,-6.198428630828857,-2.0,-0.06262560933828354,0.9980370998382568,-0.06266661733388901,-0.6844445466995239,0.21487607061862946,-0.7337297797203064,-0.773729776601194,-1091.2242455230573,0.0,0.0
27.98,1399,0.595212459564209,0.8035683631896973,0.6375300288200378,-1.6766573190689087,-6.0166707038879395,-2.0,-0.031390100717544556,0.9995071887969971,-0.031395260244607925,-0.6266025304794312,0.195938840508461,-0.6689252853393555,-0.708925274087643,-1091.933170797145,0.0,0.0
28.0,1400,0.5660202503204346,0.8243913650512695,0.6016703248023987,-1.7929853200912476,-5.81640100479126,-2.0,-1.7145055406796758e-15,1.0,-1.7145055406796758e-15,-0.5660202503204346,0.17560866475105286,-0.6016703248023987,-0.6416703084261445,-1092.5748411055713,0.0,0.0
28.02,1401,0.5342089533805847,0.8453524708747864,0.5635716915130615,-1.9049304723739624,-5.597257137298584,-2.0,0.031390100717544556,0.9995071887969971,0.031395260244607925,-0.5028188228607178,0.1541547328233719,-0.5321764349937439,-0.5721764399479301,-1093.1470175455192,0.0,0.0
28.04,1402,0.4997667670249939,0.8661600351333618,0.523329496383667,-2.012110471725464,-5.359007358551025,-2.0,0.06262560933828354,0.9980370998382568,0.06266661733388901,-0.43714115023612976,0.1318770796060562,-0.4606628715991974,-0.5006628712507921,-1093.64768041677,0.0,0.0
28.060000000000002,1403,0.4627072811126709,0.8865111470222473,0.4810466468334198,-2.1141421794891357,-5.101579666137695,-2.0,0.09355364739894867,0.995614230632782,0.0936906561255455,-0.3691536486148834,0.10910312086343765,-0.3873559832572937,-0.4273559871092061,-1094.0750364038793,0.0,0.0
28.080000000000002,1404,0.4230726659297943,0.9060957431793213,0.43683376908302307,-2.210644006729126,-4.8250885009765625,-2.0,0.12402476370334625,0.9922791123390198,0.12434494495391846,-0.29904791712760925,0.08618337661027908,-0.3124888241291046,-0.3524888217649182,-1094.427525225644,0.0,0.0
28.1,1405,0.38093650341033936,0.9246011972427368,0.39080893993377686,-2.301241159439087,-4.529858112335205,-2.0,0.15389446914196014,0.9880872964859009,0.15450850129127502,-0.22704201936721802,0.06348608434200287,-0.23630043864250183,-0.27630044587085584,-1094.703825671515,0.0,0.0
28.12,1406,0.3364057242870331,0.9417171478271484,0.3430975377559662,-2.3855700492858887,-4.2164435386657715,-2.0,0.18302473425865173,0.9831082820892334,0.18406227231025696,-0.15338097512722015,0.04139115661382675,-0.15903526544570923,-0.19903526695537907,-1094.9028609384704,0.0,0.0
28.14,1407,0.28973960876464844,0.9571055173873901,0.2939547896385193,-2.4571382999420166,-3.5784106254577637,-1.5903526544570923,0.21128518879413605,0.9774244427680969,0.2128896415233612,-0.07845443487167358,0.020318949595093727,-0.08106513321399689,-0.1063573509019853,-1095.0092182893725,0.0,0.0
28.16,1408,0.2413463443517685,0.9704390168190002,0.24375297129154205,-2.5100903511047363,-2.6476051807403564,-0.8106513619422913,0.2385542392730713,0.9711291790008545,0.24087683856487274,-0.0027921092696487904,0.0006901301676407456,-0.0028761362191289663,-0.009447692693772202,-1095.0186659820663,0.0,0.0
28.18,1409,0.19167637825012207,0.9814581871032715,0.1928699016571045,-2.5441532135009766,-1.703148365020752,-0.028761345893144608,0.2647198438644409,0.9643253684043884,0.2679134011268616,0.07304347306489944,-0.017132824286818504,0.07504349201917648,-0.07505176188684658,-1095.0937177439532,0.0,0.0
28.2,1410,0.14121244847774506,0.9899793267250061,0.14168603718280792,-2.5591938495635986,-0.7520269751548767,0.750434935092926,0.2896801233291626,0.9571235179901123,0.29389262199401855,0.14846768975257874,-0.0328558012843132,0.15220659971237183,-0.15783812051746413,-1095.2515558644707,0.0,0.0
28.22,1411,0.09045775234699249,0.9959002733230591,0.09058157354593277,-2.555222749710083,0.1985485851764679,1.5220658779144287,0.31334367394447327,0.9496397972106934,0.3187119960784912,0.22288592159748077,-0.04626049846410751,0.22813041508197784,-0.25129726632048177,-1095.5028531307912,0.0,0.0
28.240000000000002,1412,0.03983868286013603,0.9992061257362366,0.03984922915697098,-2.5366172790527344,0.930277943611145,2.0,0.3356296420097351,0.9419940114021301,0.3422735631465912,0.2957909405231476,-0.05721209570765495,0.3024243116378784,-0.3424243238497822,-1095.845277454641,0.0,0.0
28.26,1413,-0.010362126864492893,0.9999462962150574,-0.010362312197685242,-2.5105769634246826,1.3020100593566895,2.0,0.3564675450325012,0.9343076944351196,0.3644843101501465,0.36682966351509094,-0.06563860177993774,0.3748466372489929,-0.4148466262033606,-1096.2601240808444,0.0,0.0
28.28,1414,-0.05986987426877022,0.9982061982154846,-0.059905700385570526,-2.4771692752838135,1.6703859567642212,2.0,0.37579697370529175,0.9267020225524902,0.3852566182613373,0.4356668293476105,-0.07150416076183319,0.4451623260974884,-0.4851623210916517,-1096.745286401936,0.0,0.0
28.3,1415,-0.1084221750497818,0.9941049218177795,-0.10863573104143143,-2.4365017414093018,2.033386468887329,2.0,0.39356696605682373,0.9192959666252136,0.404508501291275,0.5019891262054443,-0.0748089924454689,0.5131442546844482,-0.55314422951802,-1097.298430631454,0.0,0.0
28.32,1416,-0.15577317774295807,0.9877928495407104,-0.1564101278781891,-2.3887200355529785,2.389085054397583,2.0,0.40973538160324097,0.9122044444084167,0.4221639633178711,0.5655085444450378,-0.07558842748403549,0.5785741209983826,-0.6185740937171753,-1097.9170047251712,0.0,0.0
28.34,1417,-0.20169703662395477,0.9794479608535767,-0.20309026539325714,-2.3340063095092773,2.735678195953369,2.0,0.42426797747612,0.9055367112159729,0.43815332651138306,0.6259649991989136,-0.07391127198934555,0.641243577003479,-0.6812435983825057,-1098.5982483235537,0.0,0.0
28.36,1418,-0.2459908127784729,0.9692721366882324,-0.24854178726673126,-2.272576093673706,3.0715112686157227,2.0,0.43713751435279846,0.899394690990448,0.45241352915763855,0.6831283569335938,-0.06987748295068741,0.700955331325531,-0.74095530751463,-1099.3392036310684,0.0,0.0
28.38,1419,-0.28847646713256836,0.9574869871139526,-0.2926352620124817,-2.204674243927002,3.395098924636841,2.0,0.44832292199134827,0.8938716650009155,0.46488824486732483,0.7367993593215942,-0.06361531466245651,0.7575235366821289,-0.797523507549343,-1100.1367271386177,0.0,0.0
28.400000000000002,1420,-0.32900214195251465,0.9443292021751404,-0.3352466821670532,-2.1305713653564453,3.7051408290863037,2.0,0.45780816674232483,0.8890510201454163,0.4755282700061798,0.7868102788925171,-0.055278170853853226,0.8107749223709106,-0.850774949755547,-1100.9875020883733,0.0,0.0
28.42,1421,-0.3674427270889282,0.9300461411476135,-0.37625789642333984,-2.050560712814331,4.000529766082764,2.0,0.4655815362930298,0.885004997253418,0.48429158329963684,0.833024263381958,-0.045041151344776154,0.8605495095252991,-0.9005494873127586,-1101.888051575686,0.0,0.0
28.44,1422,-0.4036995768547058,0.9148916006088257,-0.41555696725845337,-1.9649536609649658,4.280355930328369,2.0,0.4716346263885498,0.8817940354347229,0.4911436140537262,0.8753342032432556,-0.03309754654765129,0.906700611114502,-0.9467006048851195,-1102.834752180571,0.0,0.0
28.46,1423,-0.4376995265483856,0.8991212844848633,-0.4530384838581085,-1.8740755319595337,4.543905258178711,2.0,0.475961834192276,0.8794659376144409,0.4960573613643646,0.9136613607406616,-0.019655365496873856,0.9490958452224731,-0.9890958408145875,-1103.8238480213856,0.0,0.0
28.48,1424,-0.46939346194267273,0.8829891085624695,-0.48860374093055725,-1.7782624959945679,4.790652275085449,2.0,0.4785594642162323,0.8780551552772522,0.49901336431503296,0.947952926158905,-0.004933961201459169,0.9876170754432678,-1.027617104182812,-1104.8514651255684,0.0,0.0
28.5,1425,-0.49875423312187195,0.8667434453964233,-0.5221608877182007,-1.677857518196106,5.020247459411621,2.0,0.4794255495071411,0.8775825500488281,0.5,0.9781797528266907,0.010839111171662807,1.0221608877182007,-1.0621608908789342,-1105.9136260164473,0.0,0.0
28.52,1426,-0.5257742404937744,0.850624144077301,-0.5536250472068787,-1.5732074975967407,5.232503890991211,2.0,0.4785594642162323,0.8780551552772522,0.49901336431503296,1.0043336153030396,0.02743099071085453,1.0526384115219116,-1.0926384044151911,-1107.0062644208624,0.0,0.0
28.54,1427,-0.5504626035690308,0.8348598480224609,-0.5829182267189026,-1.4646599292755127,5.427379131317139,2.0,0.475961834192276,0.8794659376144409,0.4960573613643646,1.0264244079589844,0.04460611566901207,1.0789755582809448,-1.1189755885285557,-1108.125240009391,0.0,0.0
28.560000000000002,1428,-0.5728424191474915,0.8196654915809631,-0.609969437122345,-1.3525607585906982,5.604953289031982,2.0,0.4716346263885498,0.8817940354347229,0.4911436140537262,1.044477105140686,0.062128547579050064,1.1011130809783936,-1.1411130795853035,-1109.2663530889763,0.0,0.0
28.580000000000002,1429,-0.5929476618766785,0.8052409887313843,-0.6347144842147827,-1.2372525930404663,5.765408992767334,2.0,0.4655815362930298,0.885004997253418,0.48429158329963684,1.0585291385650635,0.0797639861702919,1.1190060377120972,-1.1590060874716297,-1110.425359176448,0.0,0.0
28.6,1430,-0.6108201146125793,0.7917694449424744,-0.6570959687232971,-1.119072437286377,5.9090094566345215,2.0,0.45780816674232483,0.8890510201454163,0.4755282700061798,1.0686283111572266,0.09728159010410309,1.1326242685317993,-1.172624214024324,-1111.5979833904723,0.0,0.0
28.62,1431,-0.6265065670013428,0.7794161438941956,-0.67706298828125,-0.998350977897644,6.036074161529541,2.0,0.44832292199134827,0.8938716650009155,0.46488824486732483,1.0748294591903687,0.11445552855730057,1.1419512033462524,-1.18195121815649,-1112.7799346086288,0.0,0.0
28.64,1432,-0.6400560736656189,0.7683282494544983,-0.6945711970329285,-0.8754117488861084,6.146960258483887,2.0,0.43713751435279846,0.899394690990448,0.45241352915763855,1.0771936178207397,0.1310664564371109,1.1469846963882446,-1.1869847366958857,-1113.9669193453246,0.0,0.0
28.66,1433,-0.6515172123908997,0.7586338520050049,-0.7095826268196106,-0.7505709528923035,6.242040157318115,2.0,0.42426797747612,0.9055367112159729,0.43815332651138306,1.0757851600646973,0.14690281450748444,1.1477359533309937,-1.187735969611742,-1115.1546553149365,0.0,0.0
28.68,1434,-0.6609359979629517,0.7504422664642334,-0.7220653891563416,-0.624137282371521,6.32168436050415,2.0,0.40973538160324097,0.9122044444084167,0.4221639633178711,1.0706714391708374,0.16176217794418335,1.1442292928695679,-1.184229337794253,-1116.3388846527307,0.0,0.0
28.7,1435,-0.6683539152145386,0.7438434362411499,-0.7319936156272888,-0.4964124262332916,6.386241912841797,2.0,0.39356696605682373,0.9192959666252136,0.404508501291275,1.0619208812713623,0.17545251548290253,1.1365021467208862,-1.1765021209027042,-1117.5153867736335,0.0,0.0
28.72,1436,-0.6738058924674988,0.7389084100723267,-0.7393474578857422,-0.36769184470176697,6.436029434204102,2.0,0.37579697370529175,0.9267020225524902,0.3852566182613373,1.0496028661727905,0.18779362738132477,1.1246041059494019,-1.1646040820428678,-1118.6799908556764,0.0,0.0
28.740000000000002,1437,-0.677319347858429,0.735689103603363,-0.7441127896308899,-0.23826554417610168,6.471315383911133,2.0,0.3564675450325012,0.9343076944351196,0.3644843101501465,1.0337868928909302,0.1986185759305954,1.1085970401763916,-1.1485970851984038,-1119.8285879408747,0.0,0.0
28.76,1438,-0.6789129972457886,0.7342187166213989,-0.7462811470031738,-0.10841929912567139,6.492311954498291,2.0,0.3356296420097351,0.9419940114021301,0.3422735631465912,1.0145426988601685,0.2077753245830536,1.0885547399520874,-1.1285547104464868,-1120.9571426513212,0.0,0.0
28.78,1439,-0.6785963177680969,0.7345114350318909,-0.7458498477935791,0.021564064547419548,6.499168395996094,2.0,0.31334367394447327,0.9496397972106934,0.3187119960784912,0.9919399619102478,0.2151283472776413,1.0645618438720703,-1.1045618710519247,-1122.061704522373,0.0,0.0
28.8,1440,-0.6763690710067749,0.7365629076957703,-0.7428218126296997,0.15140333771705627,6.4919633865356445,2.0,0.2896801233291626,0.9571235179901123,0.29389262199401855,0.9660491943359375,0.22056061029434204,1.0367144346237183,-1.0767144355715899,-1123.1384189579446,0.0,0.0
28.82,1441,-0.6722216010093689,0.7403500080108643,-0.737205445766449,0.2808174788951874,6.470707416534424,2.0,0.2647198438644409,0.9643253684043884,0.2679134011268616,0.9369414448738098,0.22397536039352417,1.0051188468933105,-1.045118857122493,-1124.1835378150672,0.0,0.0
28.84,1442,-0.666135311126709,0.7458309531211853,-0.7290149927139282,0.4095242917537689,6.43533992767334,2.0,0.2385542392730713,0.9711291790008545,0.24087683856487274,0.9046895503997803,0.22529825568199158,0.9698917865753174,-1.0098918109815014,-1125.1934296260488,0.0,0.0
28.86,1443,-0.6580832004547119,0.7529451847076416,-0.7182701826095581,0.5372389554977417,6.385733127593994,2.0,0.21128518879413605,0.9774244427680969,0.2128896415233612,0.8693683743476868,0.22447924315929413,0.9311598539352417,-0.9711598407007664,-1126.1645894667495,0.0,0.0
28.88,1444,-0.6480313539505005,0.761613667011261,-0.7049967646598816,0.6636729836463928,6.321700572967529,2.0,0.18302473425865173,0.9831082820892334,0.18406227231025696,0.8310560584068298,0.2214946448802948,0.8890590071678162,-0.9290590119491186,-1127.0936484786987,0.0,0.0
28.900000000000002,1445,-0.6359401345252991,0.7717384099960327,-0.6892260909080505,0.7885330319404602,6.243002891540527,2.0,0.15389446914196014,0.9880872964859009,0.15450850129127502,0.7898345589637756,0.21634887158870697,0.8437345623970032,-0.8837345723338521,-1127.9773830510326,0.0,0.0
28.92,1446,-0.6217660903930664,0.7832030057907104,-0.6709956526756287,0.9115201830863953,6.149359226226807,2.0,0.12402476370334625,0.9922791123390198,0.12434494495391846,0.7457908391952515,0.2090761363506317,0.7953405976295471,-0.8353406145341689,-1128.8127236655666,0.0,0.0
28.94,1447,-0.6054642796516418,0.7958725094795227,-0.6503490805625916,1.0323294401168823,6.040462017059326,2.0,0.09355364739894867,0.995614230632782,0.0936906561255455,0.6990179419517517,0.19974175095558167,0.7440397143363953,-0.7840397391985674,-1129.5967634047652,0.0,0.0
28.96,1448,-0.5869901776313782,0.8095940351486206,-0.6273360848426819,1.1506493091583252,5.915990829467773,2.0,0.06262560933828354,0.9980370998382568,0.06266661733388901,0.6496157646179199,0.18844301998615265,0.6900027394294739,-0.7300027132449156,-1130.32676611801,0.0,0.0
28.98,1449,-0.5663025975227356,0.8241974115371704,-0.6020128726959229,1.2661619186401367,5.775630950927734,2.0,0.031390100717544556,0.9995071887969971,0.031395260244607925,0.5976927280426025,0.17530980706214905,0.6334081292152405,-0.6734081184745697,-1131.0001742364846,0.0,0.0
29.0,1450,-0.5433664321899414,0.8394956588745117,-0.5744419693946838,1.378543734550476,5.619090557098389,2.0,-6.189806482407143e-19,1.0,-6.189806482407143e-19,0.5433664321899414,0.16050435602664948,0.5744419693946838,-0.6144419847970926,-1131.6146162212817,0.0,0.0
29.02,1451,-0.5181552767753601,0.8552865982055664,-0.5446926355361938,1.4874662160873413,5.446123123168945,2.0,-0.031390100717544556,0.9995071887969971,-0.031395260244607925,0.48676514625549316,0.14422063529491425,0.5132973790168762,-0.5532974018892841,-1132.167913623171,0.0,0.0
29.04,1452,-0.49065449833869934,0.8713542222976685,-0.512840747833252,1.5925971269607544,5.256547451019287,2.0,-0.06262560933828354,0.9980370998382568,-0.06266661733388901,0.4280288815498352,0.12668287754058838,0.45017409324645996,-0.49017410281254137,-1132.6580877259835,0.0,0.0
29.060000000000002,1453,-0.4608641564846039,0.8874707221984863,-0.47896867990493774,1.693602442741394,5.050268173217773,2.0,-0.09355364739894867,0.995614230632782,-0.0936906561255455,0.367310494184494,0.10814354568719864,0.38527801632881165,-0.4252780130166573,-1133.083365739,0.0,0.0
29.080000000000002,1454,-0.4288015067577362,0.9033987522125244,-0.44316568970680237,1.790148377418518,4.827297687530518,2.0,-0.12402476370334625,0.9922791123390198,-0.12434494495391846,0.30477672815322876,0.08888038992881775,0.3188207447528839,-0.35882075829743,-1133.4421864972976,0.0,0.0
29.1,1455,-0.394503653049469,0.918894350528717,-0.40552762150764465,1.8819040060043335,4.5877766609191895,2.0,-0.15389446914196014,0.9880872964859009,-0.15450850129127502,0.24060916900634766,0.06919291615486145,0.25101912021636963,-0.29101912567451277,-1133.733205622972,0.0,0.0
29.12,1456,-0.3580296039581299,0.9337102174758911,-0.36615675687789917,1.9685437679290771,4.331989288330078,2.0,-0.18302473425865173,0.9831082820892334,-0.18406227231025696,0.17500486969947815,0.04939807206392288,0.18209446966648102,-0.2220944718339721,-1133.955300094806,0.0,0.0
29.14,1457,-0.3195129334926605,0.9475818872451782,-0.3252154290676117,2.047065496444702,3.926090955734253,1.8209447860717773,-0.21128518879413605,0.9774244427680969,-0.2128896415233612,0.10822775214910507,0.029842544347047806,0.11232579499483109,-0.1454841894605726,-1134.1007842842666,0.0,0.0
29.16,1458,-0.27926400303840637,0.960214376449585,-0.2830275297164917,2.1093955039978027,3.11649489402771,1.1232579946517944,-0.2385542392730713,0.9711291790008545,-0.24087683856487274,0.040709760040044785,0.010914814658463001,0.04215069115161896,-0.05476777535090963,-1134.1555520596175,0.0,0.0
29.18,1459,-0.237627774477005,0.9713562726974487,-0.23992294073104858,2.1552298069000244,2.291712760925293,0.4215068817138672,-0.2647198438644409,0.9643253684043884,-0.2679134011268616,-0.027092082425951958,-0.007030930370092392,-0.027990464121103287,-0.02976714420533119,-1134.185319203823,0.0,0.0
29.2,1460,-0.1949782818555832,0.9808075428009033,-0.1962352991104126,2.1843817234039307,1.4575966596603394,-0.27990466356277466,-0.2896801233291626,0.9571235179901123,-0.29389262199401855,-0.0947018563747406,-0.023684047162532806,-0.09765732288360596,-0.0984407913097736,-1134.2837599951326,0.0,0.0
29.22,1461,-0.15171149373054504,0.9884248375892639,-0.15229958295822144,2.1967859268188477,0.6202084422111511,-0.9765732288360596,-0.31334367394447327,0.9496397972106934,-0.3187119960784912,-0.16163218021392822,-0.03878502547740936,-0.16641241312026978,-0.17594936230435432,-1134.459709357437,0.0,0.0
29.240000000000002,1462,-0.10823711007833481,0.9941251277923584,-0.10844957083463669,2.192500591278076,-0.2142551988363266,-1.6641241312026978,-0.3356296420097351,0.9419940114021301,-0.3422735631465912,-0.2273925244808197,-0.05213107913732529,-0.2338239848613739,-0.261517072778949,-1134.7212264302161,0.0,0.0
29.26,1463,-0.06486832350492477,0.9978938102722168,-0.06491389870643616,2.176783323287964,-0.7858642339706421,-2.0,-0.3564675450325012,0.9343076944351196,-0.3644843101501465,-0.29159921407699585,-0.06358612328767776,-0.2995704114437103,-0.3395704113513881,-1135.0607968415675,0.0,0.0
29.28,1464,-0.021818246692419052,0.9997619390487671,-0.021819978952407837,2.154696226119995,-1.1043606996536255,-2.0,-0.37579697370529175,0.9267020225524902,-0.3852566182613373,-0.3539787232875824,-0.07305993139743805,-0.36343663930892944,-0.4034366431728703,-1135.4642334847404,0.0,0.0
29.3,1465,0.0207043569535017,0.9997856616973877,0.02070583589375019,2.126290798187256,-1.4202733039855957,-2.0,-0.39356696605682373,0.9192959666252136,-0.404508501291275,-0.4142713248729706,-0.08048969507217407,-0.42521432042121887,-0.46521433377396965,-1135.9294478185143,0.0,0.0
29.32,1466,0.0624980665743351,0.9980450868606567,0.06253882497549057,2.091649293899536,-1.7320681810379028,-2.0,-0.40973538160324097,0.9122044444084167,-0.4221639633178711,-0.47223344445228577,-0.08584065735340118,-0.48470279574394226,-0.5247027868550412,-1136.4541506053693,0.0,0.0
29.34,1467,0.1033715158700943,0.9946427941322327,0.10355650633573532,2.0508840084075928,-2.03826642036438,-2.0,-0.42426797747612,0.9055367112159729,-0.43815332651138306,-0.5276395082473755,-0.08910612761974335,-0.541709840297699,-0.5817098450943496,-1137.0358604504636,0.0,0.0
29.36,1468,0.14314576983451843,0.9897016286849976,0.1436392068862915,2.0041346549987793,-2.3374640941619873,-2.0,-0.43713751435279846,0.899394690990448,-0.45241352915763855,-0.5802832841873169,-0.09030693769454956,-0.5960527062416077,-0.6360527266439533,-1137.6719131771076,0.0,0.0
29.38,1469,0.1816563457250595,0.983362078666687,0.18267054855823517,1.9515677690505981,-2.628350019454956,-2.0,-0.44832292199134827,0.8938716650009155,-0.46488824486732483,-0.6299792528152466,-0.08949039876461029,-0.6475588083267212,-0.6875587986500469,-1138.3594719757577,0.0,0.0
29.400000000000002,1470,0.21875464916229248,0.9757798910140991,0.22053802013397217,1.8933733701705933,-2.9097204208374023,-2.0,-0.45780816674232483,0.8890510201454163,-0.4755282700061798,-0.6765627861022949,-0.08672889322042465,-0.6960662603378296,-0.7360662810196112,-1139.0955382567774,0.0,0.0
29.42,1471,0.25430914759635925,0.9671229720115662,0.2571333050727844,1.8297635316848755,-3.1804888248443604,-2.0,-0.4655815362930298,0.885004997253418,-0.48429158329963684,-0.7198906540870667,-0.08211798220872879,-0.7414248585700989,-0.7814248750770914,-1139.8769631318546,0.0,0.0
29.44,1472,0.2882058918476105,0.9575684666633606,0.29235267639160156,1.760969638824463,-3.4396955966949463,-2.0,-0.4716346263885498,0.8817940354347229,-0.4911436140537262,-0.7598405480384827,-0.0757744088768959,-0.7834963202476501,-0.8234963132536585,-1140.7004594451082,0.0,0.0
29.46,1473,0.3203486204147339,0.9472997188568115,0.3260974884033203,1.687239408493042,-3.6865110397338867,-2.0,-0.475961834192276,0.8794659376144409,-0.4960573613643646,-0.7963104248046875,-0.0678337812423706,-0.8221548199653625,-0.8621548274720624,-1141.5626142725803,0.0,0.0
29.48,1474,0.35065850615501404,0.9365034103393555,0.3582741618156433,1.6088347434997559,-3.920236349105835,-2.0,-0.4785594642162323,0.8780551552772522,-0.49901336431503296,-0.8292179703712463,-0.05844824016094208,-0.8572875261306763,-0.897287535379846,-1142.45990180796,0.0,0.0
29.5,1475,0.3790733814239502,0.9253666400909424,0.38879474997520447,1.5260286331176758,-4.14030122756958,-2.0,-0.4794255495071411,0.8775825500488281,-0.5,-0.8584989309310913,-0.047784049063920975,-0.8887947201728821,-0.9287947449958092,-1143.388696552956,0.0,0.0
29.52,1476,0.4055466651916504,0.9140743613243103,0.4175768196582794,1.4391034841537476,-4.346258640289307,-2.0,-0.4785594642162323,0.8780551552772522,-0.49901336431503296,-0.8841060996055603,-0.036019183695316315,-0.91659015417099,-0.9565901796288407,-1144.3452867325848,0.0,0.0
29.54,1477,0.43004605174064636,0.9028069376945496,0.4445437788963318,1.3483480215072632,-4.537775993347168,-2.0,-0.475961834192276,0.8794659376144409,-0.4960573613643646,-0.9060078859329224,-0.023341013118624687,-0.940601110458374,-0.9806011260734084,-1145.3258878586582,0.0,0.0
29.560000000000002,1478,0.45255181193351746,0.8917381167411804,0.4696248769760132,1.2540555000305176,-4.714626789093018,-2.0,-0.4716346263885498,0.8817940354347229,-0.4911436140537262,-0.9241864681243896,-0.009944047778844833,-0.9607685208320618,-1.0007685100593637,-1146.3266563687175,0.0,0.0
29.580000000000002,1479,0.4730552136898041,0.8810327649116516,0.49275532364845276,1.1565219163894653,-4.8766770362854,-2.0,-0.4655815362930298,0.885004997253418,-0.48429158329963684,-0.9386367201805115,0.003972213715314865,-0.9770469069480896,-1.0170469037217027,-1147.3437032724391,0.0,0.0
29.6,1480,0.4915565252304077,0.8708456754684448,0.51387619972229,1.0560444593429565,-5.023873329162598,-2.0,-0.45780816674232483,0.8890510201454163,-0.4755282700061798,-0.9493646621704102,0.018205327913165092,-0.9894044995307922,-1.029404470453092,-1148.3731077428922,0.0,0.0
29.62,1481,0.5080631375312805,0.8613198399543762,0.5329346060752869,0.9529199004173279,-5.156228542327881,-2.0,-0.44832292199134827,0.8938716650009155,-0.46488824486732483,-0.9563860893249512,0.03255185857415199,-0.9978228807449341,-1.0378228529102653,-1149.4109305958025,0.0,0.0
29.64,1482,0.5225878953933716,0.8525854349136353,0.5498834848403931,0.847443699836731,-5.273809432983398,-2.0,-0.43713751435279846,0.899394690990448,-0.45241352915763855,-0.9597254395484924,0.04680926352739334,-1.002297043800354,-1.0422970101728488,-1150.4532276059754,0.0,0.0
29.66,1483,0.535146951675415,0.8447589874267578,0.5646816492080688,0.739909291267395,-5.3767194747924805,-2.0,-0.42426797747612,0.9055367112159729,-0.43815332651138306,-0.9594148993492126,0.0607776902616024,-1.0028350353240967,-1.0428350101121175,-1151.4960626160876,0.0,0.0
29.68,1484,0.5457583069801331,0.8379426598548889,0.5772938132286072,0.6306074857711792,-5.465090274810791,-2.0,-0.40973538160324097,0.9122044444084167,-0.4221639633178711,-0.955493688583374,0.07426178455352783,-0.9994577765464783,-1.0394577829337706,-1152.5355203990214,0.0,0.0
29.7,1485,0.5544403791427612,0.8322234749794006,0.5876903533935547,0.5198262333869934,-5.539064407348633,-2.0,-0.39356696605682373,0.9192959666252136,-0.404508501291275,-0.948007345199585,0.08707248419523239,-0.9921988248825073,-1.032198841630628,-1153.567719240652,0.0,0.0
29.72,1486,0.5612102746963501,0.8276732563972473,0.5958473682403564,0.407850444316864,-5.598788261413574,-2.0,-0.37579697370529175,0.9267020225524902,-0.3852566182613373,-0.9370072484016418,0.09902877360582352,-0.9811039566993713,-1.0211039747367066,-1154.5888232153886,0.0,0.0
29.740000000000002,1487,0.5660831332206726,0.8243481516838074,0.6017466187477112,0.29496246576309204,-5.644399166107178,-2.0,-0.3564675450325012,0.9343076944351196,-0.3644843101501465,-0.9225506782531738,0.10995955765247345,-0.9662309288978577,-1.006230916332103,-1155.5950541317206,0.0,0.0
29.76,1488,0.5690708160400391,0.8222885131835938,0.6053754687309265,0.18144211173057556,-5.676017761230469,-2.0,-0.3356296420097351,0.9419940114021301,-0.3422735631465912,-0.9047004580497742,0.11970552802085876,-0.9476490020751953,-0.9876489977263613,-1156.582703129447,0.0,0.0
29.78,1489,0.5701814889907837,0.8215187191963196,0.6067267656326294,0.06756725162267685,-5.693742752075195,-2.0,-0.31334367394447327,0.9496397972106934,-0.3187119960784912,-0.8835251927375793,0.1281210482120514,-0.9254387617111206,-0.9654387846624564,-1157.5481419141095,0.0,0.0
29.8,1490,0.5694191455841064,0.8220473527908325,0.6057990789413452,-0.04638563469052315,-5.697644233703613,-2.0,-0.2896801233291626,0.9571235179901123,-0.29389262199401855,-0.859099268913269,0.13507616519927979,-0.8996917009353638,-0.9396917032506502,-1158.4878336173601,0.0,0.0
29.82,1491,0.5667833685874939,0.8238669037818909,0.6025962829589844,-0.16014087200164795,-5.6877617835998535,-2.0,-0.2647198438644409,0.9643253684043884,-0.2679134011268616,-0.8315032124519348,0.14045847952365875,-0.870509684085846,-0.910509657173955,-1159.398343274534,0.0,0.0
29.84,1492,0.5622696280479431,0.8269539475440979,0.5971277952194214,-0.2734229266643524,-5.664103031158447,-2.0,-0.2385542392730713,0.9711291790008545,-0.24087683856487274,-0.8008238673210144,0.1441752016544342,-0.8380046486854553,-0.8780046380188675,-1160.2763479125529,0.0,0.0
29.86,1493,0.5558695793151855,0.8312695026397705,0.5894086956977844,-0.3859558403491974,-5.626645565032959,-2.0,-0.21128518879413605,0.9774244427680969,-0.2128896415233612,-0.7671547532081604,0.14615494012832642,-0.8022983074188232,-0.8422983298879857,-1161.118646242441,0.0,0.0
29.88,1494,0.5475717186927795,0.8367587924003601,0.5794594287872314,-0.49746257066726685,-5.575336933135986,-2.0,-0.18302473425865173,0.9831082820892334,-0.18406227231025696,-0.7305964231491089,0.14634953439235687,-0.7635217308998108,-0.8035217087570603,-1161.922167951198,0.0,0.0
29.900000000000002,1495,0.5373621582984924,0.8433516025543213,0.5673061609268188,-0.6076646447181702,-5.510103702545166,-2.0,-0.15389446914196014,0.9880872964859009,-0.15450850129127502,-0.691256582736969,0.1447356790304184,-0.7218146324157715,-0.7618146363602338,-1162.6839825875581,0.0,0.0
29.92,1496,0.5252258777618408,0.8509628772735596,0.5529804825782776,-0.7162817716598511,-5.430854320526123,-2.0,-0.12402476370334625,0.9922791123390198,-0.12434494495391846,-0.6492506265640259,0.1413162499666214,-0.677325427532196,-0.7173254477363433,-1163.4013080352945,0.0,0.0
29.94,1497,0.5111479759216309,0.8594927191734314,0.5365198850631714,-0.8230315446853638,-5.337488651275635,-2.0,-0.09355364739894867,0.995614230632782,-0.0936906561255455,-0.604701578617096,0.1361214965581894,-0.6302105188369751,-0.6702105309587362,-1164.0715185662532,0.0,0.0
29.96,1498,0.4951150715351105,0.8688274025917053,0.5179672837257385,-0.9276296496391296,-5.229907512664795,-2.0,-0.06262560933828354,0.9980370998382568,-0.06266661733388901,-0.5577406883239746,0.12920968234539032,-0.5806338787078857,-0.6206338970169049,-1164.69215246327,0.0,0.0
29.98,1499,0.4771171510219574,0.8788397312164307,0.49737146496772766,-1.0297901630401611,-5.108023166656494,-2.0,-0.031390100717544556,0.9995071887969971,-0.031395260244607925,-0.508507251739502,0.12066750228404999,-0.5287667512893677,-0.5687667373349363,-1165.260919200605,0.0,0.0
30.0,1500,0.4571489989757538,0.8893901109695435,0.4747869670391083,-1.1292256116867065,-4.971772193908691,-2.0,1.715743479332088e-15,1.0,1.715743479332088e-15,-0.4571489989757538,0.11060986667871475,-0.4747869670391083,-0.5147869660159277,-1165.775706166621,0.0,0.0
30.02,1501,0.43521225452423096,0.9003278613090515,0.4502739906311035,-1.2256481647491455,-4.821127891540527,-2.0,0.031390100717544556,0.9995071887969971,0.031395260244607925,-0.4038221538066864,0.09917932003736496,-0.4188787341117859,-0.4588787436111708,-1166.2345849102321,0.0,0.0
30.04,1502,0.4113171100616455,0.9114922881126404,0.4238986074924469,-1.318770408630371,-4.656112194061279,-2.0,0.06262560933828354,0.9980370998382568,0.06266661733388901,-0.34869149327278137,0.08654477447271347,-0.3612319827079773,-0.40123197904345453,-1166.6358168892755,0.0,0.0
30.060000000000002,1503,0.38548415899276733,0.9227144718170166,0.39573246240615845,-1.40830659866333,-4.47681188583374,-2.0,0.09355364739894867,0.995614230632782,0.0936906561255455,-0.29193049669265747,0.07289978116750717,-0.30204179883003235,-0.3420418062834742,-1166.977858695559,0.0,0.0
30.080000000000002,1504,0.3577459454536438,0.9338189363479614,0.3658529818058014,-1.4939743280410767,-4.283388137817383,-2.0,0.12402476370334625,0.9922791123390198,0.12434494495391846,-0.23372118175029755,0.05846017226576805,-0.24150803685188293,-0.28150803249953776,-1167.2593667280585,0.0,0.0
30.1,1505,0.32814866304397583,0.9446260929107666,0.3343430459499359,-1.5754961967468262,-4.076091766357422,-2.0,0.15389446914196014,0.9880872964859009,0.15450850129127502,-0.17425419390201569,0.04346119984984398,-0.17983455955982208,-0.21983455468562257,-1167.479201282744,0.0,0.0
30.12,1506,0.2968110740184784,0.9549362063407898,0.30135151743888855,-1.6495769023895264,-3.7040319442749023,-1.7983454465866089,0.18302473425865173,0.9831082820892334,0.18406227231025696,-0.11378635466098785,0.028172092512249947,-0.117289237678051,-0.149629704159301,-1167.6288309869033,0.0,0.0
30.14,1507,0.2639926075935364,0.9645246863365173,0.2671593427658081,-1.709608793258667,-3.0015978813171387,-1.172892451286316,0.21128518879413605,0.9774244427680969,0.2128896415233612,-0.052707429975271225,0.01289975643157959,-0.0542696937918663,-0.06802645950660428,-1167.69685744641,0.0,0.0
30.16,1508,0.22997604310512543,0.973196268081665,0.23205307126045227,-1.755313515663147,-2.285238027572632,-0.5426969528198242,0.2385542392730713,0.9711291790008545,0.24087683856487274,0.008578195236623287,-0.0020671149250119925,0.00882376916706562,-0.01176896953702053,-1167.708626415947,0.0,0.0
30.18,1509,0.19506406784057617,0.9807904958724976,0.19632278382778168,-1.7865145206451416,-1.5600461959838867,0.0882377102971077,0.2647198438644409,0.9643253684043884,0.2679134011268616,0.06965577602386475,-0.016465140506625175,0.0715906172990799,-0.07166847863917543,-1167.7802948945862,0.0,0.0
30.2,1510,0.15957486629486084,0.9871858358383179,0.16025997698307037,-1.8031396865844727,-0.8312599658966064,0.7159062623977661,0.2896801233291626,0.9571235179901123,0.29389262199401855,0.13010527193546295,-0.030062315985560417,0.13363264501094818,-0.13875785946908395,-1167.9190527540552,0.0,0.0
30.22,1511,0.12383678555488586,0.9923025965690613,0.12415550649166107,-1.805223822593689,-0.1042095422744751,1.3363263607025146,0.31334367394447327,0.9496397972106934,0.3187119960784912,0.1895068883895874,-0.04266280680894852,0.19455648958683014,-0.21241417035114238,-1168.1314669244064,0.0,0.0
30.240000000000002,1512,0.08818263560533524,0.9961043000221252,0.08829732239246368,-1.792909026145935,0.6157404184341431,1.945564866065979,0.3356296420097351,0.9419940114021301,0.3422735631465912,0.24744699895381927,-0.054110292345285416,0.2539762258529663,-0.2918284555709473,-1168.4232953799774,0.0,0.0
30.26,1513,0.052781976759433746,0.9986060857772827,0.052806515246629715,-1.7745404243469238,0.9184303283691406,2.0,0.3564675450325012,0.9343076944351196,0.3644843101501465,0.3036855459213257,-0.0642983466386795,0.3116777837276459,-0.35167779792781023,-1168.7749731779052,0.0,0.0
30.28,1514,0.017786050215363503,0.9998418092727661,0.017786987125873566,-1.7509764432907104,1.1782019138336182,2.0,0.37579697370529175,0.9267020225524902,0.3852566182613373,0.3580109179019928,-0.07313978672027588,0.3674696385860443,-0.4074696341226176,-1169.1824428120278,0.0,0.0
30.3,1515,-0.01665784977376461,0.9998612403869629,-0.016658620908856392,-1.7222803831100464,1.4348007440567017,2.0,0.39356696605682373,0.9192959666252136,0.404508501291275,0.4102248251438141,-0.08056530356407166,0.4211671054363251,-0.46116711813676053,-1169.6436099301645,0.0,0.0
30.32,1516,-0.05040799826383591,0.9987286925315857,-0.05042937025427818,-1.6885374784469604,1.6871455907821655,2.0,0.40973538160324097,0.9122044444084167,0.4221639633178711,0.46014338731765747,-0.08652428537607193,0.4725933372974396,-0.5125933336547498,-1170.1562032638192,0.0,0.0
30.34,1517,-0.0833296999335289,0.9965220093727112,-0.08342644572257996,-1.6498535871505737,1.934196949005127,2.0,0.42426797747612,0.9055367112159729,0.43815332651138306,0.5075976848602295,-0.09098535031080246,0.5215798020362854,-0.5615797820767509,-1170.7177830458959,0.0,0.0
30.36,1518,-0.11529654264450073,0.9933311343193054,-0.11555352807044983,-1.6063542366027832,2.1749677658081055,2.0,0.43713751435279846,0.899394690990448,0.45241352915763855,0.5524340867996216,-0.09393643587827682,0.5679670572280884,-0.6079670523241638,-1171.32575009822,0.0,0.0
30.38,1519,-0.14619138836860657,0.9892563223838806,-0.14671719074249268,-1.5581835508346558,2.4085326194763184,2.0,0.44832292199134827,0.8938716650009155,0.46488824486732483,0.5945143103599548,-0.09538464993238449,0.6116054654121399,-0.6516054400392491,-1171.9773555382592,0.0,0.0
30.400000000000002,1520,-0.1759071946144104,0.9844067692756653,-0.17682725191116333,-1.5055028200149536,2.634035110473633,2.0,0.45780816674232483,0.8890510201454163,0.4755282700061798,0.6337153315544128,-0.09535574913024902,0.6523554921150208,-0.6923555122252757,-1172.6697110504845,0.0,0.0
30.42,1521,-0.20434744656085968,0.9788984060287476,-0.20579703152179718,-1.4484889507293701,2.850693464279175,2.0,0.4655815362930298,0.885004997253418,0.48429158329963684,0.6699289679527283,-0.09389342367649078,0.6900886297225952,-0.7300886142172228,-1173.3997996647017,0.0,0.0
30.44,1522,-0.23142646253108978,0.9728524088859558,-0.23354369401931763,-1.3873329162597656,3.057804584503174,2.0,0.4716346263885498,0.8817940354347229,0.4911436140537262,0.7030611038208008,-0.09105833619832993,0.7246873378753662,-0.7646873167426984,-1174.1644869814445,0.0,0.0
30.46,1523,-0.2570693790912628,0.9663929343223572,-0.2599884569644928,-1.3222379684448242,3.2547452449798584,2.0,0.475961834192276,0.8794659376144409,0.4960573613643646,0.7330312132835388,-0.08692700415849686,0.7560458183288574,-0.7960458017016072,-1174.9605327831462,0.0,0.0
30.48,1524,-0.2812119722366333,0.959645688533783,-0.28505682945251465,-1.2534185647964478,3.440971851348877,2.0,0.4785594642162323,0.8780551552772522,0.49901336431503296,0.7597714066505432,-0.08159052580595016,0.7840701937675476,-0.8240701861368198,-1175.784602969283,0.0,0.0
30.5,1525,-0.30380013585090637,0.9527357816696167,-0.3086787760257721,-1.1810981035232544,3.616020441055298,2.0,0.4794255495071411,0.8775825500488281,0.5,0.7832256555557251,-0.07515322417020798,0.8086788058280945,-0.8486787846637545,-1176.6332817539467,0.0,0.0
30.52,1526,-0.3247893154621124,0.9457864165306091,-0.3307889401912689,-1.1055080890655518,3.779500722885132,2.0,0.4785594642162323,0.8780551552772522,0.49901336431503296,0.8033487796783447,-0.06773124635219574,0.8298023343086243,-0.869802311355971,-1177.5030840653026,0.0,0.0
30.54,1527,-0.34414374828338623,0.9389169812202454,-0.35132667422294617,-1.026886224746704,3.93109393119812,2.0,0.475961834192276,0.8794659376144409,0.4960573613643646,0.8201055526733398,-0.05945102870464325,0.8473840355873108,-0.8873840227310584,-1178.3904680880337,0.0,0.0
30.560000000000002,1528,-0.36183562874794006,0.9322419166564941,-0.37023618817329407,-0.9454753398895264,4.070545673370361,2.0,0.4716346263885498,0.8817940354347229,0.4911436140537262,0.8334702849388123,-0.05044785141944885,0.8613798022270203,-0.9013798040352818,-1179.291847892069,0.0,0.0
30.580000000000002,1529,-0.37784406542778015,0.9258692264556885,-0.3874666094779968,-0.8615221381187439,4.19766092300415,2.0,0.4655815362930298,0.885004997253418,0.48429158329963684,0.8434255719184875,-0.0408642552793026,0.871758222579956,-0.9117582014794985,-1180.2036060935484,0.0,0.0
30.6,1530,-0.39215415716171265,0.9198995232582092,-0.40297213196754456,-0.775276243686676,4.3122944831848145,2.0,0.45780816674232483,0.8890510201454163,0.4755282700061798,0.8499622941017151,-0.030848514288663864,0.8785004019737244,-0.9185004034293001,-1181.1221064969777,0.0,0.0
30.62,1531,-0.40475594997406006,0.9144247174263,-0.4167119264602661,-0.6869893074035645,4.414347171783447,2.0,0.44832292199134827,0.8938716650009155,0.46488824486732483,0.8530788421630859,-0.020553072914481163,0.8816002011299133,-0.9216001737992743,-1182.043706670777,0.0,0.0
30.64,1532,-0.41564351320266724,0.909527599811554,-0.4286502003669739,-0.5969141721725464,4.503754138946533,2.0,0.43713751435279846,0.899394690990448,0.45241352915763855,0.8527810573577881,-0.01013292744755745,0.8810637593269348,-0.921063741047813,-1182.964770411825,0.0,0.0
30.66,1533,-0.4248138964176178,0.9052807092666626,-0.4387563169002533,-0.5053045749664307,4.58048152923584,2.0,0.42426797747612,0.9055367112159729,0.43815332651138306,0.8490818738937378,0.00025598384672775865,0.8769096732139587,-0.9169096462201071,-1183.881680058045,0.0,0.0
30.68,1534,-0.43226638436317444,0.9017459750175476,-0.4470045864582062,-0.41241422295570374,4.644517421722412,2.0,0.40973538160324097,0.9122044444084167,0.4221639633178711,0.8420017957687378,0.010458463802933693,0.8691685795783997,-0.9091685534507129,-1184.7908486114957,0.0,0.0
30.7,1535,-0.4380016326904297,0.8989741802215576,-0.4533745348453522,-0.3184969127178192,4.695865631103516,2.0,0.39356696605682373,0.9192959666252136,0.404508501291275,0.8315685987472534,0.02032177336513996,0.8578830361366272,-0.8978830262214625,-1185.6887316377172,0.0,0.0
30.72,1536,-0.4420211613178253,0.8970046043395996,-0.4578506648540497,-0.22380609810352325,4.7345404624938965,2.0,0.37579697370529175,0.9267020225524902,0.3852566182613373,0.8178181052207947,0.029697399586439133,0.843107283115387,-0.8831072724857063,-1186.5718389102028,0.0,0.0
30.740000000000002,1537,-0.4443266987800598,0.8958648443222046,-0.460422545671463,-0.12859483063220978,4.760563373565674,2.0,0.3564675450325012,0.9343076944351196,0.3644843101501465,0.800794243812561,0.038442883640527725,0.8249068856239319,-0.8649068615259186,-1187.4367457717287,0.0,0.0
30.76,1538,-0.4449199438095093,0.8955703377723694,-0.46108487248420715,-0.03311571851372719,4.773955821990967,2.0,0.3356296420097351,0.9419940114021301,0.3422735631465912,0.7805495858192444,0.04642368108034134,0.8033584356307983,-0.8433584151188491,-1188.2801041868477,0.0,0.0
30.78,1539,-0.4438022971153259,0.8961247205734253,-0.45983728766441345,0.06237908825278282,4.774740219116211,2.0,0.31334367394447327,0.9496397972106934,0.3187119960784912,0.7571460008621216,0.05351506918668747,0.7785492539405823,-0.818549275251991,-1189.0986534620997,0.0,0.0
30.8,1540,-0.4409748315811157,0.8975194692611694,-0.45668452978134155,0.157637819647789,4.762936115264893,2.0,0.2896801233291626,0.9571235179901123,0.29389262199401855,0.7306549549102783,0.05960404500365257,0.7505771517753601,-0.7905771502769205,-1189.8892306123767,0.0,0.0
30.82,1541,-0.4364383816719055,0.8997341394424438,-0.45163634419441223,0.25240904092788696,4.738560676574707,2.0,0.2647198438644409,0.9643253684043884,0.2679134011268616,0.7011582255363464,0.06459121406078339,0.7195497155189514,-0.7595497410099702,-1190.6487803533867,0.0,0.0
30.84,1542,-0.43019387125968933,0.9027365446090698,-0.4447075128555298,0.3464416265487671,4.701630115509033,2.0,0.2385542392730713,0.9711291790008545,0.24087683856487274,0.6687480807304382,0.06839264184236526,0.6855843663215637,-0.7255843479092104,-1191.374364701296,0.0,0.0
30.86,1543,-0.42224255204200745,0.9064828753471375,-0.43591782450675964,0.4394848346710205,4.652159690856934,2.0,0.21128518879413605,0.9774244427680969,0.2128896415233612,0.6335277557373047,0.07094157487154007,0.6488074660301208,-0.6888074600789638,-1192.063172161375,0.0,0.0
30.88,1544,-0.41258683800697327,0.9109182953834534,-0.425292044878006,0.531288206577301,4.5901689529418945,2.0,0.18302473425865173,0.9831082820892334,0.18406227231025696,0.595611572265625,0.07219003140926361,0.6093543171882629,-0.6493543264891509,-1192.7125264878641,0.0,0.0
30.900000000000002,1545,-0.40123066306114197,0.9159770607948303,-0.4128600060939789,0.6216018795967102,4.515684127807617,2.0,0.15389446914196014,0.9880872964859009,0.15450850129127502,0.5551251173019409,0.07211024314165115,0.5673685073852539,-0.6073685094578245,-1193.3198949973219,0.0,0.0
30.92,1546,-0.38818052411079407,0.921583354473114,-0.3986564874649048,0.7101767659187317,4.428744792938232,2.0,0.12402476370334625,0.9922791123390198,0.12434494495391846,0.5122053027153015,0.07069576531648636,0.5230014324188232,-0.5630014201400666,-1193.882896417462,0.0,0.0
30.94,1547,-0.37344616651535034,0.9276518821716309,-0.3827211856842041,0.7967649102210999,4.32940673828125,2.0,0.09355364739894867,0.995614230632782,0.0936906561255455,0.4669997990131378,0.06796238571405411,0.4764118492603302,-0.5164118355068975,-1194.399308252969,0.0,0.0
30.96,1548,-0.3570415675640106,0.9340884685516357,-0.365098774433136,0.881119966506958,4.217751502990723,2.0,0.06262560933828354,0.9980370998382568,0.06266661733388901,0.41966718435287476,0.06394859403371811,0.4277653992176056,-0.4677653960922596,-1194.8670736490612,0.0,0.0
30.98,1549,-0.33898594975471497,0.9407914280891418,-0.3458388149738312,0.9629977941513062,4.093891143798828,2.0,0.031390100717544556,0.9995071887969971,0.031395260244607925,0.3703760504722595,0.05871577560901642,0.3772340714931488,-0.41723408364470904,-1195.2843077327059,0.0,0.0
31.0,1550,-0.3193047046661377,0.9476521015167236,-0.32499566674232483,1.0421572923660278,3.957976818084717,2.0,-3.43086798933797e-15,1.0,-3.43086798933797e-15,0.3193047046661377,0.05234789475798607,0.32499566674232483,-0.36499567775176783,-1195.6493034104576,0.0,0.0
31.02,1551,-0.29803022742271423,0.954556405544281,-0.30262845754623413,1.1183613538742065,3.8102033138275146,2.0,-0.031390100717544556,0.9995071887969971,-0.031395260244607925,0.2666401267051697,0.044950779527425766,0.2712332010269165,-0.3112331905161357,-1195.9605366009737,0.0,0.0
31.04,1552,-0.27520304918289185,0.9613861441612244,-0.278800904750824,1.1913777589797974,3.6508188247680664,2.0,-0.06262560933828354,0.9980370998382568,-0.06266661733388901,0.2125774323940277,0.03665096312761307,0.21613427996635437,-0.2561342784596189,-1196.2166708794332,0.0,0.0
31.060000000000002,1553,-0.25087231397628784,0.9680202007293701,-0.25358128547668457,1.2609803676605225,3.4801297187805176,2.0,-0.09355364739894867,0.995614230632782,-0.0936906561255455,0.15731866657733917,0.027594054117798805,0.15989063680171967,-0.19989063101763224,-1196.4165615104507,0.0,0.0
31.080000000000002,1554,-0.2252139300107956,0.9743093252182007,-0.22716259956359863,1.3209340572357178,2.9976861476898193,1.5989062786102295,-0.12402476370334625,0.9922791123390198,-0.12434494495391846,0.10118917375802994,0.017969787120819092,0.10281766206026077,-0.12838267762814515,-1196.544944188079,0.0,0.0
31.1,1555,-0.19846594333648682,0.9801077842712402,-0.19979248940944672,1.3685061931610107,2.3786089420318604,1.0281766653060913,-0.15389446914196014,0.9880872964859009,-0.15450850129127502,0.04457147419452667,0.007979505695402622,0.04528398439288139,-0.05585545643402065,-1196.600799644513,0.0,0.0
31.12,1556,-0.17088021337985992,0.9852918386459351,-0.17172294855117798,1.4034767150878906,1.7485240697860718,0.45283982157707214,-0.18302473425865173,0.9831082820892334,-0.18406227231025696,-0.012144522741436958,-0.002183502307161689,-0.012339329347014427,-0.014389967819993826,-1196.615189612333,0.0,0.0
31.14,1557,-0.1427195817232132,0.9897631406784058,-0.1432085782289505,1.4257181882858276,1.1120758056640625,-0.12339325249195099,-0.21128518879413605,0.9774244427680969,-0.2128896415233612,-0.06856560707092285,-0.012338707223534584,-0.0696810632944107,-0.0698333221873766,-1196.6850229345205,0.0,0.0
31.16,1558,-0.11425457149744034,0.9934514760971069,-0.1145046204328537,1.4351979494094849,0.4739869236946106,-0.6968106031417847,-0.2385542392730713,0.9711291790008545,-0.24087683856487274,-0.12429966777563095,-0.022322330623865128,-0.12637221813201904,-0.1312276641722069,-1196.8162505986927,0.0,0.0
31.18,1559,-0.08575958758592606,0.9963158369064331,-0.08586505800485611,1.4319783449172974,-0.16098354756832123,-1.2637221813201904,-0.2647198438644409,0.9643253684043884,-0.2679134011268616,-0.17896026372909546,-0.031990498304367065,-0.18204833567142487,-0.19801827778444944,-1197.0142688764772,0.0,0.0
31.2,1560,-0.05750897899270058,0.9983450174331665,-0.05754072591662407,1.4162166118621826,-0.7880856394767761,-1.8204834461212158,-0.2896801233291626,0.9571235179901123,-0.29389262199401855,-0.2321711629629135,-0.04122147709131241,-0.23635190725326538,-0.2694935012837342,-1197.283762377761,0.0,0.0
31.220000000000002,1561,-0.02966403402388096,0.9995599389076233,-0.02966838702559471,1.3936169147491455,-1.1299858093261719,-2.0,-0.31334367394447327,0.9496397972106934,-0.3187119960784912,-0.28367963433265686,-0.049920130521059036,-0.2890436053276062,-0.32904360794366666,-1197.6128059857047,0.0,0.0
31.240000000000002,1562,-0.0023296501021832228,0.9999972581863403,-0.0023296521976590157,1.3669366836547852,-1.3340075016021729,-2.0,-0.3356296420097351,0.9419940114021301,-0.3422735631465912,-0.33329999446868896,-0.0580032579600811,-0.33994391560554504,-0.3799439007087697,-1197.9927498864133,0.0,0.0
31.26,1563,0.02439301460981369,0.9997024536132812,0.02439543418586254,1.336254358291626,-1.534119725227356,-2.0,-0.3564675450325012,0.9343076944351196,-0.3644843101501465,-0.3808605372905731,-0.06539473682641983,-0.3888797461986542,-0.4288797482396099,-1198.4216296346528,0.0,0.0
31.28,1564,0.05040731653571129,0.9987287521362305,0.050428688526153564,1.3016626834869385,-1.7295811176300049,-2.0,-0.37579697370529175,0.9267020225524902,-0.3852566182613373,-0.42620426416397095,-0.07202671468257904,-0.43568530678749084,-0.4756853102435522,-1198.8973149448964,0.0,0.0
31.3,1565,0.07562180608510971,0.9971365928649902,0.07569406926631927,1.263269066810608,-1.9196841716766357,-2.0,-0.39356696605682373,0.9192959666252136,-0.404508501291275,-0.46918877959251404,-0.07784062623977661,-0.4802025556564331,-0.5202025666929344,-1199.4175175115893,0.0,0.0
31.32,1566,0.09995077550411224,0.9949923753738403,0.10011794418096542,1.221193790435791,-2.103760004043579,-2.0,-0.40973538160324097,0.9122044444084167,-0.4221639633178711,-0.5096861720085144,-0.08278796076774597,-0.5222818851470947,-0.5622819088912637,-1199.9797994204805,0.0,0.0
31.34,1567,0.12331466376781464,0.9923676252365112,0.12362934648990631,1.1755701303482056,-2.2811825275421143,-2.0,-0.42426797747612,0.9055367112159729,-0.43815332651138306,-0.5475826263427734,-0.08683093637228012,-0.561782717704773,-0.6017826897649967,-1200.5815821102456,0.0,0.0
31.36,1568,0.14564035832881927,0.9893376231193542,0.14616020023822784,1.1265428066253662,-2.451371431350708,-2.0,-0.43713751435279846,0.899394690990448,-0.45241352915763855,-0.5827778577804565,-0.08994291722774506,-0.5985737442970276,-0.6385737309797044,-1201.2201558412253,0.0,0.0
31.38,1569,0.1668613702058792,0.9859803915023804,0.16764554381370544,1.0742669105529785,-2.6137943267822266,-2.0,-0.44832292199134827,0.8938716650009155,-0.46488824486732483,-0.6151842474937439,-0.09210869669914246,-0.6325337886810303,-0.6725337849688555,-1201.8926896261942,0.0,0.0
31.400000000000002,1570,0.18691778182983398,0.9823755621910095,0.18802368640899658,1.0189075469970703,-2.767967462539673,-2.0,-0.45780816674232483,0.8890510201454163,-0.4755282700061798,-0.6447259187698364,-0.09332455694675446,-0.663551926612854,-0.7035519504520494,-1202.5962415766462,0.0,0.0
31.42,1571,0.205756276845932,0.9786032438278198,0.20723645389080048,0.9606384038925171,-2.913456678390503,-2.0,-0.4655815362930298,0.885004997253418,-0.48429158329963684,-0.6713377833366394,-0.09359826892614365,-0.6915280222892761,-0.7315280404948842,-1203.327769617141,0.0,0.0
31.44,1572,0.22332985699176788,0.9747429490089417,0.22522927820682526,0.8996408581733704,-3.0498757362365723,-2.0,-0.4716346263885498,0.8817940354347229,-0.4911436140537262,-0.6949644684791565,-0.09294886887073517,-0.7163729071617126,-0.7563729026142981,-1204.0841425197552,0.0,0.0
31.46,1573,0.23959758877754211,0.9708722829818726,0.2419513463973999,0.8361031413078308,-3.1768858432769775,-2.0,-0.475961834192276,0.8794659376144409,-0.4960573613643646,-0.7155594229698181,-0.09140634536743164,-0.7380086779594421,-0.7780086908521524,-1204.8621512106074,0.0,0.0
31.48,1574,0.25452426075935364,0.9670664072036743,0.2573557198047638,0.7702192664146423,-3.2941930294036865,-2.0,-0.4785594642162323,0.8780551552772522,-0.49901336431503296,-0.7330837249755859,-0.08901123702526093,-0.7563691139221191,-0.7963690901185474,-1205.658520300726,0.0,0.0
31.5,1575,0.2680799663066864,0.9633966684341431,0.27139949798583984,0.7021883726119995,-3.401545524597168,-2.0,-0.4794255495071411,0.8775825500488281,-0.5,-0.7475054860115051,-0.08581410348415375,-0.7713994979858398,-0.8113994934389029,-1206.469919794165,0.0,0.0
31.52,1576,0.28023967146873474,0.9599300622940063,0.2840437591075897,0.6322137713432312,-3.498730421066284,-2.0,-0.4785594642162323,0.8780551552772522,-0.49901336431503296,-0.758799135684967,-0.08187491446733475,-0.7830571532249451,-0.8230571330216855,-1207.2929769271866,0.0,0.0
31.54,1577,0.2909826934337616,0.9567283391952515,0.29525381326675415,0.5605023503303528,-3.5855712890625,-2.0,-0.475961834192276,0.8794659376144409,-0.4960573613643646,-0.7669445276260376,-0.07726237177848816,-0.7913111448287964,-0.8313111662943248,-1208.124288093481,0.0,0.0
31.560000000000002,1578,0.30029231309890747,0.9538472294807434,0.30499908328056335,0.48726385831832886,-3.661923885345459,-2.0,-0.4716346263885498,0.8817940354347229,-0.4911436140537262,-0.7719269394874573,-0.07205316424369812,-0.7961426973342896,-0.8361427182329899,-1208.960430811714,0.0,0.0
31.580000000000002,1579,0.30815523862838745,0.9513360857963562,0.3132533133029938,0.41271039843559265,-3.727673053741455,-2.0,-0.4655815362930298,0.885004997253418,-0.48429158329963684,-0.7737367749214172,-0.06633108854293823,-0.7975448966026306,-0.8375448814384316,-1209.7979756931525,0.0,0.0
31.6,1580,0.31456124782562256,0.9492371678352356,0.31999441981315613,0.33705583214759827,-3.782728910446167,-2.0,-0.45780816674232483,0.8890510201454163,-0.4755282700061798,-0.7723694443702698,-0.06018617004156113,-0.7955226898193359,-0.8355226754873284,-1210.6334983686397,0.0,0.0
31.62,1581,0.3195028007030487,0.9475853443145752,0.3252047300338745,0.26051533222198486,-3.827023983001709,-2.0,-0.44832292199134827,0.8938716650009155,-0.46488824486732483,-0.767825722694397,-0.053713660687208176,-0.790092945098877,-0.8300929671200052,-1211.4635913357597,0.0,0.0
31.64,1582,0.3229745626449585,0.9464076161384583,0.32887083292007446,0.18330511450767517,-3.860511064529419,-2.0,-0.43713751435279846,0.899394690990448,-0.45241352915763855,-0.7601121068000793,-0.04701296240091324,-0.7812843322753906,-0.8212843528151704,-1212.2848756885749,0.0,0.0
31.66,1583,0.324973464012146,0.9457231163978577,0.3309836685657501,0.1056419312953949,-3.8831593990325928,-2.0,-0.42426797747612,0.9055367112159729,-0.43815332651138306,-0.7492414116859436,-0.04018644988536835,-0.7691370248794556,-0.8091370052558898,-1213.0940126938308,0.0,0.0
31.68,1584,0.32549816370010376,0.9455426931381226,0.33153852820396423,0.027742857113480568,-3.894953727722168,-2.0,-0.40973538160324097,0.9122044444084167,-0.4221639633178711,-0.7352335453033447,-0.03333825245499611,-0.7537024617195129,-0.7937024851137096,-1213.8877151789445,0.0,0.0
31.7,1585,0.32454913854599,0.9458688497543335,0.33053502440452576,-0.050175003707408905,-3.895893096923828,-2.0,-0.39356696605682373,0.9192959666252136,-0.404508501291275,-0.7181161046028137,-0.02657289057970047,-0.7350435256958008,-0.7750435194758915,-1214.6627586984205,0.0,0.0
31.720000000000002,1586,0.32212865352630615,0.9466959238052368,0.32797712087631226,-0.12789477407932281,-3.885988712310791,-2.0,-0.37579697370529175,0.9267020225524902,-0.3852566182613373,-0.6979256272315979,-0.01999387890100479,-0.7132337689399719,-0.7532337481206166,-1215.4159924465412,0.0,0.0
31.740000000000002,1587,0.3182407021522522,0.9480099678039551,0.3238731324672699,-0.20520009100437164,-3.865265369415283,-2.0,-0.3564675450325012,0.9343076944351196,-0.3644843101501465,-0.6747082471847534,-0.01370223518460989,-0.688357412815094,-0.7283574387132425,-1216.1443498852543,0.0,0.0
31.76,1588,0.31289124488830566,0.9497889280319214,0.3182356059551239,-0.2818753123283386,-3.833760976791382,-2.0,-0.3356296420097351,0.9419940114021301,-0.3422735631465912,-0.6485208868980408,-0.007794926408678293,-0.6605091691017151,-0.7005091718595379,-1216.8448590571138,0.0,0.0
31.78,1589,0.3060884177684784,0.9520030617713928,0.31108149886131287,-0.35770586133003235,-3.791527032852173,-2.0,-0.31334367394447327,0.9496397972106934,-0.3187119960784912,-0.6194320917129517,-0.0023632976226508617,-0.6297935247421265,-0.6697934968170722,-1217.5146525539308,0.0,0.0
31.8,1590,0.2978426516056061,0.9546149969100952,0.30243194103240967,-0.43247848749160767,-3.7386314868927,-2.0,-0.2896801233291626,0.9571235179901123,-0.29389262199401855,-0.5875228047370911,0.002508533652871847,-0.5963245630264282,-0.6363245585381694,-1218.150977112469,0.0,0.0
31.82,1591,0.28816720843315125,0.9575800895690918,0.29231229424476624,-0.5059816837310791,-3.675159215927124,-2.0,-0.2647198438644409,0.9643253684043884,-0.2679134011268616,-0.5528870820999146,0.006745253223925829,-0.5602257251739502,-0.6002256966058312,-1218.7512028090748,0.0,0.0
31.84,1592,0.27707844972610474,0.9608473181724548,0.28075218200683594,-0.5780059695243835,-3.6012158393859863,-2.0,-0.2385542392730713,0.9711291790008545,-0.24087683856487274,-0.515632688999176,0.010281877592206001,-0.5216290354728699,-0.5616290165318115,-1219.3128318256067,0.0,0.0
31.86,1593,0.2645963132381439,0.9643592834472656,0.26778528094291687,-0.6483445763587952,-3.5169296264648438,-2.0,-0.21128518879413605,0.9774244427680969,-0.2128896415233612,-0.4758814871311188,0.013065190985798836,-0.4806749224662781,-0.5206749338203666,-1219.833506759427,0.0,0.0
31.88,1594,0.25074467062950134,0.9680532813072205,0.253449410200119,-0.7167936563491821,-3.422454357147217,-2.0,-0.18302473425865173,0.9831082820892334,-0.18406227231025696,-0.4337694048881531,0.01505504921078682,-0.437511682510376,-0.4775116911672009,-1220.3110184505942,0.0,0.0
31.900000000000002,1595,0.2355518490076065,0.9718617796897888,0.23778635263442993,-0.7831531167030334,-3.317974090576172,-2.0,-0.15389446914196014,0.9880872964859009,-0.15450850129127502,-0.38944631814956665,0.016225505620241165,-0.39229485392570496,-0.43229484916508804,-1220.7433132997594,0.0,0.0
31.92,1596,0.2190510630607605,0.9757133722305298,0.22084181010723114,-0.8472272157669067,-3.203704357147217,-2.0,-0.12402476370334625,0.9922791123390198,-0.12434494495391846,-0.34307581186294556,0.016565727069973946,-0.3451867401599884,-0.3851867509289339,-1221.1285000506882,0.0,0.0
31.94,1597,0.20128080248832703,0.9795336127281189,0.2026652991771698,-0.908825159072876,-3.079897165298462,-2.0,-0.09355364739894867,0.995614230632782,-0.0936906561255455,-0.2948344349861145,0.01608065702021122,-0.2963559627532959,-0.33635596113742666,-1221.4648560118255,0.0,0.0
31.96,1598,0.18228517472743988,0.9832457304000854,0.18331006169319153,-0.9677620530128479,-2.9468424320220947,-2.0,-0.06262560933828354,0.9980370998382568,-0.06266661733388901,-0.24491077661514282,0.014791385270655155,-0.24597668647766113,-0.2859766801160641,-1221.7508326919417,0.0,0.0
31.98,1599,0.1621142476797104,0.9867720007896423,0.16283287107944489,-1.0238595008850098,-2.8048720359802246,-2.0,-0.031390100717544556,0.9995071887969971,-0.031395260244607925,-0.19350436329841614,0.0127352150157094,-0.1942281275987625,-0.2342281337581462,-1221.9850608256997,0.0,0.0
32.0,1600,0.14084142446517944,0.9900321960449219,0.14131125807762146,-1.0760809183120728,-2.611071825027466,-1.9422813653945923,-1.9594349641362686e-15,1.0,-1.9594349641362686e-15,-0.14084142446517944,0.009967831894755363,-0.14131125807762146,-0.17903582402217483,-1222.1640966497218,0.0,0.0
32.02,1601,0.11868692189455032,0.9929317235946655,0.11896734684705734,-1.1171953678131104,-2.055722236633301,-1.4131125211715698,0.031390100717544556,0.9995071887969971,0.031395260244607925,-0.08729681372642517,0.006575481966137886,-0.08757209032773972,-0.10754096021320728,-1222.271637609935,0.0,0.0
32.04,1602,0.0958806723356247,0.9953928589820862,0.09602818638086319,-1.1469579935073853,-1.4881348609924316,-0.8757208585739136,0.06262560933828354,0.9980370998382568,0.06266661733388901,-0.033255062997341156,0.00264425459317863,-0.03336157277226448,-0.04103044197715747,-1222.3126680519122,0.0,0.0
32.06,1603,0.07265987992286682,0.9973567724227905,0.07272396981716156,-1.1652108430862427,-0.9126428961753845,-0.3336157202720642,0.09355364739894867,0.995614230632782,0.0936906561255455,0.0208937656134367,-0.0017425373662263155,0.02096668817102909,-0.02207968169945819,-1222.3347477336117,0.0,0.0
32.08,1604,0.04926634207367897,0.998785674571991,0.049286291003227234,-1.1718839406967163,-0.33364954590797424,0.20966686308383942,0.12402476370334625,0.9922791123390198,0.12434494495391846,0.07475841790437698,-0.0065065533854067326,0.07505865395069122,-0.07549825337950879,-1222.4102459869912,0.0,0.0
32.1,1605,0.025943467393517494,0.9996634125709534,0.025946376845240593,-1.1669957637786865,0.24440844357013702,0.7505865097045898,0.15389446914196014,0.9880872964859009,0.15450850129127502,0.1279510110616684,-0.011576121672987938,0.12856212258338928,-0.1341959209078664,-1222.544441907899,0.0,0.0
32.12,1606,0.0029332987032830715,0.9999957084655762,0.0029333028942346573,-1.1506537199020386,0.8170992136001587,1.2856212854385376,0.18302473425865173,0.9831082820892334,0.18406227231025696,0.18009142577648163,-0.01688738912343979,0.18112897872924805,-0.19765719313796404,-1222.742099101037,0.0,0.0
32.14,1607,-0.019526517018675804,0.9998093247413635,-0.019527757540345192,-1.1230530738830566,1.3800350427627563,1.811289668083191,0.21128518879413605,0.9774244427680969,0.2128896415233612,0.2308117002248764,-0.0223848819732666,0.23241740465164185,-0.2652251073076138,-1223.0073242083445,0.0,0.0
32.160000000000004,1608,-0.04130275547504425,0.9991466999053955,-0.0413145050406456,-1.0893374681472778,1.6857808828353882,2.0,0.2385542392730713,0.9711291790008545,0.24087683856487274,0.27985697984695435,-0.028017502278089523,0.28219133615493774,-0.3221913434457292,-1223.32951555179,0.0,0.0
32.18,1609,-0.0623229444026947,0.9980560541152954,-0.062363360077142715,-1.0524426698684692,1.8447351455688477,2.0,0.2647198438644409,0.9643253684043884,0.2679134011268616,0.3270427882671356,-0.03373067453503609,0.330276757478714,-0.3702767582681392,-1223.6997923100582,0.0,0.0
32.2,1610,-0.08251907676458359,0.9965894818305969,-0.0826130136847496,-1.0124825239181519,1.9980076551437378,2.0,0.2896801233291626,0.9571235179901123,0.29389262199401855,0.3721992075443268,-0.039465971291065216,0.37650564312934875,-0.4165056382412452,-1224.1162979482995,0.0,0.0
32.22,1611,-0.10182782262563705,0.9948020577430725,-0.10200462490320206,-0.9695805311203003,2.1451022624969482,2.0,0.31334367394447327,0.9496397972106934,0.3187119960784912,0.4151715040206909,-0.04516224563121796,0.42071661353111267,-0.460716617415106,-1224.5770145657145,0.0,0.0
32.24,1612,-0.12019073963165283,0.9927508234977722,-0.12048201262950897,-0.9238693714141846,2.285557508468628,2.0,0.3356296420097351,0.9419940114021301,0.3422735631465912,0.45582038164138794,-0.0507567897439003,0.46275556087493896,-0.5027555629614068,-1225.079770128676,0.0,0.0
32.26,1613,-0.13755430281162262,0.9904942512512207,-0.13799181580543518,-0.8754904270172119,2.4189484119415283,2.0,0.3564675450325012,0.9343076944351196,0.3644843101501465,0.49402183294296265,-0.05618651583790779,0.502476155757904,-0.5424761317843401,-1225.6222462604603,0.0,0.0
32.28,1614,-0.15386994183063507,0.9880911111831665,-0.15448367595672607,-0.824592649936676,2.544886589050293,2.0,0.37579697370529175,0.9267020225524902,0.3852566182613373,0.5296669006347656,-0.06138908490538597,0.539740264415741,-0.5797402928749662,-1226.2019865533352,0.0,0.0
32.3,1615,-0.16909395158290863,0.985599935054779,-0.16991031169891357,-0.7713322639465332,2.663020372390747,2.0,0.39356696605682373,0.9192959666252136,0.404508501291275,0.5626609325408936,-0.06630399078130722,0.574418842792511,-0.6144188139638777,-1226.816405367299,0.0,0.0
32.32,1616,-0.18318741023540497,0.9830780029296875,-0.18422774970531464,-0.7158715724945068,2.773033857345581,2.0,0.40973538160324097,0.9122044444084167,0.4221639633178711,0.5929228067398071,-0.07087358832359314,0.6063917279243469,-0.6463917113144859,-1227.4627970786134,0.0,0.0
32.34,1617,-0.1961158961057663,0.980580747127533,-0.19739532470703125,-0.6583786606788635,2.8746464252471924,2.0,0.42426797747612,0.9055367112159729,0.43815332651138306,0.6203838586807251,-0.07504403591156006,0.6355486512184143,-0.6755486617662501,-1228.1383457403797,0.0,0.0
32.36,1618,-0.2078494280576706,0.9781608581542969,-0.20937584340572357,-0.5990264415740967,2.9676120281219482,2.0,0.43713751435279846,0.899394690990448,0.45241352915763855,0.6449869275093079,-0.07876615226268768,0.6617893576622009,-0.701789376379704,-1228.8401351167595,0.0,0.0
32.38,1619,-0.21836204826831818,0.9758678078651428,-0.22013568878173828,-0.5379921197891235,3.051715612411499,2.0,0.44832292199134827,0.8938716650009155,0.46488824486732483,0.6666849255561829,-0.08199615031480789,0.6850239634513855,-0.7250239352496298,-1229.5651590520092,0.0,0.0
32.4,1620,-0.22763168811798096,0.9737473130226135,-0.22964482009410858,-0.4754566252231598,3.1267733573913574,2.0,0.45780816674232483,0.8890510201454163,0.4755282700061798,0.6854398250579834,-0.08469630032777786,0.7051730751991272,-0.745173083238173,-1230.3103321352473,0.0,0.0
32.42,1621,-0.23563985526561737,0.9718404412269592,-0.23787690699100494,-0.41160404682159424,3.192629814147949,2.0,0.4655815362930298,0.885004997253418,0.48429158329963684,0.7012213468551636,-0.08683545142412186,0.722168505191803,-0.7621684865347252,-1231.072500621782,0.0,0.0
32.44,1622,-0.2423713356256485,0.9701835513114929,-0.2448093295097351,-0.34662094712257385,3.249155282974243,2.0,0.4716346263885498,0.8817940354347229,0.4911436140537262,0.7140060067176819,-0.08838949352502823,0.7359529733657837,-0.7759529500741937,-1231.8484535718562,0.0,0.0
32.46,1623,-0.24781402945518494,0.9688076376914978,-0.25042325258255005,-0.2806960344314575,3.2962453365325928,2.0,0.475961834192276,0.8794659376144409,0.4960573613643646,0.7237758636474609,-0.0893416777253151,0.7464805841445923,-0.7864805959413088,-1232.6349341677976,0.0,0.0
32.480000000000004,1624,-0.25195860862731934,0.9677380323410034,-0.2547036409378052,-0.21401967108249664,3.333817720413208,2.0,0.4785594642162323,0.8780551552772522,0.49901336431503296,0.7305180430412292,-0.08968285471200943,0.7537170052528381,-0.7937170029573184,-1233.4286511707548,0.0,0.0
32.5,1625,-0.2547985017299652,0.9669941663742065,-0.2576393187046051,-0.14678344130516052,3.361811399459839,2.0,0.4794255495071411,0.8775825500488281,0.5,0.7342240214347839,-0.08941160887479782,0.7576392889022827,-0.7976393076895678,-1234.2262904784445,0.0,0.0
32.52,1626,-0.2563295066356659,0.9665894508361816,-0.2592228949069977,-0.07917976379394531,3.3801841735839844,2.0,0.4785594642162323,0.8780551552772522,0.49901336431503296,0.7348889708518982,-0.08853431046009064,0.758236289024353,-0.798236267147362,-1235.0245267455919,0.0,0.0
32.54,1627,-0.2565498948097229,0.966530978679657,-0.2594509422779083,-0.011401492170989513,3.38891339302063,2.0,0.475961834192276,0.8794659376144409,0.4960573613643646,0.7325116991996765,-0.08706504106521606,0.755508303642273,-0.795508283432353,-1235.8200350290242,0.0,0.0
32.56,1628,-0.25546029210090637,0.9668195247650146,-0.2583237588405609,0.05635837838053703,3.387993335723877,2.0,0.4716346263885498,0.8817940354347229,0.4911436140537262,0.7270949482917786,-0.08502548187971115,0.7494673728942871,-0.7894673906029596,-1236.6095024196272,0.0,0.0
32.58,1629,-0.2530635893344879,0.9674496650695801,-0.2558456361293793,0.12390708923339844,3.3774356842041016,2.0,0.4655815362930298,0.885004997253418,0.48429158329963684,0.7186450958251953,-0.08244464546442032,0.7401372194290161,-0.7801372039938752,-1237.3896396236212,0.0,0.0
32.6,1630,-0.24936509132385254,0.968409538269043,-0.2520245611667633,0.19105246663093567,3.357268810272217,2.0,0.45780816674232483,0.8890510201454163,0.4755282700061798,0.707173228263855,-0.0793585404753685,0.7275528311729431,-0.7675528322081571,-1238.1571924558293,0.0,0.0
32.62,1631,-0.24437248706817627,0.969681441783905,-0.24687251448631287,0.257603257894516,3.3275392055511475,2.0,0.44832292199134827,0.8938716650009155,0.46488824486732483,0.6926953792572021,-0.07580976188182831,0.7117607593536377,-0.7517607519751642,-1238.9089532078044,0.0,0.0
32.64,1632,-0.23809611797332764,0.9712415933609009,-0.2404051125049591,0.32336947321891785,3.2883105278015137,2.0,0.43713751435279846,0.899394690990448,0.45241352915763855,0.6752336621284485,-0.07184691727161407,0.6928186416625977,-0.7328186460469925,-1239.6417718538514,0.0,0.0
32.660000000000004,1633,-0.23054902255535126,0.9730607271194458,-0.23264186084270477,0.3881627917289734,3.2396657466888428,2.0,0.42426797747612,0.9055367112159729,0.43815332651138306,0.6548169851303101,-0.0675240233540535,0.670795202255249,-0.7107952042938264,-1240.3525670581453,0.0,0.0
32.68,1634,-0.22174720466136932,0.9751042127609253,-0.2236059308052063,0.4517969489097595,3.181708335876465,2.0,0.40973538160324097,0.9122044444084167,0.4221639633178711,0.6314826011657715,-0.06289976090192795,0.6457698941230774,-0.6857698881583013,-1241.0383369463036,0.0,0.0
32.7,1635,-0.2117098718881607,0.9773325324058533,-0.2133241593837738,0.5140882134437561,3.114562749862671,2.0,0.39356696605682373,0.9192959666252136,0.404508501291275,0.6052768230438232,-0.05803661048412323,0.6178326606750488,-0.6578326586450556,-1241.6961696049486,0.0,0.0
32.72,1636,-0.20045962929725647,0.9797019362449646,-0.2018270492553711,0.5748557448387146,3.038377046585083,2.0,0.37579697370529175,0.9267020225524902,0.3852566182613373,0.5762565732002258,-0.052999939769506454,0.5870836973190308,-0.6270836680572357,-1242.3232532730058,0.0,0.0
32.74,1637,-0.18802274763584137,0.9821646809577942,-0.18914860486984253,0.6339222192764282,2.953324556350708,2.0,0.3564675450325012,0.9343076944351196,0.3644843101501465,0.5444902777671814,-0.04785696417093277,0.553632915019989,-0.5936329157498001,-1242.9168861887556,0.0,0.0
32.76,1638,-0.17442946135997772,0.9846696853637695,-0.17532631754875183,0.6911143660545349,2.859605312347412,2.0,0.3356296420097351,0.9419940114021301,0.3422735631465912,0.510059118270874,-0.04267564415931702,0.517599880695343,-0.5575998682527449,-1243.4744860570083,0.0,0.0
32.78,1639,-0.15971411764621735,0.9871633052825928,-0.16040104627609253,0.746263325214386,2.7574479579925537,2.0,0.31334367394447327,0.9496397972106934,0.3187119960784912,0.4730578064918518,-0.03752351552248001,0.47911304235458374,-0.5191130442273907,-1243.9935991012358,0.0,0.0
32.8,1640,-0.14391545951366425,0.9895899891853333,-0.144416943192482,0.7992055416107178,2.647111654281616,2.0,0.2896801233291626,0.9571235179901123,0.29389262199401855,0.43359559774398804,-0.03246647119522095,0.43830955028533936,-0.4783095648562985,-1244.471908666092,0.0,0.0
32.82,1641,-0.12707674503326416,0.9918928742408752,-0.1274212747812271,0.8497833013534546,2.5288877487182617,2.0,0.2647198438644409,0.9643253684043884,0.2679134011268616,0.3917965888977051,-0.027567526325583458,0.3953346610069275,-0.4353346704331434,-1244.9072433365252,0.0,0.0
32.84,1642,-0.10924588888883591,0.9940147399902344,-0.1094643697142601,0.8978452682495117,2.4031002521514893,2.0,0.2385542392730713,0.9711291790008545,0.24087683856487274,0.3478001356124878,-0.022885581478476524,0.35034120082855225,-0.39034120411114953,-1245.2975845406363,0.0,0.0
32.86,1643,-0.09047552198171616,0.9958986639976501,-0.0905994176864624,0.9432474374771118,2.2701075077056885,2.0,0.21128518879413605,0.9774244427680969,0.2128896415233612,0.3017607033252716,-0.018474223092198372,0.3034890592098236,-0.34348906398611795,-1245.6410736046225,0.0,0.0
32.88,1644,-0.07082300633192062,0.9974889159202576,-0.07088235020637512,0.9858534932136536,2.1303019523620605,2.0,0.18302473425865173,0.9831082820892334,0.18406227231025696,0.25384774804115295,-0.014380588196218014,0.2549446225166321,-0.29494462493014273,-1245.9360182295527,0.0,0.0
32.9,1645,-0.050350334495306015,0.9987316131591797,-0.05037163570523262,1.0255357027053833,1.9841108322143555,2.0,0.15389446914196014,0.9880872964859009,0.15450850129127502,0.20424480736255646,-0.010644327849149704,0.20488013327121735,-0.24488013185002502,-1246.1808983614028,0.0,0.0
32.92,1646,-0.029124004766345024,0.9995757937431335,-0.029128123074769974,1.0621756315231323,1.8319950103759766,2.0,0.12402476370334625,0.9922791123390198,0.12434494495391846,0.15314877033233643,-0.0072966828010976315,0.15347306430339813,-0.19347306631623679,-1246.374371427719,0.0,0.0
32.94,1647,-0.007354346103966236,0.999972939491272,-0.007354412227869034,1.0886855125427246,1.3254963159561157,1.5347306728363037,0.09355364739894867,0.995614230632782,0.0936906561255455,0.10090799629688263,-0.004358716309070587,0.10104507207870483,-0.12459905209063726,-1246.4989704798097,0.0,0.0
32.96,1648,0.014727214351296425,0.9998915195465088,0.014727747067809105,1.1041079759597778,0.7711219191551208,1.0104507207870483,0.06262560933828354,0.9980370998382568,0.06266661733388901,0.047898393124341965,-0.0018544585909694433,0.04793886840343475,-0.05814897572181401,-1246.5571194555316,0.0,0.0
32.980000000000004,1649,0.03688545152544975,0.9993194937705994,0.0368938185274601,1.1083035469055176,0.20978200435638428,0.4793887138366699,0.031390100717544556,0.9995071887969971,0.031395260244607925,-0.005495347082614899,0.00018770905444398522,-0.0054985592141747475,-0.0077966944483952045,-1246.56491614998,0.0,0.0
33.0,1650,0.058884136378765106,0.9982648491859436,0.058918215334415436,1.101219892501831,-0.3541852831840515,-0.05498558655381203,2.443103747210479e-16,1.0,2.443103747210479e-16,-0.058884136378765106,0.001735176076181233,-0.058918215334415436,-0.05894845095823645,-1246.6238646009383,0.0,0.0
33.02,1651,0.08048888295888901,0.9967554807662964,0.08057604730129242,1.0828914642333984,-0.9164223670959473,-0.5891821384429932,-0.031390100717544556,0.9995071887969971,-0.031395260244607925,-0.11187898367643356,0.002751702908426523,-0.11197130382061005,-0.1154426617843725,-1246.7393072627226,0.0,0.0
33.04,1652,0.10146990418434143,0.9948385953903198,0.1016448363661766,1.0534396171569824,-1.4725902080535889,-1.1197130680084229,-0.06262560933828354,0.9980370998382568,-0.06266661733388901,-0.16409550607204437,0.0031984804663807154,-0.1643114537000656,-0.17684902875661432,-1246.9161562914792,0.0,0.0
33.06,1653,0.1216045469045639,0.9925786256790161,0.12190627306699753,1.0130715370178223,-2.018404722213745,-1.6431145668029785,-0.09355364739894867,0.995614230632782,-0.0936906561255455,-0.21515819430351257,0.0030356114730238914,-0.21559692919254303,-0.24259518143263095,-1247.1587514729117,0.0,0.0
33.08,1654,0.14072595536708832,0.9900485873222351,0.14119462668895721,0.9644176363945007,-2.4326956272125244,-2.0,-0.12402476370334625,0.9922791123390198,-0.12434494495391846,-0.26475071907043457,0.002230535028502345,-0.2655395567417145,-0.30553956588251285,-1247.4642910387943,0.0,0.0
33.1,1655,0.15877950191497803,0.9873140454292297,0.159454345703125,0.9129865169525146,-2.571556806564331,-2.0,-0.15389446914196014,0.9880872964859009,-0.15450850129127502,-0.31267398595809937,0.0007732216618023813,-0.3139628469944,-0.35396284946975215,-1247.818253888264,0.0,0.0
33.12,1656,0.17571605741977692,0.9844408631324768,0.1766331046819687,0.8589373826980591,-2.7024571895599365,-2.0,-0.18302473425865173,0.9831082820892334,-0.18406227231025696,-0.35874077677726746,-0.001332580577582121,-0.36069536209106445,-0.4006953757272501,-1248.2189492639914,0.0,0.0
33.14,1657,0.19149178266525269,0.9814941883087158,0.19268183410167694,0.8024365305900574,-2.8250410556793213,-2.0,-0.21128518879413605,0.9774244427680969,-0.2128896415233612,-0.40277695655822754,-0.004069759976118803,-0.40557149052619934,-0.4455714758422091,-1248.6645207398335,0.0,0.0
33.160000000000004,1658,0.20606796443462372,0.9785376787185669,0.20755496621131897,0.7436566948890686,-2.9389922618865967,-2.0,-0.2385542392730713,0.9711291790008545,-0.24087683856487274,-0.4446221888065338,-0.007408507633954287,-0.4484317898750305,-0.48843180092539756,-1249.1529525407589,0.0,0.0
33.18,1659,0.21941077709197998,0.9756325483322144,0.22121047973632812,0.6827760338783264,-3.044032096862793,-2.0,-0.2647198438644409,0.9643253684043884,-0.2679134011268616,-0.4841306209564209,-0.01130721066147089,-0.4891238808631897,-0.529123882327534,-1249.6820764230863,0.0,0.0
33.2,1660,0.23149099946022034,0.9728370308876038,0.23361003398895264,0.6199776530265808,-3.139918804168701,-2.0,-0.2896801233291626,0.9571235179901123,-0.29389262199401855,-0.5211711525917053,-0.015713531523942947,-0.5275026559829712,-0.5675026644051405,-1250.2495790874914,0.0,0.0
33.22,1661,0.24228371679782867,0.9702054262161255,0.2447190135717392,0.5554487705230713,-3.2264442443847656,-2.0,-0.31334367394447327,0.9496397972106934,-0.3187119960784912,-0.5556274056434631,-0.02056564763188362,-0.5634310245513916,-0.6034310088663479,-1250.8530100963578,0.0,0.0
33.24,1662,0.25176796317100525,0.9677876234054565,0.2545066177845001,0.4893801510334015,-3.303431749343872,-2.0,-0.3356296420097351,0.9419940114021301,-0.3422735631465912,-0.587397575378418,-0.02579360269010067,-0.5967801809310913,-0.6367801699690849,-1251.489790266327,0.0,0.0
33.26,1663,0.25992634892463684,0.965628445148468,0.26294592022895813,0.42196545004844666,-3.370734453201294,-2.0,-0.3564675450325012,0.9343076944351196,-0.3644843101501465,-0.6163938641548157,-0.031320735812187195,-0.627430260181427,-0.6674302399510311,-1252.157220506278,0.0,0.0
33.28,1664,0.2667448818683624,0.9637671709060669,0.2700139284133911,0.3534008264541626,-3.428231716156006,-2.0,-0.37579697370529175,0.9267020225524902,-0.3852566182613373,-0.6425418257713318,-0.03706515207886696,-0.6552705764770508,-0.6952705641460835,-1252.852491070424,0.0,0.0
33.3,1665,0.27221250534057617,0.9622371792793274,0.2756916284561157,0.2838842570781708,-3.475827932357788,-2.0,-0.39356696605682373,0.9192959666252136,-0.404508501291275,-0.6657794713973999,-0.04294120892882347,-0.6802000999450684,-0.7202001252861052,-1253.5726911957101,0.0,0.0
33.32,1666,0.2763209939002991,0.961065411567688,0.2799639403820038,0.213615283370018,-3.513449192047119,-2.0,-0.40973538160324097,0.9122044444084167,-0.4221639633178711,-0.68605637550354,-0.048860978335142136,-0.7021278738975525,-0.7421278965024876,-1254.3148190922127,0.0,0.0
33.34,1667,0.2790645658969879,0.9602723717689514,0.28281983733177185,0.1427944451570511,-3.5410423278808594,-2.0,-0.42426797747612,0.9055367112159729,-0.43815332651138306,-0.7033325433731079,-0.054735660552978516,-0.7209731340408325,-0.7609731625330955,-1255.0757922547457,0.0,0.0
33.36,1668,0.2804398238658905,0.9598715901374817,0.2842522859573364,0.07162299007177353,-3.558572292327881,-2.0,-0.43713751435279846,0.899394690990448,-0.45241352915763855,-0.717577338218689,-0.06047692894935608,-0.7366657853126526,-0.7766658086106791,-1255.8524580633564,0.0,0.0
33.38,1669,0.2804456353187561,0.959869921207428,0.28425833582878113,0.0003025570185855031,-3.5660219192504883,-2.0,-0.44832292199134827,0.8938716650009155,-0.46488824486732483,-0.728768527507782,-0.06599824130535126,-0.749146580696106,-0.7891465764624463,-1256.6416046398188,0.0,0.0
33.4,1670,0.2790829837322235,0.9602670073509216,0.2828390300273895,-0.0709652453660965,-3.563390016555786,-2.0,-0.45780816674232483,0.8890510201454163,-0.4755282700061798,-0.7368911504745483,-0.07121597975492477,-0.7583673000335693,-0.7983672867933713,-1257.439971926612,0.0,0.0
33.42,1671,0.276355117559433,0.9610555768013,0.27999943494796753,-0.14197908341884613,-3.550691843032837,-2.0,-0.4655815362930298,0.885004997253418,-0.48429158329963684,-0.7419366240501404,-0.07605059444904327,-0.7642910480499268,-0.8042910275616784,-1258.2442629541738,0.0,0.0
33.44,1672,0.2722674012184143,0.962221622467041,0.27574867010116577,-0.21253825724124908,-3.527958631515503,-2.0,-0.4716346263885498,0.8817940354347229,-0.4911436140537262,-0.7439020276069641,-0.08042756468057632,-0.7668923139572144,-0.8068923072898924,-1259.0511552614637,0.0,0.0
33.46,1673,0.26682764291763306,0.9637442827224731,0.27009981870651245,-0.28244298696517944,-3.495237350463867,-2.0,-0.475961834192276,0.8794659376144409,-0.4960573613643646,-0.7427894473075867,-0.08427832275629044,-0.7661571502685547,-0.8061571725938059,-1259.8573124340576,0.0,0.0
33.480000000000004,1674,0.2600460946559906,0.9655961990356445,0.26306992769241333,-0.35149484872817993,-3.4525928497314453,-2.0,-0.4785594642162323,0.8780551552772522,-0.49901336431503296,-0.7386055588722229,-0.08754105120897293,-0.7620832920074463,-0.8020832890597316,-1260.6593957231173,0.0,0.0
33.5,1675,0.2519357204437256,0.967743992805481,0.25467997789382935,-0.419497013092041,-3.4001078605651855,-2.0,-0.4794255495071411,0.8775825500488281,-0.5,-0.7313612699508667,-0.09016140550374985,-0.7546799778938293,-0.7946799845627728,-1261.45407570768,0.0,0.0
33.52,1676,0.2425125688314438,0.9701482653617859,0.2449548840522766,-0.4862547218799591,-3.337886095046997,-2.0,-0.4785594642162323,0.8780551552772522,-0.49901336431503296,-0.7210720181465149,-0.09209311008453369,-0.7439682483673096,-0.7839682541002319,-1262.2380439617802,0.0,0.0
33.54,1677,0.23179581761360168,0.9727644920349121,0.23392337560653687,-0.551575779914856,-3.2660515308380127,-2.0,-0.475961834192276,0.8794659376144409,-0.4960573613643646,-0.7077576518058777,-0.0932985171675682,-0.7299807071685791,-0.7699807252190634,-1263.0080246869993,0.0,0.0
33.56,1678,0.21980829536914825,0.9755430817604065,0.2216179519891739,-0.6152708530426025,-3.184753656387329,-2.0,-0.4716346263885498,0.8817940354347229,-0.4911436140537262,-0.6914429068565369,-0.0937490239739418,-0.7127615809440613,-0.7527615831486983,-1263.760786270148,0.0,0.0
33.58,1679,0.20657667517662048,0.9784303903579712,0.20807486772537231,-0.6771541833877563,-3.0941669940948486,-2.0,-0.4655815362930298,0.885004997253418,-0.48429158329963684,-0.6721581816673279,-0.09342541545629501,-0.6923664808273315,-0.7323664548138634,-1264.4931527249619,0.0,0.0
33.6,1680,0.19213183224201202,0.981369137763977,0.19333399832248688,-0.737044095993042,-2.994494676589966,-2.0,-0.45780816674232483,0.8890510201454163,-0.4755282700061798,-0.649940013885498,-0.09231811761856079,-0.6688622236251831,-0.7088622509991849,-1265.202014975961,0.0,0.0
33.62,1681,0.1765090972185135,0.9842990040779114,0.17743872106075287,-0.7947635054588318,-2.8859708309173584,-2.0,-0.44832292199134827,0.8938716650009155,-0.46488824486732483,-0.6248319745063782,-0.09042733162641525,-0.6423269510269165,-0.6823269660702637,-1265.8843419420314,0.0,0.0
33.64,1682,0.15974853932857513,0.9871577620506287,0.16043591499328613,-0.8501407504081726,-2.768862009048462,-2.0,-0.43713751435279846,0.899394690990448,-0.45241352915763855,-0.5968860387802124,-0.08776306360960007,-0.6128494143486023,-0.6528494348256999,-1266.537191376857,0.0,0.0
33.660000000000004,1683,0.14189517498016357,0.989881694316864,0.14237570762634277,-0.9030101299285889,-2.6434695720672607,-2.0,-0.42426797747612,0.9055367112159729,-0.43815332651138306,-0.5661631226539612,-0.0843450054526329,-0.5805290341377258,-0.6205290462614568,-1267.1577204231185,0.0,0.0
33.68,1684,0.12299918383359909,0.9924067854881287,0.12331145256757736,-0.9532127380371094,-2.5101308822631836,-2.0,-0.40973538160324097,0.9122044444084167,-0.4221639633178711,-0.5327345728874207,-0.08020234853029251,-0.545475423336029,-0.5854754142715619,-1267.74319583739,0.0,0.0
33.7,1685,0.10311589390039444,0.9946693778038025,0.10329950600862503,-1.0005971193313599,-2.3692209720611572,-2.0,-0.39356696605682373,0.9192959666252136,-0.404508501291275,-0.4966828525066376,-0.07537340372800827,-0.5078080296516418,-0.5478080055857513,-1268.2910038429757,0.0,0.0
33.72,1686,0.0823058933019638,0.9966071248054504,0.08239910751581192,-1.0450202226638794,-2.2211527824401855,-2.0,-0.37579697370529175,0.9267020225524902,-0.3852566182613373,-0.45810285210609436,-0.06990508735179901,-0.4676557183265686,-0.5076557255514956,-1268.7986595685272,0.0,0.0
33.74,1687,0.06063493341207504,0.9981600046157837,0.06067214906215668,-1.0863476991653442,-2.0663774013519287,-2.0,-0.3564675450325012,0.9343076944351196,-0.3644843101501465,-0.4171024560928345,-0.06385229527950287,-0.42515647411346436,-0.4651564627002517,-1269.2638160312274,0.0,0.0
33.76,1688,0.03817376121878624,0.9992710947990417,0.03818304091691971,-1.124455451965332,-1.9053834676742554,-2.0,-0.3356296420097351,0.9419940114021301,-0.3422735631465912,-0.37380340695381165,-0.05727708712220192,-0.3804565966129303,-0.42045659339024755,-1269.6842726246177,0.0,0.0
33.78,1689,0.014997891150414944,0.9998875260353088,0.014998453669250011,-1.1592293977737427,-1.7386963367462158,-2.0,-0.31334367394447327,0.9496397972106934,-0.3187119960784912,-0.3283415734767914,-0.05024773254990578,-0.3337104618549347,-0.3737104481835995,-1270.0579830728013,0.0,0.0
33.8,1690,-0.008812770247459412,0.9999611377716064,-0.008812883868813515,-1.190566897392273,-1.56687593460083,-2.0,-0.2896801233291626,0.9571235179901123,-0.29389262199401855,-0.2808673679828644,-0.04283765330910683,-0.2850797474384308,-0.3250797419859926,-1270.3830628147873,0.0,0.0
33.82,1691,-0.033174339681863785,0.9994495511054993,-0.03318042680621147,-1.2183771133422852,-1.3905137777328491,-2.0,-0.2647198438644409,0.9643253684043884,-0.2679134011268616,-0.23154550790786743,-0.035124219954013824,-0.2347329705953598,-0.27473297034521027,-1270.6577957851325,0.0,0.0
33.84,1692,-0.057999495416879654,0.9983165860176086,-0.05803206190466881,-1.2425817251205444,-1.2102307081222534,-2.0,-0.2385542392730713,0.9711291790008545,-0.24087683856487274,-0.18055474758148193,-0.027187436819076538,-0.18284477293491364,-0.22284477466003152,-1270.8806405597925,0.0,0.0
33.86,1693,-0.08314679563045502,0.9965373277664185,-0.08324290066957474,-1.2605419158935547,-0.8980076909065247,-1.8284478187561035,-0.21128518879413605,0.9774244427680969,-0.2128896415233612,-0.12813839316368103,-0.019112853333353996,-0.12964674830436707,-0.1630789572317346,-1271.0437195170243,0.0,0.0
33.88,1694,-0.10836584866046906,0.9941110610961914,-0.10857906937599182,-1.2668085098266602,-0.3133276700973511,-1.2964674234390259,-0.18302473425865173,0.9831082820892334,-0.18406227231025696,-0.07465887814760208,-0.011002772487699986,-0.07548320293426514,-0.09229148361307483,-1271.1360110006374,0.0,0.0
33.9,1695,-0.13340486586093903,0.9910616278648376,-0.13380376994609833,-1.2612347602844238,0.27868303656578064,-0.7548320293426514,-0.15389446914196014,0.9880872964859009,-0.15450850129127502,-0.020489605143666267,-0.0029743339400738478,-0.020704731345176697,-0.026402444679023196,-1271.1624134453164,0.0,0.0
33.92,1696,-0.1580139845609665,0.9874368906021118,-0.1586790531873703,-1.243764042854309,0.8735370635986328,-0.20704734325408936,-0.12402476370334625,0.9922791123390198,-0.12434494495391846,0.033989228308200836,0.0048422496765851974,0.034334104508161545,-0.03476279014266848,-1271.197176235459,0.0,0.0
33.94,1697,-0.1819484680891037,0.9833080768585205,-0.1829676330089569,-1.2144293785095215,1.4667348861694336,0.34334102272987366,-0.09355364739894867,0.995614230632782,-0.0936906561255455,0.08839482069015503,0.012306173332035542,0.08927697688341141,-0.09045580841118134,-1271.2876320438702,0.0,0.0
33.96,1698,-0.20497161149978638,0.9787679314613342,-0.2064346969127655,-1.1733533143997192,2.053804397583008,0.8927698135375977,-0.06262560933828354,0.9980370998382568,-0.06266661733388901,0.14234599471092224,0.019269170239567757,0.1437680870294571,-0.15173846298127144,-1271.4393705068514,0.0,0.0
33.980000000000004,1699,-0.2268572896718979,0.9739280343055725,-0.2288496345281601,-1.1207464933395386,2.630340099334717,1.4376808404922485,-0.031390100717544556,0.9995071887969971,-0.031395260244607925,0.19546718895435333,0.02557920105755329,0.19745437800884247,-0.21812363254438874,-1271.6574941393958,0.0,0.0
34.0,1700,-0.24739208817481995,0.9689154624938965,-0.24998775124549866,-1.056905746459961,3.1920382976531982,1.9745436906814575,-5.63461308996727e-15,1.0,-5.63461308996727e-15,0.24739208817481995,0.031084546819329262,0.24998775124549866,-0.2889759731833219,-1271.9464701125792,0.0,0.0
34.02,1701,-0.26652127504348755,0.9638290405273438,-0.2697819173336029,-0.9897093176841736,3.359821319580078,2.0,0.031390100717544556,0.9995071887969971,0.031395260244607925,0.2979113757610321,0.03567817062139511,0.3011772036552429,-0.3411771904938176,-1272.287647303073,0.0,0.0
34.04,1702,-0.28420478105545044,0.958763599395752,-0.28817689418792725,-0.9197484254837036,3.49804425239563,2.0,0.06262560933828354,0.9980370998382568,0.06266661733388901,0.3468303978443146,0.03927348926663399,0.35084351897239685,-0.3908435156734818,-1272.6784908187465,0.0,0.0
34.06,1703,-0.3004092276096344,0.9538103938102722,-0.30512166023254395,-0.8472378849983215,3.6255271434783936,2.0,0.09355364739894867,0.995614230632782,0.0936906561255455,0.3939628601074219,0.04180382564663887,0.39881232380867004,-0.43881231346624777,-1273.1173031322128,0.0,0.0
34.08,1704,-0.31510719656944275,0.949056088924408,-0.32056960463523865,-0.7723972201347351,3.742032289505005,2.0,0.12402476370334625,0.9922791123390198,0.12434494495391846,0.4391319453716278,0.04322303831577301,0.4449145495891571,-0.4849145441520614,-1273.602217676365,0.0,0.0
34.1,1705,-0.32827669382095337,0.9445816278457642,-0.33447858691215515,-0.6954498887062073,3.8473660945892334,2.0,0.15389446914196014,0.9880872964859009,0.15450850129127502,0.4821711778640747,0.04350568726658821,0.4889870882034302,-0.5289870957213749,-1274.1312047720862,0.0,0.0
34.12,1706,-0.3399004638195038,0.9404613971710205,-0.34681105613708496,-0.6166223883628845,3.941375255584717,2.0,0.18302473425865173,0.9831082820892334,0.18406227231025696,0.5229251980781555,0.04264688864350319,0.5308732986450195,-0.5708733227395397,-1274.7020780948258,0.0,0.0
34.14,1707,-0.3499651551246643,0.9367626905441284,-0.35753393173217773,-0.5361436009407043,4.0239410400390625,2.0,0.21128518879413605,0.9774244427680969,0.2128896415233612,0.5612503290176392,0.04066174104809761,0.5704235434532166,-0.6104235636739657,-1275.3125016584997,0.0,0.0
34.160000000000004,1708,-0.3584609925746918,0.9335446953773499,-0.366618812084198,-0.45424410700798035,4.094974040985107,2.0,0.2385542392730713,0.9711291790008545,0.24087683856487274,0.5970152020454407,0.037584468722343445,0.6074956655502319,-0.6474956367993154,-1275.959997295299,0.0,0.0
34.18,1709,-0.3653808534145355,0.9308581352233887,-0.37404191493988037,-0.37115588784217834,4.1544108390808105,2.0,0.2647198438644409,0.9643253684043884,0.2679134011268616,0.6301007270812988,0.03346724435687065,0.6419553160667419,-0.6819553147534618,-1276.6419526100524,0.0,0.0
34.2,1710,-0.3707199990749359,0.9287446737289429,-0.37978413701057434,-0.28711172938346863,4.202208042144775,2.0,0.2896801233291626,0.9571235179901123,0.29389262199401855,0.6604001522064209,0.028378836810588837,0.6736767888069153,-0.7136767777229898,-1277.3556293877755,0.0,0.0
34.22,1711,-0.37447550892829895,0.927236795425415,-0.38383105397224426,-0.20234493911266327,4.238338947296143,2.0,0.31334367394447327,0.9496397972106934,0.3187119960784912,0.6878191828727722,0.022402985021471977,0.7025430202484131,-0.7425430450987804,-1278.0981724328742,0.0,0.0
34.24,1712,-0.37664586305618286,0.9263573288917542,-0.3861728310585022,-0.11708910763263702,4.262791633605957,2.0,0.3356296420097351,0.9419940114021301,0.3422735631465912,0.712275505065918,0.01563670113682747,0.728446364402771,-0.7684463852672059,-1278.8666188181414,0.0,0.0
34.26,1713,-0.37723082304000854,0.9261192679405212,-0.38680440187454224,-0.03157784789800644,4.275562763214111,2.0,0.3564675450325012,0.9343076944351196,0.3644843101501465,0.7336983680725098,0.008188441395759583,0.7512887120246887,-0.7912887029972802,-1279.6579075211387,0.0,0.0
34.28,1714,-0.37623122334480286,0.9265258312225342,-0.3857252895832062,0.05395535007119179,4.276659965515137,2.0,0.37579697370529175,0.9267020225524902,0.3852566182613373,0.7520281672477722,0.0001762230967869982,0.7709819078445435,-0.8109819036588488,-1280.4688894247975,0.0,0.0
34.300000000000004,1715,-0.37364888191223145,0.9275702238082886,-0.38293972611427307,0.13927730917930603,4.2660980224609375,2.0,0.39356696605682373,0.9192959666252136,0.404508501291275,0.7672158479690552,-0.008274268358945847,0.7874482274055481,-0.827448233267946,-1281.2963376580653,0.0,0.0
34.32,1716,-0.3694867491722107,0.9292359948158264,-0.37845662236213684,0.22415529191493988,4.243898868560791,2.0,0.40973538160324097,0.9122044444084167,0.4221639633178711,0.7792221307754517,-0.01703157275915146,0.8006206154823303,-0.8406205931124844,-1282.136958251178,0.0,0.0
34.34,1717,-0.36374902725219727,0.9314969778060913,-0.3722894787788391,0.3083571493625641,4.210093021392822,2.0,0.42426797747612,0.9055367112159729,0.43815332651138306,0.7880170345306396,-0.025960303843021393,0.8104428052902222,-0.8504428274725091,-1282.9874010786505,0.0,0.0
34.36,1718,-0.3564414978027344,0.9343176484107971,-0.364456444978714,0.39165154099464417,4.164720058441162,2.0,0.43713751435279846,0.899394690990448,0.45241352915763855,0.7935790419578552,-0.03492296114563942,0.8168699741363525,-0.8568699827224922,-1283.8442710613729,0.0,0.0
34.38,1719,-0.34757187962532043,0.9376533627510071,-0.3549802899360657,0.4738081693649292,4.1078314781188965,2.0,0.44832292199134827,0.8938716650009155,0.46488824486732483,0.7958948016166687,-0.04378166422247887,0.8198685646057129,-0.8598685358969158,-1284.70413959727,0.0,0.0
34.4,1720,-0.33715030550956726,0.941450834274292,-0.3438883423805237,0.5545980334281921,4.039492130279541,2.0,0.45780816674232483,0.8890510201454163,0.4755282700061798,0.7949584722518921,-0.052399829030036926,0.8194165825843811,-0.8594165906231057,-1285.563556187893,0.0,0.0
34.42,1721,-0.32518982887268066,0.9456487894058228,-0.33121246099472046,0.6337937712669373,3.9597859382629395,2.0,0.4655815362930298,0.885004997253418,0.48429158329963684,0.7907713651657104,-0.0606437623500824,0.8155040144920349,-0.8555040381839393,-1286.419060226077,0.0,0.0
34.44,1722,-0.3117070496082306,0.9501782655715942,-0.31698906421661377,0.7111700773239136,3.86881685256958,2.0,0.4716346263885498,0.8817940354347229,0.4911436140537262,0.7833417057991028,-0.06838419288396835,0.8081327080726624,-0.8481326813757513,-1287.2671929074527,0.0,0.0
34.46,1723,-0.2967227101325989,0.9549636840820312,-0.30125898122787476,0.7865043878555298,3.7667157649993896,2.0,0.475961834192276,0.8794659376144409,0.4960573613643646,0.7726845145225525,-0.07549773901700974,0.797316312789917,-0.8373163187800745,-1288.1045092262327,0.0,0.0
34.480000000000004,1724,-0.28026238083839417,0.9599234461784363,-0.28406742215156555,0.8595772385597229,3.6536433696746826,2.0,0.4785594642162323,0.8780551552772522,0.49901336431503296,0.7588218450546265,-0.08186828345060349,0.7830808162689209,-0.8230807870778152,-1288.9275900133105,0.0,0.0
34.5,1725,-0.2623569965362549,0.9649708867073059,-0.2654639482498169,0.9301731586456299,3.5297963619232178,2.0,0.4794255495071411,0.8775825500488281,0.5,0.741782546043396,-0.08738832175731659,0.7654639482498169,-0.8054639591066498,-1289.733053972417,0.0,0.0
34.52,1726,-0.24304363131523132,0.9700153470039368,-0.24550233781337738,0.998081386089325,3.3954100608825684,2.0,0.4785594642162323,0.8780551552772522,0.49901336431503296,0.7216030955314636,-0.09196020662784576,0.7445157170295715,-0.784515695500571,-1290.5175696679178,0.0,0.0
34.54,1727,-0.2223658412694931,0.9749633073806763,-0.22424039244651794,1.0630966424942017,3.250765323638916,2.0,0.475961834192276,0.8794659376144409,0.4960573613643646,0.6983276605606079,-0.09549735486507416,0.7202977538108826,-0.7602977479574338,-1291.277867415875,0.0,0.0
34.56,1728,-0.20037433505058289,0.9797194004058838,-0.20173998177051544,1.1250205039978027,3.0961904525756836,2.0,0.4716346263885498,0.8817940354347229,0.4911436140537262,0.6720089912414551,-0.0979253500699997,0.6928836107254028,-0.7328836124569559,-1292.0107510283322,0.0,0.0
34.58,1729,-0.17712722718715668,0.9841879606246948,-0.17806674540042877,1.1836618185043335,2.932065963745117,2.0,0.4655815362930298,0.885004997253418,0.48429158329963684,0.6427087187767029,-0.09918296337127686,0.6623583436012268,-0.702358331096778,-1292.713109359429,0.0,0.0
34.6,1730,-0.1526903510093689,0.988274097442627,-0.15328998863697052,1.2388383150100708,2.75882625579834,2.0,0.45780816674232483,0.8890510201454163,0.4755282700061798,0.6104985475540161,-0.0992230772972107,0.6288182139396667,-0.6688182416248448,-1293.3819276010538,0.0,0.0
34.62,1731,-0.12713740766048431,0.9918851256370544,-0.12748242914676666,1.2903776168823242,2.576962947845459,2.0,0.44832292199134827,0.8938716650009155,0.46488824486732483,0.5754603147506714,-0.09801343828439713,0.5923706889152527,-0.6323706742168541,-1294.0142982752707,0.0,0.0
34.64,1732,-0.1005498617887497,0.9949319958686829,-0.10072007030248642,1.338118076324463,2.387024402618408,2.0,0.43713751435279846,0.899394690990448,0.45241352915763855,0.537687361240387,-0.09553734213113785,0.5531336069107056,-0.593133595570005,-1294.6074318708406,0.0,0.0
34.660000000000004,1733,-0.07301682233810425,0.9973307251930237,-0.0730818584561348,1.3819104433059692,2.1896162033081055,2.0,0.42426797747612,0.9055367112159729,0.43815332651138306,0.49728479981422424,-0.09179402142763138,0.5112351775169373,-0.5512352009487468,-1295.1586670717893,0.0,0.0
34.68,1734,-0.044634658843278885,0.9990033507347107,-0.04464949294924736,1.4216184616088867,1.985399603843689,2.0,0.40973538160324097,0.9122044444084167,0.4221639633178711,0.45437005162239075,-0.08679895102977753,0.46681344509124756,-0.5068134554115991,-1295.665480527201,0.0,0.0
34.7,1735,-0.015506467781960964,0.999879777431488,-0.015507088974118233,1.4571201801300049,1.7750887870788574,2.0,0.39356696605682373,0.9192959666252136,0.404508501291275,0.40907344222068787,-0.08058381825685501,0.4200155735015869,-0.46001558605727844,-1296.1254961132584,0.0,0.0
34.72,1736,0.0142586100846529,0.9998983144760132,0.014259093441069126,1.4883091449737549,1.5594468116760254,2.0,0.37579697370529175,0.9267020225524902,0.3852566182613373,0.3615383505821228,-0.07319631427526474,0.37099751830101013,-0.4109975277362622,-1296.5364936409946,0.0,0.0
34.74,1737,0.04454624280333519,0.9990073442459106,0.0445609875023365,1.5150947570800781,1.3392807245254517,2.0,0.3564675450325012,0.9343076944351196,0.3644843101501465,0.31192129850387573,-0.06469961255788803,0.3199233114719391,-0.35992332526510445,-1296.8964169662597,0.0,0.0
34.76,1738,0.07523789256811142,0.9971656203269958,0.07530906051397324,1.5374034643173218,1.115435004234314,2.0,0.3356296420097351,0.9419940114021301,0.3422735631465912,0.2603917419910431,-0.05517158284783363,0.26696449518203735,-0.30696449573779644,-1297.2033814619974,0.0,0.0
34.78,1739,0.10621192306280136,0.9943435192108154,0.10641264170408249,1.5551791191101074,0.8887845873832703,2.0,0.31334367394447327,0.9496397972106934,0.3187119960784912,0.2071317583322525,-0.04470372200012207,0.21229936182498932,-0.25229935503489603,-1297.4556808170323,0.0,0.0
34.800000000000004,1740,0.13734480738639832,0.9905232787132263,0.1377803087234497,1.5683836936950684,0.660226583480835,2.0,0.2896801233291626,0.9571235179901123,0.29389262199401855,0.15233533084392548,-0.0333997868001461,0.15611231327056885,-0.19611231307200128,-1297.6517931301044,0.0,0.0
34.82,1741,0.16838258504867554,0.9857217073440552,0.16918858885765076,1.5704139471054077,0.10151354223489761,1.5611231327056885,0.2647198438644409,0.9643253684043884,0.2679134011268616,0.09633726626634598,-0.02139635756611824,0.09872480481863022,-0.12309585876067881,-1297.774888988865,0.0,0.0
34.84,1742,0.19903580844402313,0.9799922108650208,0.20037393271923065,1.5592674016952515,-0.5573292970657349,0.9872481226921082,0.2385542392730713,0.9711291790008545,0.24087683856487274,0.039518438279628754,-0.00886304397135973,0.04050289839506149,-0.05024948638544133,-1297.8251384752505,0.0,0.0
34.86,1743,0.22902081906795502,0.9734215140342712,0.23107163608074188,1.5348851680755615,-1.219106674194336,0.4050289988517761,0.21128518879413605,0.9774244427680969,0.2128896415233612,-0.01773562654852867,0.0040029315277934074,-0.018181996420025826,-0.019822482032204134,-1297.8449609572826,0.0,0.0
34.88,1744,0.2580639719963074,0.9661278128623962,0.261017769575119,1.4973063468933105,-1.8789438009262085,-0.18182002007961273,0.18302473425865173,0.9831082820892334,0.18406227231025696,-0.07503925263881683,0.016980480402708054,-0.07695548981428146,-0.07728607846167607,-1297.9222470357442,0.0,0.0
34.9,1745,0.2859053611755371,0.9582578539848328,0.2899510860443115,1.44666588306427,-2.5320210456848145,-0.7695549726486206,0.15389446914196014,0.9880872964859009,0.15450850129127502,-0.13201089203357697,0.02982942946255207,-0.1354425847530365,-0.14136473934239602,-1298.0636117750867,0.0,0.0
34.92,1746,0.3123016953468323,0.9499830007553101,0.31761497259140015,1.3831936120986938,-3.1736180782318115,-1.3544259071350098,0.12402476370334625,0.9922791123390198,0.12434494495391846,-0.18827694654464722,0.042296152561903,-0.1932700127363205,-0.21161470978786412,-1298.2752264848746,0.0,0.0
34.94,1747,0.33702871203422546,0.941494345664978,0.3437591791152954,1.3072104454040527,-3.799154758453369,-1.9327001571655273,0.09355364739894867,0.995614230632782,0.0936906561255455,-0.2434750497341156,0.05411986634135246,-0.2500685155391693,-0.28742180942296186,-1298.5626482942976,0.0,0.0
34.96,1748,0.3600223958492279,0.9329436421394348,0.3682918846607208,1.226636290550232,-4.0287089347839355,-2.0,0.06262560933828354,0.9980370998382568,0.06266661733388901,-0.29739677906036377,0.06509342789649963,-0.3056252896785736,-0.345625277214008,-1298.9082735715115,0.0,0.0
34.980000000000004,1749,0.38124874234199524,0.9244725108146667,0.3911466598510742,1.1427390575408936,-4.194863796234131,-2.0,0.031390100717544556,0.9995071887969971,0.031395260244607925,-0.3498586416244507,0.07503470778465271,-0.3597514033317566,-0.39975141443276924,-1299.3080249859443,0.0,0.0
35.0,1750,0.40068310499191284,0.9162167310714722,0.41226229071617126,1.0557812452316284,-4.347890377044678,-2.0,3.9194886858405064e-15,1.0,3.9194886858405064e-15,-0.40068310499191284,0.08378329873085022,-0.41226229071617126,-0.4522622982884974,-1299.7602872842328,0.0,0.0
35.02,1751,0.4183090627193451,0.908304750919342,0.43158286809921265,0.9660288691520691,-4.4876179695129395,-2.0,-0.031390100717544556,0.9995071887969971,-0.031395260244607925,-0.44969916343688965,0.09120245277881622,-0.4629781246185303,-0.5029781350421372,-1300.263265419275,0.0,0.0
35.04,1752,0.43411701917648315,0.9008564949035645,0.4490578770637512,0.8737501502037048,-4.6139349937438965,-2.0,-0.06262560933828354,0.9980370998382568,-0.06266661733388901,-0.4967426061630249,0.09718059748411179,-0.5117244720458984,-0.5517244950552204,-1300.8149899143302,0.0,0.0
35.06,1753,0.4481029212474823,0.8939819931983948,0.46464216709136963,0.7792145013809204,-4.726781368255615,-2.0,-0.09355364739894867,0.995614230632782,-0.0936906561255455,-0.5416566133499146,0.10163227468729019,-0.5583328008651733,-0.5983328259475872,-1301.4133227402779,0.0,0.0
35.08,1754,0.4602670669555664,0.887780487537384,0.4782960116863251,0.682691752910614,-4.826138019561768,-2.0,-0.12402476370334625,0.9922791123390198,-0.12434494495391846,-0.5842918157577515,0.10449861735105515,-0.6026409268379211,-0.6426409474622345,-1302.0559636877401,0.0,0.0
35.1,1755,0.47061267495155334,0.8823398947715759,0.48998501896858215,0.58445143699646,-4.912015914916992,-2.0,-0.15389446914196014,0.9880872964859009,-0.15450850129127502,-0.6245071291923523,0.10574738681316376,-0.6444935202598572,-0.6844935299290617,-1302.7404572176692,0.0,0.0
35.12,1756,0.4791449308395386,0.8777357935905457,0.4996802806854248,0.4847624599933624,-4.984449863433838,-2.0,-0.18302473425865173,0.9831082820892334,-0.18406227231025696,-0.6621696949005127,0.10537251085042953,-0.6837425827980042,-0.7237425580508995,-1303.46419977572,0.0,0.0
35.14,1757,0.4858698844909668,0.8740311861038208,0.5073581337928772,0.383892685174942,-5.043487548828125,-2.0,-0.21128518879413605,0.9774244427680969,-0.2128896415233612,-0.6971550583839417,0.1033933013677597,-0.7202478051185608,-0.7602477814779088,-1304.224447557198,0.0,0.0
35.160000000000004,1758,0.4907935559749603,0.8712759017944336,0.5130003094673157,0.28210902214050293,-5.089183807373047,-2.0,-0.2385542392730713,0.9711291790008545,-0.24087683856487274,-0.729347825050354,0.0998532772064209,-0.7538771629333496,-0.7938771533051281,-1305.018324710503,0.0,0.0
35.18,1759,0.49392133951187134,0.8695065975189209,0.516593873500824,0.17967717349529266,-5.1215925216674805,-2.0,-0.2647198438644409,0.9643253684043884,-0.2679134011268616,-0.7586411833763123,0.09481877833604813,-0.7845072746276855,-0.8245072572342199,-1305.8428319677373,0.0,0.0
35.2,1760,0.4952574074268341,0.868746280670166,0.5181310772895813,0.07686188817024231,-5.140764236450195,-2.0,-0.2896801233291626,0.9571235179901123,-0.29389262199401855,-0.7849375605583191,0.08837722986936569,-0.8120236992835999,-0.8520237236984869,-1306.6948556914358,0.0,0.0
35.22,1761,0.494804322719574,0.8690044283866882,0.5176096558570862,-0.026072882115840912,-5.146738529205322,-2.0,-0.31334367394447327,0.9496397972106934,-0.3187119960784912,-0.8081480264663696,0.08063536882400513,-0.8363216519355774,-0.8763216347727053,-1307.5711773262085,0.0,0.0
35.24,1762,0.49256300926208496,0.8702768087387085,0.5150323510169983,-0.12886378169059753,-5.13954496383667,-2.0,-0.3356296420097351,0.9419940114021301,-0.3422735631465912,-0.8281926512718201,0.07171724736690521,-0.8573059439659119,-0.8973059171884918,-1308.468483243397,0.0,0.0
35.26,1763,0.48853278160095215,0.8725455403327942,0.5104073882102966,-0.23124778270721436,-5.119200229644775,-2.0,-0.3564675450325012,0.9343076944351196,-0.3644843101501465,-0.8450003266334534,0.061762161552906036,-0.8748916983604431,-0.9148917222638773,-1309.383374965661,0.0,0.0
35.28,1764,0.4827114939689636,0.8757794499397278,0.5037481784820557,-0.33296194672584534,-5.085708141326904,-2.0,-0.37579697370529175,0.9267020225524902,-0.3852566182613373,-0.8585084676742554,0.050922591239213943,-0.8890047669410706,-0.9290047910449173,-1310.312379756706,0.0,0.0
35.300000000000004,1765,0.4750961661338806,0.8799338936805725,0.4950733184814453,-0.4337432086467743,-5.039063930511475,-2.0,-0.39356696605682373,0.9192959666252136,-0.404508501291275,-0.8686631321907043,0.03936206176877022,-0.899581789970398,-0.9395818024578473,-1311.2519615591639,0.0,0.0
35.32,1766,0.4656834304332733,0.8849513530731201,0.4844067394733429,-0.5333282947540283,-4.979254722595215,-2.0,-0.40973538160324097,0.9122044444084167,-0.4221639633178711,-0.8754188418388367,0.0272530484944582,-0.9065706729888916,-0.9465707017949132,-1312.1985322609587,0.0,0.0
35.34,1767,0.4544704854488373,0.8907617926597595,0.47177767753601074,-0.6314536333084106,-4.906266212463379,-2.0,-0.42426797747612,0.9055367112159729,-0.43815332651138306,-0.8787384629249573,0.014774885959923267,-0.9099310040473938,-0.9499310064168094,-1313.1484632673755,0.0,0.0
35.36,1768,0.4414558708667755,0.8972829580307007,0.45722055435180664,-0.727855384349823,-4.82008695602417,-2.0,-0.43713751435279846,0.899394690990448,-0.45241352915763855,-0.878593385219574,0.0021117175929248333,-0.9096341133117676,-0.9496340851608657,-1314.0980973525363,0.0,0.0
35.38,1769,0.42664065957069397,0.9044212102890015,0.44077515602111816,-0.8222697377204895,-4.720716953277588,-2.0,-0.44832292199134827,0.8938716650009155,-0.46488824486732483,-0.8749635815620422,-0.010549543425440788,-0.9056634306907654,-0.9456634076094248,-1315.0437607601457,0.0,0.0
35.4,1770,0.4100295901298523,0.9120722413063049,0.4224865138530731,-0.9144331812858582,-4.608173370361328,-2.0,-0.45780816674232483,0.8890510201454163,-0.4755282700061798,-0.8678377270698547,-0.023021217435598373,-0.8980147838592529,-0.9380147591084862,-1315.9817755192541,0.0,0.0
35.42,1771,0.39163222908973694,0.9201218485832214,0.4024048447608948,-1.0040831565856934,-4.48250150680542,-2.0,-0.4655815362930298,0.885004997253418,-0.48429158329963684,-0.8572137355804443,-0.03511684760451317,-0.8866963982582092,-0.9266964172448946,-1316.908471936499,0.0,0.0
35.44,1772,0.3714642822742462,0.9284472465515137,0.3805856704711914,-1.090958833694458,-4.343780994415283,-2.0,-0.4716346263885498,0.8817940354347229,-0.4911436140537262,-0.8430989384651184,-0.046653181314468384,-0.87172931432724,-0.9117292854029153,-1317.820201221902,0.0,0.0
35.46,1773,0.34954893589019775,0.9369180798530579,0.357089638710022,-1.1748015880584717,-4.192137718200684,-2.0,-0.475961834192276,0.8794659376144409,-0.4960573613643646,-0.8255107402801514,-0.057452164590358734,-0.8531469702720642,-0.8931469790380672,-1318.71334820094,0.0,0.0
35.480000000000004,1774,0.32591792941093445,0.9453980922698975,0.33198249340057373,-1.2553565502166748,-4.027751445770264,-2.0,-0.4785594642162323,0.8780551552772522,-0.49901336431503296,-0.8044773936271667,-0.06734291464090347,-0.8309958577156067,-0.8709958604374917,-1319.5843440613774,0.0,0.0
35.5,1775,0.3006127178668976,0.9537463188171387,0.30533501505851746,-1.332373857498169,-3.850865125656128,-2.0,-0.4794255495071411,0.8775825500488281,-0.5,-0.7800382375717163,-0.07616373151540756,-0.8053350448608398,-0.8453350179889543,-1320.4296790793662,0.0,0.0
35.52,1776,0.2736855745315552,0.9618192315101624,0.27722281217575073,-1.4056098461151123,-3.6617939472198486,-2.0,-0.4785594642162323,0.8780551552772522,-0.49901336431503296,-0.7522450089454651,-0.08376406878232956,-0.7762361764907837,-0.8162361863593588,-1321.2459152657257,0.0,0.0
35.54,1777,0.2452002614736557,0.9694724678993225,0.24772624671459198,-1.4748283624649048,-3.4609310626983643,-2.0,-0.475961834192276,0.8794659376144409,-0.4960573613643646,-0.7211620807647705,-0.0900065079331398,-0.7437835931777954,-0.783783604489618,-1322.0296988702153,0.0,0.0
35.56,1778,0.21523277461528778,0.9765627980232239,0.21693018078804016,-1.5398035049438477,-3.2487547397613525,-2.0,-0.4716346263885498,0.8817940354347229,-0.4911436140537262,-0.6868674159049988,-0.0947687104344368,-0.7080737948417664,-0.7480738089428207,-1322.777772679158,0.0,0.0
35.58,1779,0.18387161195278168,0.9829502701759338,0.18492378294467926,-1.6003202199935913,-3.025832414627075,-2.0,-0.4655815362930298,0.885004997253418,-0.48429158329963684,-0.6494531631469727,-0.09794527292251587,-0.6692153811454773,-0.7092153608891745,-1323.4869880400472,0.0,0.0
35.6,1780,0.15121792256832123,0.9885004758834839,0.1518002450466156,-1.6561766862869263,-2.792823314666748,-2.0,-0.45780816674232483,0.8890510201454163,-0.4755282700061798,-0.6090260744094849,-0.09944944828748703,-0.6273285150527954,-0.6673285058615172,-1324.1543165459086,0.0,0.0
35.62,1781,0.11738525331020355,0.9930864572525024,0.11765652149915695,-1.707186222076416,-2.5504791736602783,-2.0,-0.44832292199134827,0.8938716650009155,-0.46488824486732483,-0.5657081604003906,-0.09921477735042572,-0.58254474401474,-0.6225447663514855,-1324.77686131226,0.0,0.0
35.64,1782,0.08249907195568085,0.9965911507606506,0.08259294182062149,-1.7531790733337402,-2.299642562866211,-2.0,-0.43713751435279846,0.899394690990448,-0.45241352915763855,-0.5196365714073181,-0.09719645977020264,-0.5350064635276794,-0.5750064683159681,-1325.351867780576,0.0,0.0
35.660000000000004,1783,0.046695876866579056,0.9989091753959656,0.04671286419034004,-1.794003963470459,-2.0412425994873047,-2.0,-0.42426797747612,0.9055367112159729,-0.43815332651138306,-0.47096383571624756,-0.09337246417999268,-0.484866201877594,-0.5248662036990088,-1325.876733984275,0.0,0.0
35.68,1784,0.010122096166014671,0.9999487996101379,0.01012226939201355,-1.8295297622680664,-1.7762898206710815,-2.0,-0.40973538160324097,0.9122044444084167,-0.4221639633178711,-0.4198574721813202,-0.0877443477511406,-0.43228623270988464,-0.47228623211527104,-1326.3490202163903,0.0,0.0
35.7,1785,-0.027067365124821663,0.9996336102485657,-0.027070671319961548,-1.8596470355987549,-1.5058659315109253,-2.0,-0.39356696605682373,0.9192959666252136,-0.404508501291275,-0.3664996027946472,-0.08033766597509384,-0.3774378299713135,-0.4174378258546293,-1326.766458042245,0.0,0.0
35.72,1786,-0.06471081078052521,0.9979040622711182,-0.06475605815649033,-1.8842693567276,-1.2311151027679443,-2.0,-0.37579697370529175,0.9267020225524902,-0.3852566182613373,-0.31108614802360535,-0.07120203226804733,-0.32050055265426636,-0.3605005633190376,-1327.126958605564,0.0,0.0
35.74,1787,-0.10264164954423904,0.9947183728218079,-0.10282273590564728,-1.9033339023590088,-0.9532301425933838,-2.0,-0.3564675450325012,0.9343076944351196,-0.3644843101501465,-0.2538258731365204,-0.06041068583726883,-0.2616615891456604,-0.3016615768600652,-1327.428620182424,0.0,0.0
35.76,1788,-0.14069047570228577,0.990053653717041,-0.141158789396286,-1.9168027639389038,-0.6734390258789062,-2.0,-0.3356296420097351,0.9419940114021301,-0.3422735631465912,-0.19493915140628815,-0.048059601336717606,-0.20111475884914398,-0.2411147617172931,-1327.6697349441413,0.0,0.0
35.78,1789,-0.1786872297525406,0.9839059114456177,-0.17965203523635864,-1.924662470817566,-0.39298972487449646,-2.0,-0.31334367394447327,0.9496397972106934,-0.3187119960784912,-0.13465645909309387,-0.03426613286137581,-0.13905994594097137,-0.1790599533376155,-1327.848794897479,0.0,0.0
35.800000000000004,1790,-0.21628493070602417,0.9763302803039551,-0.21800772845745087,-1.9177842140197754,0.3439164459705353,-1.3905994892120361,-0.2896801233291626,0.9571235179901123,-0.29389262199401855,-0.07339520007371902,-0.01920677162706852,-0.07588490098714828,-0.09522257185677549,-1327.9440174693357,0.0,0.0
35.82,1791,-0.2531411349773407,0.9674293398857117,-0.2559257745742798,-1.8959022760391235,1.0940965414047241,-0.7588489651679993,-0.2647198438644409,0.9643253684043884,-0.2679134011268616,-0.011578716337680817,-0.0031039994210004807,-0.011987627483904362,-0.017746144724851056,-1327.9617636140606,0.0,0.0
35.84,1792,-0.28892746567726135,0.9573509693145752,-0.293106347322464,-1.859028697013855,1.8436750173568726,-0.11987631022930145,-0.2385542392730713,0.9711291790008545,-0.24087683856487274,0.05037323758006096,0.013778187334537506,0.05222950875759125,-0.05237321163310365,-1328.0141368256936,0.0,0.0
35.86,1793,-0.32333531975746155,0.9462844729423523,-0.3292520344257355,-1.8072843551635742,2.587218761444092,0.5222950577735901,-0.21128518879413605,0.9774244427680969,-0.2128896415233612,0.1120501384139061,0.031140005216002464,0.11636238545179367,-0.11909030854797402,-1328.1332271342417,0.0,0.0
35.88,1794,-0.3560803532600403,0.9344553351402283,-0.36406993865966797,-1.7408957481384277,3.3194308280944824,1.1636239290237427,-0.18302473425865173,0.9831082820892334,-0.18406227231025696,0.17305563390254974,0.04865296930074692,0.180007666349411,-0.1935478779841326,-1328.3267750122259,0.0,0.0
35.9,1795,-0.38690587878227234,0.9221192002296448,-0.3972737789154053,-1.6601916551589966,4.035202503204346,1.8000767230987549,-0.15389446914196014,0.9880872964859009,-0.15450850129127502,0.2330114096403122,0.06596808135509491,0.24276529252529144,-0.275168048663817,-1328.6019430608897,0.0,0.0
35.92,1796,-0.41570156812667847,0.9095010757446289,-0.4287140369415283,-1.5720133781433105,4.408917427062988,2.0,-0.12402476370334625,0.9922791123390198,-0.12434494495391846,0.2916768193244934,0.08277805149555206,0.30436909198760986,-0.34436910628406076,-1328.9463121671738,0.0,0.0
35.94,1797,-0.4424307346343994,0.8968026638031006,-0.45830732583999634,-1.4796638488769531,4.6174750328063965,2.0,-0.09355364739894867,0.995614230632782,-0.0936906561255455,0.34887710213661194,0.0988115668296814,0.36461666226387024,-0.40461667003275636,-1329.3509288372065,0.0,0.0
35.96,1798,-0.46707189083099365,0.8842193484306335,-0.48597633838653564,-1.3834503889083862,4.810671806335449,2.0,-0.06262560933828354,0.9980370998382568,-0.06266661733388901,0.4044462740421295,0.1138177365064621,0.42330971360206604,-0.4633097193527758,-1329.8142385565593,0.0,0.0
35.980000000000004,1799,-0.48961660265922546,0.8719378113746643,-0.511650025844574,-1.283683180809021,4.98836088180542,2.0,-0.031390100717544556,0.9995071887969971,-0.031395260244607925,0.4582265019416809,0.12756937742233276,0.48025473952293396,-0.5202547408882799,-1330.3344932974476,0.0,0.0
36.0,1800,-0.5100677013397217,0.8601342439651489,-0.5352634787559509,-1.180673360824585,5.150492191314697,2.0,-2.204364281713743e-15,1.0,-2.204364281713743e-15,0.5100677013397217,0.1398657262325287,0.5352634787559509,-0.5752634682372582,-1330.9097567656847,0.0,0.0
36.02,1801,-0.5284367203712463,0.848972737789154,-0.5567581057548523,-1.074731469154358,5.297098159790039,2.0,0.031390100717544556,0.9995071887969971,0.031395260244607925,0.5598267912864685,0.1505344957113266,0.5881533622741699,-0.6281533563174642,-1331.5379101220021,0.0,0.0
36.04,1802,-0.5447419881820679,0.838603675365448,-0.576081395149231,-0.9661659002304077,5.4282755851745605,2.0,0.06262560933828354,0.9980370998382568,0.06266661733388901,0.6073675751686096,0.15943339467048645,0.638748049736023,-0.6787480314944072,-1332.2166581534966,0.0,0.0
36.06,1803,-0.5590064525604248,0.8291633129119873,-0.5931870937347412,-0.8552824854850769,5.544170379638672,2.0,0.09355364739894867,0.995614230632782,0.0936906561255455,0.6525601148605347,0.16645093262195587,0.6868777275085449,-0.7268777220069956,-1332.9435358755036,0.0,0.0
36.08,1804,-0.5712555050849915,0.8207722902297974,-0.6080347299575806,-0.7423832416534424,5.644963264465332,2.0,0.12402476370334625,0.9922791123390198,0.12434494495391846,0.6952803134918213,0.1715068519115448,0.732379674911499,-0.7723796730651618,-1333.7159155485688,0.0,0.0
36.1,1805,-0.5815153121948242,0.8135354518890381,-0.6205900311470032,-0.6277661919593811,5.730852127075195,2.0,0.15389446914196014,0.9880872964859009,0.15450850129127502,0.7354097366333008,0.1745518147945404,0.7750985622406006,-0.8150985506808381,-1334.5310140992497,0.0,0.0
36.12,1806,-0.589810848236084,0.8075414299964905,-0.6308245658874512,-0.5117254257202148,5.802040100097656,2.0,0.18302473425865173,0.9831082820892334,0.18406227231025696,0.7728355526924133,0.1755668669939041,0.8148868083953857,-0.8548868378513645,-1335.385900937101,0.0,0.0
36.14,1807,-0.5961647033691406,0.8028621673583984,-0.6387155652046204,-0.39455094933509827,5.858722686767578,2.0,0.21128518879413605,0.9774244427680969,0.2128896415233612,0.8074499368667603,0.17456230521202087,0.851605236530304,-0.8916052261653872,-1336.2775061632665,0.0,0.0
36.160000000000004,1808,-0.6005958914756775,0.7995527386665344,-0.6442461609840393,-0.2765294015407562,5.901077747344971,2.0,0.2385542392730713,0.9711291790008545,0.24087683856487274,0.8391501307487488,0.17157642543315887,0.8851230144500732,-0.9251230052679602,-1337.2026291685345,0.0,0.0
36.18,1809,-0.6031185984611511,0.7976515293121338,-0.6474050283432007,-0.15794430673122406,5.929254055023193,2.0,0.2647198438644409,0.9643253684043884,0.2679134011268616,0.867838442325592,0.16667382419109344,0.9153184294700623,-0.9553184519223477,-1338.1579476204568,0.0,0.0
36.2,1810,-0.6037417650222778,0.7971799373626709,-0.6481865644454956,-0.03907695412635803,5.943367958068848,2.0,0.2896801233291626,0.9571235179901123,0.29389262199401855,0.8934219479560852,0.1599435806274414,0.9420792460441589,-0.9820792196599765,-1339.1400268401167,0.0,0.0
36.22,1811,-0.6024688482284546,0.7981424331665039,-0.6465907096862793,0.07979296147823334,5.943495750427246,2.0,0.31334367394447327,0.9496397972106934,0.3187119960784912,0.9158124923706055,0.15149737894535065,0.9653027057647705,-1.0053027292327594,-1340.1453295693493,0.0,0.0
36.24,1812,-0.599297285079956,0.8005265593528748,-0.6426230072975159,0.19838640093803406,5.9296722412109375,2.0,0.3356296420097351,0.9419940114021301,0.3422735631465912,0.9349269270896912,0.14146748185157776,0.9848965406417847,-1.0248965592869046,-1341.1702261286362,0.0,0.0
36.26,1813,-0.5942192077636719,0.8043031692504883,-0.6362945437431335,0.3164242208003998,5.901890277862549,2.0,0.3564675450325012,0.9343076944351196,0.3644843101501465,0.9506867527961731,0.13000456988811493,1.0007787942886353,-1.0407788358783976,-1342.2110049645146,0.0,0.0
36.28,1814,-0.587221622467041,0.8094261884689331,-0.6276220083236694,0.4336262345314026,5.860101699829102,2.0,0.37579697370529175,0.9267020225524902,0.3852566182613373,0.963018536567688,0.11727581918239594,1.012878656387329,-1.0528786186576422,-1343.2638835831722,0.0,0.0
36.300000000000004,1815,-0.5782873034477234,0.8158332109451294,-0.6166278123855591,0.5497106909751892,5.804222106933594,2.0,0.39356696605682373,0.9192959666252136,0.404508501291275,0.9718542695045471,0.10346274822950363,1.0211362838745117,-1.0611362807772151,-1344.3250198639494,0.0,0.0
36.32,1816,-0.5673958659172058,0.8234451413154602,-0.6033399105072021,0.6643933653831482,5.734134674072266,2.0,0.40973538160324097,0.9122044444084167,0.4221639633178711,0.9771312475204468,0.08875926584005356,1.0255038738250732,-1.0655038788331965,-1345.3905237427825,0.0,0.0
36.34,1817,-0.5545250773429871,0.8321670293807983,-0.587792158126831,0.7773873805999756,5.649700164794922,2.0,0.42426797747612,0.9055367112159729,0.43815332651138306,0.9787930846214294,0.07336968183517456,1.0259455442428589,-1.0659455084498448,-1346.4564692512324,0.0,0.0
36.36,1818,-0.5396523475646973,0.8418879508972168,-0.5700241327285767,0.8884027004241943,5.550766468048096,2.0,0.43713751435279846,0.899394690990448,0.45241352915763855,0.9767898917198181,0.05750671774148941,1.0224376916885376,-1.062437640473573,-1347.518906891706,0.0,0.0
36.38,1819,-0.5227564573287964,0.8524820804595947,-0.550081193447113,0.9971462488174438,5.4371771812438965,2.0,0.44832292199134827,0.8938716650009155,0.46488824486732483,0.9710793495178223,0.0413895919919014,1.0149694681167603,-1.0549694321708054,-1348.5738763238767,0.0,0.0
36.4,1820,-0.503819465637207,0.8638089895248413,-0.5280147194862366,1.1033220291137695,5.3087873458862305,2.0,0.45780816674232483,0.8890510201454163,0.4755282700061798,0.9616276025772095,0.025242025032639503,1.0035430192947388,-1.0435430073423446,-1349.617419331219,0.0,0.0
36.42,1821,-0.4828287959098816,0.8757147789001465,-0.503882110118866,1.2066315412521362,5.165477275848389,2.0,0.4655815362930298,0.885004997253418,0.48429158329963684,0.9484103322029114,0.009290231391787529,0.9881737232208252,-1.028173698893213,-1350.6455930301122,0.0,0.0
36.44,1822,-0.4597792625427246,0.8880332112312317,-0.4777466356754303,1.3067748546600342,5.007164001464844,2.0,0.4716346263885498,0.8817940354347229,0.4911436140537262,0.9314138889312744,-0.006239171139895916,0.9688902497291565,-1.008890247151757,-1351.654483277264,0.0,0.0
36.46,1823,-0.4346752166748047,0.900587260723114,-0.44967758655548096,1.4034513235092163,4.833821773529053,2.0,0.475961834192276,0.8794659376144409,0.4960573613643646,0.9106370210647583,-0.021121347323060036,0.9457349181175232,-0.9857349471345256,-1352.6402182243985,0.0,0.0
36.480000000000004,1824,-0.4075325131416321,0.9131907224655151,-0.4197503626346588,1.4963611364364624,4.645493507385254,2.0,0.4785594642162323,0.8780551552772522,0.49901336431503296,0.886091947555542,-0.03513554483652115,0.9187637567520142,-0.9587637380243401,-1353.5989819624228,0.0,0.0
36.5,1825,-0.3783806264400482,0.9256501197814941,-0.3880462348461151,1.585207223892212,4.442306995391846,2.0,0.4794255495071411,0.8775825500488281,0.5,0.8578061461448669,-0.04806753247976303,0.8880462050437927,-0.9280462283848282,-1354.5270281908076,0.0,0.0
36.52,1826,-0.3472643196582794,0.9377672672271729,-0.3546522855758667,1.6696970462799072,4.224490165710449,2.0,0.4785594642162323,0.8780551552772522,0.49901336431503296,0.8258237838745117,-0.05971214175224304,0.8536656498908997,-0.8936656510898223,-1355.4206938418974,0.0,0.0
36.54,1827,-0.3142451345920563,0.949341893196106,-0.31966137886047363,1.7495447397232056,3.9923834800720215,2.0,0.475961834192276,0.8794659376144409,0.4960573613643646,0.7902069687843323,-0.06987593322992325,0.8157187700271606,-0.855718742608995,-1356.2764125845065,0.0,0.0
36.56,1828,-0.27940264344215393,0.960174024105072,-0.2831719219684601,1.8244737386703491,3.746450662612915,2.0,0.4716346263885498,0.8817940354347229,0.4911436140537262,0.7510372996330261,-0.07837996631860733,0.7743155360221863,-0.8143155421639112,-1357.0907281266705,0.0,0.0
36.58,1829,-0.24283525347709656,0.97006756067276,-0.24528752267360687,1.8942195177078247,3.4872872829437256,2.0,0.4655815362930298,0.885004997253418,0.48429158329963684,0.708416759967804,-0.08506254851818085,0.7295790910720825,-0.769579107345215,-1357.8603072340156,0.0,0.0
36.6,1830,-0.2046605348587036,0.978833019733429,-0.20611688494682312,1.9585320949554443,3.2156271934509277,2.0,0.45780816674232483,0.8890510201454163,0.4755282700061798,0.662468671798706,-0.08978200703859329,0.6816451549530029,-0.7216451440462106,-1358.581952378062,0.0,0.0
36.62,1831,-0.1650150865316391,0.9862910509109497,-0.16577330231666565,2.017179012298584,2.932344913482666,2.0,0.44832292199134827,0.8938716650009155,0.46488824486732483,0.6133379936218262,-0.09241937100887299,0.6306615471839905,-0.6706615499951343,-1359.2526139280571,0.0,0.0
36.64,1832,-0.1240539401769638,0.9922754764556885,-0.12437434494495392,2.0699479579925537,2.6384541988372803,2.0,0.43713751435279846,0.899394690990448,0.45241352915763855,0.5611914396286011,-0.09288079291582108,0.5767878890037537,-0.6167878727222215,-1359.8694018007793,0.0,0.0
36.660000000000004,1833,-0.08194933831691742,0.9966365098953247,-0.08204134553670883,2.116650104522705,2.335103750228882,2.0,0.42426797747612,0.9055367112159729,0.43815332651138306,0.5062173008918762,-0.091099813580513,0.5201947093009949,-0.5601946844329637,-1360.4295964852122,0.0,0.0
36.68,1834,-0.03888910636305809,0.9992435574531555,-0.03889891505241394,2.157121419906616,2.0235679149627686,2.0,0.40973538160324097,0.9122044444084167,0.4221639633178711,0.44862449169158936,-0.08703910559415817,0.46106287837028503,-0.5010628779229677,-1360.9306593631352,0.0,0.0
36.7,1835,0.004925588145852089,0.9999878406524658,0.004925607703626156,2.1912262439727783,1.7052345275878906,2.0,0.39356696605682373,0.9192959666252136,0.404508501291275,0.3886413872241974,-0.08069191873073578,0.3995828926563263,-0.43958288930307243,-1361.3702422524382,0.0,0.0
36.72,1836,0.04928279668092728,0.9987848401069641,0.04930276796221733,2.218858003616333,1.3815890550613403,2.0,0.37579697370529175,0.9267020225524902,0.3852566182613373,0.3265141546726227,-0.07208283990621567,0.33595386147499084,-0.3759538548448078,-1361.746196107283,0.0,0.0
36.74,1837,0.09396278113126755,0.9955757260322571,0.09410160034894943,2.2399418354034424,1.054194688796997,2.0,0.3564675450325012,0.9343076944351196,0.3644843101501465,0.2625047564506531,-0.061267998069524765,0.27038270235061646,-0.310382710643854,-1362.0565788179267,0.0,0.0
36.76,1838,0.13874129951000214,0.9903286695480347,0.13919030129909515,2.2544353008270264,0.7246710062026978,2.0,0.3356296420097351,0.9419940114021301,0.3422735631465912,0.19688832759857178,-0.04833462834358215,0.20308324694633484,-0.24308324497593672,-1362.2996620629026,0.0,0.0
36.78,1839,0.1833929866552353,0.9830396771430969,0.1844368875026703,2.262328624725342,0.3946695625782013,2.0,0.31334367394447327,0.9496397972106934,0.3187119960784912,0.12995068728923798,-0.03339988365769386,0.13427510857582092,-0.17427511413604704,-1362.4739371770386,0.0,0.0
36.800000000000004,1840,0.2275029420852661,0.9737774133682251,0.22951261699199677,2.25378680229187,-0.4270879030227661,1.342751145362854,0.2896801233291626,0.9571235179901123,0.29389262199401855,0.06217718496918678,-0.01665387861430645,0.06438000500202179,-0.08240981442271428,-1362.5563469914614,0.0,0.0
36.82,1841,0.27065959572792053,0.9626750946044922,0.2740781605243683,2.228276491165161,-1.2755199670791626,0.6438000202178955,0.2647198438644409,0.9643253684043884,0.2679134011268616,-0.005939757451415062,0.0016502456273883581,-0.006164750549942255,-0.01030953531912728,-1362.5666565267804,0.0,0.0
36.84,1842,0.312472939491272,0.9499266743659973,0.3177952170372009,2.1858530044555664,-2.1211740970611572,-0.06164746731519699,0.2385542392730713,0.9711291790008545,0.24087683856487274,-0.07391869276762009,0.021202510222792625,-0.07691837102174759,-0.07695637498703783,-1362.6436129017675,0.0,0.0
36.86,1843,0.35258224606513977,0.9357808232307434,0.36032912135124207,2.126695394515991,-2.9578769207000732,-0.7691836953163147,0.21128518879413605,0.9774244427680969,0.2128896415233612,-0.14129704236984253,0.041643623262643814,-0.14743946492671967,-0.15335590695824416,-1362.7969688087258,0.0,0.0
36.88,1844,0.3906624913215637,0.9205340147018433,0.4013511538505554,2.0511021614074707,-3.7796709537506104,-1.4743947982788086,0.18302473425865173,0.9831082820892334,0.18406227231025696,-0.207637757062912,0.06257431954145432,-0.21728888154029846,-0.23902728072424298,-1363.03599608945,0.0,0.0
36.9,1845,0.4264756441116333,0.9044990539550781,0.4405927062034607,1.9620777368545532,-4.451215744018555,-2.0,0.15389446914196014,0.9880872964859009,0.15450850129127502,-0.27258118987083435,0.08358824253082275,-0.28608420491218567,-0.3260842155537934,-1363.3620803050037,0.0,0.0
36.92,1846,0.45995962619781494,0.8879398107528687,0.47794970870018005,1.8678503036499023,-4.711372375488281,-2.0,0.12402476370334625,0.9922791123390198,0.12434494495391846,-0.3359348475933075,0.10433928668498993,-0.3536047637462616,-0.3936047748214107,-1363.755685079825,0.0,0.0
36.94,1847,0.4910764694213867,0.8711164593696594,0.513325035572052,1.7687662839889526,-4.954197406768799,-2.0,0.09355364739894867,0.995614230632782,0.0936906561255455,-0.39752280712127686,0.12449776381254196,-0.4196344017982483,-0.4596343878668658,-1364.2153194676919,0.0,0.0
36.96,1848,0.5198100805282593,0.8542818427085876,0.5466285943984985,1.665177822113037,-5.179423809051514,-2.0,0.06262560933828354,0.9980370998382568,0.06266661733388901,-0.45718446373939514,0.1437552273273468,-0.4839619994163513,-0.5239619856230473,-1364.739281453315,0.0,0.0
36.980000000000004,1849,0.5461634397506714,0.8376786112785339,0.5777773857116699,1.5574389696121216,-5.386946678161621,-2.0,0.031390100717544556,0.9995071887969971,0.031395260244607925,-0.5147733688354492,0.16182857751846313,-0.5463821291923523,-0.5863821211975446,-1365.3256635745126,0.0,0.0
37.0,1850,0.5701557397842407,0.8215366005897522,0.6066954135894775,1.445902943611145,-5.576801300048828,-2.0,4.892397187683019e-16,1.0,4.892397187683019e-16,-0.5701557397842407,0.1784633845090866,-0.6066954135894775,-0.6466954389111123,-1365.9723590134238,0.0,0.0
37.02,1851,0.591819167137146,0.8060707449913025,0.6333138346672058,1.3309201002120972,-5.749142169952393,-2.0,-0.031390100717544556,0.9995071887969971,-0.031395260244607925,-0.6232092976570129,0.19343645870685577,-0.6647090911865234,-0.7047090996789649,-1366.6770681131027,0.0,0.0
37.04,1852,0.6111958026885986,0.7914794087409973,0.6575705409049988,1.212835669517517,-5.904219150543213,-2.0,-0.06262560933828354,0.9980370998382568,-0.06266661733388901,-0.6738213896751404,0.20655766129493713,-0.7202371954917908,-0.7602371700168513,-1367.4373052831195,0.0,0.0
37.06,1853,0.6283344030380249,0.7779433727264404,0.6794103384017944,1.0919885635375977,-6.042354583740234,-2.0,-0.09355364739894867,0.995614230632782,-0.0936906561255455,-0.7218880653381348,0.21767087280750275,-0.7731009721755981,-0.8131009820723385,-1368.2504062651917,0.0,0.0
37.08,1854,0.6432875394821167,0.7656246423721313,0.6987845301628113,0.96871018409729,-6.163919925689697,-2.0,-0.12402476370334625,0.9922791123390198,-0.12434494495391846,-0.7673123478889465,0.22665446996688843,-0.8231294751167297,-0.8631294719406997,-1369.1135357371325,0.0,0.0
37.1,1855,0.6561088562011719,0.754666268825531,0.7156510353088379,0.8433238863945007,-6.269314765930176,-2.0,-0.15389446914196014,0.9880872964859009,-0.15450850129127502,-0.8100033402442932,0.23342101275920868,-0.8701595067977905,-0.9101595031604153,-1370.023695240293,0.0,0.0
37.12,1856,0.666850209236145,0.7451918125152588,0.7299739122390747,0.7161449790000916,-6.358945369720459,-2.0,-0.18302473425865173,0.9831082820892334,-0.18406227231025696,-0.8498749136924744,0.237916499376297,-0.9140361547470093,-0.9540361817322317,-1370.977731422025,0.0,0.0
37.14,1857,0.6755596995353699,0.7373052835464478,0.7417235374450684,0.5874808430671692,-6.433205604553223,-2.0,-0.21128518879413605,0.9774244427680969,-0.2128896415233612,-0.8868448734283447,0.24011914432048798,-0.9546131491661072,-0.9946131683064027,-1371.9723445903314,0.0,0.0
37.160000000000004,1858,0.6822795867919922,0.7310913801193237,0.7508761286735535,0.4576316475868225,-6.49246072769165,-2.0,-0.2385542392730713,0.9711291790008545,-0.24087683856487274,-0.9208338260650635,0.24003781378269196,-0.9917529821395874,-1.0317529923673368,-1373.0040975826987,0.0,0.0
37.18,1859,0.6870446801185608,0.7266151309013367,0.7574139833450317,0.3268909752368927,-6.5370330810546875,-2.0,-0.2647198438644409,0.9643253684043884,-0.2679134011268616,-0.9517645239830017,0.23771020770072937,-1.0253273248672485,-1.0653273723453522,-1374.069424955044,0.0,0.0
37.2,1860,0.6898812055587769,0.723922610282898,0.761324942111969,0.1955471783876419,-6.567189693450928,-2.0,-0.2896801233291626,0.9571235179901123,-0.29389262199401855,-0.9795613288879395,0.23320090770721436,-1.0552175045013428,-1.0952175446262888,-1375.1646424996704,0.0,0.0
37.22,1861,0.6908055543899536,0.7230405807495117,0.7626026272773743,0.06388450413942337,-6.583133697509766,-2.0,-0.31334367394447327,0.9496397972106934,-0.3187119960784912,-1.0041491985321045,0.22659923136234283,-1.0813145637512207,-1.121314603432292,-1376.2859571031026,0.0,0.0
37.24,1862,0.6898242831230164,0.7239768505096436,0.7612463235855103,-0.06781545281410217,-6.584997653961182,-2.0,-0.3356296420097351,0.9419940114021301,-0.3422735631465912,-1.0254539251327515,0.21801719069480896,-1.1035197973251343,-1.143519852527876,-1377.4294769556304,0.0,0.0
37.26,1863,0.6869334578514099,0.7267203330993652,0.7572608590126038,-0.19927223026752472,-6.57283878326416,-2.0,-0.3564675450325012,0.9343076944351196,-0.3644843101501465,-1.0434010028839111,0.2075873613357544,-1.1217451095581055,-1.1617451686771758,-1378.5912221243077,0.0,0.0
37.28,1864,0.6821191310882568,0.7312410473823547,0.75065678358078,-0.3302050232887268,-6.546639919281006,-2.0,-0.37579697370529175,0.9267020225524902,-0.3852566182613373,-1.0579161643981934,0.1954609900712967,-1.135913372039795,-1.175913375749861,-1379.7671355000575,0.0,0.0
37.300000000000004,1865,0.6753580570220947,0.7374899983406067,0.7414501309394836,-0.4603312015533447,-6.5063090324401855,-2.0,-0.39356696605682373,0.9192959666252136,-0.404508501291275,-1.0689250230789185,0.18180596828460693,-1.145958662033081,-1.1859586273535752,-1380.953094127411,0.0,0.0
37.32,1866,0.6666183471679688,0.7453992366790771,0.7296628355979919,-0.5893648862838745,-6.451684474945068,-2.0,-0.40973538160324097,0.9122044444084167,-0.4221639633178711,-1.0763537883758545,0.1668052226305008,-1.1518267393112183,-1.1918267948663883,-1382.1449209222774,0.0,0.0
37.34,1867,0.6558609008789062,0.754881739616394,0.7153224945068359,-0.7170157432556152,-6.382543087005615,-2.0,-0.42426797747612,0.9055367112159729,-0.43815332651138306,-1.0801289081573486,0.15065492689609528,-1.1534758806228638,-1.1934758567613006,-1383.3383967790387,0.0,0.0
37.36,1868,0.64304119348526,0.7658315896987915,0.6984627842903137,-0.8429879546165466,-6.298608779907227,-2.0,-0.43713751435279846,0.899394690990448,-0.45241352915763855,-1.0801787376403809,0.1335630714893341,-1.1508762836456299,-1.1908762841665095,-1384.5292730632052,0.0,0.0
37.38,1869,0.6281110048294067,0.7781237363815308,0.6791231632232666,-0.9669792056083679,-6.199563503265381,-2.0,-0.44832292199134827,0.8938716650009155,-0.46488824486732483,-1.0764338970184326,0.11574791371822357,-1.144011378288269,-1.1840114167012556,-1385.7132844799064,0.0,0.0
37.4,1870,0.6110208630561829,0.7916144728660583,0.6573495864868164,-1.0886805057525635,-6.085064888000488,-2.0,-0.45780816674232483,0.8890510201454163,-0.4755282700061798,-1.06882905960083,0.09743652492761612,-1.1328778266906738,-1.1728778217840072,-1386.8861623016903,0.0,0.0
37.42,1871,0.5917226076126099,0.8061416149139404,0.6331940293312073,-1.2077757120132446,-5.954760551452637,-2.0,-0.4655815362930298,0.885004997253418,-0.48429158329963684,-1.0573041439056396,0.07886336743831635,-1.1174856424331665,-1.157485629847291,-1388.0436479315376,0.0,0.0
37.44,1872,0.5701720118522644,0.8215253353118896,0.606715202331543,-1.3239418268203735,-5.808307647705078,-2.0,-0.4716346263885498,0.8817940354347229,-0.4911436140537262,-1.041806697845459,0.06026872247457504,-1.0978587865829468,-1.1378588372353482,-1389.181506768773,0.0,0.0
37.46,1873,0.5463316440582275,0.8375689387321472,0.5779781937599182,-1.4368497133255005,-5.645392894744873,-2.0,-0.475961834192276,0.8794659376144409,-0.4960573613643646,-1.0222934484481812,0.041897017508745193,-1.0740355253219604,-1.1140355680356933,-1390.2955423368087,0.0,0.0
37.480000000000004,1874,0.5201742053031921,0.854060173034668,0.5470549464225769,-1.5461647510528564,-5.465753555297852,-2.0,-0.4785594642162323,0.8780551552772522,-0.49901336431503296,-0.998733639717102,0.02399497479200363,-1.0460683107376099,-1.0860682857344996,-1391.3816106225431,0.0,0.0
37.5,1875,0.491685152053833,0.8707730770111084,0.5140239596366882,-1.6515488624572754,-5.269200801849365,-2.0,-0.4794255495071411,0.8775825500488281,-0.5,-0.9711107015609741,0.006809513550251722,-1.0140239000320435,-1.0540239454218416,-1392.435634567965,0.0,0.0
37.52,1876,0.46086594462394714,0.8874697685241699,0.4789707064628601,-1.7526615858078003,-5.055640697479248,-2.0,-0.4785594642162323,0.8780551552772522,-0.49901336431503296,-0.9394254088401794,-0.009414603002369404,-0.9779840707778931,-1.0179840773396458,-1393.4536186453047,0.0,0.0
37.54,1877,0.427736759185791,0.9039033651351929,0.44198745489120483,-1.84916353225708,-4.825096607208252,-2.0,-0.475961834192276,0.8794659376144409,-0.4960573613643646,-0.9036985635757446,-0.024437403306365013,-0.9380447864532471,-0.9780447928937156,-1394.4316634381985,0.0,0.0
37.56,1878,0.39233899116516113,0.9198207259178162,0.4031730890274048,-1.940718173980713,-4.57772970199585,-2.0,-0.4716346263885498,0.8817940354347229,-0.4911436140537262,-0.8639736175537109,-0.03802664205431938,-0.8943167328834534,-0.9343167048675118,-1395.365980143066,0.0,0.0
37.58,1879,0.35473740100860596,0.934965968132019,0.3626331686973572,-2.0269951820373535,-4.313857078552246,-2.0,-0.4655815362930298,0.885004997253418,-0.48429158329963684,-0.8203189373016357,-0.04996098205447197,-0.8469247817993164,-0.8869247544976476,-1396.2529048975637,0.0,0.0
37.6,1880,0.3150218427181244,0.9490844011306763,0.32047969102859497,-2.1076745986938477,-4.033967971801758,-2.0,-0.45780816674232483,0.8890510201454163,-0.4755282700061798,-0.7728300094604492,-0.0600334107875824,-0.7960079312324524,-0.8360079393065318,-1397.0889128368701,0.0,0.0
37.62,1881,0.2733083963394165,0.9619264602661133,0.2768307030200958,-2.1824493408203125,-3.7387354373931885,-2.0,-0.44832292199134827,0.8938716650009155,-0.46488824486732483,-0.7216312885284424,-0.06805478781461716,-0.7417189478874207,-0.7817189371297428,-1397.8706317739998,0.0,0.0
37.64,1882,0.22973957657814026,0.9732521176338196,0.2318100929260254,-2.2510297298431396,-3.4290246963500977,-2.0,-0.43713751435279846,0.899394690990448,-0.45241352915763855,-0.6668770909309387,-0.07385745644569397,-0.6842236518859863,-0.7242236236021433,-1398.594855397602,0.0,0.0
37.660000000000004,1883,0.1844843178987503,0.9828354716300964,0.1855471432209015,-2.313147783279419,-3.1058952808380127,-2.0,-0.42426797747612,0.9055367112159729,-0.43815332651138306,-0.6087523102760315,-0.07729877531528473,-0.6237004995346069,-0.6637004824380297,-1399.2585558800401,0.0,0.0
37.68,1884,0.13773667812347412,0.9904688596725464,0.13817594945430756,-2.3685598373413086,-2.7706003189086914,-2.0,-0.40973538160324097,0.9122044444084167,-0.4221639633178711,-0.5474720597267151,-0.07826445996761322,-0.5603399276733398,-0.6003399100998281,-1399.85889579014,0.0,0.0
37.7,1885,0.08971413969993591,0.9959675669670105,0.08983492106199265,-2.417051315307617,-2.4245765209198,-2.0,-0.39356696605682373,0.9192959666252136,-0.404508501291275,-0.48328110575675964,-0.07667160779237747,-0.49434342980384827,-0.5343434188237595,-1400.3932392089637,0.0,0.0
37.72,1886,0.04065491631627083,0.9991732239723206,0.0406661219894886,-2.458439826965332,-2.069432258605957,-2.0,-0.37579697370529175,0.9267020225524902,-0.3852566182613373,-0.4164518713951111,-0.07247122377157211,-0.4259227514266968,-0.4659227443735966,-1400.8591619533372,0.0,0.0
37.74,1887,-0.00918531697243452,0.999957799911499,-0.009185446426272392,-2.4925785064697266,-1.7069270610809326,-2.0,-0.3564675450325012,0.9343076944351196,-0.3644843101501465,-0.34728220105171204,-0.0656501054763794,-0.35529887676239014,-0.3952988672287245,-1401.254460820566,0.0,0.0
37.76,1888,-0.0595373660326004,0.9982261061668396,-0.05957259610295296,-2.519357442855835,-1.3389472961425781,-2.0,-0.3356296420097351,0.9419940114021301,-0.3422735631465912,-0.2760922610759735,-0.05623205006122589,-0.28270095586776733,-0.32270095808063726,-1401.5771617786465,0.0,0.0
37.78,1889,-0.1101229339838028,0.9939180016517639,-0.1103467345237732,-2.5387070178985596,-0.9674779176712036,-2.0,-0.31334367394447327,0.9496397972106934,-0.3187119960784912,-0.20322073996067047,-0.044278182089328766,-0.20836526155471802,-0.24836526041540116,-1401.8255270390619,0.0,0.0
37.800000000000004,1890,-0.16065940260887146,0.9870098829269409,-0.16135869920253754,-2.550598382949829,-0.5945690274238586,-2.0,-0.2896801233291626,0.9571235179901123,-0.29389262199401855,-0.12902072072029114,-0.029886392876505852,-0.13253392279148102,-0.17253392450874197,-1401.9980609635707,0.0,0.0
37.82,1891,-0.2106669694185257,0.977557897567749,-0.21225719153881073,-2.54492449760437,0.28369462490081787,-1.3253391981124878,-0.2647198438644409,0.9643253684043884,-0.2679134011268616,-0.05405288189649582,-0.013232529163360596,-0.055656205862760544,-0.07322144656606985,-1402.0712824101367,0.0,0.0
37.84,1892,-0.25965455174446106,0.9657015800476074,-0.2626644968986511,-2.52036452293396,1.2279952764511108,-0.5565621256828308,-0.2385542392730713,0.9711291790008545,-0.24087683856487274,0.021100325509905815,0.0054276129230856895,0.021787645295262337,-0.024885258850132864,-1402.096167668987,0.0,0.0
37.86,1893,-0.3071572482585907,0.9516587853431702,-0.3122044503688812,-2.4769978523254395,2.1683294773101807,0.21787643432617188,-0.21128518879413605,0.9774244427680969,-0.2128896415233612,0.09587206691503525,0.025765685364603996,0.09931479394435883,-0.09978949722205065,-1402.195957166209,0.0,0.0
37.88,1894,-0.3527471423149109,0.9357187151908875,-0.3605053424835205,-2.4150447845458984,3.0976579189300537,0.9931480288505554,-0.18302473425865173,0.9831082820892334,-0.18406227231025696,0.16972240805625916,0.047389622777700424,0.17644305527210236,-0.18630649100171875,-1402.3822636572106,0.0,0.0
37.9,1895,-0.3960421681404114,0.9182323217391968,-0.4072025418281555,-2.334860324859619,4.0092244148254395,1.7644306421279907,-0.15389446914196014,0.9880872964859009,-0.15450850129127502,0.24214769899845123,0.0698549672961235,0.2526940405368805,-0.28382620257653296,-1402.6660898597872,0.0,0.0
37.92,1896,-0.4368547797203064,0.8995320796966553,-0.45209917426109314,-2.2448315620422363,4.501437664031982,2.0,-0.12402476370334625,0.9922791123390198,-0.12434494495391846,0.31283000111579895,0.09274706989526749,0.3277542293071747,-0.36775423237083676,-1403.033844092158,0.0,0.0
37.94,1897,-0.47509893774986267,0.8799324035644531,-0.4950764775276184,-2.14886474609375,4.798340320587158,2.0,-0.09355364739894867,0.995614230632782,-0.0936906561255455,0.3815453052520752,0.11568185687065125,0.4013858139514923,-0.44138581415471,-1403.4752299063127,0.0,0.0
37.96,1898,-0.5107210874557495,0.8597464561462402,-0.5360233187675476,-2.047342300415039,5.076122760772705,2.0,-0.06262560933828354,0.9980370998382568,-0.06266661733388901,0.44809550046920776,0.1382906436920166,0.473356693983078,-0.5133567010007125,-1403.9885866073134,0.0,0.0
37.980000000000004,1899,-0.5436974763870239,0.8392812609672546,-0.5748363733291626,-1.9406541585922241,5.334405899047852,2.0,-0.031390100717544556,0.9995071887969971,-0.031395260244607925,0.5123074054718018,0.16022594273090363,0.543441116809845,-0.5834411420199572,-1404.5720277493333,0.0,0.0
38.0,1900,-0.5740309953689575,0.818833589553833,-0.6114202737808228,-1.8291935920715332,5.573029041290283,2.0,1.2258847382980208e-15,1.0,1.2258847382980208e-15,0.5740309953689575,0.18116644024848938,0.6114202737808228,-0.6514202742513278,-1405.2234480235845,0.0,0.0
38.02,1901,-0.6017475724220276,0.7986863255500793,-0.6456873416900635,-1.7133530378341675,5.792027950286865,2.0,0.031390100717544556,0.9995071887969971,0.031395260244607925,0.6331376433372498,0.20082086324691772,0.6770825982093811,-0.7170825953250463,-1405.9405306189096,0.0,0.0
38.04,1902,-0.6268921494483948,0.779106080532074,-0.6775577664375305,-1.5935208797454834,5.991608142852783,2.0,0.06262560933828354,0.9980370998382568,0.06266661733388901,0.6895177364349365,0.21893101930618286,0.7402243614196777,-0.7802243703273247,-1406.7207549892369,0.0,0.0
38.06,1903,-0.6495248079299927,0.7603403925895691,-0.7069593071937561,-1.4700785875320435,6.172115802764893,2.0,0.09355364739894867,0.995614230632782,0.0936906561255455,0.7430784702301025,0.23527385294437408,0.8006500005722046,-0.8406499824811806,-1407.561404971718,0.0,0.0
38.08,1904,-0.6697167158126831,0.7426166534423828,-0.7338272929191589,-1.3433984518051147,6.3340067863464355,2.0,0.12402476370334625,0.9922791123390198,0.12434494495391846,0.7937415242195129,0.24966247379779816,0.8581722378730774,-0.8981722376622516,-1408.4595772093803,0.0,0.0
38.1,1905,-0.6875460147857666,0.7261407971382141,-0.758104145526886,-1.2138420343399048,6.477818489074707,2.0,0.15389446914196014,0.9880872964859009,0.15450850129127502,0.8414404988288879,0.2619464695453644,0.9126126170158386,-0.952612632800401,-1409.4121898421806,0.0,0.0
38.12,1906,-0.7030940651893616,0.7110968232154846,-0.7797393202781677,-1.0817593336105347,6.6041388511657715,2.0,0.18302473425865173,0.9831082820892334,0.18406227231025696,0.8861188292503357,0.2720114588737488,0.9638016223907471,-1.0038015979290074,-1410.4159914401096,0.0,0.0
38.14,1907,-0.7164421677589417,0.6976464986801147,-0.798689067363739,-0.9474877119064331,6.71358060836792,2.0,0.21128518879413605,0.9774244427680969,0.2128896415233612,0.9277273416519165,0.2797779440879822,1.0115786790847778,-1.0515787210892795,-1411.4675701611989,0.0,0.0
38.160000000000004,1908,-0.727668046951294,0.6859294176101685,-0.8149161338806152,-0.8113526105880737,6.806753635406494,2.0,0.2385542392730713,0.9711291790008545,0.24087683856487274,0.9662222862243652,0.28519976139068604,1.0557929277420044,-1.0957929645304358,-1412.5633631257292,0.0,0.0
38.18,1909,-0.7368435263633728,0.6760633587837219,-0.8283894658088684,-0.6736677289009094,6.884243488311768,2.0,0.2647198438644409,0.9643253684043884,0.2679134011268616,1.001563310623169,0.2882620096206665,1.09630286693573,-1.1363028797212085,-1413.6996660054504,0.0,0.0
38.2,1910,-0.744031548500061,0.6681444644927979,-0.8390842080116272,-0.5347359776496887,6.946588516235352,2.0,0.2896801233291626,0.9571235179901123,0.29389262199401855,1.0337116718292236,0.28897902369499207,1.132976770401001,-1.1729768276488877,-1414.8726428330992,0.0,0.0
38.22,1911,-0.7492846250534058,0.6622480750083923,-0.8469812273979187,-0.3948506712913513,6.994264602661133,2.0,0.31334367394447327,0.9496397972106934,0.3187119960784912,1.0626282691955566,0.28739169239997864,1.1656931638717651,-1.2056932097675985,-1416.0783360428668,0.0,0.0
38.24,1912,-0.7526431083679199,0.6584287285804749,-0.8520671725273132,-0.25429728627204895,7.027668476104736,2.0,0.3356296420097351,0.9419940114021301,0.3422735631465912,1.0882726907730103,0.28356531262397766,1.194340705871582,-1.2343407137995648,-1417.3126767566664,0.0,0.0
38.26,1913,-0.7541338801383972,0.6567206978797913,-0.8543342351913452,-0.11335514485836029,7.047107696533203,2.0,0.3564675450325012,0.9343076944351196,0.3644843101501465,1.1106014251708984,0.27758699655532837,1.2188185453414917,-1.2588185774136589,-1418.57149533408,0.0,0.0
38.28,1914,-0.7537699341773987,0.6571384072303772,-0.8537802696228027,0.027700673788785934,7.052790641784668,2.0,0.37579697370529175,0.9267020225524902,0.3852566182613373,1.1295669078826904,0.26956361532211304,1.2390369176864624,-1.279036871621197,-1419.8505322057013,0.0,0.0
38.300000000000004,1915,-0.7515498399734497,0.6596763134002686,-0.8504083156585693,0.16859714686870575,7.04482364654541,2.0,0.39356696605682373,0.9192959666252136,0.404508501291275,1.1451168060302734,0.2596196234226227,1.254916787147522,-1.2949168045494708,-1421.1454490102508,0.0,0.0
38.32,1916,-0.7474578619003296,0.6643092036247253,-0.8442270755767822,0.3090612590312958,7.023205280303955,2.0,0.40973538160324097,0.9122044444084167,0.4221639633178711,1.1571933031082153,0.2478952258825302,1.2663910388946533,-1.3063910450830547,-1422.4518400553338,0.0,0.0
38.34,1917,-0.7414647936820984,0.6709917783737183,-0.835250735282898,0.4488178789615631,6.9878315925598145,2.0,0.42426797747612,0.9055367112159729,0.43815332651138306,1.165732741355896,0.23454488813877106,1.2734041213989258,-1.3134040647043999,-1423.7652441200382,0.0,0.0
38.36,1918,-0.7335284352302551,0.6796587705612183,-0.8234989643096924,0.587587833404541,6.9384965896606445,2.0,0.43713751435279846,0.899394690990448,0.45241352915763855,1.170665979385376,0.21973590552806854,1.2759125232696533,-1.315912494718268,-1425.0811566147565,0.0,0.0
38.38,1919,-0.7235954403877258,0.6902243494987488,-0.8089972734451294,0.7250858545303345,6.874900817871094,2.0,0.44832292199134827,0.8938716650009155,0.46488824486732483,1.171918272972107,0.20364731550216675,1.2738854885101318,-1.3138854949100447,-1426.3950421096665,0.0,0.0
38.4,1920,-0.7116028070449829,0.7025820016860962,-0.7917768955230713,0.8610190749168396,6.796662330627441,2.0,0.45780816674232483,0.8890510201454163,0.4755282700061798,1.1694109439849854,0.18646900355815887,1.2673051357269287,-1.3073051285688644,-1427.7023472382355,0.0,0.0
38.42,1921,-0.6974802017211914,0.7166040539741516,-0.7718751430511475,0.9950856566429138,6.703329563140869,2.0,0.4655815362930298,0.885004997253418,0.48429158329963684,1.1630617380142212,0.16840095818042755,1.256166696548462,-1.2961667377094106,-1428.998513975945,0.0,0.0
38.44,1922,-0.6811525225639343,0.7321415543556213,-0.7493357062339783,1.1269735097885132,6.594395160675049,2.0,0.4716346263885498,0.8817940354347229,0.4911436140537262,1.152787208557129,0.14965252578258514,1.2404793500900269,-1.2804793112622925,-1430.2789932872072,0.0,0.0
38.46,1923,-0.6625427603721619,0.7490240931510925,-0.7242084741592407,1.2563599348068237,6.469318389892578,2.0,0.475961834192276,0.8794659376144409,0.4960573613643646,1.1385046243667603,0.13044187426567078,1.2202658653259277,-1.2602658379909126,-1431.539259125198,0.0,0.0
38.480000000000004,1924,-0.6415753364562988,0.7670599818229675,-0.6965502500534058,1.3829108476638794,6.327545166015625,2.0,0.4785594642162323,0.8780551552772522,0.49901336431503296,1.1201348304748535,0.11099514365196228,1.1955636739730835,-1.2355636349567065,-1432.7748227601546,0.0,0.0
38.5,1925,-0.6181795597076416,0.7860369086265564,-0.6664246320724487,1.5062814950942993,6.16853141784668,2.0,0.4794255495071411,0.8775825500488281,0.5,1.0976051092147827,0.09154566377401352,1.1664246320724487,-1.2064246415273554,-1433.981247401682,0.0,0.0
38.52,1926,-0.5922934412956238,0.8057223558425903,-0.6339023113250732,1.6261168718338013,5.9917707443237305,2.0,0.4785594642162323,0.8780551552772522,0.49901336431503296,1.0708528757095337,0.07233281433582306,1.1329156160354614,-1.1729156682428146,-1435.1541630699248,0.0,0.0
38.54,1927,-0.563867449760437,0.8258653283119202,-0.5990612506866455,1.7420532703399658,5.796819686889648,2.0,0.475961834192276,0.8794659376144409,0.4960573613643646,1.0398292541503906,0.053600627928972244,1.0951186418533325,-1.1351185893664417,-1436.2892816592912,0.0,0.0
38.56,1928,-0.532868504524231,0.8461980819702148,-0.5619868636131287,1.8537198305130005,5.583327770233154,2.0,0.4716346263885498,0.8817940354347229,0.4911436140537262,1.0045031309127808,0.035596005618572235,1.0531305074691772,-1.0931304677019222,-1437.3824121269931,0.0,0.0
38.58,1929,-0.4992838501930237,0.8664385080337524,-0.5227720141410828,1.9607411623001099,5.351065635681152,2.0,0.4655815362930298,0.885004997253418,0.48429158329963684,0.9648653864860535,0.018566511571407318,1.007063627243042,-1.047063600300562,-1438.4294757272937,0.0,0.0
38.6,1930,-0.4631243944168091,0.8862932920455933,-0.4815172255039215,2.0627400875091553,5.0999531745910645,2.0,0.45780816674232483,0.8890510201454163,0.4755282700061798,0.9209325909614563,0.002757721347734332,0.9570454955101013,-0.9970454740653225,-1439.426521201359,0.0,0.0
38.62,1931,-0.4244282841682434,0.9054615497589111,-0.43833038210868835,2.159341812133789,4.830085277557373,2.0,0.44832292199134827,0.8938716650009155,0.46488824486732483,0.8727511763572693,-0.01158988568931818,0.9032186269760132,-0.9432186210183577,-1440.3697398223774,0.0,0.0
38.64,1932,-0.38326331973075867,0.9236391186714172,-0.39332684874534607,2.2501769065856934,4.541755676269531,2.0,0.43713751435279846,0.899394690990448,0.45241352915763855,0.8204008340835571,-0.024244438856840134,0.8457403779029846,-0.8857403641673954,-1441.2554801865447,0.0,0.0
38.660000000000004,1933,-0.33972933888435364,0.9405232667922974,-0.3466291129589081,2.3348865509033203,4.235478401184082,2.0,0.42426797747612,0.9055367112159729,0.43815332651138306,0.7639973163604736,-0.03498655930161476,0.7847824692726135,-0.8247824464970862,-1442.0802626330417,0.0,0.0
38.68,1934,-0.2939593493938446,0.9558179378509521,-0.29836657643318176,2.4131264686584473,3.9120004177093506,2.0,0.40973538160324097,0.9122044444084167,0.4221639633178711,0.7036947011947632,-0.043613500893116,0.7205305099487305,-0.760530537618215,-1442.84079317066,0.0,0.0
38.7,1935,-0.24612005054950714,0.969239354133606,-0.2486751228570938,2.4845728874206543,3.5723135471343994,2.0,0.39356696605682373,0.9192959666252136,0.404508501291275,0.6396870017051697,-0.049943406134843826,0.65318363904953,-0.693183615000486,-1443.5339767856603,0.0,0.0
38.72,1936,-0.19641131162643433,0.9805216193199158,-0.19769659638404846,2.5489258766174316,3.2176568508148193,2.0,0.37579697370529175,0.9267020225524902,0.3852566182613373,0.5722082853317261,-0.05381956696510315,0.5829532146453857,-0.6229532194391656,-1444.1569300050994,0.0,0.0
38.74,1937,-0.1450646072626114,0.9894222021102905,-0.1455782800912857,2.6059162616729736,2.8495116233825684,2.0,0.3564675450325012,0.9343076944351196,0.3644843101501465,0.5015321373939514,-0.05511447414755821,0.510062575340271,-0.5500625873797447,-1444.706992592479,0.0,0.0
38.76,1938,-0.0923403799533844,0.9957274794578552,-0.09247211366891861,2.6553080081939697,2.469590902328491,2.0,0.3356296420097351,0.9419940114021301,0.3422735631465912,0.4279700219631195,-0.053733471781015396,0.4347456693649292,-0.47474566584505423,-1445.1817382583242,0.0,0.0
38.78,1939,-0.03852448984980583,0.9992576837539673,-0.038534022867679596,2.696904420852661,2.079820394515991,2.0,0.31334367394447327,0.9496397972106934,0.3187119960784912,0.3518681824207306,-0.049617864191532135,0.3572460114955902,-0.397246018850063,-1445.5789842771742,0.0,0.0
38.800000000000004,1940,0.01607629656791687,0.999870777130127,0.016076989471912384,2.730550527572632,1.6823099851608276,2.0,0.2896801233291626,0.9571235179901123,0.29389262199401855,0.2736038267612457,-0.04274725541472435,0.27781563997268677,-0.3178156372144591,-1445.8967999143886,0.0,0.0
38.82,1941,0.07113958895206451,0.9974663853645325,0.07119973003864288,2.7561371326446533,1.2793229818344116,2.0,0.2647198438644409,0.9643253684043884,0.2679134011268616,0.1935802549123764,-0.033141009509563446,0.1967136710882187,-0.23671366645011702,-1446.1335135808388,0.0,0.0
38.84,1942,0.12632350623607635,0.9919890761375427,0.12666191160678864,2.773108959197998,0.8485878705978394,1.9671367406845093,0.2385542392730713,0.9711291790008545,0.24087683856487274,0.11223074048757553,-0.02085992507636547,0.1142149269580841,-0.15291119676171305,-1446.2864247776006,0.0,0.0
38.86,1943,0.1810493767261505,0.9834740161895752,0.1820533573627472,2.7695727348327637,-0.17680476605892181,1.1421493291854858,0.21128518879413605,0.9774244427680969,0.2128896415233612,0.030235804617404938,-0.0060495492070913315,0.030836282297968864,-0.043881332451551985,-1446.330306110052,0.0,0.0
38.88,1944,0.23475153744220734,0.9720554351806641,0.2369629591703415,2.7454795837402344,-1.2046576738357544,0.30836278200149536,0.18302473425865173,0.9831082820892334,0.18406227231025696,-0.0517268069088459,0.011052901856601238,-0.05290067940950394,-0.053851555568399254,-1446.3841576656205,0.0,0.0
38.9,1945,0.2868928909301758,0.957962691783905,0.29098179936408997,2.700941801071167,-2.2268950939178467,-0.529006838798523,0.15389446914196014,0.9880872964859009,0.15450850129127502,-0.13299840688705444,0.030124621465802193,-0.13647329807281494,-0.1392717752354759,-1446.523429440856,0.0,0.0
38.92,1946,0.3369789719581604,0.9415121674537659,0.3437063694000244,2.6362287998199463,-3.235649347305298,-1.3647328615188599,0.12402476370334625,0.9922791123390198,0.12434494495391846,-0.21295422315597534,0.0507669560611248,-0.21936142444610596,-0.23798637955986915,-1446.761415820416,0.0,0.0
38.94,1947,0.384623259305954,0.9230736494064331,0.39479967951774597,2.5546650886535645,-4.078181266784668,-2.0,0.09355364739894867,0.995614230632782,0.0936906561255455,-0.2910696268081665,0.07254060357809067,-0.3011090159416199,-0.34110900918649256,-1447.1025248296025,0.0,0.0
38.96,1948,0.42966586351394653,0.9029879570007324,0.44412270188331604,2.466151714324951,-4.425665855407715,-2.0,0.06262560933828354,0.9980370998382568,0.06266661733388901,-0.3670402467250824,0.09504913538694382,-0.38145607709884644,-0.4214560853212331,-1447.5239809149239,0.0,0.0
38.980000000000004,1949,0.47198787331581116,0.8816050291061401,0.491544246673584,2.371076822280884,-4.753747463226318,-2.0,0.031390100717544556,0.9995071887969971,0.031395260244607925,-0.4405977427959442,0.11790215969085693,-0.46014899015426636,-0.5001489790709258,-1448.0241298939948,0.0,0.0
39.0,1950,0.5115100145339966,0.8592773079872131,0.5369411706924438,2.269845485687256,-5.06156587600708,-2.0,-2.941009354183021e-15,1.0,-2.941009354183021e-15,-0.5115100145339966,0.14072266221046448,-0.5369411706924438,-0.5769411491457411,-1448.6010710431406,0.0,0.0
39.02,1951,0.5481900572776794,0.8363537788391113,0.5801986455917358,2.162874460220337,-5.3485541343688965,-2.0,-0.031390100717544556,0.9995071887969971,-0.031395260244607925,-0.5795801877975464,0.16315343976020813,-0.6115939021110535,-0.6515938976444886,-1449.252664940785,0.0,0.0
39.04,1952,0.5820198059082031,0.8131746053695679,0.6212103366851807,2.050586223602295,-5.614416122436523,-2.0,-0.06262560933828354,0.9980370998382568,-0.06266661733388901,-0.6446454524993896,0.18486249446868896,-0.6838769912719727,-0.7238769768766035,-1449.9765419176617,0.0,0.0
39.06,1953,0.6130208373069763,0.7900667786598206,0.6598784327507019,1.9334039688110352,-5.859107971191406,-2.0,-0.09355364739894867,0.995614230632782,-0.0936906561255455,-0.7065744400024414,0.2055474817752838,-0.7535691261291504,-0.7935690964779446,-1450.7701110141397,0.0,0.0
39.08,1954,0.6412401795387268,0.7673402428627014,0.6961134076118469,1.8117479085922241,-6.082803249359131,-2.0,-0.12402476370334625,0.9922791123390198,-0.12434494495391846,-0.7652649283409119,0.22493889927864075,-0.8204583525657654,-0.8604583405392576,-1451.630569354679,0.0,0.0
39.1,1955,0.6667459607124329,0.7452850937843323,0.7298340201377869,1.686030626296997,-6.285865306854248,-2.0,-0.15389446914196014,0.9880872964859009,-0.15450850129127502,-0.8206403851509094,0.2428022027015686,-0.8843424916267395,-0.9243425058153856,-1452.5549118604943,0.0,0.0
39.12,1956,0.6896221041679382,0.7241694331169128,0.7609670758247375,1.556654453277588,-6.468809127807617,-2.0,-0.18302473425865173,0.9831082820892334,-0.18406227231025696,-0.8726468682289124,0.25893887877464294,-0.9450293779373169,-0.9850293729008766,-1453.5399412333952,0.0,0.0
39.14,1957,0.7099641561508179,0.7042378187179565,0.7894472479820251,1.4240089654922485,-6.632269382476807,-2.0,-0.21128518879413605,0.9774244427680969,-0.2128896415233612,-0.9212493300437927,0.2731866240501404,-1.0023369789123535,-1.0423369225882444,-1454.5822781559834,0.0,0.0
39.160000000000004,1958,0.727874219417572,0.6857107281684875,0.8152166604995728,1.2884697914123535,-6.776961326599121,-2.0,-0.2385542392730713,0.9711291790008545,-0.24087683856487274,-0.9664284586906433,0.28541848063468933,-1.056093454360962,-1.0960935095271955,-1455.6783716655107,0.0,0.0
39.18,1959,0.7434569597244263,0.6687837839126587,0.8382245898246765,1.150396704673767,-6.903652191162109,-2.0,-0.2647198438644409,0.9643253684043884,-0.2679134011268616,-1.0081768035888672,0.29554155468940735,-1.106137990951538,-1.146138004847597,-1456.8245096703583,0.0,0.0
39.2,1960,0.7568155527114868,0.6536285281181335,0.8584272861480713,1.010134220123291,-7.013124465942383,-2.0,-0.2896801233291626,0.9571235179901123,-0.29389262199401855,-1.0464956760406494,0.30349498987197876,-1.1523199081420898,-1.1923199186651139,-1458.0168295890235,0.0,0.0
39.22,1961,0.7680480480194092,0.6403921842575073,0.8757874965667725,0.8680112361907959,-7.106150150299072,-2.0,-0.31334367394447327,0.9496397972106934,-0.3187119960784912,-1.08139169216156,0.30924758315086365,-1.1944994926452637,-1.2344995124270877,-1459.2513291014507,0.0,0.0
39.24,1962,0.7772443890571594,0.6291987895965576,0.8902743458747864,0.7243419885635376,-7.183464050292969,-2.0,-0.3356296420097351,0.9419940114021301,-0.3422735631465912,-1.1128740310668945,0.3127952218055725,-1.2325478792190552,-1.2725479099402621,-1460.5238770113908,0.0,0.0
39.26,1963,0.7844835519790649,0.6201496124267578,0.9018629193305969,0.579427182674408,-7.245738506317139,-2.0,-0.3564675450325012,0.9343076944351196,-0.3644843101501465,-1.1409510374069214,0.3141580820083618,-1.2663471698760986,-1.3063472147055701,-1461.8302242260963,0.0,0.0
39.28,1964,0.7898313999176025,0.6133240461349487,0.9105340242385864,0.43355587124824524,-7.2935662269592285,-2.0,-0.37579697370529175,0.9267020225524902,-0.3852566182613373,-1.1656283140182495,0.3133779764175415,-1.295790672302246,-1.3357906399132242,-1463.1660148660096,0.0,0.0
39.300000000000004,1965,0.7933388948440552,0.6087802052497864,0.9162741303443909,0.28700703382492065,-7.327442646026611,-2.0,-0.39356696605682373,0.9192959666252136,-0.404508501291275,-1.186905860900879,0.31051573157310486,-1.3207826614379883,-1.3607826561576002,-1464.5267975221673,0.0,0.0
39.32,1966,0.795041024684906,0.606555700302124,0.9190751910209656,0.1400519460439682,-7.347754001617432,-2.0,-0.40973538160324097,0.9122044444084167,-0.4221639633178711,-1.204776406288147,0.3056487441062927,-1.3412392139434814,-1.3812391606383443,-1465.9080366828057,0.0,0.0
39.34,1967,0.7949555516242981,0.6066676378250122,0.9189343452453613,-0.0070433784276247025,-7.354766368865967,-2.0,-0.42426797747612,0.9055367112159729,-0.43815332651138306,-1.2192234992980957,0.2988690137863159,-1.3570876121520996,-1.3970876703368085,-1467.3051243531424,0.0,0.0
39.36,1968,0.7930830717086792,0.6091135144233704,0.9158540368080139,-0.15401580929756165,-7.348621368408203,-2.0,-0.43713751435279846,0.899394690990448,-0.45241352915763855,-1.2302205562591553,0.29028117656707764,-1.36826753616333,-1.4082675404006104,-1468.713391893543,0.0,0.0
39.38,1969,0.7894067168235779,0.6138705015182495,0.9098419547080994,-0.3006024658679962,-7.329333305358887,-2.0,-0.44832292199134827,0.8938716650009155,-0.46488824486732483,-1.2377296686172485,0.280001163482666,-1.3747302293777466,-1.4147302077336803,-1470.1281221012769,0.0,0.0
39.4,1970,0.7838929891586304,0.6208959221839905,0.9009112119674683,-0.44653820991516113,-7.296787261962891,-2.0,-0.45780816674232483,0.8890510201454163,-0.4755282700061798,-1.2417011260986328,0.2681550681591034,-1.3764394521713257,-1.4164394585709097,-1471.5445615598478,0.0,0.0
39.42,1971,0.7764924168586731,0.6301265358924866,0.8890801668167114,-0.5915531516075134,-7.2507476806640625,-2.0,-0.4655815362930298,0.885004997253418,-0.48429158329963684,-1.2420740127563477,0.254878431558609,-1.3733717203140259,-1.4133717176085865,-1472.9579332774565,0.0,0.0
39.44,1972,0.7671412825584412,0.6414781808853149,0.8743727207183838,-0.7353703379631042,-7.190859794616699,-2.0,-0.4716346263885498,0.8817940354347229,-0.4911436140537262,-1.2387759685516357,0.24031586945056915,-1.3655163049697876,-1.4055163550583842,-1474.3634496325149,0.0,0.0
39.46,1973,0.7557631134986877,0.654845118522644,0.856818675994873,-0.8777036666870117,-7.116665363311768,-2.0,-0.475961834192276,0.8794659376144409,-0.4960573613643646,-1.2317249774932861,0.22462081909179688,-1.3528759479522705,-1.3928760067902228,-1475.756325639305,0.0,0.0
39.480000000000004,1974,0.7422713041305542,0.6700994968414307,0.8364535570144653,-1.0182559490203857,-7.027613162994385,-2.0,-0.4785594642162323,0.8780551552772522,-0.49901336431503296,-1.2208307981491089,0.20795568823814392,-1.3354668617248535,-1.375466901527874,-1477.131792540833,0.0,0.0
39.5,1975,0.7265717387199402,0.6870905756950378,0.813319206237793,-1.1567174196243286,-6.923076629638672,-2.0,-0.4794255495071411,0.8775825500488281,-0.5,-1.205997347831726,0.19049197435379028,-1.313319206237793,-1.3533191878679962,-1478.485111728701,0.0,0.0
39.52,1976,0.7085659503936768,0.7056446075439453,0.787463903427124,-1.2927650213241577,-6.802374839782715,-2.0,-0.4785594642162323,0.8780551552772522,-0.49901336431503296,-1.1871254444122314,0.17241056263446808,-1.2864772081375122,-1.3264772527227258,-1479.8115889814237,0.0,0.0
39.54,1977,0.6881546974182129,0.7255640029907227,0.7589426636695862,-1.4260609149932861,-6.664795398712158,-2.0,-0.475961834192276,0.8794659376144409,-0.4960573613643646,-1.1641165018081665,0.15390191972255707,-1.2549999952316284,-1.295000021661567,-1481.1065890030852,0.0,0.0
39.56,1978,0.6652417778968811,0.7466279864311218,0.7278175950050354,-1.5562533140182495,-6.509620666503906,-2.0,-0.4716346263885498,0.8817940354347229,-0.4911436140537262,-1.1368764638900757,0.13516606390476227,-1.218961238861084,-1.2589612305836297,-1482.365550233669,0.0,0.0
39.58,1979,0.6397385597229004,0.7685925960540771,0.6941580772399902,-1.682976484298706,-6.336156845092773,-2.0,-0.4655815362930298,0.885004997253418,-0.48429158329963684,-1.1053200960159302,0.11641241610050201,-1.1784496307373047,-1.2184496572291441,-1483.5839998908982,0.0,0.0
39.6,1980,0.6115680932998657,0.7911917567253113,0.6580410599708557,-1.805851697921753,-6.143764972686768,-2.0,-0.45780816674232483,0.8890510201454163,-0.4755282700061798,-1.0693762302398682,0.0978592187166214,-1.133569359779358,-1.173569300291943,-1484.7575691911902,0.0,0.0
39.62,1981,0.5806698799133301,0.8141391277313232,0.6195512413978577,-1.9244896173477173,-5.9318928718566895,-2.0,-0.44832292199134827,0.8938716650009155,-0.46488824486732483,-1.028992772102356,0.07973255962133408,-1.0844395160675049,-1.1244394933813215,-1485.8820086845715,0.0,0.0
39.64,1982,0.547004222869873,0.8371298313140869,0.5787814259529114,-2.038491725921631,-5.70011043548584,-2.0,-0.43713751435279846,0.899394690990448,-0.45241352915763855,-0.9841417670249939,0.06226483732461929,-1.0311949253082275,-1.0711949408663226,-1486.9532036254377,0.0,0.0
39.660000000000004,1983,0.5105568766593933,0.8598439693450928,0.5358323454856873,-2.1474545001983643,-5.4481401443481445,-2.0,-0.42426797747612,0.9055367112159729,-0.43815332651138306,-0.9348248839378357,0.04569270461797714,-0.9739856719970703,-1.013985662782249,-1487.96718928822,0.0,0.0
39.68,1984,0.47134295105934143,0.8819500207901001,0.49081286787986755,-2.2509725093841553,-5.1758928298950195,-2.0,-0.40973538160324097,0.9122044444084167,-0.4221639633178711,-0.8810783624649048,0.030254416167736053,-0.912976861000061,-0.9529768365479057,-1488.9201661247678,0.0,0.0
39.7,1985,0.42941057682037354,0.9031093716621399,0.44384002685546875,-2.348642349243164,-4.8834943771362305,-2.0,-0.39356696605682373,0.9192959666252136,-0.404508501291275,-0.8229775428771973,0.01618657074868679,-0.8483484983444214,-0.8883485242826621,-1489.8085146490505,0.0,0.0
39.72,1986,0.3848438560962677,0.9229816794395447,0.3950386643409729,-2.4400687217712402,-4.571314334869385,-2.0,-0.37579697370529175,0.9267020225524902,-0.3852566182613373,-0.7606407999992371,0.0037203365936875343,-0.7802952527999878,-0.820295276058798,-1490.6288099251092,0.0,0.0
39.74,1987,0.3377649486064911,0.9412304759025574,0.3445412814617157,-2.5248682498931885,-4.239985942840576,-2.0,-0.3564675450325012,0.9343076944351196,-0.3644843101501465,-0.6942324638366699,-0.006922777742147446,-0.7090256214141846,-0.7490256014870988,-1491.3778355265963,0.0,0.0
39.76,1988,0.2883352041244507,0.9575295448303223,0.2924877405166626,-2.6026768684387207,-3.890423059463501,-2.0,-0.3356296420097351,0.9419940114021301,-0.3422735631465912,-0.6239648461341858,-0.015535503625869751,-0.6347613334655762,-0.6747613045974437,-1492.0525968311938,0.0,0.0
39.78,1989,0.2367551475763321,0.9715693593025208,0.23902468383312225,-2.6731534004211426,-3.5238258838653564,-2.0,-0.31334367394447327,0.9496397972106934,-0.3187119960784912,-0.5500988364219666,-0.021929554641246796,-0.5577366948127747,-0.5977366799916247,-1492.6503335111854,0.0,0.0
39.800000000000004,1990,0.18326330184936523,0.9830638766288757,0.18430495262145996,-2.7359869480133057,-3.1416828632354736,-2.0,-0.2896801233291626,0.9571235179901123,-0.29389262199401855,-0.47294342517852783,-0.02594035305082798,-0.4781975746154785,-0.5181975716318925,-1493.1685310828173,0.0,0.0
39.82,1991,0.12813366949558258,0.9917569160461426,0.12848690152168274,-2.7909021377563477,-2.745760202407837,-2.0,-0.2647198438644409,0.9643253684043884,-0.2679134011268616,-0.3928535282611847,-0.02743154764175415,-0.3964003026485443,-0.4364002992714385,-1493.6049313820886,0.0,0.0
39.84,1992,0.07167211920022964,0.9974282383918762,0.07173362374305725,-2.8376638889312744,-2.3380846977233887,-2.0,-0.2385542392730713,0.9711291790008545,-0.24087683856487274,-0.31022635102272034,-0.026299072429537773,-0.3126104474067688,-0.35261046128795087,-1493.9575418433765,0.0,0.0
39.86,1993,0.0142115019261837,0.9998990297317505,0.014211980625987053,-2.876082181930542,-1.9209152460098267,-2.0,-0.21128518879413605,0.9774244427680969,-0.2128896415233612,-0.22549669444561005,-0.022474555298686028,-0.2271016240119934,-0.26710162638389856,-1494.2246434697604,0.0,0.0
39.88,1994,-0.04389423877000809,0.9990361928939819,-0.04390834644436836,-2.9060163497924805,-1.4967080354690552,-2.0,-0.18302473425865173,0.9831082820892334,-0.18406227231025696,-0.13913048803806305,-0.01592787355184555,-0.1401539295911789,-0.1801539300897734,-1494.4047973998502,0.0,0.0
39.9,1995,-0.10209814459085464,0.994774341583252,-0.10227636247873306,-2.918400764465332,-0.6192269921302795,-1.4015392065048218,-0.15389446914196014,0.9880872964859009,-0.15450850129127502,-0.0517963208258152,-0.006687040440738201,-0.05223213508725166,-0.07187525628217337,-1494.4766726561325,0.0,0.0
39.92,1996,-0.1597691774368286,0.9871544241905212,-0.1604568213224411,-2.9090230464935303,0.468886137008667,-0.5223214030265808,-0.12402476370334625,0.9922791123390198,-0.12434494495391846,0.03574442118406296,0.005124724004417658,0.03611188381910324,-0.038840079682008644,-1494.5155127358144,0.0,0.0
39.94,1997,-0.21629215776920319,0.9763286709785461,-0.21801511943340302,-2.8779146671295166,1.555429220199585,0.3611188232898712,-0.09355364739894867,0.995614230632782,-0.0936906561255455,0.12273850291967392,0.019285554066300392,0.12432446330785751,-0.12562852932168656,-1494.641141265136,0.0,0.0
39.96,1998,-0.27108561992645264,0.9625552296638489,-0.27452072501182556,-2.82528018951416,2.6317248344421387,1.2432446479797363,-0.06262560933828354,0.9980370998382568,-0.06266661733388901,0.2084600329399109,0.035481855273246765,0.21185410022735596,-0.22731067534798802,-1494.868451940484,0.0,0.0
39.980000000000004,1999,-0.3236514627933502,0.9461763501167297,-0.3295861482620239,-2.7532708644866943,3.6004605293273926,2.0,-0.031390100717544556,0.9995071887969971,-0.031395260244607925,0.29226136207580566,0.053330838680267334,0.2981908917427063,-0.33819087775709306,-1495.206642818241,0.0,0.0
