t,step,x,y,theta,theta_dot,theta_ddot,tau,x_target,y_target,theta_target,ex,ey,etheta
0.0,0,0.0,1.0,0.0,0.0,0.0,0.0,0.0,1.0,0.0,0.0,0.0,0.0
0.02,1,0.0,1.0,0.0,0.0,0.0,0.0,0.01884397678077221,0.9998224377632141,0.01884509064257145,0.01884397678077221,-0.00017756347369868308,0.01884509064257145
0.04,2,0.00012558097660075873,1.0,0.00012558097660075873,0.006279048975557089,0.3139524459838867,0.3139524459838867,0.03765450045466423,0.9992908239364624,0.037663403898477554,0.03752891719341278,-0.0007091742008924484,0.037537820637226105
0.06,3,0.0005012099863961339,0.9999998807907104,0.0005012100446037948,0.018781451508402824,0.6251201629638672,0.6266660690307617,0.05639825016260147,0.9984083771705627,0.05642819404602051,0.05589704215526581,-0.001591522479429841,0.055926982313394547
0.08,4,0.0012492588721215725,0.9999992251396179,0.001249259221367538,0.03740245848894119,0.9310504198074341,0.9369063377380371,0.07504218071699142,0.9971803426742554,0.07511279731988907,0.07379292696714401,-0.0028188596479594707,0.07386353611946106
0.1,5,0.0024890354834496975,0.9999969005584717,0.0024890380445867777,0.061988938599824905,1.2293239831924438,1.243449330329895,0.09355364739894867,0.995614230632782,0.0936906561255455,0.09106461703777313,-0.0043826624751091,0.09120161831378937
0.12,6,0.004335830453783274,0.9999905824661255,0.004335843957960606,0.09234029799699783,1.5175681114196777,1.5450849533081055,0.11190052330493927,0.9937193989753723,0.1121353805065155,0.10756469517946243,-0.006271186750382185,0.10779953747987747
0.14,7,0.006899983622133732,0.9999762177467346,0.006900038570165634,0.12820972502231598,1.7934712171554565,1.8406227827072144,0.13005132973194122,0.9915072321891785,0.1304207593202591,0.12315134704113007,-0.0084689324721694,0.12352071702480316
0.16,8,0.010234414599835873,0.9999476075172424,0.010234593413770199,0.16672773659229279,1.9259006977081299,2.0,0.1479753702878952,0.9889910221099854,0.1485207974910736,0.13774095475673676,-0.010956580750644207,0.13828620314598083
0.18,9,0.014325163327157497,0.9998973608016968,0.01432565413415432,0.20455302298069,1.8912639617919922,2.0,0.16564279794692993,0.9861857891082764,0.16640977561473846,0.15131762623786926,-0.013711572624742985,0.1520841121673584
0.2,10,0.019155239686369896,0.9998165369033813,0.019156411290168762,0.24153786897659302,1.8492424488067627,2.0,0.18302473425865173,0.9831082820892334,0.18406227231025696,0.1638694852590561,-0.016708211973309517,0.1649058610200882
0.22,11,0.02470465935766697,0.9996947646141052,0.024707172065973282,0.2775380611419678,1.8000102043151855,2.0,0.2000933736562729,0.9797768592834473,0.20145322382450104,0.17538870871067047,-0.019917959347367287,0.17674604058265686
0.24,12,0.030950497835874557,0.9995208978652954,0.030955443158745766,0.3124134838581085,1.7437703609466553,2.0,0.2168220430612564,0.9762111306190491,0.21855787932872772,0.18587154150009155,-0.023309770971536636,0.1876024454832077
0.26,13,0.03786695748567581,0.9992827773094177,0.03787601366639137,0.34602856636047363,1.6807548999786377,2.0,0.23318526148796082,0.9724323153495789,0.23535196483135223,0.1953183114528656,-0.026850461959838867,0.19747595489025116
0.28,14,0.04542543739080429,0.998967707157135,0.045441076159477234,0.3782530426979065,1.6112236976623535,2.0,0.2491588294506073,0.9684626460075378,0.25181159377098083,0.2037333995103836,-0.030505096539855003,0.2063705325126648
0.3,15,0.05359463021159172,0.998562753200531,0.053620319813489914,0.40896233916282654,1.535463809967041,2.0,0.2647198438644409,0.9643253684043884,0.2679134011268616,0.2111252248287201,-0.034237414598464966,0.21429307758808136
0.32,16,0.0623406320810318,0.9980549216270447,0.0623810850083828,0.4380381107330322,1.4537885189056396,2.0,0.27984675765037537,0.9600446820259094,0.2836344838142395,0.21750611066818237,-0.03801024705171585,0.2212533950805664
0.34,17,0.07162707298994064,0.9974314570426941,0.0716884583234787,0.4653688371181488,1.3665364980697632,2.0,0.2945193350315094,0.9556455016136169,0.29895249009132385,0.22289225459098816,-0.04178595915436745,0.22726403176784515
0.36,18,0.08141525089740753,0.9966802597045898,0.08150546252727509,0.4908502399921417,1.2740700244903564,2.0,0.308718740940094,0.9511533975601196,0.313845694065094,0.22730349004268646,-0.0455268956720829,0.23234021663665771
0.38,19,0.09166432172060013,0.9957899451255798,0.09179317951202393,0.5143857002258301,1.1767739057540894,2.0,0.32242754101753235,0.9465941190719604,0.3282928764820099,0.23076322674751282,-0.04919581860303879,0.23649969696998596
0.4,20,0.10233146697282791,0.9947503805160522,0.10251091420650482,0.5358867645263672,1.0750536918640137,2.0,0.3356296420097351,0.9419940114021301,0.3422735631465912,0.2332981675863266,-0.052756328135728836,0.23976263403892517
0.42,21,0.11337210237979889,0.9935526251792908,0.11361638456583023,0.5552734732627869,0.9693339467048645,2.0,0.3483102321624756,0.9373793005943298,0.3557678461074829,0.2349381148815155,-0.056173279881477356,0.24215145409107208
0.44,22,0.12474009394645691,0.9921894669532776,0.125065878033638,0.5724745988845825,0.8600559830665588,2.0,0.36045587062835693,0.9327762722969055,0.36875656247138977,0.23571576178073883,-0.059413179755210876,0.24369068443775177
0.46,23,0.13638801872730255,0.9906554818153381,0.1368144303560257,0.587428092956543,0.7476759552955627,2.0,0.3720543384552002,0.928210973739624,0.3812212646007538,0.23566631972789764,-0.0624445416033268,0.2444068193435669
0.48,24,0.14826738834381104,0.988947331905365,0.1488160640001297,0.6000813245773315,0.6326621770858765,2.0,0.3830946385860443,0.9237090945243835,0.3931442201137543,0.23482726514339447,-0.06523821502923965,0.24432815611362457
0.5,25,0.1603289395570755,0.9870636463165283,0.16102388501167297,0.6103911995887756,0.515492856502533,2.0,0.39356696605682373,0.9192959666252136,0.404508501291275,0.23323804140090942,-0.06776769459247589,0.24348460137844086
0.52,26,0.1725228726863861,0.9850054979324341,0.17339037358760834,0.6183242797851562,0.39665359258651733,2.0,0.40346255898475647,0.9149961471557617,0.4152979552745819,0.23093970119953156,-0.07000936567783356,0.24190758168697357
0.54,27,0.1847991794347763,0.9827762842178345,0.1858675181865692,0.6238569617271423,0.27663442492485046,2.0,0.4127737283706665,0.9108335971832275,0.42549723386764526,0.2279745638370514,-0.07194270938634872,0.23962973058223724
0.56,28,0.19710785150527954,0.9803817868232727,0.19840702414512634,0.6269754767417908,0.15592725574970245,2.0,0.4214937090873718,0.9068313241004944,0.43509188294410706,0.22438585758209229,-0.07355049252510071,0.2366848587989807
0.58,29,0.2093992382287979,0.9778302311897278,0.2109605371952057,0.6276759505271912,0.03502315655350685,2.0,0.42961665987968445,0.9030113816261292,0.44406822323799133,0.22021742165088654,-0.07481886446475983,0.23310768604278564
0.6,30,0.2216242551803589,0.975132167339325,0.22347982227802277,0.6259641647338867,-0.08559037744998932,2.0,0.43713751435279846,0.899394690990448,0.45241352915763855,0.21551327407360077,-0.07573746144771576,0.22893370687961578
0.62,31,0.2337346225976944,0.9723004102706909,0.23591694235801697,0.6218554973602295,-0.20543208718299866,2.0,0.44405198097229004,0.8960010409355164,0.460115909576416,0.21031735837459564,-0.07629940658807755,0.22419898211956024
0.64,32,0.2456832081079483,0.9693501591682434,0.2482244372367859,0.6153749227523804,-0.32402941584587097,2.0,0.4503563940525055,0.8928488492965698,0.46716445684432983,0.20467320084571838,-0.07650130242109299,0.21894003450870514
0.66,33,0.25742414593696594,0.966298520565033,0.26035556197166443,0.6065565347671509,-0.44092097878456116,2.0,0.45604774355888367,0.8899553418159485,0.47354915738105774,0.19862358272075653,-0.07634319365024567,0.21319358050823212
0.68,34,0.2689131498336792,0.9631644487380981,0.27226442098617554,0.5954433083534241,-0.555658757686615,2.0,0.4611234664916992,0.8873359560966492,0.4792608916759491,0.19221031665802002,-0.0758284479379654,0.20699645578861237
0.7000000000000001,35,0.2801075875759125,0.959968626499176,0.28390616178512573,0.5820871591567993,-0.6678101420402527,2.0,0.4655815362930298,0.885004997253418,0.48429158329963684,0.18547393381595612,-0.07496361434459686,0.20038540661334991
0.72,36,0.2909667193889618,0.9567331671714783,0.29523712396621704,0.5665479302406311,-0.7769597172737122,2.0,0.4694202244281769,0.8829748630523682,0.48863404989242554,0.1784535050392151,-0.07375828921794891,0.1933969259262085
0.74,37,0.3014518916606903,0.9534813761711121,0.3062150180339813,0.5488936901092529,-0.8827110528945923,2.0,0.4726382791996002,0.8812565207481384,0.4922821819782257,0.1711864024400711,-0.07222487777471542,0.18606716394424438
0.76,38,0.31152644753456116,0.9502374529838562,0.31679901480674744,0.5291999578475952,-0.9846876859664917,2.0,0.47523465752601624,0.8798590898513794,0.49523070454597473,0.16370819509029388,-0.0703783854842186,0.1784317046403885
0.78,39,0.3211560845375061,0.947026252746582,0.32694998383522034,0.5075492858886719,-1.0825345516204834,2.0,0.47720855474472046,0.8787900805473328,0.4974755048751831,0.15605247020721436,-0.06823620200157166,0.17052552103996277
0.8,40,0.3303087055683136,0.9438729882240295,0.33663061261177063,0.48403090238571167,-1.175918698310852,2.0,0.4785594642162323,0.8780551552772522,0.49901336431503296,0.1482507586479187,-0.06581780314445496,0.16238275170326233
0.8200000000000001,41,0.33895453810691833,0.9408027529716492,0.34580540657043457,0.4587402939796448,-1.264529824256897,2.0,0.47928696870803833,0.8776582479476929,0.49984210729599,0.14033243060112,-0.0631445050239563,0.15403667092323303
0.84,42,0.34706616401672363,0.9378406405448914,0.35444098711013794,0.4317786991596222,-1.3480808734893799,2.0,0.4793908894062042,0.8776015043258667,0.4999605119228363,0.13232474029064178,-0.06023916229605675,0.14551952481269836
0.86,43,0.35461851954460144,0.935011088848114,0.36250603199005127,0.403252512216568,-1.4263079166412354,2.0,0.47887122631073,0.8778851628303528,0.49936848878860474,0.12425270676612854,-0.057125918567180634,0.13686244189739227
0.88,44,0.36158886551856995,0.9323376417160034,0.36997151374816895,0.3732731342315674,-1.4989702701568604,2.0,0.47772809863090515,0.8785077333450317,0.49806681275367737,0.1161392405629158,-0.05382990464568138,0.12809529900550842
0.9,45,0.3678974509239197,0.929866373538971,0.37674686312675476,0.3387685716152191,-1.7252275943756104,1.8406227827072144,0.475961834192276,0.8794659376144409,0.4960573613643646,0.10806436836719513,-0.05040042847394943,0.11931047588586807
0.92,46,0.37341710925102234,0.9276635646820068,0.38268986344337463,0.29715001583099365,-2.0809273719787598,1.5450849533081055,0.47357288002967834,0.8807546496391296,0.49334296584129333,0.10015574842691422,-0.0469089038670063,0.1106530949473381
0.9400000000000001,47,0.3780221939086914,0.9257965087890625,0.3876590132713318,0.2484574168920517,-2.4346301555633545,1.243449330329895,0.4705619513988495,0.882366955280304,0.4899275302886963,0.09253975749015808,-0.04342957213521004,0.10226850211620331
0.96,48,0.3815888464450836,0.9243321418762207,0.3915145993232727,0.19277913868427277,-2.783914089202881,0.9369063377380371,0.46692997217178345,0.8842942714691162,0.4858158528804779,0.08534113317728043,-0.04003787413239479,0.0943012610077858
0.98,49,0.3839954733848572,0.9233349561691284,0.39411965012550354,0.130251944065094,-3.126359462738037,0.6266660690307617,0.4626781940460205,0.8865262866020203,0.48101383447647095,0.07868272811174393,-0.03680867701768875,0.086894191801548
1.0,50,0.38512277603149414,0.9228653311729431,0.39534085988998413,0.0610608272254467,-3.4595558643341064,0.3139524459838867,0.45780816674232483,0.8890510201454163,0.4755282700061798,0.0726853758096695,-0.03381434082984924,0.08018739521503448
1.02,51,0.3848539888858795,0.9229774475097656,0.3950496315956116,-0.014561321586370468,-3.7811074256896973,0.0,0.45232176780700684,0.8918548226356506,0.4693669378757477,0.06746776401996613,-0.031122645363211632,0.07431729137897491
1.04,52,0.3830749988555908,0.9237172603607178,0.39312294125556946,-0.09633416682481766,-4.088642120361328,-0.3139524459838867,0.44622138142585754,0.8949226140975952,0.46253859996795654,0.06314639002084732,-0.02879463881254196,0.06941565126180649
1.06,53,0.37967443466186523,0.9251201748847961,0.38944435119628906,-0.18393047153949738,-4.379815101623535,-0.6266660690307617,0.43950989842414856,0.8982377648353577,0.4550529718399048,0.05983548238873482,-0.026882430538535118,0.06560864299535751
1.08,54,0.3745438754558563,0.927209198474884,0.3839048147201538,-0.2769767940044403,-4.652316093444824,-0.9369063377380371,0.43219074606895447,0.901782214641571,0.4469207227230072,0.05764685198664665,-0.025426970794796944,0.0630159080028534
1.1,55,0.36757832765579224,0.9299925565719604,0.37640371918678284,-0.3750542998313904,-4.903875827789307,-1.243449330329895,0.42426797747612,0.9055367112159729,0.43815332651138306,0.056689631193876266,-0.024455875158309937,0.061749618500471115
1.12,56,0.358676552772522,0.9334619045257568,0.36684972047805786,-0.47769981622695923,-5.132275581359863,-1.5450849533081055,0.41574639081954956,0.9094805717468262,0.42876332998275757,0.05706983804702759,-0.02398131974041462,0.06191360577940941
1.1400000000000001,57,0.34774187207221985,0.9375903010368347,0.35516157746315,-0.5844069123268127,-5.335354804992676,-1.8406227827072144,0.40663158893585205,0.9135922193527222,0.41876402497291565,0.058889709413051605,-0.023998083546757698,0.06360243260860443
1.16,58,0.334731787443161,0.9423134326934814,0.34132060408592224,-0.6920494437217712,-5.382127285003662,-2.0,0.3969299793243408,0.9178488850593567,0.40816962718963623,0.06219818815588951,-0.024464551359415054,0.06684903055429459
1.18,59,0.31966882944107056,0.9475293159484863,0.32537996768951416,-0.797031819820404,-5.24911642074585,-2.0,0.3866489827632904,0.9222269654273987,0.3969951868057251,0.06698015332221985,-0.025302374735474586,0.07161524146795273
1.2,60,0.30258238315582275,0.9531232118606567,0.3074008822441101,-0.8989537954330444,-5.096099853515625,-2.0,0.37579697370529175,0.9267020225524902,0.3852566182613373,0.0732145756483078,-0.026421209797263145,0.07785573601722717
1.22,61,0.28351011872291565,0.958969235420227,0.28745245933532715,-0.9974215030670166,-4.9233856201171875,-2.0,0.36438336968421936,0.9312490224838257,0.3729705810546875,0.08087325096130371,-0.027720212936401367,0.08551811426877975
1.24,62,0.2624993622303009,0.9649321436882019,0.265611469745636,-1.0920487642288208,-4.731363296508789,-2.0,0.35241883993148804,0.9358423948287964,0.36015450954437256,0.08991948515176773,-0.029089786112308502,0.09454303234815598
1.26,63,0.23960822820663452,0.9708696603775024,0.24196229875087738,-1.1824591159820557,-4.520516395568848,-2.0,0.33991512656211853,0.9404560923576355,0.3468266427516937,0.1003069058060646,-0.030413547530770302,0.10486435145139694
1.28,64,0.2149069458246231,0.9766345024108887,0.2165965437889099,-1.2682877779006958,-4.291433811187744,-2.0,0.32688531279563904,0.9450640082359314,0.3330059349536896,0.11197835952043533,-0.03157051280140877,0.11640939116477966
1.3,65,0.18847870826721191,0.9820773005485535,0.18961286544799805,-1.349184274673462,-4.044822692871094,-2.0,0.31334367394447327,0.9496397972106934,0.3187119960784912,0.12486497312784195,-0.03243748098611832,0.12909913063049316
1.32,66,0.16042041778564453,0.9870488047599792,0.1611165702342987,-1.4248145818710327,-3.7815167903900146,-2.0,0.29930591583251953,0.9541571736335754,0.30396515130996704,0.1388855129480362,-0.03289157897233963,0.14284858107566833
1.34,67,0.13084304332733154,0.9914031028747559,0.131219282746315,-1.4948642253875732,-3.502483606338501,-2.0,0.2847890555858612,0.9585902094841003,0.2887863516807556,0.15394599735736847,-0.03281288221478462,0.1575670689344406
1.36,68,0.0998716950416565,0.9950003027915955,0.10003846883773804,-1.5590407848358154,-3.208827018737793,-2.0,0.2698114216327667,0.9629132151603699,0.2731971740722656,0.16993971168994904,-0.032087139785289764,0.1731587052345276
1.3800000000000001,69,0.06764523684978485,0.9977094531059265,0.0676969364285469,-1.6170765161514282,-2.9017891883850098,-2.0,0.2543927729129791,0.967100977897644,0.25721976161003113,0.18674753606319427,-0.03060845099389553,0.18952283263206482
1.4000000000000001,70,0.0343155674636364,0.9994110465049744,0.034322306513786316,-1.668731451034546,-2.5827460289001465,-2.0,0.2385542392730713,0.9711291790008545,0.24087683856487274,0.2042386680841446,-0.02828187309205532,0.20655453205108643
1.42,71,4.6397919504670426e-05,1.0,4.6397919504670426e-05,-1.7137954235076904,-2.2531991004943848,-2.0,0.22231827676296234,0.9749741554260254,0.2241916060447693,0.2222718745470047,-0.025025853887200356,0.22414520382881165
1.44,72,-0.034988272935152054,0.9993877410888672,-0.034995418041944504,-1.7520908117294312,-1.9147653579711914,-2.0,0.20570865273475647,0.9786132574081421,0.20718778669834137,0.24069692194461823,-0.020774442702531815,0.24218320846557617
1.46,73,-0.07060609757900238,0.9975042939186096,-0.0706648975610733,-1.7834739685058594,-1.5691604614257812,-2.0,0.18875043094158173,0.9820250868797302,0.1898895502090454,0.2593565285205841,-0.015479185618460178,0.2605544328689575
1.48,74,-0.10661861300468445,0.9943000078201294,-0.10682164877653122,-1.8078376054763794,-1.2181804180145264,-2.0,0.17146988213062286,0.9851893782615662,0.17232146859169006,0.2780885100364685,-0.009110629558563232,0.2791430950164795
1.5,75,-0.14283369481563568,0.9897466897964478,-0.1433238685131073,-1.8251111507415771,-0.8636795878410339,-2.0,0.15389446914196014,0.9880872964859009,0.15450850129127502,0.2967281639575958,-0.0016594139160588384,0.2978323698043823
1.52,76,-0.17905820906162262,0.9838384985923767,-0.18002910912036896,-1.8352620601654053,-0.5075459480285645,-2.0,0.1360526978969574,0.9907016158103943,0.13647596538066864,0.3151109218597412,0.006863120943307877,0.3165050745010376
1.54,77,-0.21510078012943268,0.9765918850898743,-0.21679502725601196,-1.838295578956604,-0.15167579054832458,-2.0,0.11797410994768143,0.9930166602134705,0.11824949830770493,0.3330748975276947,0.016424814239144325,0.3350445330142975
1.56,78,-0.2507743835449219,0.9680455327033997,-0.25348010659217834,-1.834254503250122,0.20205344259738922,-2.0,0.09968913346529007,0.9950186610221863,0.09985499083995819,0.35046350955963135,0.026973070576786995,0.35333511233329773
1.58,79,-0.28589901328086853,0.9582597613334656,-0.28994446992874146,-1.8232183456420898,0.5518094301223755,-2.0,0.08122898638248444,0.9966954588890076,0.08131857961416245,0.36712801456451416,0.038435716181993484,0.3712630569934845
1.6,80,-0.32030412554740906,0.9473147392272949,-0.3260505199432373,-1.8053017854690552,0.8958303928375244,-2.0,0.06262560933828354,0.9980370998382568,0.06266661733388901,0.3829297423362732,0.05072232708334923,0.3887171447277069
1.62,81,-0.3538306653499603,0.9353094696998596,-0.3616635799407959,-1.7806527614593506,1.232448697090149,-2.0,0.04391147568821907,0.9990354180335999,0.04392559826374054,0.3977421522140503,0.06372593343257904,0.40558916330337524
1.6400000000000001,82,-0.38633298873901367,0.9223593473434448,-0.39665257930755615,-1.7494505643844604,1.56011164188385,-2.0,0.025119516998529434,0.9996844530105591,0.025122158229351044,0.4114525020122528,0.07732507586479187,0.4217747449874878
1.6600000000000001,83,-0.41768020391464233,0.9085941314697266,-0.43089064955711365,-1.7119024991989136,1.877399206161499,-2.0,0.006282978691160679,0.9999802708625793,0.006283020135015249,0.42396315932273865,0.09138615429401398,0.43717366456985474
1.68,84,-0.44775721430778503,0.8941552042961121,-0.4642554819583893,-1.6682417392730713,2.183037757873535,-2.0,-0.01256471686065197,0.9999210834503174,-0.012565047480165958,0.4351924955844879,0.10576587915420532,0.4516904354095459
1.7,85,-0.4764653146266937,0.8791932463645935,-0.4966299533843994,-1.6187236309051514,2.475910186767578,-2.0,-0.031390100717544556,0.9995071887969971,-0.031395260244607925,0.44507521390914917,0.12031394243240356,0.4652346968650818
1.72,86,-0.5037223696708679,0.8638655543327332,-0.527902364730835,-1.5636223554611206,2.755060911178589,-2.0,-0.05015980079770088,0.9987412095069885,-0.05018085613846779,0.45356258749961853,0.13487562537193298,0.47772154211997986
1.74,87,-0.5294625759124756,0.8483332991600037,-0.557966947555542,-1.5032284259796143,3.019697904586792,-2.0,-0.06884065270423889,0.9976276755332947,-0.06889514625072479,0.4606219530105591,0.1492943912744522,0.4890718162059784
1.76,88,-0.5536357760429382,0.8327589631080627,-0.5867238640785217,-1.4378446340560913,3.2691895961761475,-2.0,-0.08739987760782242,0.9961733222007751,-0.08751153200864792,0.466235876083374,0.1634143739938736,0.4992123246192932
1.78,89,-0.5762064456939697,0.8173041939735413,-0.6140795350074768,-1.3677834272384644,3.503058910369873,-2.0,-0.10580514371395111,0.9943869113922119,-0.10600355267524719,0.4704013168811798,0.17708270251750946,0.5080759525299072
1.8,90,-0.5971527695655823,0.8021275401115417,-0.6399468183517456,-1.2933639287948608,3.7209744453430176,-2.0,-0.12402476370334625,0.9922791123390198,-0.12434494495391846,0.4731280207633972,0.19015160202980042,0.5156018733978271
1.82,91,-0.6164647936820984,0.7873824238777161,-0.6642450094223022,-1.2149091958999634,3.922736883163452,-2.0,-0.14202775061130524,0.9898626804351807,-0.14250962436199188,0.47443705797195435,0.2024802267551422,0.5217353701591492
1.84,92,-0.6341431736946106,0.773215651512146,-0.6868998408317566,-1.1327439546585083,4.108265399932861,-2.0,-0.1597839742898941,0.9871519804000854,-0.1604718118906021,0.4743591845035553,0.21393634378910065,0.5264280438423157
1.86,93,-0.6501970291137695,0.7597656846046448,-0.7078437209129333,-1.0471923351287842,4.277581691741943,-2.0,-0.17726421356201172,0.9841632843017578,-0.1782059371471405,0.4729327857494354,0.22439764440059662,0.5296377539634705
1.8800000000000001,94,-0.6646425127983093,0.7471615076065063,-0.7270152568817139,-0.9585764408111572,4.430792331695557,-2.0,-0.1944403052330017,0.9809143543243408,-0.19568683207035065,0.4702022075653076,0.23375283181667328,0.5313283801078796
1.9000000000000001,95,-0.6774539947509766,0.735565185546875,-0.7442957758903503,-0.8640274405479431,4.7274489402771,-1.8406227827072144,-0.21128518879413605,0.9774244427680969,-0.2128896415233612,0.4661687910556793,0.2418593019247055,0.5314061641693115
1.92,96,-0.6885725259780884,0.725167453289032,-0.7595187425613403,-0.7611486315727234,5.143939971923828,-1.5450849533081055,-0.22777298092842102,0.973714292049408,-0.22978992760181427,0.46079957485198975,0.2485467940568924,0.5297288298606873
1.94,97,-0.6979435682296753,0.7161527872085571,-0.7725219130516052,-0.6501585841178894,5.54950475692749,-1.243449330329895,-0.2438790500164032,0.9698056578636169,-0.24636366963386536,0.4540644884109497,0.2536528706550598,0.5261582732200623
1.96,98,-0.7055139541625977,0.7086960077285767,-0.7831481099128723,-0.5313100218772888,5.942427635192871,-0.9369063377380371,-0.2595800459384918,0.965721607208252,-0.262587308883667,0.4459339380264282,0.2570255994796753,0.5205608010292053
1.98,99,-0.711229681968689,0.7029597163200378,-0.7912459373474121,-0.40489017963409424,6.320991516113281,-0.6266660690307617,-0.2748539447784424,0.9614859819412231,-0.2784378230571747,0.4363757073879242,0.2585262656211853,0.5128081440925598
2.0,100,-0.7150323390960693,0.699091374874115,-0.7966703772544861,-0.2712210714817047,6.683454990386963,-0.3139524459838867,-0.2896801233291626,0.9571235179901123,-0.29389262199401855,0.42535218596458435,0.2580321431159973,0.5027777552604675
2.02,101,-0.7168567776679993,0.6972204446792603,-0.7992835640907288,-0.1306605041027069,7.0280280113220215,0.0,-0.30403926968574524,0.9526594877243042,-0.30892980098724365,0.41281747817993164,0.25543901324272156,0.4903537631034851
2.04,102,-0.7166280746459961,0.6974555253982544,-0.7989556193351746,0.016396498307585716,7.352850437164307,0.3139524459838867,-0.3179134726524353,0.9481196999549866,-0.323527991771698,0.3987146019935608,0.25066420435905457,0.47542765736579895
2.06,103,-0.7142593860626221,0.6998810768127441,-0.7955653071403503,0.16951584815979004,7.655967712402344,0.6266660690307617,-0.3312861919403076,0.9435303211212158,-0.337666392326355,0.38297319412231445,0.24364922940731049,0.45789891481399536
2.08,104,-0.7096496820449829,0.7045546770095825,-0.7890008687973022,0.3282221555709839,7.935315132141113,0.9369063377380371,-0.3441421687602997,0.9389175772666931,-0.35132497549057007,0.3655075132846832,0.23436285555362701,0.4376758933067322
2.1,105,-0.7026826739311218,0.7115033864974976,-0.7791609764099121,0.4919961988925934,8.188701629638672,1.243449330329895,-0.3564675450325012,0.9343076944351196,-0.3644843101501465,0.346215158700943,0.22280433773994446,0.41467663645744324
2.12,106,-0.6932259798049927,0.7207202911376953,-0.7659555077552795,0.6602722406387329,8.413802146911621,1.5450849533081055,-0.36824968457221985,0.9297269582748413,-0.37712568044662476,0.3249762952327728,0.2090066373348236,0.3888298273086548
2.14,107,-0.6811313629150391,0.7321612238883972,-0.7493067979812622,0.8324353694915771,8.608156204223633,1.8406227827072144,-0.3794771730899811,0.9252011179924011,-0.3892311453819275,0.301654189825058,0.1930398941040039,0.3600756525993347
2.16,108,-0.6662747859954834,0.74570631980896,-0.7292019724845886,1.0052409172058105,8.640276908874512,2.0,-0.3901398777961731,0.9207556247711182,-0.4007834792137146,0.2761348783969879,0.17504926025867462,0.328418493270874
2.18,109,-0.6485689282417297,0.761155903339386,-0.7057027816772461,1.1749587059020996,8.485893249511719,2.0,-0.4002286195755005,0.9164153337478638,-0.41176629066467285,0.24834032356739044,0.1552594155073166,0.29393652081489563
2.2,110,-0.6279234290122986,0.7782751321792603,-0.6788821220397949,1.3410329818725586,8.303712844848633,2.0,-0.40973538160324097,0.9122044444084167,-0.4221639633178711,0.21818803250789642,0.1339292973279953,0.2567181885242462
2.22,111,-0.6042500734329224,0.7967947721481323,-0.6488243341445923,1.5028905868530273,8.092877388000488,2.0,-0.41865313053131104,0.9081462025642395,-0.43196171522140503,0.18559692800045013,0.11135147511959076,0.21686261892318726
2.24,112,-0.5774692893028259,0.8164123892784119,-0.6156255006790161,1.659941554069519,7.852548599243164,2.0,-0.42697566747665405,0.9042630791664124,-0.4411455988883972,0.15049362182617188,0.08785071223974228,0.1744798868894577
2.2600000000000002,113,-0.5475168228149414,0.8367946743965149,-0.5793938636779785,1.811581015586853,7.581976890563965,2.0,-0.4346977472305298,0.9005764126777649,-0.4497026205062866,0.11281909793615341,0.0637817457318306,0.1296912580728531
2.2800000000000002,114,-0.514350414276123,0.8575801253318787,-0.5402500629425049,1.957192301750183,7.2805609703063965,2.0,-0.4418147802352905,0.8971062898635864,-0.4576205909252167,0.07253566384315491,0.03952619433403015,0.08262944966554642
2.3000000000000003,115,-0.4779566824436188,0.8783833980560303,-0.49832701683044434,2.0961506366729736,6.947917938232422,2.0,-0.44832292199134827,0.8938716650009155,-0.46488824486732483,0.029633784666657448,0.015488273464143276,0.033438779413700104
2.32,116,-0.43835750222206116,0.8988006711006165,-0.4537704288959503,2.227829694747925,6.583947658538818,2.0,-0.45421892404556274,0.8908901214599609,-0.47149527072906494,-0.015861403197050095,-0.00791059248149395,-0.017724836245179176
2.34,117,-0.395615816116333,0.9184160828590393,-0.40673828125,2.35160756111145,6.1888957023620605,2.0,-0.45950010418891907,0.8881776928901672,-0.4774322807788849,-0.06388427317142487,-0.030238373205065727,-0.07069399207830429
2.36,118,-0.3498404324054718,0.9368093013763428,-0.3574007749557495,2.4668757915496826,5.763411045074463,2.0,-0.46416425704956055,0.8857491612434387,-0.48269081115722656,-0.11432380974292755,-0.05106015503406525,-0.12529005110263824
2.38,119,-0.30118948221206665,0.9535642862319946,-0.30593982338905334,2.573047637939453,5.308590888977051,2.0,-0.46820956468582153,0.8836174607276917,-0.48726344108581543,-0.16702008247375488,-0.06994686275720596,-0.18132361769676208
2.4,120,-0.2498723864555359,0.9682787656784058,-0.2525484561920166,2.669567823410034,4.826016426086426,2.0,-0.4716346263885498,0.8817940354347229,-0.4911436140537262,-0.2217622548341751,-0.08648471534252167,-0.2385951727628708
2.42,121,-0.19614990055561066,0.9805739521980286,-0.19742998480796814,2.755923271179199,4.317769527435303,2.0,-0.474438339471817,0.8802887201309204,-0.4943258762359619,-0.27828842401504517,-0.10028517991304398,-0.2968958914279938
2.44,122,-0.14033222198486328,0.9901044964790344,-0.1407969444990158,2.8316519260406494,3.7864344120025635,2.0,-0.47661980986595154,0.8791095614433289,-0.49680566787719727,-0.33628755807876587,-0.11099494248628616,-0.35600870847702026
2.46,123,-0.0827750638127327,0.9965682625770569,-0.08286987990140915,2.8963534832000732,3.235076427459717,2.0,-0.4781784117221832,0.8782626986503601,-0.4985794425010681,-0.39540335536003113,-0.11830553412437439,-0.41570955514907837
2.48,124,-0.02387366071343422,0.9997149705886841,-0.023875929415225983,2.949697732925415,2.667205810546875,2.0,-0.47911372780799866,0.8777528405189514,-0.4996447265148163,-0.45524007081985474,-0.12196215242147446,-0.4757688045501709
2.5,125,0.03594496473670006,0.9993537664413452,0.03595270961523056,2.991431951522827,2.0867156982421875,2.0,-0.4794255495071411,0.8775825500488281,-0.5,-0.5153704881668091,-0.12177120894193649,-0.5359526872634888
2.52,126,0.09623132646083832,0.9953590035438538,0.09638047218322754,3.021388053894043,1.4978083372116089,2.0,-0.47911372780799866,0.8777528405189514,-0.4996447265148163,-0.5753450393676758,-0.11760617047548294,-0.5960252285003662
2.54,127,0.1565239131450653,0.9876741766929626,0.15717019140720367,3.0394861698150635,0.9049013257026672,2.0,-0.4781784117221832,0.8782626986503601,-0.4985794425010681,-0.6347023248672485,-0.10941144824028015,-0.6557496190071106
2.56,128,0.21636031568050385,0.976313591003418,0.2180849313735962,3.04573655128479,0.312526136636734,2.0,-0.47661980986595154,0.8791095614433289,-0.49680566787719727,-0.6929801106452942,-0.0972040519118309,-0.7148905992507935
2.58,129,0.275288462638855,0.9613616466522217,0.2788897454738617,3.040241003036499,-0.2747814655303955,2.0,-0.474438339471817,0.8802887201309204,-0.4943258762359619,-0.7497267723083496,-0.08107292652130127,-0.7732155919075012
2.6,130,0.3328775465488434,0.9429700374603271,0.3393535315990448,3.023189067840576,-0.852591872215271,2.0,-0.4716346263885498,0.8817940354347229,-0.4911436140537262,-0.8045122027397156,-0.06117599457502365,-0.830497145652771
2.62,131,0.3887280225753784,0.9213525652885437,0.3992506265640259,2.9948554039001465,-1.416688323020935,2.0,-0.46820956468582153,0.8836174607276917,-0.48726344108581543,-0.8569375872612,-0.03773510083556175,-0.8865140676498413
2.64,132,0.442480206489563,0.8967782855033875,0.45836248993873596,2.955592155456543,-1.9631646871566772,2.0,-0.46416425704956055,0.8857491612434387,-0.48269081115722656,-0.9066444635391235,-0.011029120534658432,-0.9410532712936401
2.66,133,0.4938214123249054,0.8695633411407471,0.5164788961410522,2.9058218002319336,-2.4885103702545166,2.0,-0.45950010418891907,0.8881776928901672,-0.4774322807788849,-0.9533215165138245,0.01861436851322651,-0.9939112067222595
2.68,134,0.5424909591674805,0.8400616645812988,0.5733994841575623,2.8460283279418945,-2.9896790981292725,2.0,-0.45421892404556274,0.8908901214599609,-0.47149527072906494,-0.9967098832130432,0.050828464329242706,-1.0448946952819824
2.7,135,0.588283360004425,0.8086548447608948,0.628934383392334,2.776745557785034,-3.4641377925872803,2.0,-0.44832292199134827,0.8938716650009155,-0.46488824486732483,-1.0366063117980957,0.08521682769060135,-1.0938225984573364
2.72,136,0.6310495138168335,0.7757425904273987,0.682905375957489,2.698547601699829,-3.9098973274230957,2.0,-0.4418147802352905,0.8971062898635864,-0.4576205909252167,-1.072864294052124,0.12136372178792953,-1.1405259370803833
2.74,137,0.6706955432891846,0.7417327761650085,0.7351461052894592,2.612037181854248,-4.3255228996276855,2.0,-0.4346977472305298,0.9005764126777649,-0.4497026205062866,-1.1053932905197144,0.15884363651275635,-1.184848666191101
2.7600000000000002,138,0.7071807384490967,0.7070327997207642,0.7855027914047241,2.5178346633911133,-4.710124969482422,2.0,-0.42697566747665405,0.9042630791664124,-0.4411455988883972,-1.1341564655303955,0.19723030924797058,-1.2266484498977661
2.7800000000000002,139,0.7405135035514832,0.6720414757728577,0.833834171295166,2.4165680408477783,-5.063334941864014,2.0,-0.41865313053131104,0.9081462025642395,-0.43196171522140503,-1.159166693687439,0.23610475659370422,-1.2657958269119263
2.8000000000000003,140,0.770746111869812,0.6371423602104187,0.8800113797187805,2.3088626861572266,-5.385265827178955,2.0,-0.40973538160324097,0.9122044444084167,-0.4221639633178711,-1.1804815530776978,0.27506205439567566,-1.3021754026412964
2.82,141,0.7979691624641418,0.6026982665061951,0.9239180684089661,2.195333480834961,-5.676462650299072,2.0,-0.4002286195755005,0.9164153337478638,-0.41176629066467285,-1.1981977224349976,0.3137170374393463,-1.3356844186782837
2.84,142,0.8223048448562622,0.569047212600708,0.9654495716094971,2.0765764713287354,-5.937844276428223,2.0,-0.3901398777961731,0.9207556247711182,-0.4007834792137146,-1.2124446630477905,0.35170838236808777,-1.3662331104278564
2.86,143,0.843900740146637,0.5364993810653687,1.004512906074524,1.953163743019104,-6.170639514923096,2.0,-0.3794771730899811,0.9252011179924011,-0.3892311453819275,-1.2233779430389404,0.38870173692703247,-1.3937439918518066
2.88,144,0.8629229664802551,0.5053355097770691,1.0410256385803223,1.8256372213363647,-6.37632417678833,2.0,-0.36824968457221985,0.9297269582748413,-0.37712568044662476,-1.2311726808547974,0.4243914484977722,-1.4181512594223022
2.9,145,0.8795197010040283,0.47586241364479065,1.0748519897460938,1.6913186311721802,-6.715933322906494,1.8406227827072144,-0.3564675450325012,0.9343076944351196,-0.3644843101501465,-1.2359873056411743,0.458445280790329,-1.4393362998962402
2.92,146,0.893828272819519,0.44840937852859497,1.105811357498169,1.5479671955108643,-7.167569637298584,1.5450849533081055,-0.3441421687602997,0.9389175772666931,-0.35132497549057007,-1.2379704713821411,0.49050816893577576,-1.4571362733840942
2.94,147,0.9059972167015076,0.4232836365699768,1.1337296962738037,1.3959190845489502,-7.602404594421387,1.243449330329895,-0.3312861919403076,0.9435303211212158,-0.337666392326355,-1.2372833490371704,0.520246684551239,-1.4713960886001587
2.96,148,0.9161789417266846,0.40076944231987,1.1584397554397583,1.2355046272277832,-8.020722389221191,0.9369063377380371,-0.3179134726524353,0.9481196999549866,-0.323527991771698,-1.2340924739837646,0.547350287437439,-1.481967806816101
2.98,149,0.9245224595069885,0.3811275064945221,1.1797807216644287,1.067048192024231,-8.42282485961914,0.6266660690307617,-0.30403926968574524,0.9526594877243042,-0.30892980098724365,-1.2285617589950562,0.5715319514274597,-1.4887105226516724
3.0,150,0.9311660528182983,0.36459532380104065,1.1975980997085571,0.8908688426017761,-8.808965682983398,0.3139524459838867,-0.2896801233291626,0.9571235179901123,-0.29389262199401855,-1.220846176147461,0.5925281643867493,-1.4914907217025757
3.02,151,0.9362301826477051,0.3513873219490051,1.2117438316345215,0.7072831988334656,-9.179282188415527,0.0,-0.2748539447784424,0.9614859819412231,-0.2784378230571747,-1.2110841274261475,0.610098659992218,-1.490181565284729
3.04,152,0.9398107528686523,0.3416954576969147,1.2220759391784668,0.516608476638794,-9.533734321594238,-0.3139524459838867,-0.2595800459384918,0.965721607208252,-0.262587308883667,-1.1993907690048218,0.6240261197090149,-1.4846632480621338
3.06,153,0.9419727325439453,0.33568939566612244,1.228459358215332,0.31916770339012146,-9.872039794921875,-0.6266660690307617,-0.2438790500164032,0.9698056578636169,-0.24636366963386536,-1.185851812362671,0.6341162919998169,-1.474822998046875
3.08,154,0.9427443146705627,0.333516389131546,1.2307652235031128,0.11529535800218582,-10.19361686706543,-0.9369063377380371,-0.22777298092842102,0.973714292049408,-0.22978992760181427,-1.1705173254013062,0.6401978731155396,-1.4605551958084106
3.1,155,0.9421112537384033,0.3353005051612854,1.2288721799850464,-0.0946553498506546,-10.497535705566406,-1.243449330329895,-0.21128518879413605,0.9774244427680969,-0.2128896415233612,-1.1533963680267334,0.6421239376068115,-1.4417617321014404
3.12,156,0.9400122165679932,0.34114083647727966,1.2226660251617432,-0.3103046119213104,-10.782463073730469,-1.5450849533081055,-0.1944403052330017,0.9809143543243408,-0.19568683207035065,-1.13445246219635,0.6397734880447388,-1.4183528423309326
3.14,157,0.9363346695899963,0.3511087894439697,1.2120412588119507,-0.5312371850013733,-11.046627044677734,-1.8406227827072144,-0.17726421356201172,0.9841632843017578,-0.1782059371471405,-1.1135988235473633,0.6330544948577881,-1.3902472257614136
3.16,158,0.9309306740760803,0.36519598960876465,1.1969530582427979,-0.7544147968292236,-11.158881187438965,-2.0,-0.1597839742898941,0.9871519804000854,-0.1604718118906021,-1.0907145738601685,0.6219559907913208,-1.3574248552322388
3.18,159,0.9236227869987488,0.3833027482032776,1.177426815032959,-0.9763089418411255,-11.094709396362305,-2.0,-0.14202775061130524,0.9898626804351807,-0.14250962436199188,-1.065650463104248,0.6065599322319031,-1.3199365139007568
3.2,160,0.9141863584518433,0.4052940309047699,1.1534959077835083,-1.1965473890304565,-11.011923789978027,-2.0,-0.12402476370334625,0.9922791123390198,-0.12434494495391846,-1.0382111072540283,0.5869850516319275,-1.2778408527374268
3.22,161,0.9023544788360596,0.4309946298599243,1.1252015829086304,-1.4147142171859741,-10.908341407775879,-2.0,-0.10580514371395111,0.9943869113922119,-0.10600355267524719,-1.0081596374511719,0.5633922815322876,-1.2312051057815552
3.24,162,0.8878239393234253,0.4601832330226898,1.0925947427749634,-1.6303415298461914,-10.78136157989502,-2.0,-0.08739987760782242,0.9961733222007751,-0.08751153200864792,-0.9752238392829895,0.5359900593757629,-1.180106282234192
3.2600000000000002,163,0.8702633380889893,0.49258673191070557,1.0557366609573364,-1.8429021835327148,-10.628036499023438,-2.0,-0.06884065270423889,0.9976276755332947,-0.06889514625072479,-0.9391040205955505,0.5050409436225891,-1.1246318817138672
3.2800000000000002,164,0.8493225574493408,0.527874231338501,1.0147006511688232,-2.051805019378662,-10.445137977600098,-2.0,-0.05015980079770088,0.9987412095069885,-0.05018085613846779,-0.8994823694229126,0.47086697816848755,-1.064881443977356
3.3000000000000003,165,0.824644148349762,0.5656518340110779,0.9695727825164795,-2.256390333175659,-10.229264259338379,-2.0,-0.031390100717544556,0.9995071887969971,-0.031395260244607925,-0.8560342788696289,0.4338553547859192,-1.000968098640442
3.3200000000000003,166,0.7958767414093018,0.6054587364196777,0.920454204082489,-2.4559290409088135,-9.97693920135498,-2.0,-0.01256471686065197,0.9999210834503174,-0.012565047480165958,-0.8084414601325989,0.39446234703063965,-0.9330192804336548
3.34,167,0.7626897692680359,0.6467645168304443,0.8674617409706116,-2.6496241092681885,-9.684754371643066,-2.0,0.006282978691160679,0.9999802708625793,0.006283020135015249,-0.7564067840576172,0.3532157242298126,-0.8611786961555481
3.36,168,0.7247899174690247,0.6889699101448059,0.810729444026947,-2.8366141319274902,-9.349505424499512,-2.0,0.025119516998529434,0.9996844530105591,0.025122158229351044,-0.6996704339981079,0.3107145428657532,-0.7856072783470154
3.38,169,0.6819385886192322,0.7314094305038452,0.7504098415374756,-3.015981435775757,-8.968358993530273,-2.0,0.04391147568821907,0.9990354180335999,0.04392559826374054,-0.6380270719528198,0.26762598752975464,-0.7064842581748962
3.4,170,0.6339689493179321,0.7733584642410278,0.6866745948791504,-3.1867618560791016,-8.539018630981445,-2.0,0.06262560933828354,0.9980370998382568,0.06266661733388901,-0.5713433623313904,0.22467860579490662,-0.6240079998970032
3.42,171,0.5808035135269165,0.8140437602996826,0.6197153925895691,-3.3479597568511963,-8.059897422790527,-2.0,0.08122898638248444,0.9966954588890076,0.08131857961416245,-0.4995745122432709,0.18265168368816376,-0.5383968353271484
3.44,172,0.5224690437316895,0.8526582717895508,0.5497440695762634,-3.498565435409546,-7.530284404754639,-2.0,0.09968913346529007,0.9950186610221863,0.09985499083995819,-0.42277991771698,0.1423603743314743,-0.44988909363746643
3.46,173,0.4591095447540283,0.888379693031311,0.47699257731437683,-3.637575387954712,-6.950492858886719,-2.0,0.11797410994768143,0.9930166602134705,0.11824949830770493,-0.3411354124546051,0.10463700443506241,-0.3587431013584137
3.48,174,0.3909949064254761,0.9203928709030151,0.4017122983932495,-3.764014959335327,-6.321985721588135,-2.0,0.1360526978969574,0.9907016158103943,0.13647596538066864,-0.2549421787261963,0.07030875235795975,-0.2652363181114197
3.5,175,0.3185249865055084,0.9479144811630249,0.3241730034351349,-3.8769640922546387,-5.647459030151367,-2.0,0.15389446914196014,0.9880872964859009,0.15450850129127502,-0.16463050246238708,0.040172819048166275,-0.16966450214385986
3.52,176,0.24222779273986816,0.9702194333076477,0.2446613609790802,-3.9755818843841553,-4.930881977081299,-2.0,0.17146988213062286,0.9851893782615662,0.17232146859169006,-0.0707579031586647,0.014969954267144203,-0.07233990728855133
3.54,177,0.16275154054164886,0.9866670966148376,0.16347874701023102,-4.059131145477295,-4.177475452423096,-2.0,0.18875043094158173,0.9820250868797302,0.1898895502090454,0.025998886674642563,-0.004641995299607515,0.02641080692410469
3.56,178,0.08085031807422638,0.9967262744903564,0.0809386596083641,-4.127004146575928,-3.3936359882354736,-2.0,0.20570865273475647,0.9786132574081421,0.20718778669834137,0.12485833466053009,-0.018112974241375923,0.12624913454055786
3.58,179,-0.0026361350901424885,0.999996542930603,-0.002636138116940856,-4.17874002456665,-2.586791515350342,-2.0,0.22231827676296234,0.9749741554260254,0.2241916060447693,0.22495441138744354,-0.02502238005399704,0.2268277406692505
3.6,180,-0.08680762350559235,0.996225118637085,-0.08691702038049698,-4.214044094085693,-1.765202522277832,-2.0,0.2385542392730713,0.9711291790008545,0.24087683856487274,0.32536184787750244,-0.025095919147133827,0.3277938663959503
3.62,181,-0.17073243856430054,0.9853174090385437,-0.1715729832649231,-4.232798099517822,-0.9377150535583496,-2.0,0.2543927729129791,0.967100977897644,0.25721976161003113,0.42512521147727966,-0.018216440454125404,0.4287927448749542
3.64,182,-0.2534783184528351,0.9673410654067993,-0.25627434253692627,-4.235067844390869,-0.11347479373216629,-2.0,0.2698114216327667,0.9629132151603699,0.2731971740722656,0.5232897400856018,-0.0044278791174292564,0.5294715166091919
3.66,183,-0.3341434895992279,0.9425222277641296,-0.3406963348388672,-4.221100330352783,0.6983758211135864,-2.0,0.2847890555858612,0.9585902094841003,0.2887863516807556,0.6189325451850891,0.016067998483777046,0.6294826865196228
3.68,184,-0.41188594698905945,0.9112353920936584,-0.4245227575302124,-4.191319942474365,1.4890025854110718,-2.0,0.29930591583251953,0.9541571736335754,0.30396515130996704,0.7111918330192566,0.04292178899049759,0.7284879088401794
3.7,185,-0.4859493672847748,0.8739869594573975,-0.5074490904808044,-4.146317005157471,2.25016713142395,-2.0,0.31334367394447327,0.9496397972106934,0.3187119960784912,0.799293041229248,0.0756528228521347,0.8261610865592957
3.72,186,-0.5556841492652893,0.8313934803009033,-0.5891855955123901,-4.086827278137207,2.9744789600372314,-2.0,0.32688531279563904,0.9450640082359314,0.3330059349536896,0.882569432258606,0.11367052793502808,0.9221915602684021
3.74,187,-0.6205625534057617,0.7841569185256958,-0.6694599390029907,-4.0137152671813965,3.6556026935577393,-2.0,0.33991512656211853,0.9404560923576355,0.3468266427516937,0.9604777097702026,0.1562991887331009,1.0162866115570068
3.7600000000000002,188,-0.6801878809928894,0.7330378293991089,-0.7480188608169556,-3.9279470443725586,4.28840446472168,-2.0,0.35241883993148804,0.9358423948287964,0.36015450954437256,1.0326067209243774,0.2028045356273651,1.1081733703613281
3.7800000000000002,189,-0.7342967987060547,0.6788285374641418,-0.8246302008628845,-3.830566167831421,4.869040012359619,-2.0,0.36438336968421936,0.9312490224838257,0.3729705810546875,1.0986801385879517,0.25242048501968384,1.1976007223129272
3.8000000000000003,190,-0.7827568650245667,0.6223276257514954,-0.8990835547447205,-3.7226667404174805,5.394979953765869,-2.0,0.37579697370529175,0.9267020225524902,0.3852566182613373,1.1585538387298584,0.30437442660331726,1.2843401432037354
3.8200000000000003,191,-0.8255583047866821,0.5643168091773987,-0.971190869808197,-3.6053671836853027,5.864978313446045,-2.0,0.3866489827632904,0.9222269654273987,0.3969951868057251,1.212207317352295,0.35791015625,1.368186116218567
3.84,192,-0.8628021478652954,0.5055417418479919,-1.040786623954773,-3.4797871112823486,6.278995513916016,-2.0,0.3969299793243408,0.9178488850593567,0.40816962718963623,1.2597321271896362,0.41230717301368713,1.4489562511444092
3.86,193,-0.894685685634613,0.4466961622238159,-1.1077271699905396,-3.3470256328582764,6.638078689575195,-2.0,0.40663158893585205,0.9135922193527222,0.41876402497291565,1.3013173341751099,0.46689605712890625,1.5264911651611328
3.88,194,-0.9214863181114197,0.3884108066558838,-1.1718899011611938,-3.208141326904297,6.944218158721924,-2.0,0.41574639081954956,0.9094805717468262,0.42876332998275757,1.3372327089309692,0.5210697650909424,1.6006532907485962
3.9,195,-0.9435233473777771,0.33130595088005066,-1.2331089973449707,-3.0609500408172607,7.359565258026123,-1.8406227827072144,0.42426797747612,0.9055367112159729,0.43815332651138306,1.3677912950515747,0.5742307305335999,1.671262264251709
3.92,196,-0.9611620306968689,0.27598461508750916,-1.2911823987960815,-2.9036715030670166,7.863926887512207,-1.5450849533081055,0.43219074606895447,0.901782214641571,0.4469207227230072,1.393352746963501,0.6257976293563843,1.7381031513214111
3.94,197,-0.974822461605072,0.22298237681388855,-1.3459235429763794,-2.7370567321777344,8.330734252929688,-1.243449330329895,0.43950989842414856,0.8982377648353577,0.4550529718399048,1.414332389831543,0.6752553582191467,1.8009765148162842
3.96,198,-0.9849629402160645,0.17276565730571747,-1.397159457206726,-2.561797618865967,8.762954711914062,-0.9369063377380371,0.44622138142585754,0.8949226140975952,0.46253859996795654,1.4311844110488892,0.7221569418907166,1.8596980571746826
3.98,199,-0.9920641183853149,0.12573280930519104,-1.4447298049926758,-2.3785195350646973,9.163910865783691,-0.6266660690307617,0.45232176780700684,0.8918548226356506,0.4693669378757477,1.4443858861923218,0.7661219835281372,1.9140968322753906
4.0,200,-0.996614396572113,0.08221801370382309,-1.4884854555130005,-2.187777042388916,9.53712272644043,-0.3139524459838867,0.45780816674232483,0.8890510201454163,0.4755282700061798,1.4544224739074707,0.8068329691886902,1.964013695716858
4.0200000000000005,201,-0.9990965723991394,0.04249705746769905,-1.5282864570617676,-1.990053415298462,9.886176109313965,0.0,0.4626781940460205,0.8865262866020203,0.48101383447647095,1.4617748260498047,0.8440292477607727,2.0093002319335938
4.04,202,-0.9999769330024719,0.006794573273509741,-1.5640016794204712,-1.7857615947723389,10.214592933654785,0.3139524459838867,0.46692997217178345,0.8842942714691162,0.4858158528804779,1.4669069051742554,0.8774996995925903,2.0498175621032715
4.0600000000000005,203,-1.0,6.123234262925839e-17,-1.5707963705062866,-1.575247049331665,10.525727272033691,0.6266660690307617,0.4705619513988495,0.882366955280304,0.4899275302886963,1.4705619812011719,0.882366955280304,2.0607237815856934
4.08,204,-1.0,6.123234262925839e-17,-1.5707963705062866,-1.3587336540222168,10.825668334960938,0.9369063377380371,0.47357288002967834,0.8807546496391296,0.49334296584129333,1.473572850227356,0.8807546496391296,2.0641393661499023
4.1,205,-1.0,6.123234262925839e-17,-1.5707963705062866,-1.1363059282302856,11.12138557434082,1.243449330329895,0.475961834192276,0.8794659376144409,0.4960573613643646,1.4759618043899536,0.8794659376144409,2.0668537616729736
4.12,206,-1.0,6.123234262925839e-17,-1.5707963705062866,-0.9080679416656494,11.411900520324707,1.5450849533081055,0.47772809863090515,0.8785077333450317,0.49806681275367737,1.4777281284332275,0.8785077333450317,2.0688631534576416
4.14,207,-1.0,6.123234262925839e-17,-1.5707963705062866,-0.6741474270820618,11.696025848388672,1.8406227827072144,0.47887122631073,0.8778851628303528,0.49936848878860474,1.47887122631073,0.8778851628303528,2.070164918899536
4.16,208,-1.0,6.123234262925839e-17,-1.5707963705062866,-0.4372732937335968,11.843707084655762,2.0,0.4793908894062042,0.8776015043258667,0.4999605119228363,1.4793908596038818,0.8776015043258667,2.0707569122314453
4.18,209,-1.0,6.123234262925839e-17,-1.5707963705062866,-0.20063602924346924,11.831863403320312,2.0,0.47928696870803833,0.8776582479476929,0.49984210729599,1.4792869091033936,0.8776582479476929,2.070638418197632
4.2,210,-0.9999997615814209,0.0007152921753004193,-1.5700809955596924,0.03576461225748062,11.820032119750977,2.0,0.4785594642162323,0.8780551552772522,0.49901336431503296,1.478559136390686,0.8773398399353027,2.06909441947937
4.22,211,-0.9999810457229614,0.006153829395771027,-1.5646424293518066,0.2719287872314453,11.808209419250488,2.0,0.47720855474472046,0.8787900805473328,0.4974755048751831,1.4771896600723267,0.8726362586021423,2.0621180534362793
4.24,212,-0.9998669624328613,0.016310207545757294,-1.5544854402542114,0.5078531503677368,11.796217918395996,2.0,0.47523465752601624,0.8798590898513794,0.49523070454597473,1.4751015901565552,0.8635488748550415,2.049715995788574
4.26,213,-0.9995139241218567,0.031176263466477394,-1.5396150350570679,0.7435191869735718,11.783302307128906,2.0,0.4726382791996002,0.8812565207481384,0.4922821819782257,1.4721522331237793,0.8500802516937256,2.0318970680236816
4.28,214,-0.9987120628356934,0.05073712766170502,-1.5200374126434326,0.9788802862167358,11.768054962158203,2.0,0.4694202244281769,0.8829748630523682,0.48863404989242554,1.4681322574615479,0.8322377800941467,2.008671522140503
4.3,215,-0.9971861243247986,0.07496549934148788,-1.495760440826416,1.2138487100601196,11.748420715332031,2.0,0.4655815362930298,0.885004997253418,0.48429158329963684,1.4627676010131836,0.8100395202636719,1.9800519943237305
4.32,216,-0.9945967197418213,0.10381416976451874,-1.466794729232788,1.4482828378677368,11.72170352935791,2.0,0.4611234664916992,0.8873359560966492,0.4792608916759491,1.4557201862335205,0.783521831035614,1.9460556507110596
4.34,217,-0.9905424118041992,0.13720685243606567,-1.4331552982330322,1.6819744110107422,11.684579849243164,2.0,0.45604774355888367,0.8899553418159485,0.47354915738105774,1.4465901851654053,0.7527484893798828,1.9067044258117676
4.36,218,-0.9845635294914246,0.17502757906913757,-1.3948625326156616,1.9146368503570557,11.633122444152832,2.0,0.4503563940525055,0.8928488492965698,0.46716445684432983,1.4349199533462524,0.7178213000297546,1.8620270490646362
4.38,219,-0.9761474132537842,0.2171088010072708,-1.3519446849822998,2.1458935737609863,11.562836647033691,2.0,0.44405198097229004,0.8960010409355164,0.460115909576416,1.4201993942260742,0.678892195224762,1.8120605945587158
4.4,220,-0.9647362232208252,0.2632186710834503,-1.3044393062591553,2.375267744064331,11.468711853027344,2.0,0.43713751435279846,0.899394690990448,0.45241352915763855,1.4018737077713013,0.6361759901046753,1.7568528652191162
4.42,221,-0.9497373700141907,0.3130478262901306,-1.2523958683013916,2.6021738052368164,11.345298767089844,2.0,0.42961665987968445,0.9030113816261292,0.44406822323799133,1.3793540000915527,0.5899635553359985,1.6964640617370605
4.44,222,-0.9305374026298523,0.366196870803833,-1.1958776712417603,2.8259100914001465,11.18681526184082,2.0,0.4214937090873718,0.9068313241004944,0.43509188294410706,1.3520311117172241,0.5406344532966614,1.630969524383545
4.46,223,-0.9065191745758057,0.42216458916664124,-1.1349645853042603,3.0456554889678955,10.987276077270508,2.0,0.4127737283706665,0.9108335971832275,0.42549723386764526,1.3192929029464722,0.4886690080165863,1.5604617595672607
4.48,224,-0.8770829439163208,0.480338990688324,-1.06975519657135,3.2604689598083496,10.740670204162598,2.0,0.40346255898475647,0.9149961471557617,0.4152979552745819,1.2805454730987549,0.43465715646743774,1.4850530624389648
4.5,225,-0.8416704535484314,0.5399914979934692,-1.0003693103790283,3.469292163848877,10.441160202026367,2.0,0.39356696605682373,0.9192959666252136,0.404508501291275,1.2352374792099,0.379304438829422,1.404877781867981
4.5200000000000005,226,-0.7997928857803345,0.6002760529518127,-0.9269501566886902,3.6709587574005127,10.083322525024414,2.0,0.3830946385860443,0.9237090945243835,0.3931442201137543,1.1828875541687012,0.3234330713748932,1.320094347000122
4.54,227,-0.7510599493980408,0.6602340340614319,-0.8496659994125366,3.8642070293426514,9.662420272827148,2.0,0.3720543384552002,0.928210973739624,0.3812212646007538,1.1231142282485962,0.26797690987586975,1.2308872938156128
4.5600000000000005,228,-0.6952099800109863,0.7188066840171814,-0.7687119841575623,4.047700881958008,9.174687385559082,2.0,0.36045587062835693,0.9327762722969055,0.36875656247138977,1.0556658506393433,0.21396955847740173,1.1374685764312744
4.58,229,-0.6321392059326172,0.774854838848114,-0.6843109130859375,4.220053195953369,8.61762523651123,2.0,0.3483102321624756,0.9373793005943298,0.3557678461074829,0.9804494380950928,0.1625244915485382,1.0400787591934204
4.6000000000000005,230,-0.5619271397590637,0.8271867036819458,-0.5967137217521667,4.37985897064209,7.990283012390137,2.0,0.3356296420097351,0.9419940114021301,0.3422735631465912,0.8975567817687988,0.11480730772018433,0.9389873147010803
4.62,231,-0.4848565459251404,0.8745936751365662,-0.5061991214752197,4.525729179382324,7.293512344360352,2.0,0.32242754101753235,0.9465941190719604,0.3282928764820099,0.8072841167449951,0.07200045883655548,0.834492027759552
4.64,232,-0.401425302028656,0.9158917665481567,-0.41307249665260315,4.656332492828369,6.530156135559082,2.0,0.308718740940094,0.9511533975601196,0.313845694065094,0.71014404296875,0.0352616049349308,0.7269181609153748
4.66,233,-0.3123480975627899,0.9499677419662476,-0.3176637887954712,4.770435810089111,5.705165386199951,2.0,0.2945193350315094,0.9556455016136169,0.29895249009132385,0.6068674325942993,0.005677803419530392,0.6166162490844727
4.68,234,-0.21854661405086517,0.9758265018463135,-0.2203248292207718,4.866948127746582,4.825613021850586,2.0,0.27984675765037537,0.9600446820259094,0.2836344838142395,0.49839335680007935,-0.0157818254083395,0.5039592981338501
4.7,235,-0.12112746387720108,0.9926369786262512,-0.12142562866210938,4.94495964050293,3.90059494972229,2.0,0.2647198438644409,0.9643253684043884,0.2679134011268616,0.3858473300933838,-0.028311600908637047,0.38933902978897095
4.72,236,-0.021348409354686737,0.9997720718383789,-0.021350029855966568,5.003779888153076,2.941012382507324,2.0,0.2491588294506073,0.9684626460075378,0.25181159377098083,0.27050724625587463,-0.03130946308374405,0.2731616199016571
4.74,237,0.07942552119493484,0.99684077501297,0.07950926572084427,5.042964935302734,1.959238886833191,2.0,0.23318526148796082,0.9724323153495789,0.23535196483135223,0.15375974774360657,-0.024408474564552307,0.15584270656108856
4.76,238,0.17977334558963776,0.9837080836296082,0.18075603246688843,5.062338829040527,0.9686874151229858,2.0,0.2168220430612564,0.9762111306190491,0.21855787932872772,0.037048693746328354,-0.007496911566704512,0.037801843136548996
4.78,239,0.27827349305152893,0.9605019092559814,0.28199613094329834,5.062004566192627,-0.01669345237314701,2.0,0.2000933736562729,0.9797768592834473,0.20145322382450104,-0.07818011939525604,0.01927495189011097,-0.0805429145693779
4.8,240,0.37355920672416687,0.9276063442230225,0.3828430473804474,5.0423455238342285,-0.9829632043838501,2.0,0.18302473425865173,0.9831082820892334,0.18406227231025696,-0.19053447246551514,0.055501967668533325,-0.19878076016902924
4.82,241,0.46437010169029236,0.8856412172317505,0.4829232692718506,5.0040106773376465,-1.9167330265045166,2.0,0.16564279794692993,0.9861857891082764,0.16640977561473846,-0.2987273335456848,0.10054457932710648,-0.3165134787559509
4.84,242,0.5495965480804443,0.8354302048683167,0.5818812251091003,4.947897434234619,-2.805671453475952,2.0,0.1479753702878952,0.9889910221099854,0.1485207974910736,-0.40162116289138794,0.1535608172416687,-0.43336042761802673
4.86,243,0.6283136010169983,0.7779601812362671,0.6793835759162903,4.875118732452393,-3.638936758041382,2.0,0.13005132973194122,0.9915072321891785,0.1304207593202591,-0.4982622563838959,0.21354709565639496,-0.5489628314971924
4.88,244,0.69980388879776,0.714335024356842,0.7751229405403137,4.786968231201172,-4.407512187957764,2.0,0.11190052330493927,0.9937193989753723,0.1121353805065155,-0.5879033803939819,0.27938440442085266,-0.6629875898361206
4.9,245,0.7635266780853271,0.6457762718200684,0.8687567710876465,4.681692123413086,-5.2638020515441895,1.8406227827072144,0.09355364739894867,0.995614230632782,0.0936906561255455,-0.6699730157852173,0.3498379588127136,-0.7750661373138428
4.92,246,0.8191450834274292,0.5735863447189331,0.9599189758300781,4.558108329772949,-6.179196357727051,1.5450849533081055,0.07504218071699142,0.9971803426742554,0.07511279731988907,-0.7441028952598572,0.42359399795532227,-0.8848061561584473
4.94,247,0.8665626645088196,0.49906831979751587,1.048272967338562,4.417703151702881,-7.020269393920898,1.243449330329895,0.05639825016260147,0.9984083771705627,0.05642819404602051,-0.8101643919944763,0.4993400275707245,-0.9918448328971863
4.96,248,0.9059054851531982,0.4234798848628998,1.13351309299469,4.2620038986206055,-7.784958362579346,0.9369063377380371,0.03765450045466423,0.9992908239364624,0.037663403898477554,-0.8682510256767273,0.5758109092712402,-1.0958497524261475
4.98,249,0.9374960660934448,0.3479958474636078,1.21536386013031,4.092536449432373,-8.473366737365723,0.6266660690307617,0.01884397678077221,0.9998224377632141,0.01884509064257145,-0.9186521172523499,0.6518265604972839,-1.1965187788009644
5.0,250,0.9618209004402161,0.2736797332763672,1.2935795783996582,3.9107863903045654,-9.08751106262207,0.3139524459838867,1.8369701465288538e-16,1.0,1.8369701465288538e-16,-0.9618209004402161,0.7263202667236328,-1.2935795783996582
5.0200000000000005,251,0.9794957041740417,0.20146508514881134,1.3679429292678833,3.7181663513183594,-9.631002426147461,0.0,-0.01884397678077221,0.9998224377632141,-0.01884509064257145,-0.9983396530151367,0.798357367515564,-1.386788010597229
5.04,252,0.9912302494049072,0.132145956158638,1.438262701034546,3.5159919261932373,-10.108713150024414,-0.3139524459838867,-0.03765450045466423,0.9992908239364624,-0.037663403898477554,-1.028884768486023,0.8671448826789856,-1.475926160812378
5.0600000000000005,253,0.9977946877479553,0.0663755014538765,1.504372000694275,3.3054633140563965,-10.526434898376465,-0.6266660690307617,-0.05639825016260147,0.9984083771705627,-0.05642819404602051,-1.0541930198669434,0.9320328235626221,-1.5608001947402954
5.08,254,0.9999890923500061,0.004671272821724415,1.5661250352859497,3.0876524448394775,-10.890545845031738,-0.9369063377380371,-0.07504218071699142,0.9971803426742554,-0.07511279731988907,-1.0750312805175781,0.9925090670585632,-1.6412378549575806
5.1000000000000005,255,1.0,6.123234262925839e-17,1.5707963705062866,2.8634979724884033,-11.207724571228027,-1.243449330329895,-0.09355364739894867,0.995614230632782,-0.0936906561255455,-1.0935536623001099,0.995614230632782,-1.6644870042800903
5.12,256,1.0,6.123234262925839e-17,1.5707963705062866,2.633532762527466,-11.498259544372559,-1.5450849533081055,-0.11190052330493927,0.9937193989753723,-0.1121353805065155,-1.1119005680084229,0.9937193989753723,-1.682931661605835
5.14,257,1.0,6.123234262925839e-17,1.5707963705062866,2.3978867530822754,-11.782299041748047,-1.8406227827072144,-0.13005132973194122,0.9915072321891785,-0.1304207593202591,-1.1300513744354248,0.9915072321891785,-1.7012170553207397
5.16,258,1.0,6.123234262925839e-17,1.5707963705062866,2.1592888832092285,-11.92989444732666,-2.0,-0.1479753702878952,0.9889910221099854,-0.1485207974910736,-1.1479753255844116,0.9889910221099854,-1.719317078590393
5.18,259,1.0,6.123234262925839e-17,1.5707963705062866,1.9209295511245728,-11.917963981628418,-2.0,-0.16564279794692993,0.9861857891082764,-0.16640977561473846,-1.1656427383422852,0.9861857891082764,-1.7372061014175415
5.2,260,1.0,6.123234262925839e-17,1.5707963705062866,1.6828086376190186,-11.906046867370605,-2.0,-0.18302473425865173,0.9831082820892334,-0.18406227231025696,-1.1830247640609741,0.9831082820892334,-1.7548586130142212
5.22,261,1.0,6.123234262925839e-17,1.5707963705062866,1.4449257850646973,-11.894140243530273,-2.0,-0.2000933736562729,0.9797768592834473,-0.20145322382450104,-1.200093388557434,0.9797768592834473,-1.7722495794296265
5.24,262,1.0,6.123234262925839e-17,1.5707963705062866,1.2072808742523193,-11.882246017456055,-2.0,-0.2168220430612564,0.9762111306190491,-0.21855787932872772,-1.2168220281600952,0.9762111306190491,-1.7893542051315308
5.26,263,1.0,6.123234262925839e-17,1.5707963705062866,0.9698736071586609,-11.87036418914795,-2.0,-0.23318526148796082,0.9724323153495789,-0.23535196483135223,-1.2331852912902832,0.9724323153495789,-1.8061482906341553
5.28,264,1.0,6.123234262925839e-17,1.5707963705062866,0.7327037453651428,-11.85849380493164,-2.0,-0.2491588294506073,0.9684626460075378,-0.25181159377098083,-1.2491588592529297,0.9684626460075378,-1.8226078748703003
5.3,265,1.0,6.123234262925839e-17,1.5707963705062866,0.49577102065086365,-11.846634864807129,-2.0,-0.2647198438644409,0.9643253684043884,-0.2679134011268616,-1.264719843864441,0.9643253684043884,-1.8387097120285034
5.32,266,1.0,6.123234262925839e-17,1.5707963705062866,0.25907525420188904,-11.83478832244873,-2.0,-0.27984675765037537,0.9600446820259094,-0.2836344838142395,-1.2798467874526978,0.9600446820259094,-1.8544307947158813
5.34,267,1.0,6.123234262925839e-17,1.5707963705062866,0.02261616662144661,-11.822954177856445,-2.0,-0.2945193350315094,0.9556455016136169,-0.29895249009132385,-1.294519305229187,0.9556455016136169,-1.869748830795288
5.36,268,0.9999908804893494,0.004272115882486105,1.5665241479873657,-0.21360644698143005,-11.81113052368164,-2.0,-0.308718740940094,0.9511533975601196,-0.313845694065094,-1.3087096214294434,0.9468812346458435,-1.8803699016571045
5.38,269,0.9999120235443115,0.013263560831546783,1.5575324296951294,-0.4495910406112671,-11.799230575561523,-2.0,-0.32242754101753235,0.9465941190719604,-0.3282928764820099,-1.3223395347595215,0.9333305954933167,-1.885825276374817
5.4,270,0.9996362924575806,0.026967164129018784,1.5438258647918701,-0.6853241920471191,-11.786657333374023,-2.0,-0.3356296420097351,0.9419940114021301,-0.3422735631465912,-1.3352659940719604,0.915026843547821,-1.8860994577407837
5.42,271,0.9989702701568604,0.045370206236839294,1.525410532951355,-0.9207675457000732,-11.77216625213623,-2.0,-0.3483102321624756,0.9373793005943298,-0.3557678461074829,-1.347280502319336,0.8920091390609741,-1.881178379058838
5.44,272,0.9976546168327332,0.06844911724328995,1.5022937059402466,-1.1558446884155273,-11.753859519958496,-2.0,-0.36045587062835693,0.9327762722969055,-0.36875656247138977,-1.3581104278564453,0.8643271327018738,-1.871050238609314
5.46,273,0.9953656792640686,0.09616242349147797,1.4744850397109985,-1.3904286623001099,-11.729199409484863,-2.0,-0.3720543384552002,0.928210973739624,-0.3812212646007538,-1.367419958114624,0.8320485353469849,-1.8557063341140747
5.48,274,0.9917170405387878,0.12844203412532806,1.4419984817504883,-1.6243289709091187,-11.695015907287598,-2.0,-0.3830946385860443,0.9237090945243835,-0.3931442201137543,-1.3748116493225098,0.7952670454978943,-1.835142731666565
5.5,275,0.9862629771232605,0.16518287360668182,1.4048528671264648,-1.8572795391082764,-11.647527694702148,-2.0,-0.39356696605682373,0.9192959666252136,-0.404508501291275,-1.3798298835754395,0.7541130781173706,-1.809361457824707
5.5200000000000005,276,0.9785032272338867,0.20623137056827545,1.3630743026733398,-2.0889270305633545,-11.582375526428223,-2.0,-0.40346255898475647,0.9149961471557617,-0.4152979552745819,-1.3819658756256104,0.7087647914886475,-1.7783722877502441
5.54,277,0.9678903222084045,0.2513728439807892,1.3166979551315308,-2.3188204765319824,-11.494670867919922,-2.0,-0.4127737283706665,0.9108335971832275,-0.42549723386764526,-1.3806641101837158,0.6594607830047607,-1.7421952486038208
5.5600000000000005,278,0.9538390040397644,0.3003183603286743,1.2657699584960938,-2.5464017391204834,-11.379063606262207,-2.0,-0.4214937090873718,0.9068313241004944,-0.43509188294410706,-1.3753327131271362,0.6065129637718201,-1.7008618116378784
5.58,279,0.9357394576072693,0.35269197821617126,1.2103499174118042,-2.770998477935791,-11.229840278625488,-2.0,-0.42961665987968445,0.9030113816261292,-0.44406822323799133,-1.3653560876846313,0.5503193736076355,-1.6544181108474731
5.6000000000000005,280,0.9129735827445984,0.40801864862442017,1.1505135297775269,-2.9918196201324463,-11.041054725646973,-2.0,-0.43713751435279846,0.899394690990448,-0.45241352915763855,-1.3501111268997192,0.49137604236602783,-1.6029270887374878
5.62,281,0.8849350214004517,0.4657144844532013,1.0863544940948486,-3.2079532146453857,-10.806679725646973,-2.0,-0.44405198097229004,0.8960010409355164,-0.460115909576416,-1.3289870023727417,0.4302865266799927,-1.5464704036712646
5.64,282,0.8510528206825256,0.5250800848007202,1.0179871320724487,-3.4183695316314697,-10.520814895629883,-2.0,-0.4503563940525055,0.8928488492965698,-0.46716445684432983,-1.3014092445373535,0.3677687644958496,-1.4851515293121338
5.66,283,0.8108181357383728,0.5852981805801392,0.9455485343933105,-3.6219277381896973,-10.177909851074219,-2.0,-0.45604774355888367,0.8899553418159485,-0.47354915738105774,-1.266865849494934,0.30465710163116455,-1.419097661972046
5.68,284,0.763813316822052,0.6454372406005859,0.8692007660865784,-3.8173882961273193,-9.773029327392578,-2.0,-0.4611234664916992,0.8873359560966492,-0.4792608916759491,-1.224936842918396,0.241898775100708,-1.348461627960205
5.7,285,0.7097421884536743,0.7044615149497986,0.7891321778297424,-4.00343132019043,-9.302139282226562,-2.0,-0.4655815362930298,0.885004997253418,-0.48429158329963684,-1.175323724746704,0.1805434674024582,-1.273423671722412
5.72,286,0.6484591364860535,0.7612494826316833,0.7055585384368896,-4.1786789894104,-8.762398719787598,-2.0,-0.4694202244281769,0.8829748630523682,-0.48863404989242554,-1.1178793907165527,0.1217254176735878,-1.19419264793396
5.74,287,0.5799961686134338,0.8146191835403442,0.61872398853302,-4.341728210449219,-8.152450561523438,-2.0,-0.4726382791996002,0.8812565207481384,-0.4922821819782257,-1.0526344776153564,0.066637322306633,-1.1110061407089233
5.76,288,0.5045842528343201,0.8633624315261841,0.5289003849029541,-4.49118185043335,-7.4726762771606445,-2.0,-0.47523465752601624,0.8798590898513794,-0.49523070454597473,-0.9798189401626587,0.01649664342403412,-1.0241310596466064
5.78,289,0.4226674437522888,0.9062848687171936,0.4363865852355957,-4.62568998336792,-6.725412368774414,-2.0,-0.47720855474472046,0.8787900805473328,-0.4974755048751831,-0.8998759984970093,-0.02749478444457054,-0.9338620901107788
5.8,290,0.334907203912735,0.9422510862350464,0.3415067493915558,-4.743991374969482,-5.915082931518555,-2.0,-0.4785594642162323,0.8780551552772522,-0.49901336431503296,-0.8134666681289673,-0.06419596076011658,-0.8405200839042664
5.82,291,0.2421756386756897,0.9702324271202087,0.244607612490654,-4.844956398010254,-5.0482401847839355,-2.0,-0.47928696870803833,0.8776582479476929,-0.49984210729599,-0.721462607383728,-0.09257417172193527,-0.7444497346878052
5.84,292,0.1455363631248474,0.9893528819084167,0.14605508744716644,-4.927626132965088,-4.133495330810547,-2.0,-0.4793908894062042,0.8776015043258667,-0.4999605119228363,-0.624927282333374,-0.11175141483545303,-0.6460155844688416
5.86,293,0.04621357098221779,0.9989315867424011,0.04623003304004669,-4.991252899169922,-3.181330442428589,-2.0,-0.47887122631073,0.8778851628303528,-0.49936848878860474,-0.5250847935676575,-0.12104643136262894,-0.5455985069274902
5.88,294,-0.054449599236249924,0.9985164999961853,-0.0544765405356884,-5.0353288650512695,-2.2037925720214844,-2.0,-0.47772809863090515,0.8785077333450317,-0.49806681275367737,-0.4232785105705261,-0.12000877410173416,-0.4435902535915375
5.9,295,-0.15497781336307526,0.987917959690094,-0.1556050032377243,-5.056422710418701,-1.0547057390213013,-1.8406227827072144,-0.475961834192276,0.8794659376144409,-0.4960573613643646,-0.32098400592803955,-0.10845200717449188,-0.3404523432254791
5.92,296,-0.25383418798446655,0.967247724533081,-0.25664222240448,-5.05186128616333,0.228068545460701,-1.5450849533081055,-0.47357288002967834,0.8807546496391296,-0.49334296584129333,-0.2197386771440506,-0.0864931046962738,-0.23670074343681335
5.94,297,-0.34953969717025757,0.9369215369224548,-0.35707974433898926,-5.021876335144043,1.4992570877075195,-1.243449330329895,-0.4705619513988495,0.882366955280304,-0.4899275302886963,-0.12102225422859192,-0.05455459654331207,-0.13284777104854584
5.96,298,-0.44073739647865295,0.8976360559463501,-0.45642000436782837,-4.967012882232666,2.7431716918945312,-0.9369063377380371,-0.46692997217178345,0.8842942714691162,-0.4858158528804779,-0.026192571967840195,-0.013341790996491909,-0.029395857825875282
5.98,299,-0.526248037815094,0.8503311276435852,-0.5541821122169495,-4.888106346130371,3.9453184604644775,-0.6266660690307617,-0.4626781940460205,0.8865262866020203,-0.48101383447647095,0.0635698214173317,0.03619517758488655,0.0731683000922203
6.0,300,-0.6051124334335327,0.7961400151252747,-0.649907112121582,-4.786247730255127,5.0929460525512695,-0.3139524459838867,-0.45780816674232483,0.8890510201454163,-0.4755282700061798,0.14730428159236908,0.09291098266839981,0.17437882721424103
6.0200000000000005,301,-0.6766194701194763,0.736332893371582,-0.7431618571281433,-4.66273832321167,6.1754655838012695,0.0,-0.45232176780700684,0.8918548226356506,-0.4693669378757477,0.22429770231246948,0.1555219441652298,0.27379491925239563
6.04,302,-0.7403176426887512,0.6722572445869446,-0.8335427045822144,-4.519043922424316,7.184726238250732,0.3139524459838867,-0.44622138142585754,0.8949226140975952,-0.46253859996795654,0.2940962314605713,0.22266536951065063,0.3710041344165802
6.0600000000000005,303,-0.7960119247436523,0.6052809357643127,-0.9206775426864624,-4.356740951538086,8.115134239196777,0.6266660690307617,-0.43950989842414856,0.8982377648353577,-0.4550529718399048,0.3565019965171814,0.29295679926872253,0.4656245708465576
6.08,304,-0.8437472581863403,0.5367406606674194,-1.0042269229888916,-4.177468776702881,8.96362018585205,0.9369063377380371,-0.43219074606895447,0.901782214641571,-0.4469207227230072,0.41155654191970825,0.3650415539741516,0.5573062300682068
6.1000000000000005,305,-0.8837820291519165,0.4678988456726074,-1.0838844776153564,-3.9828789234161377,9.729483604431152,1.243449330329895,-0.42426797747612,0.9055367112159729,-0.43815332651138306,0.4595140516757965,0.4376378357410431,0.6457311511039734
6.12,306,-0.9165539145469666,0.39991113543510437,-1.1593763828277588,-3.7745964527130127,10.414130210876465,1.5450849533081055,-0.41574639081954956,0.9094805717468262,-0.42876332998275757,0.500807523727417,0.5095694661140442,0.730613112449646
6.140000000000001,307,-0.9426424503326416,0.33380410075187683,-1.2304600477218628,-3.5541813373565674,11.020746231079102,1.8406227827072144,-0.40663158893585205,0.9135922193527222,-0.41876402497291565,0.5360108613967896,0.5797881484031677,0.8116960525512695
6.16,308,-0.9627442359924316,0.2704136371612549,-1.296973705291748,-3.325680732727051,11.425031661987305,2.0,-0.3969299793243408,0.9178488850593567,-0.40816962718963623,0.5658142566680908,0.6474352478981018,0.8888040781021118
6.18,309,-0.977621853351593,0.21036994457244873,-1.3588429689407349,-3.0934646129608154,11.610804557800293,2.0,-0.3866489827632904,0.9222269654273987,-0.3969951868057251,0.5909728407859802,0.71185702085495,0.9618477821350098
6.2,310,-0.9880451560020447,0.15416482090950012,-1.4160141944885254,-2.8585617542266846,11.74514389038086,2.0,-0.37579697370529175,0.9267020225524902,-0.3852566182613373,0.6122481822967529,0.7725371718406677,1.0307575464248657
6.22,311,-0.9947673082351685,0.1021665632724762,-1.4684511423110962,-2.6218488216400146,11.835651397705078,2.0,-0.36438336968421936,0.9312490224838257,-0.3729705810546875,0.6303839087486267,0.8290824890136719,1.0954805612564087
6.24,312,-0.9985063076019287,0.05463684722781181,-1.5161322355270386,-2.3840537071228027,11.88976001739502,2.0,-0.35241883993148804,0.9358423948287964,-0.36015450954437256,0.6460874676704407,0.8812055587768555,1.155977725982666
6.26,313,-0.9999309778213501,0.011748544871807098,-1.5590474605560303,-2.1457626819610596,11.914549827575684,2.0,-0.33991512656211853,0.9404560923576355,-0.3468266427516937,0.660015881061554,0.9287075996398926,1.2122209072113037
6.28,314,-1.0,6.123234262925839e-17,-1.5707963705062866,-1.9074304103851318,11.916610717773438,2.0,-0.32688531279563904,0.9450640082359314,-0.3330059349536896,0.6731147170066833,0.9450640082359314,1.2377903461456299
6.3,315,-1.0,6.123234262925839e-17,-1.5707963705062866,-1.6693229675292969,11.90537166595459,2.0,-0.31334367394447327,0.9496397972106934,-0.3187119960784912,0.6866562962532043,0.9496397972106934,1.2520843744277954
6.32,316,-1.0,6.123234262925839e-17,-1.5707963705062866,-1.4314537048339844,11.893465995788574,2.0,-0.29930591583251953,0.9541571736335754,-0.30396515130996704,0.7006940841674805,0.9541571736335754,1.2668311595916748
6.34,317,-1.0,6.123234262925839e-17,-1.5707963705062866,-1.1938222646713257,11.881572723388672,2.0,-0.2847890555858612,0.9585902094841003,-0.2887863516807556,0.7152109742164612,0.9585902094841003,1.2820099592208862
6.36,318,-1.0,6.123234262925839e-17,-1.5707963705062866,-0.9564284086227417,11.869690895080566,2.0,-0.2698114216327667,0.9629132151603699,-0.2731971740722656,0.7301886081695557,0.9629132151603699,1.297599196434021
6.38,319,-1.0,6.123234262925839e-17,-1.5707963705062866,-0.7192719578742981,11.857821464538574,2.0,-0.2543927729129791,0.967100977897644,-0.25721976161003113,0.7456072568893433,0.967100977897644,1.313576579093933
6.4,320,-1.0,6.123234262925839e-17,-1.5707963705062866,-0.48235270380973816,11.845963478088379,2.0,-0.2385542392730713,0.9711291790008545,-0.24087683856487274,0.7614457607269287,0.9711291790008545,1.329919457435608
6.42,321,-1.0,6.123234262925839e-17,-1.5707963705062866,-0.24567033350467682,11.834117889404297,2.0,-0.22231827676296234,0.9749741554260254,-0.2241916060447693,0.7776817083358765,0.9749741554260254,1.3466047048568726
6.44,322,-1.0,6.123234262925839e-17,-1.5707963705062866,-0.0092246662825346,11.822283744812012,2.0,-0.20570865273475647,0.9786132574081421,-0.20718778669834137,0.7942913770675659,0.9786132574081421,1.363608479499817
6.46,323,-0.9999896883964539,0.004539675544947386,-1.5662566423416138,0.22698456048965454,11.810461044311523,2.0,-0.18875043094158173,0.9820250868797302,-0.1898895502090454,0.8112392425537109,0.9774854183197021,1.3763670921325684
6.48,324,-0.9999048113822937,0.01379836443811655,-1.556997537612915,0.4629555642604828,11.79854965209961,2.0,-0.17146988213062286,0.9851893782615662,-0.17232146859169006,0.8284348845481873,0.9713910222053528,1.3846760988235474
6.5,325,-0.9996143579483032,0.027768710628151894,-1.5430240631103516,0.6986739039421082,11.785918235778809,2.0,-0.15389446914196014,0.9880872964859009,-0.15450850129127502,0.8457199335098267,0.9603185653686523,1.388515591621399
6.5200000000000005,326,-0.9989212155342102,0.04643756523728371,-1.5243420600891113,0.934099555015564,11.771283149719238,2.0,-0.1360526978969574,0.9907016158103943,-0.13647596538066864,0.8628684878349304,0.9442640542984009,1.3878661394119263
6.54,327,-0.9975623488426208,0.06978059560060501,-1.5009589195251465,1.1691538095474243,11.75271224975586,2.0,-0.11797410994768143,0.9930166602134705,-0.11824949830770493,0.87958824634552,0.923236072063446,1.3827095031738281
6.5600000000000005,328,-0.9952105283737183,0.09775511175394058,-1.4728848934173584,1.403706431388855,11.727628707885742,2.0,-0.09968913346529007,0.9950186610221863,-0.09985499083995819,0.895521342754364,0.8972635269165039,1.3730298280715942
6.58,329,-0.9914757609367371,0.13029125332832336,-1.4401335716247559,1.6375629901885986,11.692830085754395,2.0,-0.08122898638248444,0.9966954588890076,-0.08131857961416245,0.9102467894554138,0.8664042353630066,1.3588149547576904
6.6000000000000005,330,-0.9859091639518738,0.1672816276550293,-1.4027245044708252,1.8704530000686646,11.644498825073242,2.0,-0.06262560933828354,0.9980370998382568,-0.06266661733388901,0.9232835173606873,0.8307554721832275,1.3400579690933228
6.62,331,-0.9780075550079346,0.20856958627700806,-1.3606841564178467,2.102017879486084,11.578246116638184,2.0,-0.04391147568821907,0.9990354180335999,-0.04392559826374054,0.9340960383415222,0.7904658317565918,1.316758632659912
6.640000000000001,332,-0.9672208428382874,0.25393667817115784,-1.314048171043396,2.331800937652588,11.489152908325195,2.0,-0.025119516998529434,0.9996844530105591,-0.025122158229351044,0.9421013593673706,0.7457478046417236,1.2889260053634644
6.66,333,-0.9529621005058289,0.303089439868927,-1.2628633975982666,2.5592379570007324,11.371846199035645,2.0,-0.006282978691160679,0.9999802708625793,-0.006283020135015249,0.9466791152954102,0.6968908309936523,1.2565803527832031
6.68,334,-0.9346204400062561,0.35564669966697693,-1.2071903944015503,2.7836499214172363,11.220596313476562,2.0,0.01256471686065197,0.9999210834503174,0.012565047480165958,0.9471851587295532,0.6442743539810181,1.2197554111480713
6.7,335,-0.9115778207778931,0.41112759709358215,-1.1471055746078491,3.0042386054992676,11.029444694519043,2.0,0.031390100717544556,0.9995071887969971,0.031395260244607925,0.9429678916931152,0.5883796215057373,1.1785008907318115
6.72,336,-0.8832290172576904,0.46894192695617676,-1.082703948020935,3.220086097717285,10.792366027832031,2.0,0.05015980079770088,0.9987412095069885,0.05018085613846779,0.9333888292312622,0.5297992825508118,1.1328847408294678
6.74,337,-0.8490057587623596,0.5283835530281067,-1.0141007900238037,3.4301555156707764,10.503472328186035,2.0,0.06884065270423889,0.9976276755332947,0.06889514625072479,0.9178464412689209,0.4692440927028656,1.082995891571045
6.76,338,-0.808403491973877,0.5886287689208984,-0.9414348006248474,3.633300304412842,10.157238960266113,2.0,0.08739987760782242,0.9961733222007751,0.08751153200864792,0.8958033919334412,0.4075445532798767,1.0289462804794312
6.78,339,-0.761010468006134,0.6487395763397217,-0.8648692965507507,3.828275680541992,9.748773574829102,2.0,0.10580514371395111,0.9943869113922119,0.10600355267524719,0.8668156266212463,0.34564727544784546,0.9708728194236755
6.8,340,-0.7065380215644836,0.7076750993728638,-0.7845941185951233,4.013757705688477,9.27409839630127,2.0,0.12402476370334625,0.9922791123390198,0.12434494495391846,0.8305627703666687,0.284604012966156,0.9089390635490417
6.82,341,-0.6448498368263245,0.764309287071228,-0.7008267641067505,4.188366889953613,8.730449676513672,2.0,0.14202775061130524,0.9898626804351807,0.14250962436199188,0.7868775725364685,0.22555337846279144,0.8433364033699036
6.84,342,-0.5759884715080261,0.8174577951431274,-0.6138128042221069,4.350697994232178,8.116558074951172,2.0,0.1597839742898941,0.9871519804000854,0.1604718118906021,0.735772430896759,0.169694185256958,0.7742846608161926
6.86,343,-0.5001965165138245,0.8659119009971619,-0.5238257050514221,4.499356269836426,7.4329118728637695,2.0,0.17726421356201172,0.9841632843017578,0.1782059371471405,0.6774607300758362,0.11825138330459595,0.702031672000885
6.88,344,-0.4179301857948303,0.9084791541099548,-0.43116581439971924,4.632995128631592,6.681960105895996,2.0,0.1944403052330017,0.9809143543243408,0.19568683207035065,0.612370491027832,0.07243520766496658,0.6268526315689087
6.9,345,-0.3299233317375183,0.9440077543258667,-0.3362223505973816,4.747172832489014,5.708868026733398,1.8406227827072144,0.21128518879413605,0.9774244427680969,0.2128896415233612,0.5412085056304932,0.03341672196984291,0.5491120219230652
6.92,346,-0.2371792197227478,0.9714658856391907,-0.23946118354797363,4.838057994842529,4.54427433013916,1.5450849533081055,0.22777298092842102,0.973714292049408,0.22978992760181427,0.4649522006511688,0.002248353324830532,0.4692511260509491
6.94,347,-0.14089830219745636,0.9900240898132324,-0.14136871695518494,4.904623508453369,3.3282744884490967,1.243449330329895,0.2438790500164032,0.9698056578636169,0.24636366963386536,0.38477733731269836,-0.020218418911099434,0.3877323865890503
6.96,348,-0.04243393987417221,0.9990992546081543,-0.04244668409228325,4.946101188659668,2.073887586593628,0.9369063377380371,0.2595800459384918,0.965721607208252,0.262587308883667,0.30201399326324463,-0.03337767720222473,0.30503401160240173
6.98,349,0.056763071566820145,0.9983876943588257,0.05679359659552574,4.962014198303223,0.7956379652023315,0.6266660690307617,0.2748539447784424,0.9614859819412231,0.2784378230571747,0.21809089183807373,-0.03690169006586075,0.22164420783519745
7.0,350,0.15520748496055603,0.9878818988800049,0.15583747625350952,4.9521942138671875,-0.49099400639533997,0.3139524459838867,0.2896801233291626,0.9571235179901123,0.29389262199401855,0.13447265326976776,-0.030758380889892578,0.13805514574050903
7.0200000000000005,351,0.25144535303115845,0.9678714871406555,0.25417327880859375,4.91679048538208,-1.7701951265335083,0.0,0.30403926968574524,0.9526594877243042,0.30892980098724365,0.052593935281038284,-0.015212002210319042,0.054756514728069305
7.04,352,0.34411731362342834,0.938926637172699,0.3512985110282898,4.856260776519775,-3.026470899581909,-0.3139524459838867,0.3179134726524353,0.9481196999549866,0.323527991771698,-0.02620382234454155,0.009193063713610172,-0.027770528569817543
7.0600000000000005,353,0.4320147931575775,0.9018664956092834,0.44672560691833496,4.771355628967285,-4.245269775390625,-0.6266660690307617,0.3312861919403076,0.9435303211212158,0.337666392326355,-0.10072862356901169,0.04166380688548088,-0.10905921459197998
7.08,354,0.5141251087188721,0.8577151894569397,0.539987325668335,4.663084983825684,-5.413539409637451,-0.9369063377380371,0.3441421687602997,0.9389175772666931,0.35132497549057007,-0.16998295485973358,0.08120235055685043,-0.1886623352766037
7.1000000000000005,355,0.5896625518798828,0.8076497316360474,0.6306409239768982,4.532681465148926,-6.52017068862915,-1.243449330329895,0.3564675450325012,0.9343076944351196,0.3644843101501465,-0.2331950068473816,0.12665797770023346,-0.2661566436290741
7.12,356,0.6580846309661865,0.7529439926147461,0.7182720303535461,4.381555080413818,-7.556308746337891,-1.5450849533081055,0.36824968457221985,0.9297269582748413,0.37712568044662476,-0.2898349463939667,0.17678295075893402,-0.3411463499069214
7.140000000000001,357,0.7190935015678406,0.6949133276939392,0.8024969696998596,4.211245059967041,-8.515510559082031,-1.8406227827072144,0.3794771730899811,0.9252011179924011,0.3892311453819275,-0.3396162986755371,0.23028776049613953,-0.41326579451560974
7.16,358,0.7726569771766663,0.6348237991333008,0.8830158710479736,4.025947570800781,-9.264869689941406,-2.0,0.3901398777961731,0.9207556247711182,0.4007834792137146,-0.38251709938049316,0.2859318256378174,-0.48223239183425903
7.18,359,0.8189749717712402,0.5738292336463928,0.9596224427223206,3.8303263187408447,-9.781062126159668,-2.0,0.4002286195755005,0.9164153337478638,0.41176629066467285,-0.41874635219573975,0.34258607029914856,-0.5478561520576477
7.2,360,0.8583980798721313,0.5129841566085815,1.032138705253601,3.6258130073547363,-10.22566032409668,-2.0,0.40973538160324097,0.9122044444084167,0.4221639633178711,-0.448662668466568,0.3992202579975128,-0.60997474193573
7.22,361,0.891395092010498,0.45322704315185547,1.1004140377044678,3.4137697219848633,-10.60217571258545,-2.0,0.41865313053131104,0.9081462025642395,0.43196171522140503,-0.4727419912815094,0.45491915941238403,-0.6684523820877075
7.24,362,0.9185210466384888,0.3953721523284912,1.164323329925537,3.1954641342163086,-10.915274620056152,-2.0,0.42697566747665405,0.9042630791664124,0.4411455988883972,-0.49154534935951233,0.5088909864425659,-0.7231777310371399
7.26,363,0.9403863549232483,0.34010812640190125,1.223764419555664,2.9720547199249268,-11.170464515686035,-2.0,0.4346977472305298,0.9005764126777649,0.4497026205062866,-0.5056886076927185,0.560468316078186,-0.7740618586540222
7.28,364,0.9576296806335449,0.28800249099731445,1.278656005859375,2.7445790767669678,-11.37379264831543,-2.0,0.4418147802352905,0.8971062898635864,0.4576205909252167,-0.5158149003982544,0.609103798866272,-0.8210354447364807
7.3,365,0.9708938598632812,0.2395102083683014,1.3289350271224976,2.5139474868774414,-11.531576156616211,-2.0,0.44832292199134827,0.8938716650009155,0.46488824486732483,-0.5225709676742554,0.6543614864349365,-0.8640467524528503
7.32,366,0.9808061718940735,0.1949853003025055,1.374553918838501,2.2809441089630127,-11.650165557861328,-2.0,0.45421892404556274,0.8908901214599609,0.47149527072906494,-0.5265872478485107,0.6959047913551331,-0.9030585885047913
7.34,367,0.9879624247550964,0.15469415485858917,1.4154784679412842,2.046229124069214,-11.735755920410156,-2.0,0.45950010418891907,0.8881776928901672,0.4774322807788849,-0.528462290763855,0.7334835529327393,-0.9380461573600769
7.36,368,0.9929146766662598,0.11882954090833664,1.4516853094100952,1.8103445768356323,-11.794222831726074,-2.0,0.46416425704956055,0.8857491612434387,0.48269081115722656,-0.5287504196166992,0.7669196128845215,-0.9689944982528687
7.38,369,0.9961623549461365,0.08752436190843582,1.4831597805023193,1.573724389076233,-11.831009864807129,-2.0,0.46820956468582153,0.8836174607276917,0.48726344108581543,-0.5279527902603149,0.7960931062698364,-0.9958963990211487
7.4,370,0.9981459975242615,0.06086478382349014,1.5098938941955566,1.3367035388946533,-11.851038932800293,-2.0,0.4716346263885498,0.8817940354347229,0.4911436140537262,-0.5265113711357117,0.8209292888641357,-1.0187503099441528
7.42,371,0.9992430210113525,0.03890199214220047,1.5318845510482788,1.099530577659607,-11.858647346496582,-2.0,0.474438339471817,0.8802887201309204,0.4943258762359619,-0.5248047113418579,0.8413867354393005,-1.037558674812317
7.44,372,0.9997653365135193,0.021662525832653046,1.5491321086883545,0.8623796105384827,-11.857550621032715,-2.0,0.47661980986595154,0.8791095614433289,0.49680566787719727,-0.5231455564498901,0.8574470281600952,-1.0523264408111572
7.46,373,0.9999580979347229,0.009156826883554459,1.561639428138733,0.625363290309906,-11.85081672668457,-2.0,0.4781784117221832,0.8782626986503601,0.4985794425010681,-0.5217796564102173,0.869105875492096,-1.06305992603302
7.48,374,0.9999990463256836,0.0013860311591997743,1.5694103240966797,0.3885461390018463,-11.840856552124023,-2.0,0.47911372780799866,0.8777528405189514,0.4996447265148163,-0.5208852887153625,0.8763667941093445,-1.069765567779541
7.5,375,1.0,6.123234262925839e-17,1.5707963705062866,0.15195778012275696,-11.829418182373047,-2.0,0.4794255495071411,0.8775825500488281,0.5,-0.5205744504928589,0.8775825500488281,-1.0707963705062866
7.5200000000000005,376,0.9999985694885254,0.0016878825845196843,1.569108486175537,-0.084394171833992,-11.817598342895508,-2.0,0.47911372780799866,0.8777528405189514,0.4996447265148163,-0.5208848118782043,0.8760649561882019,-1.0694637298583984
7.54,377,0.9999672174453735,0.008097984828054905,1.562698245048523,-0.32050949335098267,-11.805766105651855,-2.0,0.4781784117221832,0.8782626986503601,0.4985794425010681,-0.5217887759208679,0.8701647520065308,-1.0641188621520996
7.5600000000000005,378,0.9998151659965515,0.019224539399147034,1.5515706539154053,-0.5563825368881226,-11.793652534484863,-2.0,0.47661980986595154,0.8791095614433289,0.49680566787719727,-0.5231953859329224,0.8598849773406982,-1.054764986038208
7.58,379,0.9993852972984314,0.035058338195085526,1.5357308387756348,-0.7919899225234985,-11.780367851257324,-2.0,0.474438339471817,0.8802887201309204,0.4943258762359619,-0.524946928024292,0.8452304005622864,-1.0414049625396729
7.6000000000000005,380,0.9984540939331055,0.05558241158723831,1.5151852369308472,-1.0272773504257202,-11.76436996459961,-2.0,0.4716346263885498,0.8817940354347229,0.4911436140537262,-0.5268194675445557,0.8262116312980652,-1.0240416526794434
7.62,381,0.9967330694198608,0.08076594024896622,1.4899423122406006,-1.2621467113494873,-11.743471145629883,-2.0,0.46820956468582153,0.8836174607276917,0.48726344108581543,-0.5285235047340393,0.8028514981269836,-1.0026788711547852
7.640000000000001,382,0.9938698410987854,0.11055640876293182,1.460013508796692,-1.4964436292648315,-11.714844703674316,-2.0,0.46416425704956055,0.8857491612434387,0.48269081115722656,-0.5297055840492249,0.7751927375793457,-0.9773226380348206
7.66,383,0.9894506931304932,0.14487017691135406,1.4254145622253418,-1.7299444675445557,-11.675041198730469,-2.0,0.45950010418891907,0.8881776928901672,0.4774322807788849,-0.5299505591392517,0.7433075308799744,-0.9479823112487793
7.68,384,0.9830045104026794,0.18358151614665985,1.3861676454544067,-1.962344765663147,-11.620014190673828,-2.0,0.45421892404556274,0.8908901214599609,0.47149527072906494,-0.5287855863571167,0.7073085904121399,-0.9146723747253418
7.7,385,0.9740087389945984,0.22651055455207825,1.342302680015564,-2.1932477951049805,-11.545156478881836,-2.0,0.44832292199134827,0.8938716650009155,0.46488824486732483,-0.5256857872009277,0.6673611402511597,-0.8774144649505615
7.72,386,0.9618974924087524,0.2734103798866272,1.293859601020813,-2.4221551418304443,-11.44536304473877,-2.0,0.4418147802352905,0.8971062898635864,0.4576205909252167,-0.5200827121734619,0.6236959099769592,-0.8362390398979187
7.74,387,0.9460728168487549,0.3239539563655853,1.2408905029296875,-2.6484572887420654,-11.315106391906738,-2.0,0.4346977472305298,0.9005764126777649,0.4497026205062866,-0.5113750696182251,0.5766224265098572,-0.7911878228187561
7.76,388,0.9259191751480103,0.3777216672897339,1.1834619045257568,-2.8714282512664795,-11.148551940917969,-2.0,0.42697566747665405,0.9042630791664124,0.4411455988883972,-0.4989435076713562,0.5265414714813232,-0.7423163056373596
7.78,389,0.900821328163147,0.43418997526168823,1.1216574907302856,-3.090222120285034,-10.939696311950684,-2.0,0.41865313053131104,0.9081462025642395,0.43196171522140503,-0.48216819763183594,0.47395625710487366,-0.6896957159042358
7.8,390,0.8701861500740051,0.49272310733795166,1.0555800199508667,-3.303873062133789,-10.68254566192627,-2.0,0.40973538160324097,0.9122044444084167,0.4221639633178711,-0.46045076847076416,0.4194813072681427,-0.6334160566329956
7.82,391,0.8334677219390869,0.5525680780410767,0.9853540062904358,-3.5112998485565186,-10.371332168579102,-2.0,0.4002286195755005,0.9164153337478638,0.41176629066467285,-0.4332391321659088,0.3638472259044647,-0.5735877156257629
7.84,392,0.7901953458786011,0.6128550171852112,0.9111276865005493,-3.7113149166107178,-10.000753402709961,-2.0,0.3901398777961731,0.9207556247711182,0.4007834792137146,-0.40005549788475037,0.3079005777835846,-0.5103442072868347
7.86,393,0.7400030493736267,0.6726034879684448,0.8330749273300171,-3.902639865875244,-9.566250801086426,-2.0,0.3794771730899811,0.9252011179924011,0.3892311453819275,-0.36052587628364563,0.2525976002216339,-0.4438437521457672
7.88,394,0.6826598048210144,0.7307363152503967,0.7513963580131531,-4.083925724029541,-9.064297676086426,-2.0,0.36824968457221985,0.9297269582748413,0.37712568044662476,-0.31441015005111694,0.1989906132221222,-0.3742707073688507
7.9,395,0.6181480884552002,0.786061704158783,0.6663845181465149,-4.250592231750488,-8.333319664001465,-1.8406227827072144,0.3564675450325012,0.9343076944351196,0.3644843101501465,-0.2616805136203766,0.14824602007865906,-0.3019002377986908
7.92,396,0.546696662902832,0.8373307585716248,0.5784140825271606,-4.398523807525635,-7.39658784866333,-1.5450849533081055,0.3441421687602997,0.9389175772666931,0.35132497549057007,-0.20255450904369354,0.10158682614564896,-0.2270890772342682
7.94,397,0.46876218914985657,0.883324384689331,0.4878889322280884,-4.526256084442139,-6.386617660522461,-1.243449330329895,0.3312861919403076,0.9435303211212158,0.337666392326355,-0.13747599720954895,0.060205910354852676,-0.1502225399017334
7.96,398,0.3850298225879669,0.9229041337966919,0.3952401578426361,-4.632439136505127,-5.309150695800781,-0.9369063377380371,0.3179134726524353,0.9481196999549866,0.323527991771698,-0.06711635738611221,0.025215601548552513,-0.07171216607093811
7.98,399,0.29640138149261475,0.9550634622573853,0.3009224832057953,-4.715883255004883,-4.172186851501465,-0.6266660690307617,0.30403926968574524,0.9526594877243042,0.30892980098724365,0.007637912407517433,-0.002403972204774618,0.00800731685012579
8.0,400,0.20396903157234192,0.9789773225784302,0.20541048049926758,-4.775599956512451,-2.9858558177948,-0.3139524459838867,0.2896801233291626,0.9571235179901123,0.29389262199401855,0.08571109920740128,-0.021853826940059662,0.08848214149475098
8.02,401,0.10897675901651382,0.994044303894043,0.10919362306594849,-4.810843467712402,-1.7621562480926514,0.0,0.2748539447784424,0.9614859819412231,0.2784378230571747,0.16587719321250916,-0.03255831077694893,0.169244185090065
8.040000000000001,402,0.012770580127835274,0.9999184608459473,0.012770927511155605,-4.821134567260742,-0.5145673751831055,0.3139524459838867,0.2595800459384918,0.965721607208252,0.262587308883667,0.2468094676733017,-0.03419685736298561,0.2498163878917694
8.06,403,-0.08325829356908798,0.9965280294418335,-0.08335478603839874,-4.806285858154297,0.7424433827400208,0.6266660690307617,0.2438790500164032,0.9698056578636169,0.24636366963386536,0.3271373510360718,-0.026722345501184464,0.3297184705734253
8.08,404,-0.17773360013961792,0.9840786457061768,-0.17868290841579437,-4.766406059265137,1.9939844608306885,0.9369063377380371,0.22777298092842102,0.973714292049408,0.22978992760181427,0.40550658106803894,-0.010364373214542866,0.40847283601760864
8.1,405,-0.2693527638912201,0.9630416035652161,-0.27272090315818787,-4.701899528503418,3.2253363132476807,1.243449330329895,0.21128518879413605,0.9774244427680969,0.2128896415233612,0.48063796758651733,0.01438287552446127,0.4856105446815491
8.120000000000001,406,-0.35693982243537903,0.9341273903846741,-0.36498987674713135,-4.613448619842529,4.422530651092529,1.5450849533081055,0.1944403052330017,0.9809143543243408,0.19568683207035065,0.5513801574707031,0.04678697511553764,0.5606766939163208
8.14,407,-0.4394889771938324,0.8982479572296143,-0.45502969622612,-4.501991271972656,5.572875022888184,1.8406227827072144,0.17726421356201172,0.9841632843017578,0.1782059371471405,0.6167532205581665,0.08591531962156296,0.6332356333732605
8.16,408,-0.5162400603294373,0.8564439415931702,-0.5424548983573914,-4.3712615966796875,6.536486625671387,2.0,0.1597839742898941,0.9871519804000854,0.1604718118906021,0.6760240197181702,0.13070806860923767,0.702926754951477
8.18,409,-0.5866913199424744,0.8098106384277344,-0.6269670128822327,-4.225604057312012,7.2828779220581055,2.0,0.14202775061130524,0.9898626804351807,0.14250962436199188,0.7287190556526184,0.1800520122051239,0.7694766521453857
8.2,410,-0.6505378484725952,0.7594738602638245,-0.7082924246788025,-4.066269397735596,7.966722011566162,2.0,0.12402476370334625,0.9922791123390198,0.12434494495391846,0.7745625972747803,0.2328052818775177,0.8326373100280762
8.22,411,-0.707662045955658,0.7065510749816895,-0.786183774471283,-3.8945677280426025,8.585089683532715,2.0,0.10580514371395111,0.9943869113922119,0.10600355267524719,0.8134672045707703,0.2878358066082001,0.8921872973442078
8.24,412,-0.7581167221069336,0.6521188616752625,-0.8604203462600708,-3.711829900741577,9.136893272399902,2.0,0.08739987760782242,0.9961733222007751,0.08751153200864792,0.8455166220664978,0.3440544605255127,0.9479318857192993
8.26,413,-0.8021026253700256,0.5971862077713013,-0.9308078289031982,-3.5193755626678467,9.622716903686523,2.0,0.06884065270423889,0.9976276755332947,0.06889514625072479,0.8709433078765869,0.4004414677619934,0.9997029900550842
8.28,414,-0.8399426341056824,0.5426751971244812,-0.9971775412559509,-3.318483591079712,10.044595718383789,2.0,0.05015980079770088,0.9987412095069885,0.05018085613846779,0.8901024460792542,0.4560660421848297,1.0473583936691284
8.3,415,-0.8720546364784241,0.48940858244895935,-1.0593849420547485,-3.110368490219116,10.40576171875,2.0,0.031390100717544556,0.9995071887969971,0.031395260244607925,0.9034447073936462,0.5100986361503601,1.0907801389694214
8.32,416,-0.8989243507385254,0.4381038248538971,-1.1173081398010254,-2.896160840988159,10.710373878479004,2.0,0.01256471686065197,0.9999210834503174,0.012565047480165958,0.9114890694618225,0.5618172287940979,1.1298731565475464
8.34,417,-0.9210803508758545,0.3893725574016571,-1.1708459854125977,-2.6768958568573,10.963255882263184,2.0,-0.006282978691160679,0.9999802708625793,-0.006283020135015249,0.9147973656654358,0.6106076836585999,1.1645630598068237
8.36,418,-0.9390705227851868,0.3437245488166809,-1.2199161052703857,-2.453502893447876,11.16964340209961,2.0,-0.025119516998529434,0.9996844530105591,-0.025122158229351044,0.9139509797096252,0.6559599041938782,1.194793939590454
8.38,419,-0.9534424543380737,0.30157503485679626,-1.2644522190093994,-2.226803779602051,11.334957122802734,2.0,-0.04391147568821907,0.9990354180335999,-0.04392559826374054,0.9095309972763062,0.697460412979126,1.2205265760421753
8.4,420,-0.9647265076637268,0.2632542848587036,-1.3044023513793945,-1.9975115060806274,11.464611053466797,2.0,-0.06262560933828354,0.9980370998382568,-0.06266661733388901,0.9021008610725403,0.7347828149795532,1.241735816001892
8.42,421,-0.9734220504760742,0.22901847958564758,-1.3397270441055298,-1.7662347555160522,11.5638427734375,2.0,-0.08122898638248444,0.9966954588890076,-0.08131857961416245,0.892193078994751,0.7676770091056824,1.258408546447754
8.44,422,-0.9799871444702148,0.19906093180179596,-1.3703967332839966,-1.5334830284118652,11.637582778930664,2.0,-0.09968913346529007,0.9950186610221863,-0.09985499083995819,0.8802979588508606,0.7959576845169067,1.270541787147522
8.46,423,-0.9848297834396362,0.17352323234081268,-1.3963903188705444,-1.2996760606765747,11.690347671508789,2.0,-0.11797410994768143,0.9930166602134705,-0.11824949830770493,0.8668556809425354,0.8194934129714966,1.2781407833099365
8.48,424,-0.9883025884628296,0.152505561709404,-1.4176933765411377,-1.065152883529663,11.726163864135742,2.0,-0.1360526978969574,0.9907016158103943,-0.13647596538066864,0.8522499203681946,0.8381960391998291,1.281217336654663
8.5,425,-0.9906983971595764,0.13607585430145264,-1.43429696559906,-0.8301827311515808,11.748506546020508,2.0,-0.15389446914196014,0.9880872964859009,-0.15450850129127502,0.8368039727210999,0.8520114421844482,1.2797884941101074
8.52,426,-0.992247462272644,0.12427763640880585,-1.4461965560913086,-0.5949774980545044,11.760260581970215,2.0,-0.17146988213062286,0.9851893782615662,-0.17232146859169006,0.8207775950431824,0.8609117269515991,1.273875117301941
8.540000000000001,427,-0.9931158423423767,0.11713618785142899,-1.4533905982971191,-0.35970357060432434,11.763696670532227,2.0,-0.18875043094158173,0.9820250868797302,-0.1898895502090454,0.8043654561042786,0.8648889064788818,1.2635010480880737
8.56,428,-0.9934044480323792,0.11466307193040848,-1.4558805227279663,-0.1244945228099823,11.760451316833496,2.0,-0.20570865273475647,0.9786132574081421,-0.20718778669834137,0.7876957654953003,0.8639501929283142,1.2486927509307861
8.58,429,-0.9931485056877136,0.11685892939567566,-1.453669786453247,0.11053591966629028,11.751522064208984,2.0,-0.22231827676296234,0.9749741554260254,-0.2241916060447693,0.7708302736282349,0.8581151962280273,1.229478120803833
8.6,430,-0.9923178553581238,0.1237143948674202,-1.4467641115188599,0.34528112411499023,11.737259864807129,2.0,-0.2385542392730713,0.9711291790008545,-0.24087683856487274,0.7537636160850525,0.8474147915840149,1.2058873176574707
8.620000000000001,431,-0.9908170700073242,0.1352093517780304,-1.4351716041564941,0.579628586769104,11.717373847961426,2.0,-0.2543927729129791,0.967100977897644,-0.25721976161003113,0.7364242672920227,0.831891655921936,1.1779518127441406
8.64,432,-0.9884862899780273,0.1513102948665619,-1.4189026355743408,0.8134472966194153,11.690934181213379,2.0,-0.2698114216327667,0.9629132151603699,-0.2731971740722656,0.718674898147583,0.8116028904914856,1.1457054615020752
8.66,433,-0.9851028919219971,0.17196613550186157,-1.3979711532592773,1.0465748310089111,11.656378746032715,2.0,-0.2847890555858612,0.9585902094841003,-0.2887863516807556,0.7003138065338135,0.7866240739822388,1.109184741973877
8.68,434,-0.9803829193115234,0.19710224866867065,-1.3723950386047363,1.2788054943084717,11.611530303955078,2.0,-0.29930591583251953,0.9541571736335754,-0.30396515130996704,0.6810770034790039,0.7570549845695496,1.0684298276901245
8.700000000000001,435,-0.9739848971366882,0.22661304473876953,-1.3421974182128906,1.5098778009414673,11.553616523742676,2.0,-0.31334367394447327,0.9496397972106934,-0.3187119960784912,0.6606411933898926,0.7230267524719238,1.0234854221343994
8.72,436,-0.9655134081840515,0.26035332679748535,-1.3074082136154175,1.7394636869430542,11.479297637939453,2.0,-0.32688531279563904,0.9450640082359314,-0.3330059349536896,0.6386281251907349,0.684710681438446,0.9744022488594055
8.74,437,-0.9545257687568665,0.2981283962726593,-1.268065094947815,1.9671579599380493,11.384713172912598,2.0,-0.33991512656211853,0.9404560923576355,-0.3468266427516937,0.6146106719970703,0.6423277258872986,0.921238362789154
8.76,438,-0.9405397176742554,0.33968377113342285,-1.2242156267166138,2.1924688816070557,11.26554012298584,2.0,-0.35241883993148804,0.9358423948287964,-0.36015450954437256,0.5881208777427673,0.5961586236953735,0.864061176776886
8.78,439,-0.923043966293335,0.38469454646110535,-1.1759194135665894,2.4148101806640625,11.117071151733398,2.0,-0.36438336968421936,0.9312490224838257,-0.3729705810546875,0.5586605668067932,0.5465545058250427,0.8029488921165466
8.8,440,-0.9015114307403564,0.4327552616596222,-1.1232495307922363,2.6334965229034424,10.934320449829102,2.0,-0.37579697370529175,0.9267020225524902,-0.3852566182613373,0.5257145166397095,0.49394676089286804,0.7379928827285767
8.82,441,-0.8754155039787292,0.48337119817733765,-1.06629478931427,2.8477396965026855,10.712152481079102,2.0,-0.3866489827632904,0.9222269654273987,-0.3969951868057251,0.48876652121543884,0.43885576725006104,0.6692995429039001
8.84,442,-0.8442486524581909,0.5359516739845276,-1.0051617622375488,3.0566484928131104,10.445439338684082,2.0,-0.3969299793243408,0.9178488850593567,-0.40816962718963623,0.4473187029361725,0.3818972408771515,0.5969921350479126
8.86,443,-0.8075445890426636,0.5898064970970154,-0.9399771094322205,3.2592334747314453,10.129246711730957,2.0,-0.40663158893585205,0.9135922193527222,-0.41876402497291565,0.4009130001068115,0.3237856924533844,0.5212130546569824
8.88,444,-0.7649017572402954,0.6441469788551331,-0.8708888292312622,3.4544143676757812,9.759050369262695,2.0,-0.41574639081954956,0.9094805717468262,-0.42876332998275757,0.34915536642074585,0.2653336226940155,0.44212546944618225
8.9,445,-0.716053307056427,0.6980456113815308,-0.7981318831443787,3.6378462314605713,9.171587944030762,1.8406227827072144,-0.42426797747612,0.9055367112159729,-0.43815332651138306,0.291785329580307,0.20749108493328094,0.3599785566329956
8.92,446,-0.6609019041061401,0.7504723072052002,-0.7220199108123779,3.8055996894836426,8.387675285339355,1.5450849533081055,-0.43219074606895447,0.901782214641571,-0.4469207227230072,0.22871114313602448,0.15130990743637085,0.2750991880893707
8.94,447,-0.599513590335846,0.8003645539283752,-0.6428932547569275,3.956331968307495,7.536616802215576,1.243449330329895,-0.43950989842414856,0.8982377648353577,-0.4550529718399048,0.1600036919116974,0.09787317365407944,0.1878402680158615
8.96,448,-0.5321335196495056,0.8466604351997375,-0.561118483543396,4.088738441467285,6.6203179359436035,0.9369063377380371,-0.44622138142585754,0.8949226140975952,-0.46253859996795654,0.08591210842132568,0.04826214164495468,0.09857987612485886
8.98,449,-0.4591931700706482,0.8883364200592041,-0.47708672285079956,4.201587677001953,5.642458915710449,0.6266660690307617,-0.45232176780700684,0.8918548226356506,-0.4693669378757477,0.006871393416076899,0.0035183734726160765,0.007719798944890499
9.0,450,-0.3813087046146393,0.924447774887085,-0.39121153950691223,4.293758869171143,4.608558177947998,0.3139524459838867,-0.45780816674232483,0.8890510201454163,-0.4755282700061798,-0.07649944722652435,-0.035396758466959,-0.08431670814752579
9.02,451,-0.29926857352256775,0.9541689157485962,-0.3039259910583496,4.3642778396606445,3.5259504318237305,0.0,-0.4626781940460205,0.8865262866020203,-0.48101383447647095,-0.16340963542461395,-0.06764262169599533,-0.17708784341812134
9.040000000000001,452,-0.21401073038578033,0.976831316947937,-0.21567897498607635,4.412351131439209,2.403658390045166,-0.3139524459838867,-0.46692997217178345,0.8842942714691162,-0.4858158528804779,-0.2529192566871643,-0.09253702312707901,-0.27013689279556274
9.06,453,-0.1265905350446701,0.991955041885376,-0.1269311010837555,4.437394142150879,1.2521616220474243,-0.6266660690307617,-0.4705619513988495,0.882366955280304,-0.4899275302886963,-0.3439714014530182,-0.10958809405565262,-0.3629964292049408
9.08,454,-0.03814072906970978,0.9992724061012268,-0.03814998269081116,4.439055919647217,0.08307704329490662,-0.9369063377380371,-0.47357288002967834,0.8807546496391296,-0.49334296584129333,-0.4354321360588074,-0.11851773411035538,-0.4551929831504822
9.1,455,0.0501735582947731,0.9987404942512512,0.0501946359872818,4.41723108291626,-1.0912415981292725,-1.243449330329895,-0.475961834192276,0.8794659376144409,-0.4960573613643646,-0.5261353850364685,-0.1192745715379715,-0.5462520122528076
9.120000000000001,456,0.13720184564590454,0.9905431270599365,0.1376359909772873,4.372067928314209,-2.2581491470336914,-1.5450849533081055,-0.47772809863090515,0.8785077333450317,-0.49806681275367737,-0.6149299740791321,-0.1120353639125824,-0.6357027888298035
9.14,457,0.2218538373708725,0.9750799536705017,0.22371527552604675,4.303964138031006,-3.4051764011383057,-1.8406227827072144,-0.47887122631073,0.8778851628303528,-0.49936848878860474,-0.7007250785827637,-0.09719477593898773,-0.7230837345123291
9.16,458,0.3031895160675049,0.9529302716255188,0.3080379366874695,4.216132640838623,-4.391584396362305,-2.0,-0.4793908894062042,0.8776015043258667,-0.4999605119228363,-0.7825803756713867,-0.07532879710197449,-0.8079984784126282
9.18,459,0.3804534375667572,0.9248000979423523,0.39028653502464294,4.112430572509766,-5.18509578704834,-2.0,-0.47928696870803833,0.8776582479476929,-0.49984210729599,-0.8597403764724731,-0.047141823917627335,-0.8901286721229553
9.200000000000001,460,0.45302894711494446,0.8914958238601685,0.47016000747680664,3.993673324584961,-5.937869548797607,-2.0,-0.4785594642162323,0.8780551552772522,-0.49901336431503296,-0.9315884113311768,-0.013440655544400215,-0.9691733717918396
9.22,461,0.5204483270645142,0.8538931608200073,0.5473759174346924,3.860795497894287,-6.643897533416748,-2.0,-0.47720855474472046,0.8787900805473328,-0.4974755048751831,-0.9976568818092346,0.024896912276744843,-1.0448514223098755
9.24,462,0.5823954343795776,0.8129056096076965,0.6216723918914795,3.71482253074646,-7.298637866973877,-2.0,-0.47523465752601624,0.8798590898513794,-0.49523070454597473,-1.0576300621032715,0.06695348024368286,-1.1169030666351318
9.26,463,0.6387012600898743,0.7694547772407532,0.6928092241287231,3.5568418502807617,-7.899040699005127,-2.0,-0.4726382791996002,0.8812565207481384,-0.4922821819782257,-1.1113395690917969,0.11180170625448227,-1.1850913763046265
9.28,464,0.6893334984779358,0.7244441509246826,0.7605686783790588,3.387971878051758,-8.443501472473145,-2.0,-0.4694202244281769,0.8829748630523682,-0.48863404989242554,-1.158753752708435,0.15853074193000793,-1.2492027282714844
9.3,465,0.7343817949295044,0.6787366271018982,0.8247553706169128,3.209336519241333,-8.931760787963867,-2.0,-0.4655815362930298,0.885004997253418,-0.48429158329963684,-1.1999633312225342,0.20626837015151978,-1.309046983718872
9.32,466,0.7740392088890076,0.6331376433372498,0.8851962089538574,3.0220415592193604,-9.364751815795898,-2.0,-0.4611234664916992,0.8873359560966492,-0.4792608916759491,-1.2351627349853516,0.2541983425617218,-1.364457130432129
9.34,467,0.8085826635360718,0.5883825421333313,0.9417392611503601,2.827152967453003,-9.744426727294922,-2.0,-0.45604774355888367,0.8899553418159485,-0.47354915738105774,-1.2646304368972778,0.3015727400779724,-1.4152884483337402
9.36,468,0.8383519649505615,0.5451293587684631,0.9942529201507568,2.6256818771362305,-10.073554039001465,-2.0,-0.4503563940525055,0.8928488492965698,-0.46716445684432983,-1.2887083292007446,0.3477195203304291,-1.4614174365997314
9.38,469,0.8637297749519348,0.5039552450180054,1.0426243543624878,2.418571710586548,-10.35551643371582,-2.0,-0.44405198097229004,0.8960010409355164,-0.460115909576416,-1.30778169631958,0.3920457661151886,-1.5027402639389038
9.4,470,0.8851229548454285,0.4653572738170624,1.0867581367492676,2.2066893577575684,-10.594117164611816,-2.0,-0.43713751435279846,0.899394690990448,-0.45241352915763855,-1.3222604990005493,0.4340374171733856,-1.5391716957092285
9.42,471,0.9029453992843628,0.429755300283432,1.1265745162963867,1.9908214807510376,-10.793390274047852,-2.0,-0.42961665987968445,0.9030113816261292,-0.44406822323799133,-1.3325620889663696,0.47325605154037476,-1.5706428289413452
9.44,472,0.9176031351089478,0.3974977731704712,1.1620080471038818,1.7716727256774902,-10.957435607910156,-2.0,-0.4214937090873718,0.9068313241004944,-0.43509188294410706,-1.3390969038009644,0.5093335509300232,-1.5970999002456665
9.46,473,0.9294817447662354,0.3688681125640869,1.1930053234100342,1.5498673915863037,-11.090270042419434,-2.0,-0.4127737283706665,0.9108335971832275,-0.42549723386764526,-1.3422554731369019,0.5419654846191406,-1.6185026168823242
9.48,474,0.9389358162879944,0.34409230947494507,1.2195243835449219,1.3259531259536743,-11.195709228515625,-2.0,-0.40346255898475647,0.9149961471557617,-0.4152979552745819,-1.3423984050750732,0.5709038376808167,-1.6348223686218262
9.5,475,0.9462806582450867,0.32334640622138977,1.241532564163208,1.1004079580307007,-11.277257919311523,-2.0,-0.39356696605682373,0.9192959666252136,-0.404508501291275,-1.3398476839065552,0.5959495306015015,-1.6460410356521606
9.52,476,0.9517857432365417,0.30676358938217163,1.2590055465698242,0.8736473321914673,-11.338033676147461,-2.0,-0.3830946385860443,0.9237090945243835,-0.3931442201137543,-1.3348803520202637,0.6169455051422119,-1.6521497964859009
9.540000000000001,477,0.9556697607040405,0.2944406270980835,1.2719261646270752,0.6460332870483398,-11.38070011138916,-2.0,-0.3720543384552002,0.928210973739624,-0.3812212646007538,-1.3277240991592407,0.6337703466415405,-1.6531474590301514
9.56,478,0.9580972194671631,0.28644323348999023,1.2802839279174805,0.41788485646247864,-11.407422065734863,-2.0,-0.36045587062835693,0.9327762722969055,-0.36875656247138977,-1.31855309009552,0.6463330388069153,-1.6490404605865479
9.58,479,0.9591758847236633,0.2828102111816406,1.2840737104415894,0.18948830664157867,-11.419828414916992,-2.0,-0.3483102321624756,0.9373793005943298,-0.3557678461074829,-1.3074860572814941,0.6545690894126892,-1.6398414373397827
9.6,480,0.9589556455612183,0.283556193113327,1.2832958698272705,-0.038891494274139404,-11.418990135192871,-2.0,-0.3356296420097351,0.9419940114021301,-0.3422735631465912,-1.2945852279663086,0.6584378480911255,-1.6255693435668945
9.620000000000001,481,0.9574277400970459,0.28867295384407043,1.2779558897018433,-0.2669996917247772,-11.405409812927246,-2.0,-0.32242754101753235,0.9465941190719604,-0.3282928764820099,-1.2798553705215454,0.6579211950302124,-1.6062487363815308
9.64,482,0.9545255303382874,0.2981291711330414,1.268064260482788,-0.4945800304412842,-11.379015922546387,-2.0,-0.308718740940094,0.9511533975601196,-0.313845694065094,-1.2632442712783813,0.6530241966247559,-1.5819098949432373
9.66,483,0.9501251578330994,0.3118688464164734,1.2536369562149048,-0.721363365650177,-11.339166641235352,-2.0,-0.2945193350315094,0.9556455016136169,-0.29895249009132385,-1.2446445226669312,0.6437766551971436,-1.5525894165039062
9.68,484,0.9440479278564453,0.3298082947731018,1.2346957921981812,-0.9470565319061279,-11.284659385681152,-2.0,-0.27984675765037537,0.9600446820259094,-0.2836344838142395,-1.223894715309143,0.6302363872528076,-1.5183303356170654
9.700000000000001,485,0.936063289642334,0.3518316447734833,1.2112692594528198,-1.1713316440582275,-11.213757514953613,-2.0,-0.2647198438644409,0.9643253684043884,-0.2679134011268616,-1.200783133506775,0.6124937534332275,-1.4791826009750366
9.72,486,0.9258931279182434,0.3777855634689331,1.183392882347107,-1.3938159942626953,-11.124214172363281,-2.0,-0.2491588294506073,0.9684626460075378,-0.25181159377098083,-1.1750519275665283,0.5906770825386047,-1.4352045059204102
9.74,487,0.913217306137085,0.4074729084968567,1.1511112451553345,-1.6140824556350708,-11.013320922851562,-2.0,-0.23318526148796082,0.9724323153495789,-0.23535196483135223,-1.1464025974273682,0.5649594068527222,-1.3864631652832031
9.76,488,0.8976810574531555,0.4406457841396332,1.114478349685669,-1.8316415548324585,-10.877957344055176,-2.0,-0.2168220430612564,0.9762111306190491,-0.21855787932872772,-1.1145031452178955,0.5355653762817383,-1.3330363035202026
9.78,489,0.8789040446281433,0.47699862718582153,1.0735597610473633,-2.0459349155426025,-10.714669227600098,-2.0,-0.2000933736562729,0.9797768592834473,-0.20145322382450104,-1.0789973735809326,0.5027782320976257,-1.2750129699707031
9.8,490,0.8564912676811218,0.5161615014076233,1.028433084487915,-2.2563300132751465,-10.51975154876709,-2.0,-0.18302473425865173,0.9831082820892334,-0.18406227231025696,-1.0395159721374512,0.4669468104839325,-1.2124953269958496
9.82,491,0.8300463557243347,0.5576944351196289,0.9791907668113708,-2.4621171951293945,-10.289362907409668,-2.0,-0.16564279794692993,0.9861857891082764,-0.16640977561473846,-0.9956891536712646,0.42849138379096985,-1.1456005573272705
9.84,492,0.7991864681243896,0.6010831594467163,0.9259405732154846,-2.6625101566314697,-10.019648551940918,-2.0,-0.1479753702878952,0.9889910221099854,-0.1485207974910736,-0.947161853313446,0.38790786266326904,-1.0744613409042358
9.86,493,0.7635595202445984,0.6457374691963196,0.8688076138496399,-2.8566479682922363,-9.706893920898438,-2.0,-0.13005132973194122,0.9915072321891785,-0.1304207593202591,-0.8936108350753784,0.3457697927951813,-0.9992283582687378
9.88,494,0.722862184047699,0.6909922361373901,0.8079355359077454,-3.0436017513275146,-9.347685813903809,-2.0,-0.11190052330493927,0.9937193989753723,-0.1121353805065155,-0.8347627520561218,0.30272719264030457,-0.9200709462165833
9.9,495,0.676906406879425,0.7360690832138062,0.7435516119003296,-3.219196319580078,-8.7797212600708,-1.8406227827072144,-0.09355364739894867,0.995614230632782,-0.0936906561255455,-0.7704600691795349,0.25954514741897583,-0.8372423052787781
9.92,496,0.625644862651825,0.7801080346107483,0.6759578585624695,-3.379687786102295,-8.024577140808105,-1.5450849533081055,-0.07504218071699142,0.9971803426742554,-0.07511279731988907,-0.700687050819397,0.21707233786582947,-0.7510706782341003
9.94,497,0.5691562294960022,0.8222293853759766,0.6054793000221252,-3.523928642272949,-7.212040901184082,-1.243449330329895,-0.05639825016260147,0.9984083771705627,-0.05642819404602051,-0.6255545020103455,0.1761789619922638,-0.6619074940681458
9.96,498,0.507656991481781,0.861559271812439,0.5324630737304688,-3.650811195373535,-6.344132423400879,-0.9369063377380371,-0.03765450045466423,0.9992908239364624,-0.037663403898477554,-0.545311450958252,0.13773153722286224,-0.570126473903656
9.98,499,0.44150665402412415,0.8972579836845398,0.4572771489620209,-3.75929594039917,-5.424240589141846,-0.6266660690307617,-0.01884397678077221,0.9998224377632141,-0.01884509064257145,-0.4603506326675415,0.10256446152925491,-0.47612226009368896
