t,step,x,y,theta,theta_dot,theta_ddot,tau,x_target,y_target,theta_target,ex,ey,etheta,p_error,i_error,d_error,kp,ki,kd,reward,reward_cum,force_left,force_right
0.0,0,0.0,1.0,0.0,0.0,0.0,0.0,0.0,1.0,0.0,0.0,0.0,0.0,0.0,0.0,0.0,10.0,0.5,1.0,0.0,0.0,5.313952445983887,4.686047554016113
0.02,1,0.0,1.0,0.0,0.0,0.0,0.0,0.01884397678077221,0.9998224377632141,0.01884509064257145,0.01884397678077221,-0.00017756347369868308,0.01884509064257145,0.01884509064257145,0.00018845091108232737,0.0,10.0,0.5,1.0,-0.11357243251793711,-0.11357243251793711,5.0,5.0
0.04,2,9.418573608854786e-05,1.0,9.418573608854786e-05,0.004709286615252495,0.23546433448791504,0.3139524459838867,0.03765450045466423,0.9992908239364624,0.037663403898477554,0.03756031394004822,-0.0007091776933521032,0.03756921738386154,0.03756921738386154,0.0007525939727202058,0.0,10.0,0.5,1.0,-0.1128523669238229,-0.22642479944176003,4.686047554016113,5.313952445983887
0.06,3,0.00037602343945764005,0.9999999403953552,0.0003760234685614705,0.014091886579990387,0.4691299796104431,0.6266660690307617,0.05639825016260147,0.9984083771705627,0.05642819404602051,0.05602222681045532,-0.0015915773110464215,0.05605217069387436,0.05605217069387436,0.0016888078534975648,0.0,10.0,0.5,1.0,-0.1114149280219339,-0.33783972746369395,4.373333930969238,5.626666069030762
0.08,4,0.0009376149391755462,0.9999995827674866,0.000937615055590868,0.028079580515623093,0.6993846893310547,0.9369063377380371,0.07504218071699142,0.9971803426742554,0.07511279731988907,0.07410456985235214,-0.0028192002791911364,0.07417517900466919,0.07417517900466919,0.0029910814482718706,0.0,10.0,0.5,1.0,-0.10926864166976012,-0.4471083691334541,4.063093662261963,5.936906337738037
0.1,5,0.001869059749878943,0.9999982714653015,0.0018690609140321612,0.04657229036092758,0.9246355295181274,1.243449330329895,0.09355364739894867,0.995614230632782,0.0936906561255455,0.09168458729982376,-0.00438401335850358,0.0918215960264206,0.0918215960264206,0.00465104915201664,0.0,10.0,0.5,1.0,-0.10642602446893443,-0.5535343936023885,3.7565505504608154,6.2434492111206055
0.12,6,0.0032578271348029375,0.999994695186615,0.003257832955569029,0.06943860650062561,1.1433156728744507,1.5450849533081055,0.11190052330493927,0.9937193989753723,0.1121353805065155,0.10864269733428955,-0.00627527991309762,0.10887754708528519,0.10887754708528519,0.006658040452748537,0.0,10.0,0.5,1.0,-0.10290352229933526,-0.6564379159017238,3.4549150466918945,6.5450849533081055
0.14,7,0.005188139155507088,0.9999865293502808,0.005188162438571453,0.09651647508144379,1.3538936376571655,1.8406227827072144,0.13005132973194122,0.9915072321891785,0.1304207593202591,0.12486319243907928,-0.008479279465973377,0.12523259222507477,0.12523259222507477,0.008999141864478588,0.0,10.0,0.5,1.0,-0.09872142762566678,-0.7551593435273907,3.159377336502075,6.840622901916504
0.16,8,0.007701699621975422,0.9999703168869019,0.007701775524765253,0.12568065524101257,1.4582089185714722,2.0,0.1479753702878952,0.9889910221099854,0.1485207974910736,0.14027367532253265,-0.010979294776916504,0.1408190131187439,0.1408190131187439,0.011659657582640648,0.0,10.0,0.5,1.0,-0.09413579635947592,-0.8492951398868666,2.871103525161743,7.128896236419678
0.18,9,0.010790628381073475,0.9999417662620544,0.010790836997330189,0.1544530838727951,1.4386217594146729,2.0,0.16564279794692993,0.9861857891082764,0.16640977561473846,0.15485216677188873,-0.013755962252616882,0.15561893582344055,0.15561893582344055,0.014624037779867649,0.0,10.0,0.5,1.0,-0.08944520513885156,-0.9387403450257181,2.59123158454895,7.408768177032471
0.2,10,0.014445323497056961,0.9998956322669983,0.014445825479924679,0.182749405503273,1.4148160219192505,2.0,0.18302473425865173,0.9831082820892334,0.18406227231025696,0.16857941448688507,-0.016787352040410042,0.1696164458990097,0.1696164458990097,0.017876392230391502,0.0,10.0,0.5,1.0,-0.08466117411474551,-1.0234015191404637,2.320866107940674,7.679133892059326
0.22,11,0.01865447871387005,0.9998260140419006,0.018655559048056602,0.21048672497272491,1.3868653774261475,2.0,0.2000933736562729,0.9797768592834473,0.20145322382450104,0.1814388930797577,-0.02004915662109852,0.1827976554632187,0.1827976554632187,0.021400531753897667,0.0,10.0,0.5,1.0,-0.0797952301304307,-1.1031967492708945,2.0610737800598145,7.9389262199401855
0.24,12,0.023405099287629128,0.9997260570526123,0.023407237604260445,0.23758384585380554,1.3548563718795776,2.0,0.2168220430612564,0.9762111306190491,0.21855787932872772,0.19341693818569183,-0.023514915257692337,0.19515064358711243,0.19515064358711243,0.025180015712976456,0.0,10.0,0.5,1.0,-0.07485888069747239,-1.1780556299683669,1.812880039215088,8.187119483947754
0.26,13,0.028682533651590347,0.9995885491371155,0.028686469420790672,0.2639615833759308,1.3188875913619995,2.0,0.23318526148796082,0.9724323153495789,0.23535196483135223,0.20450273156166077,-0.027156243100762367,0.206665500998497,0.206665500998497,0.02919817715883255,0.0,10.0,0.5,1.0,-0.06986358872596565,-1.2479192186943324,1.577264428138733,8.422735214233398
0.28,14,0.03447049856185913,0.9994057416915894,0.03447732701897621,0.2895430028438568,1.2790696620941162,2.0,0.2491588294506073,0.9684626460075378,0.25181159377098083,0.21468833088874817,-0.03094308078289032,0.21733427047729492,0.21733427047729492,0.03343817591667175,0.0,10.0,0.5,1.0,-0.06482074700487006,-1.3127399656992025,1.3551568984985352,8.644843101501465
0.3,15,0.04075111076235771,0.9991693496704102,0.04076239839196205,0.3142535090446472,1.2355254888534546,2.0,0.2647198438644409,0.9643253684043884,0.2679134011268616,0.2239687442779541,-0.034843966364860535,0.22715099155902863,0.22715099155902863,0.037883028388023376,0.0,10.0,0.5,1.0,-0.05974165373098832,-1.3724816194301908,1.1474337577819824,8.85256576538086
0.32,16,0.04750493913888931,0.9988710284233093,0.04752282425761223,0.33802127838134766,1.1883891820907593,2.0,0.27984675765037537,0.9600446820259094,0.2836344838142395,0.23234181106090546,-0.038826316595077515,0.23611165583133698,0.23611165583133698,0.04251565411686897,0.0,10.0,0.5,1.0,-0.05463748881810435,-1.427119108248295,0.9549150466918945,9.045084953308105
0.34,17,0.05471104010939598,0.998502254486084,0.054738372564315796,0.3607774078845978,1.1378066539764404,2.0,0.2945193350315094,0.9556455016136169,0.29895249009132385,0.23980827629566193,-0.04285670444369316,0.24421411752700806,0.24421411752700806,0.04731891304254532,0.0,10.0,0.5,1.0,-0.04951928917939205,-1.476638397427687,0.7783603668212891,9.221639633178711
0.36,18,0.06234703212976456,0.9980545043945312,0.06238749623298645,0.38245609402656555,1.0839343070983887,2.0,0.308718740940094,0.9511533975601196,0.313845694065094,0.24637171626091003,-0.0469011589884758,0.25145819783210754,0.25145819783210754,0.0522756353020668,0.0,10.0,0.5,1.0,-0.04439792619451835,-1.5210363236222055,0.6184666156768799,9.3815336227417
0.38,19,0.07038913667201996,0.9975196123123169,0.0704473927617073,0.40299490094184875,1.0269396305084229,2.0,0.32242754101753235,0.9465941190719604,0.3282928764820099,0.2520384192466736,-0.05092546343803406,0.2578454911708832,0.2578454911708832,0.05736866965889931,0.0,10.0,0.5,1.0,-0.03928408227581049,-1.560320405898016,0.4758647382259369,9.52413558959961
0.4,20,0.07881227135658264,0.9968894720077515,0.07889409363269806,0.4223348796367645,0.9669995903968811,2.0,0.3356296420097351,0.9419940114021301,0.3422735631465912,0.25681737065315247,-0.054895445704460144,0.26337945461273193,0.26337945461273193,0.06258092075586319,0.0,10.0,0.5,1.0,-0.034188228653283664,-1.5945086345512998,0.3511175811290741,9.648882865905762
0.42,21,0.08759012073278427,0.9961565732955933,0.08770250529050827,0.440420925617218,0.9043011665344238,2.0,0.3483102321624756,0.9373793005943298,0.3557678461074829,0.2607201039791107,-0.058777280151844025,0.26806533336639404,0.26806533336639404,0.06789536774158478,0.0,10.0,0.5,1.0,-0.029120603178012523,-1.6236292377293122,0.24471741914749146,9.755282402038574
0.44,22,0.09669522196054459,0.9953140616416931,0.09684654325246811,0.4572017192840576,0.8390399217605591,2.0,0.36045587062835693,0.9327762722969055,0.36875656247138977,0.26376062631607056,-0.0625377669930458,0.27191001176834106,0.27191001176834106,0.07329512387514114,0.0,10.0,0.5,1.0,-0.02409118948440226,-1.6477204272137145,0.15708419680595398,9.842915534973145
0.46,23,0.10609906911849976,0.9943555593490601,0.10629914700984955,0.472630113363266,0.7714198231697083,2.0,0.3720543384552002,0.928210973739624,0.3812212646007538,0.26595526933670044,-0.06614460796117783,0.27492210268974304,0.27492210268974304,0.0787634402513504,0.0,10.0,0.5,1.0,-0.019109695538602055,-1.6668301227523166,0.08856374770402908,9.911436080932617
0.48,24,0.11577221751213074,0.9932757616043091,0.11603240668773651,0.48666316270828247,0.701652467250824,2.0,0.3830946385860443,0.9237090945243835,0.3931442201137543,0.2673224210739136,-0.06956669688224792,0.27711179852485657,0.27711179852485657,0.08428378403186798,0.0,10.0,0.5,1.0,-0.01418553386332206,-1.6810156566156387,0.039426494389772415,9.960573196411133
0.5,25,0.12568438053131104,0.9920702576637268,0.12601765990257263,0.499262273311615,0.629956066608429,2.0,0.39356696605682373,0.9192959666252136,0.404508501291275,0.2678825855255127,-0.07277432829141617,0.2784908413887024,0.2784908413887024,0.08983980864286423,0.0,10.0,0.5,1.0,-0.00932780242366673,-1.6903434590393054,0.009866357780992985,9.990133285522461
0.52,26,0.13580457866191864,0.990735650062561,0.13622552156448364,0.5103933811187744,0.5565547943115234,2.0,0.40346255898475647,0.9149961471557617,0.4152979552745819,0.267657995223999,-0.07573949545621872,0.27907243371009827,0.27907243371009827,0.09541544318199158,0.0,10.0,0.5,1.0,-0.004545266055138384,-1.6948887250944438,0.0,10.0
0.54,27,0.1461012363433838,0.9892696738243103,0.1466260552406311,0.5200269222259521,0.4816780388355255,2.0,0.4127737283706665,0.9108335971832275,0.42549723386764526,0.2666724920272827,-0.07843604683876038,0.27887117862701416,0.27887117862701416,0.10099487751722336,0.0,10.0,0.5,1.0,-0.0018588124677107421,-1.6967475375621546,0.009866357780992985,9.990133285522461
0.56,28,0.1565423160791397,0.9876712560653687,0.15718881785869598,0.5281381011009216,0.40555915236473083,2.0,0.4214937090873718,0.9068313241004944,0.43509188294410706,0.2649514079093933,-0.08083993196487427,0.2779030501842499,0.2779030501842499,0.10656262189149857,0.0,10.0,0.5,1.0,-0.004920326763635818,-1.7016678643257903,0.039426494389772415,9.960573196411133
0.58,29,0.16709545254707336,0.98594069480896,0.16788296401500702,0.5347068309783936,0.3284347951412201,2.0,0.42961665987968445,0.9030113816261292,0.44406822323799133,0.2625212073326111,-0.08292935788631439,0.2761852741241455,0.2761852741241455,0.11210350692272186,0.0,10.0,0.5,1.0,-0.007909009641320434,-1.7095768739671107,0.08856374770402908,9.911436080932617
0.6,30,0.1777281016111374,0.9840796589851379,0.17867730557918549,0.5397176742553711,0.2505437433719635,2.0,0.43713751435279846,0.899394690990448,0.45241352915763855,0.25940942764282227,-0.08468495309352875,0.27373620867729187,0.27373620867729187,0.11760272085666656,0.0,10.0,0.5,1.0,-0.010820276453097492,-1.7203971504202082,0.15708419680595398,9.842915534973145
0.62,31,0.18840765953063965,0.9820908904075623,0.18954052031040192,0.5431602001190186,0.17212609946727753,2.0,0.44405198097229004,0.8960010409355164,0.460115909576416,0.2556443214416504,-0.08608987927436829,0.2705754041671753,0.2705754041671753,0.12304583191871643,0.0,10.0,0.5,1.0,-0.013649912326092136,-1.7340470627463003,0.24471741914749146,9.755282402038574
0.64,32,0.19910161197185516,0.9799788594245911,0.20044109225273132,0.5450286269187927,0.09342212975025177,2.0,0.4503563940525055,0.8928488492965698,0.46716445684432983,0.2512547969818115,-0.08712998032569885,0.2667233943939209,0.2667233943939209,0.12841881811618805,0.0,10.0,0.5,1.0,-0.0163940741013784,-1.7504411368476787,0.3511175811290741,9.648882865905762
0.66,33,0.20977763831615448,0.9777491092681885,0.2113475352525711,0.545322060585022,0.014671342447400093,2.0,0.45604774355888367,0.8899553418159485,0.47354915738105774,0.2462701052427292,-0.08779380470514297,0.26220160722732544,0.26220160722732544,0.13370807468891144,0.0,10.0,0.5,1.0,-0.01904928979390344,-1.769490426641582,0.4758647382259369,9.52413558959961
0.68,34,0.220403790473938,0.9754087328910828,0.22222842276096344,0.5440443158149719,-0.0638885423541069,2.0,0.4611234664916992,0.8873359560966492,0.4792608916759491,0.24071967601776123,-0.08807273954153061,0.25703248381614685,0.25703248381614685,0.13890041410923004,0.0,10.0,0.5,1.0,-0.0216124567471216,-1.7911028833887037,0.6184666156768799,9.3815336227417
0.7000000000000001,35,0.2309485673904419,0.9729659557342529,0.23305249214172363,0.5412038564682007,-0.1420225203037262,2.0,0.4655815362930298,0.885004997253418,0.48429158329963684,0.2346329540014267,-0.08796095848083496,0.2512390911579132,0.2512390911579132,0.1439831256866455,0.0,10.0,0.5,1.0,-0.024080836372673407,-1.8151837197613772,0.7783603668212891,9.221639633178711
0.72,36,0.24138109385967255,0.9704304337501526,0.24378877878189087,0.5368138551712036,-0.21949923038482666,2.0,0.4694202244281769,0.8829748630523682,0.48863404989242554,0.22803914546966553,-0.08745552599430084,0.24484528601169586,0.24484528601169586,0.1489439755678177,0.0,10.0,0.5,1.0,-0.02645204764693053,-1.8416357674083077,0.9549150466918945,9.045084953308105
0.74,37,0.25167116522789,0.9678127765655518,0.254406601190567,0.530892014503479,-0.29609188437461853,2.0,0.4726382791996002,0.8812565207481384,0.4922821819782257,0.2209671288728714,-0.08655629307031631,0.2378755509853363,0.2378755509853363,0.15377117693424225,0.0,10.0,0.5,1.0,-0.028724058237700398,-1.8703598256460081,1.1474337577819824,8.85256576538086
0.76,38,0.2617894113063812,0.9651250243186951,0.2648758292198181,0.5234604477882385,-0.37157905101776123,2.0,0.47523465752601624,0.8798590898513794,0.49523070454597473,0.21344523131847382,-0.08526592701673508,0.2303548902273178,0.2303548902273178,0.15845347940921783,0.0,10.0,0.5,1.0,-0.030895174686397665,-1.9012550003324058,1.3551568984985352,8.644843101501465
0.78,39,0.2717073857784271,0.9623799324035645,0.27516672015190125,0.5145455598831177,-0.44574543833732605,2.0,0.47720855474472046,0.8787900805473328,0.4974755048751831,0.20550116896629333,-0.0835898369550705,0.22230876982212067,0.22230876982212067,0.1629801243543625,0.0,10.0,0.5,1.0,-0.03296402975772427,-1.93421903009013,1.577264428138733,8.422735214233398
0.8,40,0.28139764070510864,0.959591269493103,0.2852502763271332,0.5041778683662415,-0.5183826684951782,2.0,0.4785594642162323,0.8780551552772522,0.49901336431503296,0.19716180860996246,-0.08153609931468964,0.2137630730867386,0.2137630730867386,0.16734084486961365,0.0,10.0,0.5,1.0,-0.03492957027755396,-1.9691486003676841,1.812880039215088,8.187119483947754
0.8200000000000001,41,0.2908337414264679,0.956773579120636,0.29509812593460083,0.49239209294319153,-0.5892897844314575,2.0,0.47928696870803833,0.8776582479476929,0.49984210729599,0.18845321238040924,-0.0791153535246849,0.20474396646022797,0.20474396646022797,0.17152591049671173,0.0,10.0,0.5,1.0,-0.036791042482251346,-2.0059396428499356,2.0610737800598145,7.9389262199401855
0.84,42,0.2999904751777649,0.9539421796798706,0.3046826720237732,0.47922661900520325,-0.6582739353179932,2.0,0.4793908894062042,0.8776015043258667,0.4999605119228363,0.17940042912960052,-0.07634071260690689,0.1952778548002243,0.1952778548002243,0.17552612721920013,0.0,10.0,0.5,1.0,-0.03854797691714328,-2.0444876197670787,2.320866107940674,7.679133892059326
0.86,43,0.3088437616825104,0.9511128067970276,0.31397712230682373,0.4647235870361328,-0.7251508831977844,2.0,0.47887122631073,0.8778851628303528,0.49936848878860474,0.1700274497270584,-0.07322762906551361,0.18539133667945862,0.18539133667945862,0.17933282256126404,0.0,10.0,0.5,1.0,-0.04020017337658709,-2.0846877931436656,2.59123158454895,7.408768177032471
0.88,44,0.31737086176872253,0.9483014941215515,0.3229556977748871,0.44892868399620056,-0.7897452116012573,2.0,0.47772809863090515,0.8785077333450317,0.49806681275367737,0.1603572517633438,-0.06979376077651978,0.1751111000776291,0.1751111000776291,0.1829378455877304,0.0,10.0,0.5,1.0,-0.04174768480149081,-2.126435477945156,2.871103525161743,7.128896236419678
0.9,45,0.32550495862960815,0.9455403089523315,0.33154571056365967,0.4295002222061157,-0.9714237451553345,1.8406227827072144,0.475961834192276,0.8794659376144409,0.4960573613643646,0.15045687556266785,-0.06607439368963242,0.16451163589954376,0.16451163589954376,0.18633407354354858,0.0,10.0,0.5,1.0,-0.042999553461689356,-2.1694350314068456,3.159377336502075,6.840622901916504
0.92,46,0.33314281702041626,0.942876398563385,0.33963483572006226,0.40445631742477417,-1.2521952390670776,1.5450849533081055,0.47357288002967834,0.8807546496391296,0.49334296584129333,0.1404300481081009,-0.062121737748384476,0.15370813012123108,0.15370813012123108,0.18951627612113953,0.0,10.0,0.5,1.0,-0.0437935872340353,-2.2132286186408807,3.4549150466918945,6.5450849533081055
0.9400000000000001,47,0.3401820659637451,0.9403595924377441,0.3471105098724365,0.373782753944397,-1.533678412437439,1.243449330329895,0.4705619513988495,0.882366955280304,0.4899275302886963,0.13037988543510437,-0.05799262970685959,0.14281703531742096,0.14281703531742096,0.19248151779174805,0.0,10.0,0.5,1.0,-0.04412497936053447,-2.257353598001415,3.7565505504608154,6.2434492111206055
0.96,48,0.34652164578437805,0.9380419850349426,0.353860467672348,0.3374982178211212,-1.8142266273498535,0.9369063377380371,0.46692997217178345,0.8842942714691162,0.4858158528804779,0.1204083263874054,-0.05374768376350403,0.13195540010929108,0.13195540010929108,0.19522924721240997,0.0,10.0,0.5,1.0,-0.04399152939411937,-2.3013451273955345,4.063093662261963,5.936906337738037
0.98,49,0.35206228494644165,0.9359765648841858,0.35977354645729065,0.29565441608428955,-2.0921897888183594,0.6266660690307617,0.4626781940460205,0.8865262866020203,0.48101383447647095,0.11061591655015945,-0.04945027455687523,0.1212402880191803,0.1212402880191803,0.19776120781898499,0.0,10.0,0.5,1.0,-0.04339365024766655,-2.344738777643201,4.373333930969238,5.626666069030762
1.0,50,0.3567066490650177,0.9342164397239685,0.3647402822971344,0.24833600223064423,-2.3659210205078125,0.3139524459838867,0.45780816674232483,0.8890510201454163,0.4755282700061798,0.10110149532556534,-0.04516543447971344,0.11078798770904541,0.11078798770904541,0.2000814825296402,0.0,10.0,0.5,1.0,-0.042334364944969595,-2.3870731425881706,4.686047554016113,5.313952445983887
1.02,51,0.36035969853401184,0.9328134059906006,0.36865347623825073,0.19566036760807037,-2.633781909942627,0.0,0.45232176780700684,0.8918548226356506,0.4693669378757477,0.0919620618224144,-0.04095860570669174,0.10071345418691635,0.10071345418691635,0.20219649374485016,0.0,10.0,0.5,1.0,-0.040819296659673744,-2.4278924392478443,5.0,5.0
1.04,52,0.36292874813079834,0.9318168759346008,0.37140902876853943,0.1377774029970169,-2.894148111343384,-0.3139524459838867,0.44622138142585754,0.8949226140975952,0.46253859996795654,0.0832926481962204,-0.036894291639328,0.09112957864999771,0.09112957864999771,0.20411492884159088,0.0,10.0,0.5,1.0,-0.03885664950915721,-2.4667490887570014,5.313952445983887,4.686047554016113
1.06,53,0.36432361602783203,0.9312723875045776,0.3729064166545868,0.07486911118030548,-3.145414352416992,-0.6266660690307617,0.43950989842414856,0.8982377648353577,0.4550529718399048,0.07518628239631653,-0.03303466737270355,0.08214657753705978,0.08214657753705978,0.20584769546985626,0.0,10.0,0.5,1.0,-0.03645718325891205,-2.5032062720159134,5.626666069030762,4.373333930969238
1.08,54,0.36445677280426025,0.931220293045044,0.37304937839508057,0.0071491459384560585,-3.385998487472534,-0.9369063377380371,0.43219074606895447,0.901782214641571,0.4469207227230072,0.06773396581411362,-0.029438091441988945,0.07387132197618484,0.07387132197618484,0.2074078768491745,0.0,10.0,0.5,1.0,-0.03363418241943168,-2.536840454435345,5.936906337738037,4.063093662261963
1.1,55,0.36324331164360046,0.9316943287849426,0.37174662947654724,-0.06513777375221252,-3.6143457889556885,-1.243449330329895,0.42426797747612,0.9055367112159729,0.43815332651138306,0.061024658381938934,-0.026157628744840622,0.06640670448541641,0.06640670448541641,0.20881065726280212,0.0,10.0,0.5,1.0,-0.030403417703610706,-2.5672438721389557,6.2434492111206055,3.7565505504608154
1.12,56,0.36060112714767456,0.9327201247215271,0.36891230940818787,-0.14171645045280457,-3.8289337158203125,-1.5450849533081055,0.41574639081954956,0.9094805717468262,0.42876332998275757,0.0551452599465847,-0.023239534348249435,0.05985102429986,0.05985102429986,0.21007323265075684,0.0,10.0,0.5,1.0,-0.02678310363439145,-2.594026975773347,6.5450849533081055,3.4549150466918945
1.1400000000000001,57,0.35645103454589844,0.9343140125274658,0.36446666717529297,-0.22228196263313293,-4.028275489807129,-1.8406227827072144,0.40663158893585205,0.9135922193527222,0.41876402497291565,0.05018053948879242,-0.02072177454829216,0.05429735407233238,0.05429735407233238,0.21121470630168915,0.0,10.0,0.5,1.0,-0.022793848556517334,-2.616820824329864,6.840622901916504,3.159377336502075
1.16,58,0.3507532477378845,0.9364679455757141,0.35837534070014954,-0.30456700921058655,-4.114253044128418,-2.0,0.3969299793243408,0.9178488850593567,0.40816962718963623,0.04617674648761749,-0.018619028851389885,0.04979429766535759,0.04979429766535759,0.21225562691688538,0.0,10.0,0.5,1.0,-0.018613270560917987,-2.635434094890782,7.128896236419678,2.871103525161743
1.18,59,0.34351423382759094,0.9391474723815918,0.35065630078315735,-0.3859519362449646,-4.0692458152771,-2.0,0.3866489827632904,0.9222269654273987,0.3969951868057251,0.04313475266098976,-0.016920512542128563,0.04633891209959984,0.04633891209959984,0.21321696043014526,0.0,10.0,0.5,1.0,-0.0144472063659492,-2.6498813012567313,7.408768177032471,2.59123158454895
1.2,60,0.33474260568618774,0.9423096179962158,0.3413320779800415,-0.46621057391166687,-4.012932777404785,-2.0,0.37579697370529175,0.9267020225524902,0.3852566182613373,0.04105434566736221,-0.01560757402330637,0.043924544006586075,0.043924544006586075,0.21411959826946259,0.0,10.0,0.5,1.0,-0.010310046471565944,-2.660191347728297,7.679133892059326,2.320866107940674
1.22,61,0.3244495093822479,0.9459030032157898,0.33042970299720764,-0.5451183319091797,-3.9453859329223633,-2.0,0.36438336968421936,0.9312490224838257,0.3729705810546875,0.03993385657668114,-0.014653983525931835,0.042540863156318665,0.042540863156318665,0.2149842530488968,0.0,10.0,0.5,1.0,-0.006216122759418796,-2.666407470487716,7.9389262199401855,2.0610737800598145
1.24,62,0.31264910101890564,0.9498686790466309,0.31798067688941956,-0.6224521994590759,-3.8666954040527344,-2.0,0.35241883993148804,0.9358423948287964,0.36015450954437256,0.0397697389125824,-0.01402631588280201,0.0421738475561142,0.0421738475561142,0.21583139896392822,0.0,10.0,0.5,1.0,-0.0021796902339692743,-2.6685871607216853,8.187119483947754,1.812880039215088
1.26,63,0.2993590533733368,0.9541405439376831,0.30402082204818726,-0.697991669178009,-3.7769737243652344,-2.0,0.33991512656211853,0.9404560923576355,0.3468266427516937,0.04055607691407204,-0.013684418052434921,0.04280582070350647,0.04280582070350647,0.21668119728565216,0.0,10.0,0.5,1.0,-0.004534645457795139,-2.6731218061794806,8.422735214233398,1.577264428138733
1.28,64,0.28460124135017395,0.9586459994316101,0.2885904610157013,-0.771518886089325,-3.6763596534729004,-2.0,0.32688531279563904,0.9450640082359314,0.3330059349536896,0.0422840490937233,-0.013581966981291771,0.04441548138856888,0.04441548138856888,0.21755340695381165,0.0,10.0,0.5,1.0,-0.010432369953331607,-2.6835541761328123,8.644843101501465,1.3551568984985352
1.3,65,0.2684022784233093,0.9633069038391113,0.2717340588569641,-0.842819333076477,-3.5650217533111572,-2.0,0.31334367394447327,0.9496397972106934,0.3187119960784912,0.04494139924645424,-0.013667123392224312,0.046977926045656204,0.046977926045656204,0.2184673398733139,0.0,10.0,0.5,1.0,-0.016180669087168496,-2.699734845219981,8.85256576538086,1.1474337577819824
1.32,66,0.25079402327537537,0.9680404663085938,0.25350040197372437,-0.9116826057434082,-3.443164110183716,-2.0,0.29930591583251953,0.9541571736335754,0.30396515130996704,0.048511892557144165,-0.01388327032327652,0.05046473443508148,0.05046473443508148,0.21944177150726318,0.0,10.0,0.5,1.0,-0.021757833605436445,-2.7214926788254172,9.045084953308105,0.9549150466918945
1.34,67,0.23181428015232086,0.9727600812911987,0.23394235968589783,-0.9779031872749329,-3.3110289573669434,-2.0,0.2847890555858612,0.9585902094841003,0.2887863516807556,0.05297476425766945,-0.014169847592711449,0.054843999445438385,0.054843999445438385,0.2204948514699936,0.0,10.0,0.5,1.0,-0.027142573737878137,-2.7486352525632953,9.221639633178711,0.7783603668212891
1.36,68,0.2115071415901184,0.9773764610290527,0.21311673521995544,-1.0412812232971191,-3.1689021587371826,-2.0,0.2698114216327667,0.9629132151603699,0.2731971740722656,0.05830427259206772,-0.014463267289102077,0.06008044630289078,0.06008044630289078,0.2216441035270691,0.0,10.0,0.5,1.0,-0.03231412521416819,-2.7809493777774636,9.3815336227417,0.6184666156768799
1.3800000000000001,69,0.18992352485656738,0.9817988872528076,0.19108425080776215,-1.10162353515625,-3.017115831375122,-2.0,0.2543927729129791,0.967100977897644,0.25721976161003113,0.06446924060583115,-0.014697900041937828,0.06613551080226898,0.06613551080226898,0.22290626168251038,0.0,10.0,0.5,1.0,-0.03725236263717473,-2.8182017404146382,9.52413558959961,0.4758647382259369
1.4000000000000001,70,0.16712148487567902,0.9859362840652466,0.16790936887264252,-1.1587445735931396,-2.856051445007324,-2.0,0.2385542392730713,0.9711291790008545,0.24087683856487274,0.07143275439739227,-0.014807135798037052,0.07296746969223022,0.07296746969223022,0.22429728507995605,0.0,10.0,0.5,1.0,-0.041937920899091895,-2.86013966131373,9.648882865905762,0.3511175811290741
1.42,71,0.14316637814044952,0.9896986484527588,0.1436600238084793,-1.2124674320220947,-2.686143398284912,-2.0,0.22231827676296234,0.9749741554260254,0.2241916060447693,0.07915189117193222,-0.0147244893014431,0.08053158968687057,0.08053158968687057,0.2258322834968567,0.0,10.0,0.5,1.0,-0.046352321637407386,-2.9064919829511378,9.755282402038574,0.24471741914749146
1.44,72,0.11813102662563324,0.9929980039596558,0.11840751767158508,-1.262624979019165,-2.5078790187835693,-2.0,0.20570865273475647,0.9786132574081421,0.20718778669834137,0.08757762610912323,-0.014384737238287926,0.08878027647733688,0.08878027647733688,0.22752539813518524,0.0,10.0,0.5,1.0,-0.05047810393237886,-2.9569700868835165,9.842915534973145,0.15708419680595398
1.46,73,0.09209561347961426,0.9957501888275146,0.0922262966632843,-1.309061050415039,-2.321800470352173,-2.0,0.18875043094158173,0.9820250868797302,0.1898895502090454,0.09665481746196747,-0.013725079596042633,0.09766325354576111,0.09766325354576111,0.22938983142375946,0.0,10.0,0.5,1.0,-0.05429895484395953,-3.011269041727476,9.911436080932617,0.08856374770402908
1.48,74,0.0651475042104721,0.9978756308555603,0.06519367545843124,-1.3516310453414917,-2.1285035610198975,-2.0,0.17146988213062286,0.9851893782615662,0.17232146859169006,0.10632238537073135,-0.012686283327639103,0.10712778568267822,0.10712778568267822,0.23143774271011353,0.0,10.0,0.5,1.0,-0.057799839417360145,-3.0690688811448363,9.960573196411133,0.039426494389772415
1.5,75,0.0373808890581131,0.9993010759353638,0.0373895987868309,-1.390203833580017,-1.9286365509033203,-2.0,0.15389446914196014,0.9880872964859009,0.15450850129127502,0.11651358008384705,-0.011213800869882107,0.11711890250444412,0.11711890250444412,0.23368020355701447,0.0,10.0,0.5,1.0,-0.06096712631973054,-3.130036007464567,9.990133285522461,0.009866357780992985
1.52,76,0.008896245621144772,0.9999604225158691,0.008896362967789173,-1.4246617555618286,-1.7228972911834717,-2.0,0.1360526978969574,0.9907016158103943,0.13647596538066864,0.12715645134449005,-0.00925882626324892,0.12757959961891174,0.12757959961891174,0.23612719774246216,0.0,10.0,0.5,1.0,-0.06378870608654755,-3.1938247135511144,10.0,0.0
1.54,77,-0.02020031027495861,0.9997959733009338,-0.020201684907078743,-1.4549024105072021,-1.5120292901992798,-2.0,0.11797410994768143,0.9930166602134705,0.11824949830770493,0.1381744146347046,-0.006779281888157129,0.13845118880271912,0.13845118880271912,0.23878750205039978,0.0,10.0,0.5,1.0,-0.06625409935504516,-3.2600788129061598,9.990133285522461,0.009866357780992985
1.56,78,-0.04979785531759262,0.9987593293190002,-0.049818459898233414,-1.480838656425476,-1.296817421913147,-2.0,0.09968913346529007,0.9950186610221863,0.09985499083995819,0.1494869887828827,-0.0037406855262815952,0.1496734470129013,0.1496734470129013,0.24166874587535858,0.0,10.0,0.5,1.0,-0.06835455352573637,-3.328433366431896,9.960573196411133,0.039426494389772415
1.58,79,-0.07978158444166183,0.9968123435974121,-0.07986646145582199,-1.502400279045105,-1.0780808925628662,-2.0,0.08122898638248444,0.9966954588890076,0.08131857961416245,0.16101057827472687,-0.0001169031675090082,0.16118504106998444,0.16118504106998444,0.24477733671665192,0.0,10.0,0.5,1.0,-0.07008312285458458,-3.3985164892864805,9.911436080932617,0.08856374770402908
1.6,80,-0.11003388464450836,0.9939278364181519,-0.11025714129209518,-1.519533634185791,-0.8566669821739197,-2.0,0.06262560933828354,0.9980370998382568,0.06266661733388901,0.1726594865322113,0.00410925317555666,0.1729237586259842,0.1729237586259842,0.24811843037605286,0.0,10.0,0.5,1.0,-0.07143473221957868,-3.4699512215060593,9.842915534973145,0.15708419680595398
1.62,81,-0.14043542742729187,0.9900898337364197,-0.14090119302272797,-1.5322024822235107,-0.6334431767463684,-2.0,0.04391147568821907,0.9990354180335999,0.04392559826374054,0.18434689939022064,0.008945586159825325,0.1848267912864685,0.1848267912864685,0.2516959309577942,0.0,10.0,0.5,1.0,-0.07240622153589482,-3.542357443041954,9.755282402038574,0.24471741914749146
1.6400000000000001,82,-0.17086641490459442,0.9852942228317261,-0.17170895636081696,-1.5403883457183838,-0.4092887341976166,-2.0,0.025119516998529434,0.9996844530105591,0.025122158229351044,0.19598594307899475,0.014390252530574799,0.1968311071395874,0.1968311071395874,0.2555125057697296,0.0,10.0,0.5,1.0,-0.07299636918764636,-3.6153538122296007,9.648882865905762,0.3511175811290741
1.6600000000000001,83,-0.20120777189731598,0.9795485734939575,-0.20259074866771698,-1.5440900325775146,-0.1850857436656952,-2.0,0.006282978691160679,0.9999802708625793,0.006283020135015249,0.20749075710773468,0.020431676879525185,0.20887377858161926,0.20887377858161926,0.25956955552101135,0.0,10.0,0.5,1.0,-0.07320589371926935,-3.68855970594887,9.52413558959961,0.4758647382259369
1.68,84,-0.2313423454761505,0.9728723764419556,-0.23345723748207092,-1.5433242321014404,0.038289569318294525,-2.0,-0.01256471686065197,0.9999210834503174,-0.012565047480165958,0.2187776416540146,0.027048656716942787,0.22089219093322754,0.22089219093322754,0.26386722922325134,0.0,10.0,0.5,1.0,-0.07303743444680022,-3.7615971403956703,9.3815336227417,0.6184666156768799
1.7,85,-0.2611561715602875,0.9652965664863586,-0.264219731092453,-1.538124680519104,0.25997602939605713,-2.0,-0.031390100717544556,0.9995071887969971,-0.031395260244607925,0.22976605594158173,0.03421064466238022,0.23282447457313538,0.23282447457313538,0.26840439438819885,0.0,10.0,0.5,1.0,-0.07249550888204058,-3.8340926492777108,9.221639633178711,0.7783603668212891
1.72,86,-0.2905394732952118,0.9568629860877991,-0.2947905659675598,-1.5285420417785645,0.4791361093521118,-2.0,-0.05015980079770088,0.9987412095069885,-0.05018085613846779,0.24037966132164001,0.041878193616867065,0.24460971355438232,0.24460971355438232,0.27317872643470764,0.0,10.0,0.5,1.0,-0.07158644966209728,-3.905679098939808,9.045084953308105,0.9549150466918945
1.74,87,-0.31938785314559937,0.9476240873336792,-0.3250834345817566,-1.5146427154541016,0.6949644088745117,-2.0,-0.06884065270423889,0.9976276755332947,-0.06889514625072479,0.2505472004413605,0.05000358447432518,0.2561882734298706,0.2561882734298706,0.27818670868873596,0.0,10.0,0.5,1.0,-0.07031832087832758,-3.975997419818136,8.85256576538086,1.1474337577819824
1.76,88,-0.34760311245918274,0.9376417398452759,-0.3550136089324951,-1.4965088367462158,0.9066951870918274,-2.0,-0.08739987760782242,0.9961733222007751,-0.08751153200864792,0.2602032423019409,0.05853154882788658,0.2675020694732666,0.2675020694732666,0.28342360258102417,0.0,10.0,0.5,1.0,-0.06870081671430482,-4.04469823653244,8.644843101501465,1.3551568984985352
1.78,89,-0.37509414553642273,0.9269866943359375,-0.38449832797050476,-1.4742366075515747,1.1136090755462646,-2.0,-0.10580514371395111,0.9943869113922119,-0.10600355267524719,0.2692890167236328,0.06740016490221024,0.27849477529525757,0.27849477529525757,0.2888835668563843,0.0,10.0,0.5,1.0,-0.06674514240011363,-4.111443378932554,8.422735214233398,1.577264428138733
1.8,90,-0.4017774760723114,0.9157373309135437,-0.41345706582069397,-1.4479358196258545,1.315039038658142,-2.0,-0.12402476370334625,0.9922791123390198,-0.12434494495391846,0.27775272727012634,0.07654178887605667,0.2891121208667755,0.2891121208667755,0.29455965757369995,0.0,10.0,0.5,1.0,-0.06446388304333653,-4.17590726197589,8.187119483947754,1.812880039215088
1.82,91,-0.42757782340049744,0.9039785265922546,-0.44181162118911743,-1.417728304862976,1.5103753805160522,-2.0,-0.14202775061130524,0.9898626804351807,-0.14250962436199188,0.2855500876903534,0.08588413894176483,0.29930198192596436,0.29930198192596436,0.3004437983036041,0.0,10.0,0.5,1.0,-0.06187085986743852,-4.237778121843329,7.9389262199401855,2.0610737800598145
1.84,92,-0.4524284601211548,0.8918007016181946,-0.4694865643978119,-1.3837469816207886,1.6990686655044556,-2.0,-0.1597839742898941,0.9871519804000854,-0.1604718118906021,0.2926445007324219,0.09535130113363266,0.3090147376060486,0.3090147376060486,0.30652695894241333,0.0,10.0,0.5,1.0,-0.05898097858719251,-4.2967591004305214,7.679133892059326,2.320866107940674
1.86,93,-0.47627127170562744,0.8792983889579773,-0.49640923738479614,-1.3461343050003052,1.8806328773498535,-2.0,-0.17726421356201172,0.9841632843017578,-0.1782059371471405,0.2990070581436157,0.10486489534378052,0.31820330023765564,0.31820330023765564,0.3127991259098053,0.0,10.0,0.5,1.0,-0.05581007320435408,-4.352569173634875,7.408768177032471,2.59123158454895
1.8800000000000001,94,-0.4990568459033966,0.8665692210197449,-0.5225100517272949,-1.3050413131713867,2.0546460151672363,-2.0,-0.1944403052330017,0.9809143543243408,-0.19568683207035065,0.3046165406703949,0.11434511095285416,0.32682323455810547,0.32682323455810547,0.31924939155578613,0.0,10.0,0.5,1.0,-0.05237474694432689,-4.4049439205792025,7.128896236419678,2.871103525161743
1.9000000000000001,95,-0.5207034945487976,0.8537375926971436,-0.5476747751235962,-1.2582356929779053,2.340282678604126,-1.8406227827072144,-0.21128518879413605,0.9774244427680969,-0.2128896415233612,0.30941832065582275,0.12368687987327576,0.334785133600235,0.334785133600235,0.3258654773235321,0.0,10.0,0.5,1.0,-0.04840533050721734,-4.453349251086419,6.840622901916504,3.159377336502075
1.92,96,-0.5411059856414795,0.8409544229507446,-0.5717517137527466,-1.20384681224823,2.7194461822509766,-1.5450849533081055,-0.22777298092842102,0.973714292049408,-0.22978992760181427,0.31333300471305847,0.13275986909866333,0.3419618010520935,0.3419618010520935,0.33263295888900757,0.0,10.0,0.5,1.0,-0.0436753282950289,-4.497024579381448,6.5450849533081055,3.4549150466918945
1.94,97,-0.5601701140403748,0.8283776044845581,-0.5945911407470703,-1.1419719457626343,3.0937445163726807,-1.243449330329895,-0.2438790500164032,0.9698056578636169,-0.24636366963386536,0.31629109382629395,0.14142806828022003,0.34822750091552734,0.34822750091552734,0.33953484892845154,0.0,10.0,0.5,1.0,-0.038194127385068784,-4.535218706766517,6.2434492111206055,3.7565505504608154
1.96,98,-0.5778124928474426,0.8161695003509521,-0.6160459518432617,-1.0727399587631226,3.4615960121154785,-0.9369063377380371,-0.2595800459384918,0.965721607208252,-0.262587308883667,0.3182324767112732,0.14955207705497742,0.3534586429595947,0.3534586429595947,0.34655171632766724,0.0,10.0,0.5,1.0,-0.03197465702580915,-4.567193363792326,5.936906337738037,4.063093662261963
1.98,99,-0.5939598679542542,0.8044946789741516,-0.6359721422195435,-0.996310293674469,3.821483850479126,-0.6266660690307617,-0.2748539447784424,0.9614859819412231,-0.2784378230571747,0.31910592317581177,0.15699133276939392,0.35753434896469116,0.35753434896469116,0.3536616265773773,0.0,10.0,0.5,1.0,-0.025033230599550305,-4.592226594391876,5.626666069030762,4.373333930969238
2.0,100,-0.608548104763031,0.793516993522644,-0.6542295813560486,-0.9128711819648743,4.171957015991211,-0.3139524459838867,-0.2896801233291626,0.9571235179901123,-0.29389262199401855,0.318867951631546,0.16360650956630707,0.36033695936203003,0.36033695936203003,0.3608403503894806,0.0,10.0,0.5,1.0,-0.017389390345792444,-4.609615984737669,5.313952445983887,4.686047554016113
2.02,101,-0.6215206980705261,0.7833977341651917,-0.6706823706626892,-0.8226386308670044,4.511625289916992,0.0,-0.30403926968574524,0.9526594877243042,-0.30892980098724365,0.3174813985824585,0.16926175355911255,0.36175253987312317,0.36175253987312317,0.36806124448776245,0.0,10.0,0.5,1.0,-0.009065765306762182,-4.6186817500444315,5.0,5.0
2.04,102,-0.6328274607658386,0.7742928266525269,-0.685199499130249,-0.7258556485176086,4.839151859283447,0.3139524459838867,-0.3179134726524353,0.9481196999549866,-0.323527991771698,0.3149139881134033,0.1738269031047821,0.361671507358551,0.361671507358551,0.375295490026474,0.0,10.0,0.5,1.0,-0.0008985610211707286,-4.619580311065603,4.686047554016113,5.313952445983887
2.06,103,-0.6424225568771362,0.7663505673408508,-0.6976552605628967,-0.6227906942367554,5.153247356414795,0.6266660690307617,-0.3312861919403076,0.9435303211212158,-0.337666392326355,0.311136394739151,0.1771797388792038,0.35998886823654175,0.35998886823654175,0.38251209259033203,0.0,10.0,0.5,1.0,-0.007310459336921671,-4.626890770402524,4.373333930969238,5.626666069030762
2.08,104,-0.6502625942230225,0.7597095370292664,-0.7079300284385681,-0.5137374997138977,5.452658653259277,0.9369063377380371,-0.3441421687602997,0.9389175772666931,-0.35132497549057007,0.3061204254627228,0.17920802533626556,0.35660505294799805,0.35660505294799805,0.389678031206131,0.0,10.0,0.5,1.0,-0.014124538293799978,-4.641015308696324,4.063093662261963,5.936906337738037
2.1,105,-0.6563045382499695,0.7544960975646973,-0.7159103155136108,-0.39901432394981384,5.736159324645996,1.243449330329895,-0.3564675450325012,0.9343076944351196,-0.3644843101501465,0.29983699321746826,0.17981161177158356,0.35142600536346436,0.35142600536346436,0.3967583477497101,0.0,10.0,0.5,1.0,-0.021317896036392652,-4.662333204732716,3.7565505504608154,6.2434492111206055
2.12,106,-0.6605038046836853,0.7508226633071899,-0.7214896082878113,-0.278963565826416,6.002537250518799,1.5450849533081055,-0.36824968457221985,0.9297269582748413,-0.37712568044662476,0.29225414991378784,0.17890426516532898,0.34436389803886414,0.34436389803886414,0.40371623635292053,0.0,10.0,0.5,1.0,-0.028865745413383714,-4.6911989501461,3.4549150466918945,6.5450849533081055
2.14,107,-0.6628125309944153,0.7487854361534119,-0.7245686054229736,-0.15395186841487885,6.250585079193115,1.8406227827072144,-0.3794771730899811,0.9252011179924011,-0.3892311453819275,0.2833353281021118,0.17641568183898926,0.33533748984336853,0.33533748984336853,0.4105132520198822,0.0,10.0,0.5,1.0,-0.03674141990274415,-4.727940370048844,3.159377336502075,6.840622901916504
2.16,108,-0.6632063388824463,0.7484366297721863,-0.7250946760177612,-0.026303548365831375,6.382416248321533,2.0,-0.3901398777961731,0.9207556247711182,-0.4007834792137146,0.2730664610862732,0.1723189800977707,0.32431119680404663,0.32431119680404663,0.41710972785949707,0.0,10.0,0.5,1.0,-0.044761691571349585,-4.772702061620194,2.871103525161743,7.128896236419678
2.18,109,-0.661688506603241,0.7497788071632385,-0.7230685353279114,0.1013069897890091,6.380527019500732,2.0,-0.4002286195755005,0.9164153337478638,-0.41176629066467285,0.26145991683006287,0.16663649678230286,0.3113022744655609,0.3113022744655609,0.42346587777137756,0.0,10.0,0.5,1.0,-0.05271538932718765,-4.8254174509473815,2.59123158454895,7.408768177032471
2.2,110,-0.6582536697387695,0.7527961730957031,-0.7184966206550598,0.2285984754562378,6.364574432373047,2.0,-0.40973538160324097,0.9122044444084167,-0.4221639633178711,0.24851827323436737,0.15940822660923004,0.29633262753486633,0.29633262753486633,0.42954221367836,0.0,10.0,0.5,1.0,-0.06058285252478409,-4.886000303472166,2.320866107940674,7.679133892059326
2.22,111,-0.6528878808021545,0.7574545741081238,-0.7113907933235168,0.3552890419960022,6.334528923034668,2.0,-0.41865313053131104,0.9081462025642395,-0.43196171522140503,0.2342347502708435,0.1506916582584381,0.2794291079044342,0.2794291079044342,0.4352998435497284,0.0,10.0,0.5,1.0,-0.06834442957273514,-4.954344733044901,2.0610737800598145,7.9389262199401855
2.24,112,-0.6455696225166321,0.7637014389038086,-0.7017689347267151,0.4810950458049774,6.290299415588379,2.0,-0.42697566747665405,0.9042630791664124,-0.4411455988883972,0.21859394013881683,0.14056168496608734,0.2606233060359955,0.2606233060359955,0.44070035219192505,0.0,10.0,0.5,1.0,-0.07598038136568912,-5.03032511441059,1.812880039215088,8.187119483947754
2.2600000000000002,113,-0.6362705230712891,0.7714660167694092,-0.6896542906761169,0.6057297587394714,6.2317376136779785,2.0,-0.4346977472305298,0.9005764126777649,-0.4497026205062866,0.20157279074192047,0.1291103959083557,0.23995168507099152,0.23995168507099152,0.4457061290740967,0.0,10.0,0.5,1.0,-0.08347079295435793,-5.113795907364948,1.577264428138733,8.422735214233398
2.2800000000000002,114,-0.6249568462371826,0.7806593179702759,-0.6750762462615967,0.7289026975631714,6.1586456298828125,2.0,-0.4418147802352905,0.8971062898635864,-0.4576205909252167,0.18314208090305328,0.11644700169563293,0.2174556702375412,0.2174556702375412,0.45028018951416016,0.0,10.0,0.5,1.0,-0.09079549632148473,-5.2045914036864325,1.3551568984985352,8.644843101501465
2.3000000000000003,115,-0.6115909218788147,0.7911741137504578,-0.658069908618927,0.850318431854248,6.070785999298096,2.0,-0.44832292199134827,0.8938716650009155,-0.46488824486732483,0.16326802968978882,0.10269753634929657,0.19318164885044098,0.19318164885044098,0.45438656210899353,0.0,10.0,0.5,1.0,-0.0979340092833627,-5.302525412969795,1.1474337577819824,8.85256576538086
2.32,116,-0.5961332321166992,0.8028855323791504,-0.6386763453483582,0.9696763157844543,5.967893600463867,2.0,-0.45421892404556274,0.8908901214599609,-0.47149527072906494,0.14191432297229767,0.08800458163022995,0.1671811044216156,0.1671811044216156,0.45799019932746887,0.0,10.0,0.5,1.0,-0.10486549376147883,-5.407390906731274,0.9549150466918945,9.045084953308105
2.34,117,-0.5785443782806396,0.8156508803367615,-0.6169429421424866,1.0866700410842896,5.849687576293945,2.0,-0.45950010418891907,0.8881776928901672,-0.4774322807788849,0.11904430389404297,0.07252682745456696,0.13951069116592407,0.13951069116592407,0.4610570967197418,0.0,10.0,0.5,1.0,-0.11156873485384876,-5.518959641585123,0.7783603668212891,9.221639633178711
2.36,118,-0.5587876439094543,0.8293107748031616,-0.5929232239723206,1.2009878158569336,5.715890407562256,2.0,-0.46416425704956055,0.8857491612434387,-0.48269081115722656,0.09462340921163559,0.0564383789896965,0.1102323904633522,0.1102323904633522,0.4635545313358307,0.0,10.0,0.5,1.0,-0.11802214679632121,-5.636981788381445,0.6184666156768799,9.3815336227417
2.38,119,-0.5368313789367676,0.8436895608901978,-0.5666769742965698,1.3123127222061157,5.5662431716918945,2.0,-0.46820956468582153,0.8836174607276917,-0.48726344108581543,0.06862182915210724,0.03992790728807449,0.0794135183095932,0.0794135183095932,0.4654510021209717,0.0,10.0,0.5,1.0,-0.12420380515585414,-5.7611855935372995,0.4758647382259369,9.52413558959961
2.4,120,-0.512651801109314,0.8585966229438782,-0.5382704734802246,1.4203232526779175,5.400525093078613,2.0,-0.4716346263885498,0.8817940354347229,-0.4911436140537262,0.04101717099547386,0.023197460919618607,0.04712686687707901,0.04712686687707901,0.4667164087295532,0.0,10.0,0.5,1.0,-0.1300915092477648,-5.891277102785065,0.3511175811290741,9.648882865905762
2.42,121,-0.4862355887889862,0.8738277554512024,-0.5077766180038452,1.5246946811676025,5.218573570251465,2.0,-0.474438339471817,0.8802887201309204,-0.4943258762359619,0.011797248385846615,0.0064609781838953495,0.013450725935399532,0.013450725935399532,0.4673221707344055,0.0,10.0,0.5,1.0,-0.13566287478206732,-6.026939977567132,0.24471741914749146,9.755282402038574
2.44,122,-0.45758262276649475,0.8891671299934387,-0.47527459263801575,1.6251007318496704,5.0203022956848145,2.0,-0.47661980986595154,0.8791095614433289,-0.49680566787719727,-0.01903718151152134,-0.01005757786333561,-0.02153107151389122,-0.02153107151389122,0.4672413766384125,0.0,10.0,0.5,1.0,-0.18395760173369605,-6.210897579300828,0.15708419680595398,9.842915534973145
2.46,123,-0.4267086088657379,0.9043891429901123,-0.44085028767585754,1.7212151288986206,4.805722713470459,2.0,-0.4781784117221832,0.8782626986503601,-0.4985794425010681,-0.05146980285644531,-0.026126444339752197,-0.057729169726371765,-0.057729169726371765,0.4664487838745117,0.0,10.0,0.5,1.0,-0.21816310957763302,-6.429060688878461,0.08856374770402908,9.911436080932617
2.48,124,-0.3936474025249481,0.9192615151405334,-0.4045960009098053,1.8127144575119019,4.574963092803955,2.0,-0.47911372780799866,0.8777528405189514,-0.4996447265148163,-0.08546633273363113,-0.04150868207216263,-0.09504874795675278,-0.09504874795675278,0.4649209976196289,0.0,10.0,0.5,1.0,-0.22489431851788352,-6.653955007396344,0.039426494389772415,9.960573196411133
2.5,125,-0.3584531247615814,0.9335477352142334,-0.3666103780269623,1.899280071258545,4.328283786773682,2.0,-0.4794255495071411,0.8775825500488281,-0.5,-0.1209724023938179,-0.05596516281366348,-0.13338960707187653,-0.13338960707187653,0.4626366198062897,0.0,10.0,0.5,1.0,-0.2310203818227496,-6.884975389219093,0.009866357780992985,9.990133285522461
2.52,126,-0.321201890707016,0.9470107555389404,-0.32699835300445557,1.9806020259857178,4.06609582901001,2.0,-0.47911372780799866,0.8777528405189514,-0.4996447265148163,-0.15791185200214386,-0.06925791501998901,-0.1726463884115219,-0.1726463884115219,0.45957624912261963,0.0,10.0,0.5,1.0,-0.236510059512095,-7.121485448731188,0.0,10.0
2.54,127,-0.28199294209480286,0.9594165086746216,-0.2858707308769226,2.0563814640045166,3.7889702320098877,2.0,-0.4781784117221832,0.8782626986503601,-0.4985794425010681,-0.19618546962738037,-0.0811537578701973,-0.2127087265253067,-0.2127087265253067,0.4557226896286011,0.0,10.0,0.5,1.0,-0.24133354980236654,-7.362818998533554,0.009866357780992985,9.990133285522461
2.56,128,-0.24094948172569275,0.9705376625061035,-0.2433440238237381,2.1263344287872314,3.4976487159729004,2.0,-0.47661980986595154,0.8791095614433289,-0.49680566787719727,-0.2356703281402588,-0.09142813086509705,-0.253461629152298,-0.253461629152298,0.4510609805583954,0.0,10.0,0.5,1.0,-0.24546289032439036,-7.608281888857944,0.039426494389772415,9.960573196411133
2.58,129,-0.19821859896183014,0.9801578521728516,-0.1995401233434677,2.190195322036743,3.1930482387542725,2.0,-0.474438339471817,0.8802887201309204,-0.4943258762359619,-0.2762197256088257,-0.09986909478902817,-0.294785737991333,-0.294785737991333,0.44557851552963257,0.0,10.0,0.5,1.0,-0.24887236858554868,-7.857154257443493,0.08856374770402908,9.911436080932617
2.6,130,-0.15397076308727264,0.9880753755569458,-0.15458570420742035,2.247720718383789,2.876260995864868,2.0,-0.4716346263885498,0.8817940354347229,-0.4911436140537262,-0.31766387820243835,-0.1062813401222229,-0.33655792474746704,-0.33655792474746704,0.43926507234573364,0.0,10.0,0.5,1.0,-0.2515389332440986,-8.10869319068759,0.15708419680595398,9.842915534973145
2.62,131,-0.10839845985174179,0.9941075444221497,-0.10861187428236008,2.298691511154175,2.5485503673553467,2.0,-0.46820956468582153,0.8836174607276917,-0.48726344108581543,-0.35981109738349915,-0.11049007624387741,-0.37865155935287476,-0.37865155935287476,0.43211299180984497,0.0,10.0,0.5,1.0,-0.2534425933402778,-8.362135784027869,0.24471741914749146,9.755282402038574
2.64,132,-0.06171426922082901,0.998093843460083,-0.06175350770354271,2.3429183959960938,2.2113406658172607,2.0,-0.46416425704956055,0.8857491612434387,-0.48269081115722656,-0.40244996547698975,-0.11234471201896667,-0.42093729972839355,-0.42093729972839355,0.4241170883178711,0.0,10.0,0.5,1.0,-0.2545667932116412,-8.61670257723951,0.3511175811290741,9.648882865905762
2.66,133,-0.014148186892271042,0.9998999238014221,-0.014148659072816372,2.3802425861358643,1.8662033081054688,2.0,-0.45950010418891907,0.8881776928901672,-0.4774322807788849,-0.44535189867019653,-0.1117221862077713,-0.46328359842300415,-0.46328359842300415,0.41527488827705383,0.0,10.0,0.5,1.0,-0.25489875129917205,-8.87160132853868,0.4758647382259369,9.52413558959961
2.68,134,0.03405553847551346,0.9994199275970459,0.03406212478876114,2.410539150238037,1.5148361921310425,2.0,-0.45421892404556274,0.8908901214599609,-0.47149527072906494,-0.4882744550704956,-0.10852983593940735,-0.5055574178695679,-0.5055574178695679,0.40558648109436035,0.0,10.0,0.5,1.0,-0.25442975253800093,-9.126031081076682,0.6184666156768799,9.3815336227417
2.7,135,0.08264216780662537,0.9965792894363403,0.0827365294098854,2.433720111846924,1.159041166305542,2.0,-0.44832292199134827,0.8938716650009155,-0.46488824486732483,-0.5309650897979736,-0.10270760953426361,-0.5476247668266296,-0.5476247668266296,0.3950546681880951,0.0,10.0,0.5,1.0,-0.2531553818201105,-9.379186462896794,0.7783603668212891,9.221639633178711
2.72,136,0.1313505470752716,0.9913359880447388,0.13173121213912964,2.4497339725494385,0.8006957769393921,2.0,-0.4418147802352905,0.8971062898635864,-0.4576205909252167,-0.5731652975082397,-0.09422969073057175,-0.5893517732620239,-0.5893517732620239,0.383684903383255,0.0,10.0,0.5,1.0,-0.25107569186035966,-9.630262154757153,0.9549150466918945,9.045084953308105
2.74,137,0.17991748452186584,0.9836816787719727,0.18090257048606873,2.4585683345794678,0.4417233467102051,2.0,-0.4346977472305298,0.9005764126777649,-0.4497026205062866,-0.614615261554718,-0.08310529589653015,-0.6306052207946777,-0.6306052207946777,0.37148532271385193,0.0,10.0,0.5,1.0,-0.24819529748829425,-9.878457452245447,1.1474337577819824,8.85256576538086
2.7600000000000002,138,0.22808225452899933,0.9736418724060059,0.23010756075382233,2.460249662399292,0.08406073600053787,2.0,-0.42697566747665405,0.9042630791664124,-0.4411455988883972,-0.6550579071044922,-0.06937875598669052,-0.6712532043457031,-0.6712532043457031,0.3584667444229126,0.0,10.0,0.5,1.0,-0.24452339326827738,-10.122980845513725,1.3551568984985352,8.644843101501465
2.7800000000000002,139,0.2755909562110901,0.9612749814987183,0.279204398393631,2.4548420906066895,-0.2703745663166046,2.0,-0.41865313053131104,0.9081462025642395,-0.43196171522140503,-0.6942440867424011,-0.05312877893447876,-0.7111661434173584,-0.7111661434173584,0.3446425497531891,0.0,10.0,0.5,1.0,-0.24007369059141076,-10.363054536105135,1.577264428138733,8.422735214233398
2.8000000000000003,140,0.32220080494880676,0.9466713666915894,0.32805335521698,2.4424479007720947,-0.619717001914978,2.0,-0.40973538160324097,0.9122044444084167,-0.4221639633178711,-0.7319362163543701,-0.03446691855788231,-0.7502173185348511,-0.7502173185348511,0.3300287127494812,0.0,10.0,0.5,1.0,-0.2348642782419104,-10.597918814347047,1.812880039215088,8.187119483947754
2.82,141,0.36768409609794617,0.9299507737159729,0.3765174448490143,2.423204183578491,-0.9621843099594116,2.0,-0.4002286195755005,0.9164153337478638,-0.41176629066467285,-0.767912745475769,-0.013535422272980213,-0.7882837653160095,-0.7882837653160095,0.3146437108516693,0.0,10.0,0.5,1.0,-0.22891740675346745,-10.826836221100514,2.0610737800598145,7.9389262199401855
2.84,142,0.4118315875530243,0.9112600088119507,0.42446309328079224,2.3972818851470947,-1.296105980873108,2.0,-0.3901398777961731,0.9207556247711182,-0.4007834792137146,-0.801971435546875,0.009495623409748077,-0.8252465724945068,-0.8252465724945068,0.2985084056854248,0.0,10.0,0.5,1.0,-0.22225920432247834,-11.049095425422992,2.320866107940674,7.679133892059326
2.86,143,0.4544554054737091,0.8907694816589355,0.47176074981689453,2.3648829460144043,-1.6199488639831543,2.0,-0.3794771730899811,0.9252011179924011,-0.3892311453819275,-0.8339325785636902,0.03443160653114319,-0.860991895198822,-0.860991895198822,0.2816460132598877,0.0,10.0,0.5,1.0,-0.21491933264250615,-11.264014758065498,2.59123158454895,7.408768177032471
2.88,144,0.49539151787757874,0.8686698079109192,0.5182854533195496,2.3262362480163574,-1.932338833808899,2.0,-0.36824968457221985,0.9297269582748413,-0.37712568044662476,-0.8636412024497986,0.06105712056159973,-0.8954111933708191,-0.8954111933708191,0.2640819847583771,0.0,10.0,0.5,1.0,-0.20693059119778864,-11.470945349263287,2.871103525161743,7.128896236419678
2.9,145,0.534460723400116,0.8451933264732361,0.5638695359230042,2.2792041301727295,-2.351609706878662,1.8406227827072144,-0.3564675450325012,0.9343076944351196,-0.3644843101501465,-0.8909282684326172,0.08911439031362534,-0.9283538460731506,-0.9283538460731506,0.24584433436393738,0.0,10.0,0.5,1.0,-0.19804160792183292,-11.66898695718512,3.159377336502075,6.840622901916504
2.92,146,0.571481466293335,0.8206149339675903,0.6083100438117981,2.222024917602539,-2.8589510917663574,1.5450849533081055,-0.3441421687602997,0.9389175772666931,-0.35132497549057007,-0.915623664855957,0.1183025911450386,-0.9596350193023682,-0.9596350193023682,0.22696444392204285,0.0,10.0,0.5,1.0,-0.18804597777535006,-11.85703293496047,3.4549150466918945,6.5450849533081055
2.94,147,0.6063070297241211,0.7952306866645813,0.6514083743095398,2.154916763305664,-3.3554139137268066,1.243449330329895,-0.3312861919403076,0.9435303211212158,-0.337666392326355,-0.9375931620597839,0.14829964935779572,-0.9890747666358948,-0.9890747666358948,0.20747734606266022,0.0,10.0,0.5,1.0,-0.1769745775838629,-12.034007512544333,3.7565505504608154,6.2434492111206055
2.96,148,0.6388258337974548,0.7693513631820679,0.6929711103439331,2.0781359672546387,-3.839033365249634,0.9369063377380371,-0.3179134726524353,0.9481196999549866,-0.323527991771698,-0.9567393064498901,0.1787683367729187,-1.0164990425109863,-1.0164990425109863,0.18742160499095917,0.0,10.0,0.5,1.0,-0.16486278898660345,-12.198870301530937,4.063093662261963,5.936906337738037
2.98,149,0.6689614057540894,0.7432971596717834,0.7328106164932251,1.9919742345809937,-4.308091640472412,0.6266660690307617,-0.30403926968574524,0.9526594877243042,-0.30892980098724365,-0.9730006456375122,0.20936234295368195,-1.0417404174804688,-1.0417404174804688,0.16683921217918396,0.0,10.0,0.5,1.0,-0.15174989519213786,-12.350620196723074,4.373333930969238,5.626666069030762
3.0,150,0.6966703534126282,0.7173914313316345,0.7707456350326538,1.896751880645752,-4.761117935180664,0.3139524459838867,-0.2896801233291626,0.9571235179901123,-0.29389262199401855,-0.9863504767417908,0.23973210155963898,-1.0646382570266724,-1.0646382570266724,0.1457754224538803,0.0,10.0,0.5,1.0,-0.1376784780477148,-12.488298674770789,4.686047554016113,5.313952445983887
3.02,151,0.7219400405883789,0.6919556260108948,0.8066019415855408,1.7928142547607422,-5.196880340576172,0.0,-0.2748539447784424,0.9614859819412231,-0.2784378230571747,-0.9967939853668213,0.26953035593032837,-1.085039734840393,-1.085039734840393,0.12427864223718643,0.0,10.0,0.5,1.0,-0.1226938391622576,-12.610992513933047,5.0,5.0
3.04,152,0.7447848916053772,0.6673045754432678,0.8402124643325806,1.6805269718170166,-5.614368438720703,-0.3139524459838867,-0.2595800459384918,0.965721607208252,-0.262587308883667,-1.0043649673461914,0.29841700196266174,-1.1027997732162476,-1.1027997732162476,0.10240025073289871,0.0,10.0,0.5,1.0,-0.10684345748283385,-12.71783597141588,5.313952445983887,4.686047554016113
3.06,153,0.7652424573898315,0.6437421441078186,0.8714178800582886,1.5602713823318481,-6.012774467468262,-0.6266660690307617,-0.2438790500164032,0.9698056578636169,-0.24636366963386536,-1.0091215372085571,0.32606348395347595,-1.1177815198898315,-1.1177815198898315,0.08019443601369858,0.0,10.0,0.5,1.0,-0.09017650220992833,-12.808012473625809,5.626666069030762,4.373333930969238
3.08,154,0.7833684086799622,0.6215577125549316,0.9000667333602905,1.4324421882629395,-6.391461372375488,-0.9369063377380371,-0.22777298092842102,0.973714292049408,-0.22978992760181427,-1.0111414194107056,0.3521565794944763,-1.1298567056655884,-1.1298567056655884,0.057718053460121155,0.0,10.0,0.5,1.0,-0.07274341344814399,-12.880755887073953,5.936906337738037,4.063093662261963
3.1,155,0.7992315888404846,0.6010231971740723,0.9260156154632568,1.2974435091018677,-6.749936580657959,-1.243449330329895,-0.21128518879413605,0.9774244427680969,-0.2128896415233612,-1.0105167627334595,0.37640124559402466,-1.1389052867889404,-1.1389052867889404,0.035030435770750046,0.0,10.0,0.5,1.0,-0.05459555651787052,-12.935351443591824,6.2434492111206055,3.7565505504608154
3.12,156,0.8129087686538696,0.582391083240509,0.9491293430328369,1.1556872129440308,-7.0878143310546875,-1.5450849533081055,-0.1944403052330017,0.9809143543243408,-0.19568683207035065,-1.0073490142822266,0.3985232710838318,-1.1448161602020264,-1.1448161602020264,0.012193219736218452,0.0,10.0,0.5,1.0,-0.03578496202078331,-12.971136405612606,6.5450849533081055,3.4549150466918945
3.14,157,0.8244791626930237,0.5658923387527466,0.9692811965942383,1.0075916051864624,-7.404781341552734,-1.8406227827072144,-0.17726421356201172,0.9841632843017578,-0.1782059371471405,-1.0017433166503906,0.4182709753513336,-1.1474871635437012,-1.1474871635437012,-0.010729813016951084,0.0,10.0,0.5,1.0,-0.016578746436105005,-12.987715152048711,6.840622901916504,3.159377336502075
3.16,158,0.8340405821800232,0.5517030954360962,0.9863914251327515,0.8555137515068054,-7.6038899421691895,-2.0,-0.1597839742898941,0.9871519804000854,-0.1604718118906021,-0.9938245415687561,0.43544888496398926,-1.1468632221221924,-1.1468632221221924,-0.03367331624031067,0.0,10.0,0.5,1.0,-0.003315516181351521,-12.991030668230062,7.128896236419678,2.871103525161743
3.18,159,0.8417055606842041,0.5399367809295654,1.0004342794418335,0.7021430730819702,-7.668535232543945,-2.0,-0.14202775061130524,0.9898626804351807,-0.14250962436199188,-0.9837332963943481,0.44992586970329285,-1.1429439783096313,-1.1429439783096313,-0.05657138675451279,0.0,10.0,0.5,1.0,-0.016522274389243807,-13.007552942619306,7.408768177032471,2.59123158454895
3.2,160,0.8475700616836548,0.5306835174560547,1.0113894939422607,0.547759473323822,-7.719179153442383,-2.0,-0.12402476370334625,0.9922791123390198,-0.12434494495391846,-0.9715948104858398,0.4615955948829651,-1.1357344388961792,-1.1357344388961792,-0.07935817539691925,0.0,10.0,0.5,1.0,-0.02970941583976618,-13.037262358459072,7.679133892059326,2.320866107940674
3.22,161,0.851711094379425,0.5240116119384766,1.0192420482635498,0.3926287293434143,-7.756537437438965,-2.0,-0.10580514371395111,0.9943869113922119,-0.10600355267524719,-0.9575162529945374,0.4703752398490906,-1.1252456903457642,-1.1252456903457642,-0.10196797549724579,0.0,10.0,0.5,1.0,-0.04285410063797851,-13.08011645909705,7.9389262199401855,2.0610737800598145
3.24,162,0.8541854023933411,0.519968569278717,1.0239821672439575,0.23700496554374695,-7.781188011169434,-2.0,-0.08739987760782242,0.9961733222007751,-0.08751153200864792,-0.9415852427482605,0.4762047529220581,-1.111493706703186,-1.111493706703186,-0.12433536350727081,0.0,10.0,0.5,1.0,-0.05593453367875718,-13.136050992775807,8.187119483947754,1.812880039215088
3.2600000000000002,163,0.8550280332565308,0.5185818076133728,1.0256048440933228,0.08113382756710052,-7.7935566902160645,-2.0,-0.06884065270423889,0.9976276755332947,-0.06889514625072479,-0.9238686561584473,0.4790458381175995,-1.094499945640564,-1.094499945640564,-0.14639531075954437,0.0,10.0,0.5,1.0,-0.06892973229266293,-13.20498072506847,8.422735214233398,1.577264428138733
3.2800000000000002,164,0.8542518615722656,0.5198594331741333,1.024109959602356,-0.07474439591169357,-7.793910980224609,-2.0,-0.05015980079770088,0.9987412095069885,-0.05018085613846779,-0.9044116139411926,0.4788818061351776,-1.0742908716201782,-1.0742908716201782,-0.16808320581912994,0.0,10.0,0.5,1.0,-0.08181928017315829,-13.286800005241629,8.644843101501465,1.3551568984985352
3.3000000000000003,165,0.8518473505973816,0.5237901210784912,1.0195021629333496,-0.2303915023803711,-7.782354831695557,-2.0,-0.031390100717544556,0.9995071887969971,-0.031395260244607925,-0.8832374811172485,0.47571709752082825,-1.0508973598480225,-1.0508973598480225,-0.18933509290218353,0.0,10.0,0.5,1.0,-0.09458307444150607,-13.381383079683134,8.85256576538086,1.1474337577819824
3.3200000000000003,166,0.8477829098701477,0.5303434133529663,1.0117907524108887,-0.3855680525302887,-7.758827209472656,-2.0,-0.01256471686065197,0.9999210834503174,-0.012565047480165958,-0.8603476285934448,0.4695776700973511,-1.0243557691574097,-1.0243557691574097,-0.2100876271724701,0.0,10.0,0.5,1.0,-0.10720107098255324,-13.488584150665687,9.045084953308105,0.9549150466918945
3.34,167,0.8420055508613586,0.5394688248634338,1.0009901523590088,-0.5400301218032837,-7.723104000091553,-2.0,0.006282978691160679,0.9999802708625793,0.006283020135015249,-0.8357225656509399,0.4605114161968231,-0.9947071671485901,-0.9947071671485901,-0.23027825355529785,0.0,10.0,0.5,1.0,-0.11965303156485371,-13.60823718223054,9.221639633178711,0.7783603668212891
3.36,168,0.8344420790672302,0.5510956048965454,0.9871196746826172,-0.6935262084007263,-7.6748046875,-2.0,0.025119516998529434,0.9996844530105591,0.025122158229351044,-0.8093225955963135,0.4485888183116913,-0.9619975090026855,-0.9619975090026855,-0.24984529614448547,0.0,10.0,0.5,1.0,-0.13191828127557786,-13.740155463506118,9.3815336227417,0.6184666156768799
3.38,169,0.8250008821487427,0.565131425857544,0.9702037572860718,-0.8457942008972168,-7.613400459289551,-2.0,0.04391147568821907,0.9990354180335999,0.04392559826374054,-0.7810894250869751,0.4339039921760559,-0.9262781739234924,-0.9262781739234924,-0.2687280476093292,0.0,10.0,0.5,1.0,-0.1439754785768881,-13.884130942083006,9.52413558959961,0.4758647382259369
3.4,170,0.8135740160942078,0.5814613699913025,0.9502725601196289,-0.9965587854385376,-7.53822660446167,-2.0,0.06262560933828354,0.9980370998382568,0.06266661733388901,-0.750948429107666,0.41657575964927673,-0.8876059651374817,-0.8876059651374817,-0.2868669033050537,0.0,10.0,0.5,1.0,-0.15580240562748512,-14.039933347710491,9.648882865905762,0.3511175811290741
3.42,171,0.800040066242218,0.5999465584754944,0.9273620247840881,-1.145528793334961,-7.448500156402588,-2.0,0.08122898638248444,0.9966954588890076,0.08131857961416245,-0.7188110947608948,0.3967489004135132,-0.8460434079170227,-0.8460434079170227,-0.3042033910751343,0.0,10.0,0.5,1.0,-0.16737578335655706,-14.207309131067047,9.755282402038574,0.24471741914749146
3.44,172,0.7842671871185303,0.6204231977462769,0.9015141129493713,-1.2923954725265503,-7.343337535858154,-2.0,0.09968913346529007,0.9950186610221863,0.09985499083995819,-0.6845780611038208,0.37459540367126465,-0.801659107208252,-0.801659107208252,-0.3206804096698761,0.0,10.0,0.5,1.0,-0.17867111847826952,-14.385980249545318,9.842915534973145,0.15708419680595398
3.46,173,0.7661169767379761,0.6427011489868164,0.8727774620056152,-1.4368311166763306,-7.221781253814697,-2.0,0.11797410994768143,0.9930166602134705,0.11824949830770493,-0.6481428742408752,0.35031551122665405,-0.7545279860496521,-0.7545279860496521,-0.33624228835105896,0.0,10.0,0.5,1.0,-0.18966258643215064,-14.575642835977469,9.911436080932617,0.08856374770402908
3.48,174,0.7454487085342407,0.6665630340576172,0.84120774269104,-1.5784876346588135,-7.08282470703125,-2.0,0.1360526978969574,0.9907016158103943,0.13647596538066864,-0.6093959808349609,0.3241385817527771,-0.7047317624092102,-0.7047317624092102,-0.3508348762989044,0.0,10.0,0.5,1.0,-0.20032295850690365,-14.775965794484373,9.960573196411133,0.039426494389772415
3.5,175,0.7221239805221558,0.6917636394500732,0.806867778301239,-1.7169965505599976,-6.925445556640625,-2.0,0.15389446914196014,0.9880872964859009,0.15450850129127502,-0.5682294964790344,0.29632362723350525,-0.6523593068122864,-0.6523593068122864,-0.3644058108329773,0.0,10.0,0.5,1.0,-0.2106235779492463,-14.986589372433619,9.990133285522461,0.009866357780992985
3.52,176,0.696012020111084,0.7180300951004028,0.7698283791542053,-1.8519693613052368,-6.7486395835876465,-2.0,0.17146988213062286,0.9851893782615662,0.17232146859169006,-0.5245421528816223,0.26715925335884094,-0.5975069403648376,-0.5975069403648376,-0.3769044578075409,0.0,10.0,0.5,1.0,-0.22053439038612804,-15.207123762819746,10.0,0.0
3.54,177,0.6669951677322388,0.7450620532035828,0.7301684617996216,-1.9829984903335571,-6.551459789276123,-2.0,0.18875043094158173,0.9820250868797302,0.1898895502090454,-0.47824472188949585,0.23696301877498627,-0.5402789115905762,-0.5402789115905762,-0.38828232884407043,0.0,10.0,0.5,1.0,-0.23002403363304197,-15.437147796452788,9.990133285522461,0.009866357780992985
3.56,178,0.6349743008613586,0.7725332379341125,0.6879752278327942,-2.1096596717834473,-6.333054542541504,-2.0,0.20570865273475647,0.9786132574081421,0.20718778669834137,-0.4292656481266022,0.20608001947402954,-0.480787456035614,-0.480787456035614,-0.3984929919242859,0.0,10.0,0.5,1.0,-0.23905999194954347,-15.676207788402332,9.960573196411133,0.039426494389772415
3.58,179,0.5998750925064087,0.8000936508178711,0.6433449983596802,-2.231513738632202,-6.092710971832275,-2.0,0.22231827676296234,0.9749741554260254,0.2241916060447693,-0.37755680084228516,0.1748804748058319,-0.4191533625125885,-0.4191533625125885,-0.40749239921569824,0.0,10.0,0.5,1.0,-0.24760881483098068,-15.923816603233313,9.911436080932617,0.08856374770402908
3.6,180,0.5616533160209656,0.827372670173645,0.596382737159729,-2.348111867904663,-5.829899311065674,-2.0,0.2385542392730713,0.9711291790008545,0.24087683856487274,-0.3230990767478943,0.14375650882720947,-0.35550588369369507,-0.35550588369369507,-0.41523897647857666,0.0,10.0,0.5,1.0,-0.25563640366014934,-16.17945300689346,9.842915534973145,0.15708419680595398
3.62,181,0.5203005075454712,0.8539832830429077,0.5472027659416199,-2.458997964859009,-5.544310092926025,-2.0,0.2543927729129791,0.967100977897644,0.25721976161003113,-0.2659077048301697,0.11311772465705872,-0.28998300433158875,-0.28998300433158875,-0.4216938614845276,0.0,10.0,0.5,1.0,-0.2631083638103909,-16.442561370703853,9.755282402038574,0.24471741914749146
3.64,182,0.4758484661579132,0.8795272707939148,0.49592846632003784,-2.563715934753418,-5.235898494720459,-2.0,0.2698114216327667,0.9629132151603699,0.2731971740722656,-0.20603704452514648,0.0833858996629715,-0.22273127734661102,-0.22273127734661102,-0.4268210232257843,0.0,10.0,0.5,1.0,-0.26999041831980636,-16.71255178902366,9.648882865905762,0.3511175811290741
3.66,183,0.42837366461753845,0.9036017060279846,0.4426921606063843,-2.6618142127990723,-4.904915809631348,-2.0,0.2847890555858612,0.9585902094841003,0.2887863516807556,-0.14358462393283844,0.05498852953314781,-0.15390580892562866,-0.15390580892562866,-0.43058738112449646,0.0,10.0,0.5,1.0,-0.2762488769559205,-16.988800665979582,9.52413558959961,0.4758647382259369
3.68,184,0.37800005078315735,0.9258055686950684,0.38763511180877686,-2.7528531551361084,-4.551941394805908,-2.0,0.29930591583251953,0.9541571736335754,0.30396515130996704,-0.07869411259889603,0.028351621702313423,-0.08366995304822922,-0.08366995304822922,-0.43296313285827637,0.0,10.0,0.5,1.0,-0.2818511525558792,-17.270651818535462,9.3815336227417,0.6184666156768799
3.7,185,0.3249008357524872,0.9457480907440186,0.33090686798095703,-2.836411237716675,-4.177903175354004,-2.0,0.31334367394447327,0.9496397972106934,0.3187119960784912,-0.01155716273933649,0.0038917078636586666,-0.01219488587230444,-0.01219488587230444,-0.43392178416252136,0.0,10.0,0.5,1.0,-0.28676631040448114,-17.557418128939943,9.221639633178711,0.7783603668212891
3.72,186,0.2692989408969879,0.9630566239356995,0.27266502380371094,-2.912092924118042,-3.784092426300049,-2.0,0.32688531279563904,0.9450640082359314,0.3330059349536896,0.057586345821619034,-0.01799261011183262,0.060340914875268936,0.060340914875268936,-0.43344032764434814,0.0,10.0,0.5,1.0,-0.41164746504826416,-17.96906559398821,9.045084953308105,0.9549150466918945
3.74,187,0.21146567165851593,0.977385401725769,0.21307429671287537,-2.979536294937134,-3.3721635341644287,-2.0,0.33991512656211853,0.9404560923576355,0.3468266427516937,0.1284494698047638,-0.03692931309342384,0.13375236093997955,0.13375236093997955,-0.4314993917942047,0.0,10.0,0.5,1.0,-0.4412461081967108,-18.41031170218492,8.85256576538086,1.1474337577819824
3.7600000000000002,188,0.15171775221824646,0.9884238839149475,0.15230591595172882,-3.038418769836426,-2.9441261291503906,-2.0,0.35241883993148804,0.9358423948287964,0.36015450954437256,0.20070107281208038,-0.05258147418498993,0.20784859359264374,0.20784859359264374,-0.4280833899974823,0.0,10.0,0.5,1.0,-0.44530895433211254,-18.855620656517033,8.644843101501465,1.3551568984985352
3.7800000000000002,189,0.09041297435760498,0.9959043860435486,0.09053660929203033,-3.0884652137756348,-2.5023226737976074,-2.0,0.36438336968421936,0.9312490224838257,0.3729705810546875,0.2739703953266144,-0.06465533375740051,0.28243395686149597,0.28243395686149597,-0.42318055033683777,0.0,10.0,0.5,1.0,-0.44819746971579355,-19.303818126232827,8.422735214233398,1.577264428138733
3.8000000000000003,190,0.027943909168243408,0.9996094703674316,0.027947546914219856,-3.129453182220459,-2.04939603805542,-2.0,0.37579697370529175,0.9267020225524902,0.3852566182613373,0.34785306453704834,-0.0729074701666832,0.3573090732097626,0.3573090732097626,-0.4167831242084503,0.0,10.0,0.5,1.0,-0.4498898568509688,-19.753707983083796,8.187119483947754,1.812880039215088
3.8200000000000003,191,-0.03526949882507324,0.9993778467178345,-0.03527681529521942,-3.1612181663513184,-1.588242769241333,-2.0,0.3866489827632904,0.9222269654273987,0.3969951868057251,0.42191848158836365,-0.07715088129043579,0.4322720170021057,0.4322720170021057,-0.4088873267173767,0.0,10.0,0.5,1.0,-0.45037142252747486,-20.20407940561127,7.9389262199401855,2.0610737800598145
3.84,192,-0.09878856688737869,0.995108425617218,-0.09894996136426926,-3.183657169342041,-1.1219589710235596,-2.0,0.3969299793243408,0.9178488850593567,0.40816962718963623,0.4957185387611389,-0.07725955545902252,0.5071195960044861,0.5071195960044861,-0.39949339628219604,0.0,10.0,0.5,1.0,-0.4496350410819349,-20.653714446693204,7.679133892059326,2.320866107940674
3.86,193,-0.1621653139591217,0.986763596534729,-0.16288460791110992,-3.196732759475708,-0.6537759900093079,-2.0,0.40663158893585205,0.9135922193527222,0.41876402497291565,0.5687968730926514,-0.07317137718200684,0.5816486477851868,0.5816486477851868,-0.3886057138442993,0.0,10.0,0.5,1.0,-0.44768146563894595,-21.10139591233215,7.408768177032471,2.59123158454895
3.88,194,-0.22495228052139282,0.9743697643280029,-0.2268940657377243,-3.200472593307495,-0.18699125945568085,-2.0,0.41574639081954956,0.9094805717468262,0.42876332998275757,0.6406986713409424,-0.06488919258117676,0.6556574106216431,0.6556574106216431,-0.37623265385627747,0.0,10.0,0.5,1.0,-0.44451947206229836,-21.54591538439445,7.128896236419678,2.871103525161743
3.9,195,-0.2866666615009308,0.9580304026603699,-0.29074567556381226,-3.192579746246338,0.3946370780467987,-1.8406227827072144,0.42426797747612,0.9055367112159729,0.43815332651138306,0.7109346389770508,-0.05249369889497757,0.7288990020751953,0.7288990020751953,-0.362387090921402,0.0,10.0,0.5,1.0,-0.4398789550567096,-21.98579433945116,6.840622901916504,3.159377336502075
3.92,196,-0.34681129455566406,0.937934935092926,-0.35416924953460693,-3.1711785793304443,1.0700581073760986,-1.5450849533081055,0.43219074606895447,0.901782214641571,0.4469207227230072,0.7790020108222961,-0.03615271672606468,0.8010899424552917,0.8010899424552917,-0.34708720445632935,0.0,10.0,0.5,1.0,-0.43354042109547297,-22.419334760546633,6.5450849533081055,3.4549150466918945
3.94,197,-0.40492573380470276,0.9143495559692383,-0.41689762473106384,-3.1364188194274902,1.737996220588684,-1.243449330329895,0.43950989842414856,0.8982377648353577,0.4550529718399048,0.8444356322288513,-0.016111833974719048,0.8719505667686462,0.8719505667686462,-0.33035680651664734,0.0,10.0,0.5,1.0,-0.4255275098571727,-22.844862270403805,6.2434492111206055,3.7565505504608154
3.96,198,-0.46059757471084595,0.88760906457901,-0.47866830229759216,-3.0885353088378906,2.394176959991455,-0.9369063377380371,0.44622138142585754,0.8949226140975952,0.46253859996795654,0.9068189859390259,0.0073135229758918285,0.9412069320678711,0.9412069320678711,-0.31222522258758545,0.0,10.0,0.5,1.0,-0.41587417461109344,-23.2607364450149,5.936906337738037,4.063093662261963
3.98,199,-0.513471245765686,0.858106791973114,-0.539225161075592,-3.027841806411743,3.0346670150756836,-0.6266660690307617,0.45232176780700684,0.8918548226356506,0.4693669378757477,0.9657930135726929,0.033748019486665726,1.008592128753662,1.008592128753662,-0.2927272319793701,0.0,10.0,0.5,1.0,-0.40462385169360465,-23.665360296708503,5.626666069030762,4.373333930969238
4.0,200,-0.5632547736167908,0.8262832760810852,-0.5983195900917053,-2.9547228813171387,3.655944347381592,-0.3139524459838867,0.45780816674232483,0.8890510201454163,0.4755282700061798,1.021062970161438,0.06276773661375046,1.0738478899002075,1.0738478899002075,-0.27190282940864563,0.0,10.0,0.5,1.0,-0.3918284615835233,-24.057188758292025,5.313952445983887,4.686047554016113
4.0200000000000005,201,-0.6097238063812256,0.7926139235496521,-0.6557120680809021,-2.869623899459839,4.25494909286499,0.0,0.4626781940460205,0.8865262866020203,0.48101383447647095,1.072402000427246,0.09391234815120697,1.136725902557373,1.136725902557373,-0.24979710578918457,0.0,10.0,0.5,1.0,-0.3775472886176818,-24.434736046909705,5.0,5.0
4.04,202,-0.6527228355407715,0.7575967907905579,-0.7111729383468628,-2.7730417251586914,4.829118251800537,0.3139524459838867,0.46692997217178345,0.8842942714691162,0.4858158528804779,1.1196527481079102,0.12669749557971954,1.196988821029663,1.196988821029663,-0.22645995020866394,0.0,10.0,0.5,1.0,-0.3618457803200507,-24.796581827229755,4.686047554016113,5.313952445983887
4.0600000000000005,203,-0.6921641230583191,0.721740186214447,-0.7644832134246826,-2.665513753890991,5.376396656036377,0.6266660690307617,0.4705619513988495,0.882366955280304,0.4899275302886963,1.1627260446548462,0.16062679886817932,1.254410743713379,1.254410743713379,-0.201945960521698,0.0,10.0,0.5,1.0,-0.3447943168454831,-25.141376144075238,4.373333930969238,5.626666069030762
4.08,204,-0.7280241250991821,0.6855514645576477,-0.8154354095458984,-2.5476090908050537,5.895233631134033,0.9369063377380371,0.47357288002967834,0.8807546496391296,0.49334296584129333,1.201596975326538,0.19520315527915955,1.3087784051895142,1.3087784051895142,-0.1763140708208084,0.0,10.0,0.5,1.0,-0.3264669953799861,-25.467843139455223,4.063093662261963,5.936906337738037
4.1,205,-0.7603382468223572,0.6495273113250732,-0.8638337254524231,-2.4199178218841553,6.3845601081848145,1.243449330329895,0.475961834192276,0.8794659376144409,0.4960573613643646,1.2363001108169556,0.22993862628936768,1.3598910570144653,1.3598910570144653,-0.14962737262248993,0.0,10.0,0.5,1.0,-0.30694046670247543,-25.774783606157698,3.7565505504608154,6.2434492111206055
4.12,206,-0.7891934514045715,0.6141446828842163,-0.9094945788383484,-2.2830429077148438,6.843749523162842,1.5450849533081055,0.47772809863090515,0.8785077333450317,0.49806681275367737,1.2669215202331543,0.26436305046081543,1.4075614213943481,1.4075614213943481,-0.1219528540968895,0.0,10.0,0.5,1.0,-0.28629286448447067,-26.061076470642167,3.4549150466918945,6.5450849533081055
4.14,207,-0.8147201538085938,0.5798543691635132,-0.9522464275360107,-2.1375913619995117,7.272572040557861,1.8406227827072144,0.47887122631073,0.8778851628303528,0.49936848878860474,1.2935913801193237,0.2980307936668396,1.4516148567199707,1.4516148567199707,-0.09336108714342117,0.0,10.0,0.5,1.0,-0.2646028503634883,-26.325679321005655,3.159377336502075,6.840622901916504
4.16,208,-0.8371044397354126,0.5470430850982666,-0.9919684529304504,-1.9861021041870117,7.574463367462158,2.0,0.4793908894062042,0.8776015043258667,0.4999605119228363,1.3164952993392944,0.3305583894252777,1.4919289350509644,1.4919289350509644,-0.06392564624547958,0.0,10.0,0.5,1.0,-0.24218080836370753,-26.56786012936936,2.871103525161743,7.128896236419678
4.18,209,-0.8565759062767029,0.5160210132598877,-1.028597116470337,-1.831432580947876,7.7334747314453125,2.0,0.47928696870803833,0.8776582479476929,0.49984210729599,1.3358628749847412,0.3616372346878052,1.5284391641616821,1.5284391641616821,-0.03372196480631828,0.0,10.0,0.5,1.0,-0.21937535838619882,-26.78723548775556,2.59123158454895,7.408768177032471
4.2,210,-0.8733691573143005,0.4870587885379791,-1.0620774030685425,-1.6740139722824097,7.870935916900635,2.0,0.4785594642162323,0.8780551552772522,0.49901336431503296,1.3519285917282104,0.3909963369369507,1.5610907077789307,1.5610907077789307,-0.0028266669251024723,0.0,10.0,0.5,1.0,-0.19624388985998528,-26.983479377615545,2.320866107940674,7.679133892059326
4.22,211,-0.8877169489860535,0.460389643907547,-1.0923622846603394,-1.514242172241211,7.988589286804199,2.0,0.47720855474472046,0.8787900805473328,0.4974755048751831,1.364925503730774,0.4184004068374634,1.5898377895355225,1.5898377895355225,0.028682617470622063,0.0,10.0,0.5,1.0,-0.17341322694492983,-27.156892604560475,2.0610737800598145,7.9389262199401855
4.24,212,-0.8998440504074097,0.43621179461479187,-1.119411826133728,-1.3524788618087769,8.08816146850586,2.0,0.47523465752601624,0.8798590898513794,0.49523070454597473,1.3750786781311035,0.4436472952365875,1.6146425008773804,1.6146425008773804,0.06072742119431496,0.0,10.0,0.5,1.0,-0.14985229727829502,-27.30674490183877,1.812880039215088,8.187119483947754
4.26,213,-0.9099621772766113,0.4146912395954132,-1.1431928873062134,-1.1890524625778198,8.171319961547852,2.0,0.4726382791996002,0.8812565207481384,0.4922821819782257,1.3826004266738892,0.4665652811527252,1.6354750394821167,1.6354750394821167,0.09322859346866608,0.0,10.0,0.5,1.0,-0.12605434018682174,-27.43279924202559,1.577264428138733,8.422735214233398
4.28,214,-0.918265700340271,0.39596477150917053,-1.1636780500411987,-1.0242598056793213,8.239636421203613,2.0,0.4694202244281769,0.8829748630523682,0.48863404989242554,1.3876858949661255,0.48701009154319763,1.652312159538269,1.652312159538269,0.12610647082328796,0.0,10.0,0.5,1.0,-0.10211701607879767,-27.53491625810439,1.3551568984985352,8.644843101501465
4.3,215,-0.9249277114868164,0.3801429867744446,-1.1808453798294067,-0.8583687543869019,8.294549942016602,2.0,0.4655815362930298,0.885004997253418,0.48429158329963684,1.3905092477798462,0.5048620104789734,1.6651370525360107,1.6651370525360107,0.1592809557914734,0.0,10.0,0.5,1.0,-0.0780779563679567,-27.612994214472344,1.1474337577819824,8.85256576538086
4.32,216,-0.9300974011421204,0.367313027381897,-1.1946778297424316,-0.6916218996047974,8.3373441696167,2.0,0.4611234664916992,0.8873359560966492,0.4792608916759491,1.3912208080291748,0.5200229287147522,1.6739387512207031,1.6739387512207031,0.19267171621322632,0.0,10.0,0.5,1.0,-0.05397167197317204,-27.666965886445517,0.9549150466918945,9.045084953308105
4.34,217,-0.9338973760604858,0.35754114389419556,-1.2051626443862915,-0.5242393612861633,8.36912727355957,2.0,0.45604774355888367,0.8899553418159485,0.47354915738105774,1.389945149421692,0.5324141979217529,1.6787117719650269,1.6787117719650269,0.2261982262134552,0.0,10.0,0.5,1.0,-0.029829978763233296,-27.69679586520875,0.7783603668212891,9.221639633178711
4.36,218,-0.9364223480224609,0.3508748710155487,-1.2122911214828491,-0.35642316937446594,8.390809059143066,2.0,0.4503563940525055,0.8928488492965698,0.46716445684432983,1.386778712272644,0.5419740080833435,1.6794556379318237,1.6794556379318237,0.2597799003124237,0.0,10.0,0.5,1.0,-0.005682465213608424,-27.70247833042236,0.6184666156768799,9.3815336227417
4.38,219,-0.9377375245094299,0.34734466671943665,-1.216058373451233,-0.1883612871170044,8.403093338012695,2.0,0.44405198097229004,0.8960010409355164,0.460115909576416,1.3817895650863647,0.5486563444137573,1.676174283027649,1.676174283027649,0.2933361828327179,0.0,10.0,0.5,1.0,-0.014370205698629897,-27.716848536120988,0.4758647382259369,9.52413558959961
4.4,220,-0.9378780126571655,0.3469651937484741,-1.2164629697799683,-0.02023194544017315,8.40646743774414,2.0,0.43713751435279846,0.899394690990448,0.45241352915763855,1.3750154972076416,0.5524294972419739,1.6688765287399292,1.6688765287399292,0.32678669691085815,0.0,10.0,0.5,1.0,-0.03045778151161715,-27.747306317632606,0.3511175811290741,9.648882865905762
4.42,221,-0.9368483424186707,0.34973588585853577,-1.2135071754455566,0.14779198169708252,8.401196479797363,2.0,0.42961665987968445,0.9030113816261292,0.44406822323799133,1.3664649724960327,0.553275465965271,1.6575753688812256,1.6575753688812256,0.3600512146949768,0.0,10.0,0.5,1.0,-0.046489464900782415,-27.79379578253339,0.24471741914749146,9.755282402038574
4.44,222,-0.934622585773468,0.35564112663269043,-1.2071963548660278,0.3155383765697479,8.387319564819336,2.0,0.4214937090873718,0.9068313241004944,0.43509188294410706,1.3561162948608398,0.551190197467804,1.6422882080078125,1.6422882080078125,0.39304986596107483,0.0,10.0,0.5,1.0,-0.062447520563377386,-27.856243303096768,0.15708419680595398,9.842915534973145
4.46,223,-0.9311447739601135,0.3646497130393982,-1.1975398063659668,0.4828314185142517,8.364652633666992,2.0,0.4127737283706665,0.9108335971832275,0.42549723386764526,1.3439185619354248,0.5461838841438293,1.6230369806289673,1.6230369806289673,0.42570310831069946,0.0,10.0,0.5,1.0,-0.07831403653566159,-27.93455733963243,0.08856374770402908,9.911436080932617
4.48,224,-0.9263296723365784,0.37671393156051636,-1.1845500469207764,0.6494872570037842,8.332791328430176,2.0,0.40346255898475647,0.9149961471557617,0.4152979552745819,1.3297922611236572,0.5382822155952454,1.5998479127883911,1.5998479127883911,0.4579319655895233,0.0,10.0,0.5,1.0,-0.09407058002196067,-28.02862791965439,0.039426494389772415,9.960573196411133
4.5,225,-0.9200639724731445,0.39176809787750244,-1.1682437658309937,0.8153095245361328,8.291114807128906,2.0,0.39356696605682373,0.9192959666252136,0.404508501291275,1.3136309385299683,0.5275278687477112,1.5727523565292358,1.5727523565292358,0.4896579682826996,0.0,10.0,0.5,1.0,-0.10969786224012801,-28.13832578189452,0.009866357780992985,9.990133285522461
4.5200000000000005,226,-0.9122084379196167,0.40972650051116943,-1.1486420631408691,0.9800854921340942,8.238797187805176,2.0,0.3830946385860443,0.9237090945243835,0.3931442201137543,1.2953031063079834,0.5139825940132141,1.5417863130569458,1.5417863130569458,0.5208033323287964,0.0,10.0,0.5,1.0,-0.12517541715057082,-28.26350119904509,0.0,10.0
4.54,227,-0.9025995135307312,0.4304812252521515,-1.1257704496383667,1.1435818672180176,8.174819946289062,2.0,0.3720543384552002,0.928210973739624,0.3812212646007538,1.2746539115905762,0.49772974848747253,1.5069917440414429,1.5069917440414429,0.5512911081314087,0.0,10.0,0.5,1.0,-0.1404812998257244,-28.403982498870814,0.009866357780992985,9.990133285522461
4.5600000000000005,228,-0.8910529017448425,0.45389944314956665,-1.0996596813201904,1.305541753768921,8.097991943359375,2.0,0.36045587062835693,0.9327762722969055,0.36875656247138977,1.2515088319778442,0.47887682914733887,1.4684162139892578,1.4684162139892578,0.5810452103614807,0.0,10.0,0.5,1.0,-0.15559181180448067,-28.559574310675295,0.039426494389772415,9.960573196411133
4.58,229,-0.8773666024208069,0.4798206686973572,-1.0703459978103638,1.4656809568405151,8.006963729858398,2.0,0.3483102321624756,0.9373793005943298,0.3557678461074829,1.2256767749786377,0.45755863189697266,1.4261138439178467,1.4261138439178467,0.6099905371665955,0.0,10.0,0.5,1.0,-0.17048125784353851,-28.730055568518832,0.08856374770402908,9.911436080932617
4.6000000000000005,230,-0.861325204372406,0.5080540776252747,-1.037872314453125,1.6236861944198608,7.900261402130127,2.0,0.3356296420097351,0.9419940114021301,0.3422735631465912,1.1969548463821411,0.43393996357917786,1.380145788192749,1.380145788192749,0.6380531191825867,0.0,10.0,0.5,1.0,-0.18512174414639646,-28.91517731266523,0.15708419680595398,9.842915534973145
4.62,231,-0.8427050113677979,0.5383755564689636,-1.0022879838943481,1.779212474822998,7.776311874389648,2.0,0.32242754101753235,0.9465941190719604,0.3282928764820099,1.1651325225830078,0.4082185626029968,1.3305809497833252,1.3305809497833252,0.6651603579521179,0.0,10.0,0.5,1.0,-0.19948302516014418,-29.114660337825374,0.24471741914749146,9.755282402038574
4.64,232,-0.8212797045707703,0.5705258250236511,-0.9636504054069519,1.9318821430206299,7.633481502532959,2.0,0.308718740940094,0.9511533975601196,0.313845694065094,1.1299984455108643,0.3806275725364685,1.277496099472046,1.277496099472046,0.6912411451339722,0.0,10.0,0.5,1.0,-0.2135324074735191,-29.328192745298892,0.3511175811290741,9.648882865905762
4.66,233,-0.7968266010284424,0.6042080521583557,-0.9220247268676758,2.081284523010254,7.470119476318359,2.0,0.2945193350315094,0.9556455016136169,0.29895249009132385,1.0913459062576294,0.3514374792575836,1.2209771871566772,1.2209771871566772,0.7162258625030518,0.0,10.0,0.5,1.0,-0.22723471995764033,-29.555427465256532,0.4758647382259369,9.52413558959961
4.68,234,-0.7691341042518616,0.6390873789787292,-0.8774851560592651,2.2269766330718994,7.284603595733643,2.0,0.27984675765037537,0.9600446820259094,0.2836344838142395,1.0489808320999146,0.3209572732448578,1.1611196994781494,1.1611196994781494,0.7400468587875366,0.0,10.0,0.5,1.0,-0.2405523600325494,-29.79597982528908,0.6184666156768799,9.3815336227417
4.7,235,-0.7380093336105347,0.6747905611991882,-0.8301154971122742,2.3684844970703125,7.075392723083496,2.0,0.2647198438644409,0.9643253684043884,0.2679134011268616,1.0027291774749756,0.2895348370075226,1.0980288982391357,1.0980288982391357,0.7626383304595947,0.0,10.0,0.5,1.0,-0.25344542200154396,-30.049425247290625,0.7783603668212891,9.221639633178711
4.72,236,-0.7032860517501831,0.7109069228172302,-0.780009388923645,2.5053062438964844,6.841085433959961,2.0,0.2491588294506073,0.9684626460075378,0.25181159377098083,0.9524449110031128,0.25755569338798523,1.0318210124969482,1.0318210124969482,0.7839368581771851,0.0,10.0,0.5,1.0,-0.26587191644223523,-30.31529716373286,0.9549150466918945,9.045084953308105
4.74,237,-0.6648336052894592,0.7469914555549622,-0.7272710800170898,2.636915683746338,6.580478191375732,2.0,0.23318526148796082,0.9724323153495789,0.23535196483135223,0.8980188965797424,0.2254408448934555,0.9626230001449585,0.9626230001449585,0.8038812875747681,0.0,10.0,0.5,1.0,-0.2777880844543951,-30.593085248187258,1.1474337577819824,8.85256576538086
4.76,238,-0.6225646734237671,0.7825683355331421,-0.6720156669616699,2.762768268585205,6.292628765106201,2.0,0.2168220430612564,0.9762111306190491,0.21855787932872772,0.8393867015838623,0.1936427801847458,0.8905735611915588,0.8905735611915588,0.8224132657051086,0.0,10.0,0.5,1.0,-0.28914881052420555,-30.882234058711465,1.3551568984985352,8.644843101501465
4.78,239,-0.5764434933662415,0.8171370029449463,-0.6143695712089539,2.8823065757751465,5.9769158363342285,2.0,0.2000933736562729,0.9797768592834473,0.20145322382450104,0.7765368223190308,0.1626398116350174,0.8158227801322937,0.8158227801322937,0.8394771814346313,0.0,10.0,0.5,1.0,-0.29990813115908777,-31.182142189870554,1.577264428138733,8.422735214233398
4.8,240,-0.5264929533004761,0.8501794934272766,-0.5544701814651489,2.9949684143066406,5.633096218109131,2.0,0.18302473425865173,0.9831082820892334,0.18406227231025696,0.7095176577568054,0.13292880356311798,0.7385324835777283,0.7385324835777283,0.8550207614898682,0.0,10.0,0.5,1.0,-0.31001983772694,-31.492162027597495,1.812880039215088,8.187119483947754
4.82,241,-0.47280052304267883,0.8811694979667664,-0.4924662709236145,3.1001956462860107,5.2613606452941895,2.0,0.16564279794692993,0.9861857891082764,0.16640977561473846,0.6384432911872864,0.105016328394413,0.6588760614395142,0.6588760614395142,0.8689948320388794,0.0,10.0,0.5,1.0,-0.3194381612030646,-31.811600188800558,2.0610737800598145,7.9389262199401855
4.84,242,-0.4155227243900299,0.909582793712616,-0.4285174012184143,3.1974432468414307,4.862372398376465,2.0,0.1479753702878952,0.9889910221099854,0.1485207974910736,0.5634980797767639,0.07940824329853058,0.5770381689071655,0.5770381689071655,0.8813539743423462,0.0,10.0,0.5,1.0,-0.3281185268140449,-32.139718715614606,2.320866107940674,7.679133892059326
4.86,243,-0.3548873960971832,0.9349090456962585,-0.36279362440109253,3.286189317703247,4.437304496765137,2.0,0.13005132973194122,0.9915072321891785,0.1304207593202591,0.48493874073028564,0.05659820884466171,0.49321436882019043,0.49321436882019043,0.8920565247535706,0.0,10.0,0.5,1.0,-0.3360183602788307,-32.475737075893434,2.59123158454895,7.408768177032471
4.88,244,-0.29119399189949036,0.9566640257835388,-0.29547470808029175,3.3659462928771973,3.987851858139038,2.0,0.11190052330493927,0.9937193989753723,0.1121353805065155,0.4030945301055908,0.03705539181828499,0.40761008858680725,0.40761008858680725,0.9010647535324097,0.0,10.0,0.5,1.0,-0.3430979213494426,-32.818834997242874,2.871103525161743,7.128896236419678
4.9,245,-0.22485779225826263,0.9743915796279907,-0.22679708898067474,3.43388032913208,3.3967039585113525,1.8406227827072144,0.09355364739894867,0.995614230632782,0.0936906561255455,0.3184114396572113,0.02122264914214611,0.32048773765563965,0.32048773765563965,0.9083456993103027,0.0,10.0,0.5,1.0,-0.34912989103989384,-33.16796488828277,3.159377336502075,6.840622901916504
4.92,246,-0.15640094876289368,0.9876936674118042,-0.15704570710659027,3.4875690937042236,2.684434413909912,1.5450849533081055,0.07504218071699142,0.9971803426742554,0.07511279731988907,0.2314431369304657,0.009486712515354156,0.23215849697589874,0.23215849697589874,0.9138721823692322,0.0,10.0,0.5,1.0,-0.35391998700700955,-33.52188487528978,3.4549150466918945,6.5450849533081055
4.94,247,-0.0864054337143898,0.9962600469589233,-0.08651331812143326,3.5266194343566895,1.9525232315063477,1.243449330329895,0.05639825016260147,0.9984083771705627,0.05642819404602051,0.14280368387699127,0.002148295287042856,0.14294150471687317,0.14294150471687317,0.9176231622695923,0.0,10.0,0.5,1.0,-0.35743640460596615,-33.87932127989574,3.7565505504608154,6.2434492111206055
4.96,248,-0.015497840009629726,0.9998798966407776,-0.015498461201786995,3.5507426261901855,1.2061594724655151,0.9369063377380371,0.03765450045466423,0.9992908239364624,0.037663403898477554,0.05315233767032623,-0.0005890833563171327,0.0531618632376194,0.0531618632376194,0.9195842146873474,0.0,10.0,0.5,1.0,-0.35965574294390634,-34.23897702283965,4.063093662261963,5.936906337738037
4.98,249,0.055667951703071594,0.9984493255615234,0.05569674074649811,3.559760093688965,0.4508720636367798,0.6266660690307617,0.01884397678077221,0.9998224377632141,0.01884509064257145,-0.036823973059654236,0.0013730991631746292,-0.03685165196657181,-0.03685165196657181,0.9197473526000977,0.0,10.0,0.5,1.0,-0.4342668464373791,-34.67324386927703,4.373333930969238,5.626666069030762
5.0,250,0.12642964720726013,0.9919756054878235,0.12676890194416046,3.5536081790924072,-0.3076036274433136,0.3139524459838867,1.8369701465288538e-16,1.0,1.8369701465288538e-16,-0.12642964720726013,0.008024422451853752,-0.12676890194416046,-0.12676890194416046,0.9181111454963684,0.0,10.0,0.5,1.0,-0.5399891286106909,-35.21323299788772,4.686047554016113,5.313952445983887
5.0200000000000005,251,0.19613586366176605,0.980576753616333,0.19741567969322205,3.532338857650757,-1.0634664297103882,0.0,-0.01884397678077221,0.9998224377632141,-0.01884509064257145,-0.2149798423051834,0.019245706498622894,-0.21626077592372894,-0.21626077592372894,0.9146808385848999,0.0,10.0,0.5,1.0,-0.5374168970619541,-35.750649894949674,5.0,5.0
5.04,252,0.2641649842262268,0.9644774794578552,0.2673380672931671,3.4961187839508057,-1.810996651649475,-0.3139524459838867,-0.03765450045466423,0.9992908239364624,-0.037663403898477554,-0.30181950330734253,0.03481331467628479,-0.30500146746635437,-0.30500146746635437,0.9094681739807129,0.0,10.0,0.5,1.0,-0.532893973712107,-36.28354386866178,5.313952445983887,4.686047554016113
5.0600000000000005,253,0.32994240522384644,0.9440010786056519,0.33624255657196045,3.4452247619628906,-2.5446979999542236,-0.6266660690307617,-0.05639825016260147,0.9984083771705627,-0.05642819404602051,-0.3863406479358673,0.054407283663749695,-0.39267075061798096,-0.39267075061798096,0.9024914503097534,0.0,10.0,0.5,1.0,-0.5264538100341529,-36.809997678695936,5.626666069030762,4.373333930969238
5.08,254,0.39295536279678345,0.9195575714111328,0.4038432836532593,3.3800363540649414,-3.2594268321990967,-0.9369063377380371,-0.07504218071699142,0.9971803426742554,-0.07511279731988907,-0.46799755096435547,0.07762280851602554,-0.47895607352256775,-0.47895607352256775,0.893775224685669,0.0,10.0,0.5,1.0,-0.5181423664578394,-37.32814004515377,5.936906337738037,4.063093662261963
5.1000000000000005,255,0.4527648389339447,0.8916299343109131,0.46986380219459534,3.3010261058807373,-3.950507402420044,-1.243449330329895,-0.09355364739894867,0.995614230632782,-0.0936906561255455,-0.546318531036377,0.1039842814207077,-0.5635544657707214,-0.5635544657707214,0.883350133895874,0.0,10.0,0.5,1.0,-0.5080169914751312,-37.836157036628904,6.2434492111206055,3.7565505504608154
5.12,256,0.5090138912200928,0.8607583045959473,0.534038782119751,3.208749771118164,-4.613819599151611,-1.5450849533081055,-0.11190052330493927,0.9937193989753723,-0.1121353805065155,-0.6209144592285156,0.13296112418174744,-0.6461741924285889,-0.6461741924285889,0.8712528347969055,0.0,10.0,0.5,1.0,-0.4961450877541958,-38.3323021243831,6.5450849533081055,3.4549150466918945
5.14,257,0.5614321827888489,0.8275227546691895,0.5961154699325562,3.103832483291626,-5.2458648681640625,-1.8406227827072144,-0.13005132973194122,0.9915072321891785,-0.1304207593202591,-0.6914834976196289,0.1639844924211502,-0.726536214351654,-0.726536214351654,0.8575257062911987,0.0,10.0,0.5,1.0,-0.48260262244255586,-38.814904746825654,6.840622901916504,3.159377336502075
5.16,258,0.6098673939704895,0.7925034761428833,0.6558932662010193,2.9888899326324463,-5.747130870819092,-2.0,-0.1479753702878952,0.9889910221099854,-0.1485207974910736,-0.7578427791595459,0.19648756086826324,-0.8044140338897705,-0.8044140338897705,0.8422161936759949,0.0,10.0,0.5,1.0,-0.4677045603203647,-39.28260930714602,7.128896236419678,2.871103525161743
5.18,259,0.6542809009552002,0.7562515735626221,0.7132313847541809,2.86690616607666,-6.099182605743408,-2.0,-0.16564279794692993,0.9861857891082764,-0.16640977561473846,-0.8199236989021301,0.2299342155456543,-0.8796411156654358,-0.8796411156654358,0.8253756761550903,0.0,10.0,0.5,1.0,-0.4518102736663253,-39.73441958081234,7.408768177032471,2.59123158454895
5.2,260,0.694698691368103,0.7193008661270142,0.7680009603500366,2.738478660583496,-6.421380996704102,-2.0,-0.18302473425865173,0.9831082820892334,-0.18406227231025696,-0.8777234554290771,0.263807475566864,-0.9520632028579712,-0.9520632028579712,0.8070586323738098,0.0,10.0,0.5,1.0,-0.43499284236728286,-40.16941242317962,7.679133892059326,2.320866107940674
5.22,261,0.7312037944793701,0.6821591258049011,0.8200849294662476,2.6041998863220215,-6.7139387130737305,-2.0,-0.2000933736562729,0.9797768592834473,-0.20145322382450104,-0.9312971234321594,0.29761773347854614,-1.0215381383895874,-1.0215381383895874,0.7873225808143616,0.0,10.0,0.5,1.0,-0.4173250150311984,-40.58673743821082,7.9389262199401855,2.0610737800598145
5.24,262,0.763927698135376,0.645301878452301,0.8693779706954956,2.4646501541137695,-6.977489471435547,-2.0,-0.2168220430612564,0.9762111306190491,-0.21855787932872772,-0.9807497262954712,0.33090928196907043,-1.0879358053207397,-1.0879358053207397,0.7662278413772583,0.0,10.0,0.5,1.0,-0.39887820608491176,-40.98561564429573,8.187119483947754,1.812880039215088
5.26,263,0.793041467666626,0.6091676354408264,0.9157857298851013,2.32038950920105,-7.213022232055664,-2.0,-0.23318526148796082,0.9724323153495789,-0.23535196483135223,-1.0262267589569092,0.36326467990875244,-1.1511377096176147,-1.1511377096176147,0.7438371181488037,0.0,10.0,0.5,1.0,-0.37972164428422284,-41.36533728857995,8.422735214233398,1.577264428138733
5.28,264,0.8187467455863953,0.5741548538208008,0.9592248201370239,2.1719532012939453,-7.421817302703857,-2.0,-0.2491588294506073,0.9684626460075378,-0.25181159377098083,-1.0679055452346802,0.39430779218673706,-1.2110364437103271,-1.2110364437103271,0.720215380191803,0.0,10.0,0.5,1.0,-0.3599216799627923,-41.72525896854275,8.644843101501465,1.3551568984985352
5.3,265,0.8412665128707886,0.5406205654144287,0.9996216893196106,2.019845724105835,-7.605377197265625,-2.0,-0.2647198438644409,0.9643253684043884,-0.2679134011268616,-1.1059863567352295,0.42370477318763733,-1.2675350904464722,-1.2675350904464722,0.6954296827316284,0.0,10.0,0.5,1.0,-0.339541253924318,-42.06480022246706,8.85256576538086,1.1474337577819824
5.32,266,0.8608371615409851,0.5088805556297302,1.036912441253662,1.8645384311676025,-7.765362739562988,-2.0,-0.27984675765037537,0.9600446820259094,-0.2836344838142395,-1.140683889389038,0.4511641561985016,-1.3205469846725464,-1.3205469846725464,0.6695488691329956,0.0,10.0,0.5,1.0,-0.3186395236759895,-42.383439746143054,9.045084953308105,0.9549150466918945
5.34,267,0.8777002692222595,0.4792100787162781,1.0710418224334717,1.706467866897583,-7.903529644012451,-2.0,-0.2945193350315094,0.9556455016136169,-0.29895249009132385,-1.1722195148468018,0.47643545269966125,-1.3699942827224731,-1.3699942827224731,0.6426434516906738,0.0,10.0,0.5,1.0,-0.2972716367260358,-42.68071138286909,9.221639633178711,0.7783603668212891
5.36,268,0.8920958638191223,0.45184624195098877,1.1019625663757324,1.5460344552993774,-8.021672248840332,-2.0,-0.308718740940094,0.9511533975601196,-0.313845694065094,-1.2008146047592163,0.49930715560913086,-1.4158082008361816,-1.4158082008361816,0.6147854328155518,0.0,10.0,0.5,1.0,-0.2754886424613079,-42.956200025330396,9.3815336227417,0.6184666156768799
5.38,269,0.9042562246322632,0.426990270614624,1.1296346187591553,1.3836029767990112,-8.12157154083252,-2.0,-0.32242754101753235,0.9465941190719604,-0.3282928764820099,-1.2266837358474731,0.5196039080619812,-1.4579274654388428,-1.4579274654388428,0.5860480666160583,0.0,10.0,0.5,1.0,-0.25333752573390256,-43.2095375510643,9.52413558959961,0.4758647382259369
5.4,270,0.914400577545166,0.4048105776309967,1.1540247201919556,1.2195039987564087,-8.204950332641602,-2.0,-0.3356296420097351,0.9419940114021301,-0.3422735631465912,-1.2500301599502563,0.5371834635734558,-1.4962981939315796,-1.4962981939315796,0.5565057992935181,0.0,10.0,0.5,1.0,-0.23086134940178943,-43.44039890046609,9.648882865905762,0.3511175811290741
5.42,271,0.9227304458618164,0.38544583320617676,1.175105333328247,1.0540353059768677,-8.273433685302734,-2.0,-0.3483102321624756,0.9373793005943298,-0.3557678461074829,-1.271040678024292,0.5519334673881531,-1.53087317943573,-1.53087317943573,0.5262340903282166,0.0,10.0,0.5,1.0,-0.20809948948823231,-43.64849838995433,9.755282402038574,0.24471741914749146
5.44,272,0.9294261336326599,0.3690081834793091,1.192854642868042,0.8874650001525879,-8.328516006469727,-2.0,-0.36045587062835693,0.9327762722969055,-0.36875656247138977,-1.2898820638656616,0.5637680888175964,-1.5616111755371094,-1.5616111755371094,0.4953092336654663,0.0,10.0,0.5,1.0,-0.18508794954843227,-43.83358633950276,9.842915534973145,0.15708419680595398
5.46,273,0.934643566608429,0.3555859923362732,1.2072553634643555,0.7200343608856201,-8.371532440185547,-2.0,-0.3720543384552002,0.928210973739624,-0.3812212646007538,-1.3066978454589844,0.5726249814033508,-1.5884766578674316,-1.5884766578674316,0.4638083577156067,0.0,10.0,0.5,1.0,-0.16185973835917344,-43.995446077861935,9.911436080932617,0.08856374770402908
5.48,274,0.9385119080543518,0.3452467918395996,1.218294620513916,0.5519615411758423,-8.403641700744629,-2.0,-0.3830946385860443,0.9237090945243835,-0.3931442201137543,-1.3216066360473633,0.5784623026847839,-1.6114387512207031,-1.6114387512207031,0.4318092167377472,0.0,10.0,0.5,1.0,-0.13844530043491723,-44.13389137829685,9.960573196411133,0.039426494389772415
5.5,275,0.9411319494247437,0.3380393385887146,1.2259634733200073,0.38344553112983704,-8.425800323486328,-2.0,-0.39356696605682373,0.9192959666252136,-0.404508501291275,-1.3346989154815674,0.581256628036499,-1.63047194480896,-1.63047194480896,0.3993901014328003,0.0,10.0,0.5,1.0,-0.11487298682464675,-44.248764365121495,9.990133285522461,0.009866357780992985
5.5200000000000005,276,0.9425746202468872,0.3339955806732178,1.2302569150924683,0.2146703600883484,-8.43875789642334,-2.0,-0.40346255898475647,0.9149961471557617,-0.4152979552745819,-1.3460372686386108,0.581000566482544,-1.6455549001693726,-1.6455549001693726,0.36662983894348145,0.0,10.0,0.5,1.0,-0.09116955579796752,-44.339933920919464,10.0,0.0
5.54,277,0.9428802728652954,0.3331318497657776,1.2311731576919556,0.04580950736999512,-8.443042755126953,-2.0,-0.4127737283706665,0.9108335971832275,-0.42549723386764526,-1.355654001235962,0.57770174741745,-1.656670331954956,-1.656670331954956,0.33360758423805237,0.0,10.0,0.5,1.0,-0.06736069457416241,-44.407294615493626,9.990133285522461,0.009866357780992985
5.5600000000000005,278,0.9420580863952637,0.335449755191803,1.2287137508392334,-0.12296967953443527,-8.438959121704102,-2.0,-0.4214937090873718,0.9068313241004944,-0.43509188294410706,-1.3635518550872803,0.5713815689086914,-1.663805603981018,-1.663805603981018,0.30040282011032104,0.0,10.0,0.5,1.0,-0.04347155518106821,-44.4507661706747,9.960573196411133,0.039426494389772415
5.58,279,0.9400864243507385,0.34093624353408813,1.222883701324463,-0.29150131344795227,-8.426581382751465,-2.0,-0.42961665987968445,0.9030113816261292,-0.44406822323799133,-1.3697030544281006,0.5620750784873962,-1.6669518947601318,-1.6669518947601318,0.2670952379703522,0.0,10.0,0.5,1.0,-0.019527294624246412,-44.470293465298944,9.911436080932617,0.08856374770402908
5.6000000000000005,280,0.9369127154350281,0.3495633006095886,1.2136913537979126,-0.45961639285087585,-8.405754089355469,-2.0,-0.43713751435279846,0.899394690990448,-0.45241352915763855,-1.374050259590149,0.5498313903808594,-1.6661049127578735,-1.6661049127578735,0.2337646782398224,0.0,10.0,0.5,1.0,-0.004023874928414801,-44.47431734022736,9.842915534973145,0.15708419680595398
5.62,281,0.9324546456336975,0.361286997795105,1.2011486291885376,-0.6271383762359619,-8.376099586486816,-2.0,-0.44405198097229004,0.8960010409355164,-0.460115909576416,-1.3765066862106323,0.5347140431404114,-1.6612645387649536,-1.6612645387649536,0.20049098134040833,0.0,10.0,0.5,1.0,-0.019980998604187953,-44.49429833883155,9.755282402038574,0.24471741914749146
5.64,282,0.926600992679596,0.37604594230651855,1.1852710247039795,-0.7938787341117859,-8.337018013000488,-2.0,-0.4503563940525055,0.8928488492965698,-0.46716445684432983,-1.3769574165344238,0.5168029069900513,-1.652435541152954,-1.652435541152954,0.16735398769378662,0.0,10.0,0.5,1.0,-0.035916981261614654,-44.53021532009316,9.648882865905762,0.3511175811290741
5.66,283,0.9192134737968445,0.39375951886177063,1.1660783290863037,-0.9596326947212219,-8.287696838378906,-2.0,-0.45604774355888367,0.8899553418159485,-0.47354915738105774,-1.3752611875534058,0.49619579315185547,-1.639627456665039,-1.639627456665039,0.13443335890769958,0.0,10.0,0.5,1.0,-0.05181203834022312,-44.582027358433386,9.52413558959961,0.4758647382259369
5.68,284,0.9101288318634033,0.41432541608810425,1.1435948610305786,-1.1241751909255981,-8.227127075195312,-2.0,-0.4611234664916992,0.8873359560966492,-0.4792608916759491,-1.3712522983551025,0.4730105698108673,-1.62285578250885,-1.62285578250885,0.10180851817131042,0.0,10.0,0.5,1.0,-0.06764475722225088,-44.64967211565564,9.3815336227417,0.6184666156768799
5.7,285,0.8991615176200867,0.43761691451072693,1.1178497076034546,-1.2872575521469116,-8.1541166305542,-2.0,-0.4655815362930298,0.885004997253418,-0.48429158329963684,-1.3647429943084717,0.44738808274269104,-1.602141261100769,-1.602141261100769,0.06955855339765549,0.0,10.0,0.5,1.0,-0.08339180362152,-44.73306391927716,9.221639633178711,0.7783603668212891
5.72,286,0.8861072659492493,0.4634802043437958,1.0888776779174805,-1.4486037492752075,-8.06730842590332,-2.0,-0.4694202244281769,0.8829748630523682,-0.48863404989242554,-1.3555275201797485,0.4194946885108948,-1.5775116682052612,-1.5775116682052612,0.03776201978325844,0.0,10.0,0.5,1.0,-0.09902766069625964,-44.832091579973415,9.045084953308105,0.9549150466918945
5.74,287,0.8707470297813416,0.4917312264442444,1.056719422340393,-1.6079078912734985,-7.965211868286133,-2.0,-0.4726382791996002,0.8812565207481384,-0.4922821819782257,-1.3433853387832642,0.38952529430389404,-1.549001693725586,-1.549001693725586,0.006496887654066086,0.0,10.0,0.5,1.0,-0.11452440724761949,-44.94661598722104,8.85256576538086,1.1474337577819824
5.76,288,0.8528518080711365,0.5221530199050903,1.0214228630065918,-1.7648323774337769,-7.846224784851074,-2.0,-0.47523465752601624,0.8798590898513794,-0.49523070454597473,-1.328086495399475,0.35770606994628906,-1.5166535377502441,-1.5166535377502441,-0.024159664288163185,0.0,10.0,0.5,1.0,-0.1303347378801408,-45.07695072510118,8.644843101501465,1.3551568984985352
5.78,289,0.8321883678436279,0.5544930100440979,0.9830427169799805,-1.9190059900283813,-7.708675861358643,-2.0,-0.47720855474472046,0.8787900805473328,-0.4974755048751831,-1.3093969821929932,0.3242970407009125,-1.4805182218551636,-1.4805182218551636,-0.05413138121366501,0.0,10.0,0.5,1.0,-0.14557531337385887,-45.22252603847504,8.422735214233398,1.577264428138733
5.8,290,0.808525562286377,0.5884610414505005,0.9416422247886658,-2.07002329826355,-7.550863265991211,-2.0,-0.4785594642162323,0.8780551552772522,-0.49901336431503296,-1.2870850563049316,0.2895941138267517,-1.4406555891036987,-1.4406555891036987,-0.08334311842918396,0.0,10.0,0.5,1.0,-0.16044570675153852,-45.38297174522658,8.187119483947754,1.812880039215088
5.82,291,0.7816415429115295,0.6237279176712036,0.8972933292388916,-2.217445135116577,-7.371100902557373,-2.0,-0.47928696870803833,0.8776582479476929,-0.49984210729599,-1.2609285116195679,0.25393036007881165,-1.3971353769302368,-1.3971353769302368,-0.11172103136777878,0.0,10.0,0.5,1.0,-0.1750372225776482,-45.55800896780423,7.9389262199401855,2.0610737800598145
5.84,292,0.7513314485549927,0.6599250435829163,0.8500773310661316,-2.3608007431030273,-7.167773723602295,-2.0,-0.4793908894062042,0.8776015043258667,-0.4999605119228363,-1.2307223081588745,0.21767643094062805,-1.3500378131866455,-1.3500378131866455,-0.13919275999069214,0.0,10.0,0.5,1.0,-0.1893086197139621,-45.74731758751819,7.679133892059326,2.320866107940674
5.86,293,0.7174156904220581,0.6966453194618225,0.8000855445861816,-2.4995884895324707,-6.939391136169434,-2.0,-0.47887122631073,0.8778851628303528,-0.49936848878860474,-1.196286916732788,0.18123981356620789,-1.2994539737701416,-1.2994539737701416,-0.1656876802444458,0.0,10.0,0.5,1.0,-0.20321625028259196,-45.95053383780078,7.408768177032471,2.59123158454895
5.88,294,0.6797486543655396,0.7334451079368591,0.7474198937416077,-2.6332814693450928,-6.6846513748168945,-2.0,-0.47772809863090515,0.8785077333450317,-0.49806681275367737,-1.157476782798767,0.1450626254081726,-1.2454867362976074,-1.2454867362976074,-0.19113709032535553,0.0,10.0,0.5,1.0,-0.21671435778916145,-46.16724819558994,7.128896236419678,2.871103525161743
5.9,295,0.638264000415802,0.7698175311088562,0.6922410726547241,-2.7589409351348877,-6.282969951629639,-1.8406227827072144,-0.475961834192276,0.8794659376144409,-0.4960573613643646,-1.1142258644104004,0.10964840650558472,-1.1882984638214111,-1.1882984638214111,-0.215474933385849,0.0,10.0,0.5,1.0,-0.22956422870740756,-46.39681242429735,6.840622901916504,3.159377336502075
5.92,296,0.5929856896400452,0.8052130341529846,0.6347617506980896,-2.8739686012268066,-5.751380920410156,-1.5450849533081055,-0.47357288002967834,0.8807546496391296,-0.49334296584129333,-1.0665584802627563,0.07554163038730621,-1.1281046867370605,-1.1281046867370605,-0.2386389672756195,0.0,10.0,0.5,1.0,-0.2415543864671804,-46.63836681076453,6.5450849533081055,3.4549150466918945
5.94,297,0.544008731842041,0.8390795588493347,0.5752072930335999,-2.977722644805908,-5.187705039978027,-1.243449330329895,-0.4705619513988495,0.882366955280304,-0.4899275302886963,-1.014570713043213,0.04328740015625954,-1.0651347637176514,-1.0651347637176514,-0.26057136058807373,0.0,10.0,0.5,1.0,-0.25262984547075557,-46.89099665623529,6.2434492111206055,3.7565505504608154
5.96,298,0.4915035367012024,0.8708755970001221,0.5138154029846191,-3.069593906402588,-4.593559265136719,-0.9369063377380371,-0.46692997217178345,0.8842942714691162,-0.4858158528804779,-0.9584335088729858,0.013418720103800297,-0.9996312856674194,-0.9996312856674194,-0.2812190353870392,0.0,10.0,0.5,1.0,-0.2627381808846252,-47.15373483711991,5.936906337738037,4.063093662261963
5.98,299,0.43571731448173523,0.9000835418701172,0.45083507895469666,-3.1490163803100586,-3.9711272716522217,-0.6266660690307617,-0.4626781940460205,0.8865262866020203,-0.48101383447647095,-0.8983955383300781,-0.01355726458132267,-0.9318488836288452,-0.9318488836288452,-0.30053383111953735,0.0,10.0,0.5,1.0,-0.27183043779482396,-47.42556527491474,5.626666069030762,4.373333930969238
6.0,300,0.376972496509552,0.9262244701385498,0.3865254819393158,-3.215479850769043,-3.3231663703918457,-0.3139524459838867,-0.45780816674232483,0.8890510201454163,-0.4755282700061798,-0.8347806930541992,-0.037173446267843246,-0.8620537519454956,-0.8620537519454956,-0.31847286224365234,0.0,10.0,0.5,1.0,-0.27986205127013414,-47.705427326184875,5.313952445983887,4.686047554016113
6.0200000000000005,301,0.3156624138355255,0.9488715529441833,0.3211546838283539,-3.2685396671295166,-2.6529946327209473,0.0,-0.45232176780700684,0.8918548226356506,-0.4693669378757477,-0.76798415184021,-0.05701674148440361,-0.7905216217041016,-0.7905216217041016,-0.33499860763549805,0.0,10.0,0.5,1.0,-0.28679374545043873,-47.99222107163531,5.0,5.0
6.04,302,0.2522435784339905,0.9676637649536133,0.254998117685318,-3.307828664779663,-1.9644516706466675,0.3139524459838867,-0.44622138142585754,0.8949226140975952,-0.46253859996795654,-0.6984649896621704,-0.07274117320775986,-0.7175366878509521,-0.7175366878509521,-0.35007917881011963,0.0,10.0,0.5,1.0,-0.2925923720380179,-48.28481344367333,4.686047554016113,5.313952445983887
6.0600000000000005,303,0.1872253566980362,0.9823169708251953,0.1883367896080017,-3.3330655097961426,-1.2618390321731567,0.6266660690307617,-0.43950989842414856,0.8982377648353577,-0.4550529718399048,-0.626735270023346,-0.08407924324274063,-0.6433897614479065,-0.6433897614479065,-0.36368846893310547,0.0,10.0,0.5,1.0,-0.29723165476835933,-48.58204509844169,4.373333930969238,5.626666069030762
6.08,304,0.12115716189146042,0.9926333427429199,0.12145555019378662,-3.344062328338623,-0.5498408675193787,0.9369063377380371,-0.43219074606895447,0.901782214641571,-0.4469207227230072,-0.5533478856086731,-0.09085112065076828,-0.5683762431144714,-0.5683762431144714,-0.37580612301826477,0.0,10.0,0.5,1.0,-0.3006928065826633,-48.88273790502435,4.063093662261963,5.936906337738037
6.1000000000000005,305,0.05461375042796135,0.998507559299469,0.054640937596559525,-3.340730667114258,0.16657549142837524,1.243449330329895,-0.42426797747612,0.9055367112159729,-0.43815332651138306,-0.47888171672821045,-0.09297087043523788,-0.4927942752838135,-0.4927942752838135,-0.38641783595085144,0.0,10.0,0.5,1.0,-0.30296498881348366,-49.185702893837835,3.7565505504608154,6.2434492111206055
6.12,306,-0.011820495128631592,0.9999301433563232,-0.011820770800113678,-3.323085308074951,0.8822704553604126,1.5450849533081055,-0.41574639081954956,0.9094805717468262,-0.42876332998275757,-0.40392589569091797,-0.09044954925775528,-0.4169425666332245,-0.4169425666332245,-0.39551520347595215,0.0,10.0,0.5,1.0,-0.30404559466369396,-49.489748488501526,3.4549150466918945,6.5450849533081055
6.140000000000001,307,-0.07756765931844711,0.9969871044158936,-0.07764565944671631,-3.2912442684173584,1.5920521020889282,1.8406227827072144,-0.40663158893585205,0.9135922193527222,-0.41876402497291565,-0.32906392216682434,-0.0833948627114296,-0.34111836552619934,-0.34111836552619934,-0.4030958116054535,0.0,10.0,0.5,1.0,-0.30394034046389334,-49.79368882896542,3.159377336502075,6.840622901916504
6.16,308,-0.1421101689338684,0.9898508191108704,-0.1425928920507431,-3.247361898422241,2.1941256523132324,2.0,-0.3969299793243408,0.9178488850593567,-0.40816962718963623,-0.2548198103904724,-0.07200195640325546,-0.26557672023773193,-0.26557672023773193,-0.4091627597808838,0.0,10.0,0.5,1.0,-0.30281783516576494,-50.096506664131184,2.871103525161743,7.128896236419678
6.18,309,-0.20500928163528442,0.9787600040435791,-0.2064731866121292,-3.19401478767395,2.667351722717285,2.0,-0.3866489827632904,0.9222269654273987,-0.3969951868057251,-0.18163970112800598,-0.056533072143793106,-0.19052201509475708,-0.19052201509475708,-0.41372373700141907,0.0,10.0,0.5,1.0,-0.3008805377369796,-50.39738720186816,2.59123158454895,7.408768177032471
6.2,310,-0.26586607098579407,0.9640100002288818,-0.26910221576690674,-3.1314520835876465,3.12813138961792,2.0,-0.37579697370529175,0.9267020225524902,-0.3852566182613373,-0.10993087291717529,-0.037307944148778915,-0.11615439504384995,-0.11615439504384995,-0.41679051518440247,0.0,10.0,0.5,1.0,-0.2981447048909392,-50.6955319067591,2.320866107940674,7.679133892059326
6.22,311,-0.32432857155799866,0.9459444880485535,-0.33030185103416443,-3.059981346130371,3.5735392570495605,2.0,-0.36438336968421936,0.9312490224838257,-0.3729705810546875,-0.040054794400930405,-0.014695457182824612,-0.04266871511936188,-0.04266871511936188,-0.4183787405490875,0.0,10.0,0.5,1.0,-0.29463133042190165,-50.990163237181,2.0610737800598145,7.9389262199401855
6.24,312,-0.3800969123840332,0.924946665763855,-0.3899010717868805,-2.979961395263672,4.000997066497803,2.0,-0.35241883993148804,0.9358423948287964,-0.36015450954437256,0.02767808921635151,0.01089571975171566,0.02974657341837883,0.02974657341837883,-0.41850796341896057,0.0,10.0,0.5,1.0,-0.3498587458346322,-51.34002198301563,1.812880039215088,8.187119483947754
6.26,313,-0.4329267144203186,0.9014291167259216,-0.4477369785308838,-2.8917951583862305,4.40831184387207,2.0,-0.33991512656211853,0.9404560923576355,-0.3468266427516937,0.09301157295703888,0.03902698680758476,0.10091033577919006,0.10091033577919006,-0.4172013998031616,0.0,10.0,0.5,1.0,-0.42770381485736564,-51.767725797873,1.577264428138733,8.422735214233398
6.28,314,-0.48263025283813477,0.8758242130279541,-0.5036554336547852,-2.7959210872650146,4.793700695037842,2.0,-0.32688531279563904,0.9450640082359314,-0.3330059349536896,0.15574495494365692,0.06923981755971909,0.1706494837999344,0.1706494837999344,-0.41448578238487244,0.0,10.0,0.5,1.0,-0.419173396551964,-52.18689919442496,1.3551568984985352,8.644843101501465
6.3,315,-0.5290761590003967,0.8485743403434753,-0.5575115084648132,-2.692805290222168,5.15579891204834,2.0,-0.31334367394447327,0.9496397972106934,-0.3187119960784912,0.21573249995708466,0.10106545686721802,0.23879952728748322,0.23879952728748322,-0.41039130091667175,0.0,10.0,0.5,1.0,-0.4096561552461697,-52.59655534967113,1.1474337577819824,8.85256576538086
6.32,316,-0.572187066078186,0.8201231360435486,-0.609170138835907,-2.5829319953918457,5.493658065795898,2.0,-0.29930591583251953,0.9541571736335754,-0.30396515130996704,0.2728811502456665,0.13403406739234924,0.30520501732826233,0.30520501732826233,-0.4049512445926666,0.0,10.0,0.5,1.0,-0.3992057722455074,-52.99576112191664,0.9549150466918945,9.045084953308105
6.34,317,-0.6119360327720642,0.7909072637557983,-0.6585060954093933,-2.4667975902557373,5.806726455688477,2.0,-0.2847890555858612,0.9585902094841003,-0.2887863516807556,0.3271469473838806,0.1676829308271408,0.3697197437286377,0.3697197437286377,-0.39820200204849243,0.0,10.0,0.5,1.0,-0.387877434064485,-53.38363855598112,0.7783603668212891,9.221639633178711
6.36,318,-0.6483415365219116,0.761349618434906,-0.7054041028022766,-2.3449010848999023,6.094823837280273,2.0,-0.2698114216327667,0.9629132151603699,-0.2731971740722656,0.3785301446914673,0.20156358182430267,0.4322069585323334,0.4322069585323334,-0.3901827335357666,0.0,10.0,0.5,1.0,-0.3757269553119622,-53.75936551129308,0.6184666156768799,9.3815336227417
6.38,319,-0.6814623475074768,0.731853187084198,-0.7497588992118835,-2.2177388668060303,6.35810661315918,2.0,-0.2543927729129791,0.967100977897644,-0.25721976161003113,0.4270695745944977,0.23524779081344604,0.4925391376018524,0.4925391376018524,-0.38093528151512146,0.0,10.0,0.5,1.0,-0.36280998506671874,-54.1221754963598,0.4758647382259369,9.52413558959961
6.4,320,-0.7113905549049377,0.7027968764305115,-0.7914748787879944,-2.085798501968384,6.597024440765381,2.0,-0.2385542392730713,0.9711291790008545,-0.24087683856487274,0.47283634543418884,0.268332302570343,0.5505980253219604,0.5505980253219604,-0.37050390243530273,0.0,10.0,0.5,1.0,-0.3491813139553348,-54.471356810315136,0.3511175811290741,9.648882865905762
6.42,321,-0.7382457256317139,0.674531877040863,-0.8304659128189087,-1.9495528936386108,6.8122735023498535,2.0,-0.22231827676296234,0.9749741554260254,-0.2241916060447693,0.5159274339675903,0.30044227838516235,0.6062743067741394,0.6062743067741394,-0.3589351773262024,0.0,10.0,0.5,1.0,-0.33489429067865223,-54.80625110099379,0.24471741914749146,9.755282402038574
6.44,322,-0.762167751789093,0.6473795771598816,-0.8666551113128662,-1.8094578981399536,7.004751205444336,2.0,-0.20570865273475647,0.9786132574081421,-0.20718778669834137,0.5564591288566589,0.3312337398529053,0.6594672799110413,0.6594672799110413,-0.34627777338027954,0.0,10.0,0.5,1.0,-0.32000035445205266,-55.126251455445846,0.15708419680595398,9.842915534973145
6.46,323,-0.7833107709884644,0.6216303110122681,-0.8999740481376648,-1.6659477949142456,7.175504207611084,2.0,-0.18875043094158173,0.9820250868797302,-0.1898895502090454,0.5945603251457214,0.36039477586746216,0.7100844979286194,0.7100844979286194,-0.3325822353363037,0.0,10.0,0.5,1.0,-0.304548682219588,-55.430800137665436,0.08856374770402908,9.911436080932617
6.48,324,-0.8018367290496826,0.5975431799888611,-0.9303627014160156,-1.5194342136383057,7.325682163238525,2.0,-0.17146988213062286,0.9851893782615662,-0.17232146859169006,0.630366861820221,0.3876461982727051,0.758041262626648,0.758041262626648,-0.31790098547935486,0.0,10.0,0.5,1.0,-0.2885859501339254,-55.719386087799364,0.039426494389772415,9.960573196411133
6.5,325,-0.8179098963737488,0.5753463506698608,-0.9577687978744507,-1.3703043460845947,7.4564924240112305,2.0,-0.15389446914196014,0.9880872964859009,-0.15450850129127502,0.6640154123306274,0.4127409756183624,0.803260326385498,0.803260326385498,-0.3022879660129547,0.0,10.0,0.5,1.0,-0.27215620258180767,-55.99154229038117,0.009866357780992985,9.990133285522461
6.5200000000000005,326,-0.8316915035247803,0.5552380084991455,-0.982147216796875,-1.218921184539795,7.569158554077148,2.0,-0.1360526978969574,0.9907016158103943,-0.13647596538066864,0.6956388354301453,0.4354636073112488,0.8456712961196899,0.8456712961196899,-0.28579866886138916,0.0,10.0,0.5,1.0,-0.2553008207502617,-56.24684311113143,0.0,10.0
6.54,327,-0.8433352112770081,0.5373878479003906,-1.0034596920013428,-1.0656235218048096,7.66487979888916,2.0,-0.11797410994768143,0.9930166602134705,-0.11824949830770493,0.7253611087799072,0.4556288421154022,0.8852102160453796,0.8852102160453796,-0.2684898376464844,0.0,10.0,0.5,1.0,-0.23805858161971866,-56.48490169275115,0.009866357780992985,9.990133285522461
6.5600000000000005,328,-0.8529830574989319,0.5219385623931885,-1.0216742753982544,-0.9107275605201721,7.744800090789795,2.0,-0.09968913346529007,0.9950186610221863,-0.09985499083995819,0.7532939314842224,0.4730800688266754,0.921819269657135,0.921819269657135,-0.250419557094574,0.0,10.0,0.5,1.0,-0.22046579833484378,-56.705367491085994,0.039426494389772415,9.960573196411133
6.58,329,-0.8607620000839233,0.5090076327323914,-1.0367648601531982,-0.7545280456542969,7.8099751472473145,2.0,-0.08122898638248444,0.9966954588890076,-0.08131857961416245,0.7795330286026001,0.4876878261566162,0.9554462432861328,0.9554462432861328,-0.23164689540863037,0.0,10.0,0.5,1.0,-0.20255652887252196,-56.907924019958514,0.08856374770402908,9.911436080932617
6.6000000000000005,330,-0.8667810559272766,0.49868887662887573,-1.048710823059082,-0.5973010063171387,7.861351013183594,2.0,-0.06262560933828354,0.9980370998382568,-0.06266661733388901,0.8041554689407349,0.4993481934070587,0.9860442280769348,0.9860442280769348,-0.21223199367523193,0.0,10.0,0.5,1.0,-0.18436284487307936,-57.09228686483159,0.15708419680595398,9.842915534973145
6.62,331,-0.8711290955543518,0.49105408787727356,-1.0574969053268433,-0.43930619955062866,7.899740219116211,2.0,-0.04391147568821907,0.9990354180335999,-0.04392559826374054,0.8272176384925842,0.5079813599586487,1.0135713815689087,1.0135713815689087,-0.1922358274459839,0.0,10.0,0.5,1.0,-0.16591514913067582,-57.25820201396227,0.24471741914749146,9.755282402038574
6.640000000000001,332,-0.8738729953765869,0.4861542880535126,-1.063112735748291,-0.2807900905609131,7.925806045532227,2.0,-0.025119516998529434,0.9996844530105591,-0.025122158229351044,0.8487534523010254,0.5135301947593689,1.0379905700683594,1.0379905700683594,-0.1717202067375183,0.0,10.0,0.5,1.0,-0.1472425316302918,-57.40544454559256,0.3511175811290741,9.648882865905762
6.66,333,-0.8750565052032471,0.48402076959609985,-1.0655525922775269,-0.12198908627033234,7.94005012512207,2.0,-0.006282978691160679,0.9999802708625793,-0.006283020135015249,0.8687735199928284,0.5159595012664795,1.0592695474624634,1.0592695474624634,-0.150747612118721,0.0,10.0,0.5,1.0,-0.12837315491035087,-57.53381770050291,0.4758647382259369,9.52413558959961
6.68,334,-0.8746993541717529,0.4846658706665039,-1.0648151636123657,0.03686697408556938,7.942802906036377,2.0,0.01256471686065197,0.9999210834503174,0.012565047480165958,0.88726407289505,0.5152552127838135,1.0773802995681763,1.0773802995681763,-0.12938112020492554,0.0,10.0,0.5,1.0,-0.10933466092027518,-57.64315236142318,0.6184666156768799,9.3815336227417
6.7,335,-0.8727971315383911,0.4880831241607666,-1.0609041452407837,0.195551335811615,7.934218406677246,2.0,0.031390100717544556,0.9995071887969971,0.031395260244607925,0.9041872620582581,0.5114240646362305,1.092299461364746,1.092299461364746,-0.10768431425094604,0.0,10.0,0.5,1.0,-0.09015458865952858,-57.733306950082714,0.7783603668212891,9.221639633178711
6.72,336,-0.8693212866783142,0.4942474067211151,-1.0538274049758911,0.3538367748260498,7.914271831512451,2.0,0.05015980079770088,0.9987412095069885,0.05018085613846779,0.919481098651886,0.5044938325881958,1.1040083169937134,1.1040083169937134,-0.08572123944759369,0.0,10.0,0.5,1.0,-0.07086079645419126,-57.804167746536905,0.9549150466918945,9.045084953308105
6.74,337,-0.8642198443412781,0.5031144022941589,-1.0435975790023804,0.5114920139312744,7.882762432098389,2.0,0.06884065270423889,0.9976276755332947,0.06889514625072479,0.9330604672431946,0.49451327323913574,1.1124927997589111,1.1124927997589111,-0.0635562315583229,0.0,10.0,0.5,1.0,-0.05148187957553095,-57.85564962611244,1.1474337577819824,8.85256576538086
6.76,338,-0.857418417930603,0.5146198868751526,-1.0302320718765259,0.6682783365249634,7.839316368103027,2.0,0.08739987760782242,0.9961733222007751,0.08751153200864792,0.9448183178901672,0.48155340552330017,1.1177436113357544,1.1177436113357544,-0.041253864765167236,0.0,10.0,0.5,1.0,-0.03204757645090009,-57.88769720256334,1.3551568984985352,8.644843101501465
6.78,339,-0.8488219976425171,0.5286787152290344,-1.013753056526184,0.8239462375640869,7.783395767211914,2.0,0.10580514371395111,0.9943869113922119,0.10600355267524719,0.9546271562576294,0.4657081663608551,1.1197566986083984,1.1197566986083984,-0.018878864124417305,0.0,10.0,0.5,1.0,-0.012589153251003784,-57.900286355814345,1.577264428138733,8.422735214233398
6.8,340,-0.838316798210144,0.5451834201812744,-0.9941884875297546,0.9782324433326721,7.714310169219971,2.0,0.12402476370334625,0.9922791123390198,0.12434494495391846,0.9623415470123291,0.44709572196006775,1.1185333728790283,1.1185333728790283,0.003504036692902446,0.0,10.0,0.5,1.0,-0.005442448998898798,-57.90572880481324,1.812880039215088,8.187119483947754
6.82,341,-0.8257729411125183,0.5640026926994324,-0.9715713262557983,1.1308571100234985,7.631232261657715,2.0,0.14202775061130524,0.9898626804351807,0.14250962436199188,0.9678007364273071,0.4258600175380707,1.1140809059143066,1.1140809059143066,0.025830179452896118,0.0,10.0,0.5,1.0,-0.018705825222954237,-57.924434630036195,2.0610737800598145,7.9389262199401855
6.84,342,-0.8110476732254028,0.5849800109863281,-0.9459409117698669,1.2815214395523071,7.533217430114746,2.0,0.1597839742898941,0.9871519804000854,0.1604718118906021,0.9708316922187805,0.4021719694137573,1.106412649154663,1.106412649154663,0.048035115003585815,0.0,10.0,0.5,1.0,-0.03153862638531726,-57.955973256421515,2.320866107940674,7.679133892059326
6.86,343,-0.7939890027046204,0.6079320907592773,-0.9173427820205688,1.4299060106277466,7.419226169586182,2.0,0.17726421356201172,0.9841632843017578,0.1782059371471405,0.9712532162666321,0.37623119354248047,1.0955487489700317,1.0955487489700317,0.07005473226308823,0.0,10.0,0.5,1.0,-0.04429218030925478,-58.00026543673077,2.59123158454895,7.408768177032471
6.88,344,-0.7744399905204773,0.6326473951339722,-0.8858293890953064,1.5756690502166748,7.288152694702148,2.0,0.1944403052330017,0.9809143543243408,0.19568683207035065,0.968880295753479,0.34826695919036865,1.0815162658691406,1.0815162658691406,0.09182538092136383,0.0,10.0,0.5,1.0,-0.05693829720143037,-58.057203733932205,2.871103525161743,7.128896236419678
6.9,345,-0.7522749900817871,0.6588492393493652,-0.8515082597732544,1.7160555124282837,7.019321441650391,1.8406227827072144,0.21128518879413605,0.9774244427680969,0.2128896415233612,0.963560163974762,0.3185752034187317,1.064397931098938,1.064397931098938,0.11328452080488205,0.0,10.0,0.5,1.0,-0.0692555372852374,-58.12645927121744,3.159377336502075,6.840622901916504
6.92,346,-0.727406919002533,0.6862064003944397,-0.8145354390144348,1.8486419916152954,6.629324913024902,1.5450849533081055,0.22777298092842102,0.973714292049408,0.22978992760181427,0.9551798701286316,0.2875078618526459,1.044325351715088,1.044325351715088,0.13437175750732422,0.0,10.0,0.5,1.0,-0.08104883723169135,-58.20750810844913,3.4549150466918945,6.5450849533081055
6.94,347,-0.6997707486152649,0.7143674492835999,-0.7750765681266785,1.9729450941085815,6.215158939361572,1.243449330329895,0.2438790500164032,0.9698056578636169,0.24636366963386536,0.9436498284339905,0.2554381787776947,1.0214402675628662,1.0214402675628662,0.15502941608428955,0.0,10.0,0.5,1.0,-0.09227814991295749,-58.29978625836209,3.7565505504608154,6.2434492111206055
6.96,348,-0.6693300604820251,0.7429651618003845,-0.7333067059516907,2.0884902477264404,5.777257442474365,0.9369063377380371,0.2595800459384918,0.965721607208252,0.262587308883667,0.9289101362228394,0.22275643050670624,0.9958940744400024,0.9958940744400024,0.17520275712013245,0.0,10.0,0.5,1.0,-0.1029039365974348,-58.402690194959526,4.063093662261963,5.936906337738037
6.98,349,-0.6360823512077332,0.7716211676597595,-0.689410388469696,2.1948158740997314,5.316277027130127,0.6266660690307617,0.2748539447784424,0.9614859819412231,0.2784378230571747,0.9109362959861755,0.18986481428146362,0.9678482413291931,0.9678482413291931,0.1948401778936386,0.0,10.0,0.5,1.0,-0.11288752304770465,-58.51557771800723,4.373333930969238,5.626666069030762
7.0,350,-0.6000638008117676,0.7999521493911743,-0.6435808539390564,2.2914786338806152,4.833134651184082,0.3139524459838867,0.2896801233291626,0.9571235179901123,0.29389262199401855,0.8897439241409302,0.1571713536977768,0.937473475933075,0.937473475933075,0.21389339864253998,0.0,10.0,0.5,1.0,-0.12219151504987352,-58.6377692330571,4.686047554016113,5.313952445983887
7.0200000000000005,351,-0.5613529086112976,0.8275765180587769,-0.5960196852684021,2.3780593872070312,4.329039096832275,0.0,0.30403926968574524,0.9526594877243042,0.30892980098724365,0.8653921484947205,0.12508295476436615,0.9049494862556458,0.9049494862556458,0.23231762647628784,0.0,10.0,0.5,1.0,-0.13078026605951834,-58.76854949911662,5.0,5.0
7.04,352,-0.520072877407074,0.8541218638420105,-0.5469362735748291,2.454169511795044,3.8055124282836914,-0.3139524459838867,0.3179134726524353,0.9481196999549866,0.323527991771698,0.8379863500595093,0.09399783611297607,0.8704642653465271,0.8704642653465271,0.25007176399230957,0.0,10.0,0.5,1.0,-0.13862038085186698,-58.907169879968485,5.313952445983887,4.686047554016113
7.0600000000000005,353,-0.4763925075531006,0.8792327046394348,-0.4965471029281616,2.5194575786590576,3.2644052505493164,-0.6266660690307617,0.3312861919403076,0.9435303211212158,0.337666392326355,0.8076786994934082,0.06429759413003922,0.8342134952545166,0.8342134952545166,0.26711854338645935,0.0,10.0,0.5,1.0,-0.1456812424049219,-59.052851122373404,5.626666069030762,4.373333930969238
7.08,354,-0.43052539229393005,0.9025784730911255,-0.44507479667663574,2.573615550994873,2.7078983783721924,-0.9369063377380371,0.3441421687602997,0.9389175772666931,0.35132497549057007,0.7746675610542297,0.03633908927440643,0.7963997721672058,0.7963997721672058,0.2834246754646301,0.0,10.0,0.5,1.0,-0.15193554475136475,-59.20478666712477,5.936906337738037,4.063093662261963
7.1000000000000005,355,-0.38272780179977417,0.9238611459732056,-0.39274710416793823,2.6163854598999023,2.138493061065674,-1.243449330329895,0.3564675450325012,0.9343076944351196,0.3644843101501465,0.7391953468322754,0.010446552187204361,0.7572314143180847,0.7572314143180847,0.29896098375320435,0.0,10.0,0.5,1.0,-0.1573598109106745,-59.36214647803545,6.2434492111206055,3.7565505504608154
7.12,356,-0.3332945704460144,0.9428227543830872,-0.3397957980632782,2.6475653648376465,1.558991551399231,-1.5450849533081055,0.36824968457221985,0.9297269582748413,0.37712568044662476,0.7015442252159119,-0.013095810078084469,0.7169214487075806,0.7169214487075806,0.3137025237083435,0.0,10.0,0.5,1.0,-0.1619348805875758,-59.52408135862302,6.5450849533081055,3.4549150466918945
7.140000000000001,357,-0.28255394101142883,0.9592514038085938,-0.2864554822444916,2.6670145988464355,0.9724639654159546,-1.8406227827072144,0.3794771730899811,0.9252011179924011,0.3892311453819275,0.6620311141014099,-0.03405031934380531,0.6756866574287415,0.6756866574287415,0.32762858271598816,0.0,10.0,0.5,1.0,-0.165646345510361,-59.68972770413338,6.840622901916504,3.159377336502075
7.16,358,-0.23082320392131805,0.9729956984519958,-0.23292365670204163,2.6765921115875244,0.4788775146007538,-2.0,0.3901398777961731,0.9207556247711182,0.4007834792137146,0.6209630966186523,-0.05224010348320007,0.6337071657180786,0.6337071657180786,0.34072253108024597,0.0,10.0,0.5,1.0,-0.1686395892693265,-59.85836729340271,7.128896236419678,2.871103525161743
7.18,359,-0.17839263379573822,0.9839593768119812,-0.17935264110565186,2.6785502433776855,0.09790952503681183,-2.0,0.4002286195755005,0.9164153337478638,0.41176629066467285,0.5786212682723999,-0.06754405051469803,0.5911189317703247,0.5911189317703247,0.35297077894210815,0.0,10.0,0.5,1.0,-0.1710913281331931,-60.0294586215359,7.408768177032471,2.59123158454895
7.2,360,-0.12556448578834534,0.9920854568481445,-0.12589681148529053,2.6727919578552246,-0.28792181611061096,-2.0,0.40973538160324097,0.9122044444084167,0.4221639633178711,0.5352998971939087,-0.07988103479146957,0.5480607748031616,0.5480607748031616,0.36436259746551514,0.0,10.0,0.5,1.0,-0.1729901702769525,-60.202448791812856,7.679133892059326,2.320866107940674
7.22,361,-0.07264746725559235,0.9973576664924622,-0.0727115198969841,2.659264087677002,-0.6763889789581299,-2.0,0.41865313053131104,0.9081462025642395,0.43196171522140503,0.4913005828857422,-0.08921145647764206,0.5046732425689697,0.5046732425689697,0.37488994002342224,0.0,10.0,0.5,1.0,-0.1743281663233519,-60.376776958136205,7.9389262199401855,2.0610737800598145
7.24,362,-0.019951002672314644,0.999800980091095,-0.019952327013015747,2.6379597187042236,-1.0652186870574951,-2.0,0.42697566747665405,0.9042630791664124,0.4411455988883972,0.44692668318748474,-0.09553784877061844,0.46109792590141296,0.46109792590141296,0.3845476508140564,0.0,10.0,0.5,1.0,-0.17510089394120723,-60.55187785207741,8.187119483947754,1.812880039215088
7.26,363,0.03222043812274933,0.9994807839393616,0.032226014882326126,2.608916997909546,-1.4521340131759644,-2.0,0.4346977472305298,0.9005764126777649,0.4497026205062866,0.40247729420661926,-0.09890437871217728,0.417476624250412,0.417476624250412,0.393333375453949,0.0,10.0,0.5,1.0,-0.17530747584859177,-60.727185327926,8.422735214233398,1.577264428138733
7.28,364,0.08357280492782593,0.9965016841888428,0.08367040008306503,2.572219133377075,-1.834896206855774,-2.0,0.4418147802352905,0.8971062898635864,0.4576205909252167,0.3582419753074646,-0.09939537942409515,0.37395018339157104,0.37395018339157104,0.40124765038490295,0.0,10.0,0.5,1.0,-0.17495053052996076,-60.902135858455964,8.644843101501465,1.3551568984985352
7.3,365,0.13382752239704132,0.9910046458244324,0.13423024117946625,2.5279922485351562,-2.2113451957702637,-2.0,0.44832292199134827,0.8938716650009155,0.46488824486732483,0.31449538469314575,-0.09713296592235565,0.3306579887866974,0.3306579887866974,0.4082937240600586,0.0,10.0,0.5,1.0,-0.174036059647231,-61.07617191810319,8.85256576538086,1.1474337577819824
7.32,366,0.18272589147090912,0.9831638932228088,0.18375831842422485,2.4764034748077393,-2.5794355869293213,-2.0,0.45421892404556274,0.8908901214599609,0.47149527072906494,0.27149301767349243,-0.09227379411458969,0.2877369523048401,0.2877369523048401,0.414477676153183,0.0,10.0,0.5,1.0,-0.17257327677599754,-61.24874519487919,9.045084953308105,0.9549150466918945
7.34,367,0.23003289103507996,0.9731828570365906,0.23211146891117096,2.4176580905914307,-2.9372708797454834,-2.0,0.45950010418891907,0.8881776928901672,0.4774322807788849,0.2294672131538391,-0.08500513434410095,0.24532079696655273,0.24532079696655273,0.4198082685470581,0.0,10.0,0.5,1.0,-0.17057438250988854,-61.41931957738908,9.221639633178711,0.7783603668212891
7.36,368,0.27553999423980713,0.9612895846366882,0.27915138006210327,2.3519954681396484,-3.2831292152404785,-2.0,0.46416425704956055,0.8857491612434387,0.48269081115722656,0.18862426280975342,-0.0755404606461525,0.2035394310951233,0.2035394310951233,0.42429685592651367,0.0,10.0,0.5,1.0,-0.16805429757987334,-61.587373874968954,9.3815336227417,0.6184666156768799
7.38,369,0.31906720995903015,0.9477320909500122,0.3247450888156891,2.2796857357025146,-3.615485191345215,-2.0,0.46820956468582153,0.8836174607276917,0.48726344108581543,0.1491423398256302,-0.06411463767290115,0.16251833736896515,0.16251833736896515,0.4279574453830719,0.0,10.0,0.5,1.0,-0.16503036049062145,-61.75240423545957,9.52413558959961,0.4758647382259369
7.4,370,0.36046430468559265,0.9327729940414429,0.36876562237739563,2.2010252475738525,-3.933025360107422,-2.0,0.4716346263885498,0.8817940354347229,0.4911436140537262,0.11117033660411835,-0.050978947430849075,0.12237801402807236,0.12237801402807236,0.43080639839172363,0.0,10.0,0.5,1.0,-0.1615220020634192,-61.91392623752299,9.648882865905762,0.3511175811290741
7.42,371,0.39961081743240356,0.9166848659515381,0.41109225153923035,2.1163322925567627,-4.234654426574707,-2.0,0.474438339471817,0.8802887201309204,0.4943258762359619,0.07482751458883286,-0.036396149545907974,0.08323361724615097,0.08323361724615097,0.4328625202178955,0.0,10.0,0.5,1.0,-0.15755040616199373,-62.07147664368499,9.755282402038574,0.24471741914749146
7.44,372,0.4364156723022461,0.8997451663017273,0.45161110162734985,2.025942325592041,-4.519498825073242,-2.0,0.47661980986595154,0.8791095614433289,0.49680566787719727,0.04020411893725395,-0.020635629072785378,0.04519455507397652,0.04519455507397652,0.43414679169654846,0.0,10.0,0.5,1.0,-0.1531381681768234,-62.22461481186181,9.842915534973145,0.15708419680595398
7.46,373,0.4708157479763031,0.882231593132019,0.4902151823043823,1.9302042722702026,-4.786900997161865,-2.0,0.4781784117221832,0.8782626986503601,0.4985794425010681,0.007362664211541414,-0.003968842793256044,0.008364265784621239,0.008364265784621239,0.4346823990345001,0.0,10.0,0.5,1.0,-0.1483089588905376,-62.37292377075235,9.911436080932617,0.08856374770402908
7.48,374,0.5027738213539124,0.8644179701805115,0.5268046855926514,1.829475998878479,-5.036409378051758,-2.0,0.47911372780799866,0.8777528405189514,0.4996447265148163,-0.02366010658442974,0.01333483774214983,-0.02715996839106083,-0.02715996839106083,0.4344944357872009,0.0,10.0,0.5,1.0,-0.19740714142334911,-62.5703309121757,9.960573196411133,0.039426494389772415
7.5,375,0.5322762727737427,0.8465707302093506,0.5612871050834656,1.7241207361221313,-5.267764091491699,-2.0,0.4794255495071411,0.8775825500488281,0.5,-0.052850738167762756,0.031011853367090225,-0.06128711998462677,-0.06128711998462677,0.4336099624633789,0.0,10.0,0.5,1.0,-0.20575209334212924,-62.776083005517826,9.990133285522461,0.009866357780992985
7.5200000000000005,376,0.5593298673629761,0.8289451599121094,0.5935772061347961,1.614503264427185,-5.48087739944458,-2.0,0.47911372780799866,0.8777528405189514,0.4996447265148163,-0.08021614700555801,0.048807669430971146,-0.09393244981765747,-0.09393244981765747,0.43205776810646057,0.0,10.0,0.5,1.0,-0.19685644628594062,-62.97293945180377,10.0,0.0
7.54,377,0.5839588642120361,0.8117832541465759,0.6235969066619873,1.500986933708191,-5.675813674926758,-2.0,0.4781784117221832,0.8782626986503601,0.4985794425010681,-0.10578044503927231,0.06647946685552597,-0.12501747906208038,-0.12501747906208038,0.42986828088760376,0.0,10.0,0.5,1.0,-0.18748628451948984,-63.160425736323255,9.990133285522461,0.009866357780992985
7.5600000000000005,378,0.6062013506889343,0.7953112125396729,0.6512755751609802,1.3839316368103027,-5.852764129638672,-2.0,0.47661980986595154,0.8791095614433289,0.49680566787719727,-0.12958157062530518,0.08379833400249481,-0.15446990728378296,-0.15446990728378296,0.4270733892917633,0.0,10.0,0.5,1.0,-0.17767876571249352,-63.33810450203575,9.960573196411133,0.039426494389772415
7.58,379,0.6261062026023865,0.7797378301620483,0.6765493750572205,1.2636911869049072,-6.01202392578125,-2.0,0.474438339471817,0.8802887201309204,0.4943258762359619,-0.15166784822940826,0.10055092722177505,-0.18222351372241974,-0.18222351372241974,0.4237064719200134,0.0,10.0,0.5,1.0,-0.16747041407438137,-63.50557491611013,9.911436080932617,0.08856374770402908
7.6000000000000005,380,0.6437292695045471,0.7652533054351807,0.6993616223335266,1.1406118869781494,-6.153964519500732,-2.0,0.4716346263885498,0.8817940354347229,0.4911436140537262,-0.1720946580171585,0.11654077470302582,-0.20821799337863922,-0.20821799337863922,0.4198020398616791,0.0,10.0,0.5,1.0,-0.15689694137713775,-63.66247185748727,9.842915534973145,0.15708419680595398
7.62,381,0.6591306924819946,0.7520284056663513,0.7196622490882874,1.0150316953659058,-6.279011249542236,-2.0,0.46820956468582153,0.8836174607276917,0.48726344108581543,-0.1909211426973343,0.13158905506134033,-0.23239880800247192,-0.23239880800247192,0.4153958857059479,0.0,10.0,0.5,1.0,-0.145993126289022,-63.80846498377629,9.755282402038574,0.24471741914749146
7.640000000000001,382,0.6723714470863342,0.740213930606842,0.7374078631401062,0.8872793316841125,-6.387618064880371,-2.0,0.46416425704956055,0.8857491612434387,0.48269081115722656,-0.2082071751356125,0.14553521573543549,-0.25471702218055725,-0.25471702218055725,0.41052472591400146,0.0,10.0,0.5,1.0,-0.13479274946777436,-63.94325773324407,9.648882865905762,0.3511175811290741
7.66,383,0.6835106015205383,0.7299405932426453,0.7525613307952881,0.7576743960380554,-6.480245590209961,-2.0,0.45950010418891907,0.8881776928901672,0.4774322807788849,-0.22401052713394165,0.15823714435100555,-0.2751290500164032,-0.2751290500164032,0.4052262604236603,0.0,10.0,0.5,1.0,-0.12332858102777336,-64.06658631427185,9.52413558959961,0.4758647382259369
7.68,384,0.6926032900810242,0.7213187217712402,0.7650918960571289,0.6265275478363037,-6.557342052459717,-2.0,0.45421892404556274,0.8908901214599609,0.47149527072906494,-0.23838436603546143,0.1695713847875595,-0.2935965955257416,-0.2935965955257416,0.3995389938354492,0.0,10.0,0.5,1.0,-0.11163241690996888,-64.17821873118181,9.3815336227417,0.6184666156768799
7.7,385,0.6996979713439941,0.7144387364387512,0.7749747037887573,0.4941410720348358,-6.619323253631592,-2.0,0.44832292199134827,0.8938716650009155,0.46488824486732483,-0.25137507915496826,0.1794329434633255,-0.3100864589214325,-0.3100864589214325,0.3935021758079529,0.0,10.0,0.5,1.0,-0.0997351566194906,-64.2779538878013,9.221639633178711,0.7783603668212891
7.72,386,0.7048352956771851,0.709371030330658,0.7821909189224243,0.36080992221832275,-6.666558265686035,-2.0,0.4418147802352905,0.8971062898635864,0.4576205909252167,-0.26302048563957214,0.18773527443408966,-0.32457029819488525,-0.32457029819488525,0.38715559244155884,0.0,10.0,0.5,1.0,-0.08766691849698922,-64.3656208062983,9.045084953308105,0.9549150466918945
7.74,387,0.708046019077301,0.7061662673950195,0.7867273688316345,0.22682279348373413,-6.6993560791015625,-2.0,0.4346977472305298,0.9005764126777649,0.4497026205062866,-0.27334830164909363,0.19441013038158417,-0.3370247185230255,-0.3370247185230255,0.3805396556854248,0.0,10.0,0.5,1.0,-0.07545718497923035,-64.44107799127752,8.85256576538086,1.1474337577819824
7.76,388,0.7093507051467896,0.7048556804656982,0.788576602935791,0.09246370941400528,-6.717954635620117,-2.0,0.42697566747665405,0.9042630791664124,0.4411455988883972,-0.2823750376701355,0.1994074136018753,-0.3474310040473938,-0.3474310040473938,0.37369510531425476,0.0,10.0,0.5,1.0,-0.0631349725798596,-64.50421296385738,8.644843101501465,1.3551568984985352
7.78,389,0.7087585926055908,0.7054511308670044,0.7877368927001953,-0.04198659583926201,-6.722515106201172,-2.0,0.41865313053131104,0.9081462025642395,0.43196171522140503,-0.2901054620742798,0.2026951014995575,-0.3557751774787903,-0.3557751774787903,0.36666303873062134,0.0,10.0,0.5,1.0,-0.05072901783580777,-64.55494198169319,8.422735214233398,1.577264428138733
7.8,390,0.7062674760818481,0.7079451084136963,0.7842119336128235,-0.1762489378452301,-6.713116645812988,-2.0,0.40973538160324097,0.9122044444084167,0.4221639633178711,-0.2965320944786072,0.20425933599472046,-0.36204794049263,-0.36204794049263,0.35948479175567627,0.0,10.0,0.5,1.0,-0.03826797557922905,-64.59320995727242,8.187119483947754,1.812880039215088
7.82,391,0.7018640637397766,0.7123109102249146,0.7780110239982605,-0.31004399061203003,-6.689753532409668,-2.0,0.4002286195755005,0.9164153337478638,0.41176629066467285,-0.3016354441642761,0.20410439372062683,-0.36624473333358765,-0.36624473333358765,0.3522018790245056,0.0,10.0,0.5,1.0,-0.02578061955993586,-64.61899057683236,7.9389262199401855,2.0610737800598145
7.84,392,0.6955242156982422,0.7185026407241821,0.7691492438316345,-0.4430907666683197,-6.652338027954102,-2.0,0.3901398777961731,0.9207556247711182,0.4007834792137146,-0.3053843379020691,0.20225293934345245,-0.36836573481559753,-0.36836573481559753,0.34485578536987305,0.0,10.0,0.5,1.0,-0.01329604046361933,-64.63228661729597,7.679133892059326,2.320866107940674
7.86,393,0.6872140765190125,0.7264549732208252,0.7576470971107483,-0.575104832649231,-6.600703239440918,-2.0,0.3794771730899811,0.9252011179924011,0.3892311453819275,-0.30773690342903137,0.19874614477157593,-0.3684159815311432,-0.3684159815311432,0.33748796582221985,0.0,10.0,0.5,1.0,-0.0008438348696833769,-64.63313045216566,7.408768177032471,2.59123158454895
7.88,394,0.6768913865089417,0.736082911491394,0.7435311675071716,-0.7057970762252808,-6.534611225128174,-2.0,0.36824968457221985,0.9297269582748413,0.37712568044662476,-0.3086417019367218,0.19364401698112488,-0.3664054870605469,-0.3664054870605469,0.33013972640037537,0.0,10.0,0.5,1.0,-0.008559084904001533,-64.64168953706967,7.128896236419678,2.871103525161743
7.9,395,0.6645426154136658,0.7472503781318665,0.7268815636634827,-0.8324816226959229,-6.334228038787842,-1.8406227827072144,0.3564675450325012,0.9343076944351196,0.3644843101501465,-0.30807507038116455,0.18705733120441437,-0.3623972237110138,-0.3623972237110138,0.3228517174720764,0.0,10.0,0.5,1.0,-0.016527900428990046,-64.65821743749866,6.840622901916504,3.159377336502075
7.92,396,0.6501829028129578,0.7597777247428894,0.7078251242637634,-0.9528209567070007,-6.0169677734375,-1.5450849533081055,0.3441421687602997,0.9389175772666931,0.35132497549057007,-0.3060407340526581,0.17913982272148132,-0.35650014877319336,-0.35650014877319336,0.3156627416610718,0.0,10.0,0.5,1.0,-0.024064218851216696,-64.68228165634989,6.5450849533081055,3.4549150466918945
7.94,397,0.6338312029838562,0.7734714150428772,0.6864964962005615,-1.0664324760437012,-5.680576801300049,-1.243449330329895,0.3312861919403076,0.9435303211212158,0.337666392326355,-0.30254504084587097,0.17005892097949982,-0.34883007407188416,-0.34883007407188416,0.3086094260215759,0.0,10.0,0.5,1.0,-0.031140667960651815,-64.71342232431054,6.2434492111206055,3.7565505504608154
7.96,398,0.6155135631561279,0.7881262898445129,0.6630374193191528,-1.1729545593261719,-5.326101779937744,-0.9369063377380371,0.3179134726524353,0.9481196999549866,0.323527991771698,-0.29760006070137024,0.15999341011047363,-0.33950939774513245,-0.33950939774513245,0.3017260432243347,0.0,10.0,0.5,1.0,-0.03773139246471444,-64.75115371677526,5.936906337738037,4.063093662261963
7.98,399,0.595265805721283,0.8035288453102112,0.6375964283943176,-1.2720476388931274,-4.954654693603516,-0.6266660690307617,0.30403926968574524,0.9526594877243042,0.30892980098724365,-0.2912265360355377,0.1491306573152542,-0.328666627407074,-0.328666627407074,0.29504427313804626,0.0,10.0,0.5,1.0,-0.04381215062841087,-64.79496586740368,5.626666069030762,4.373333930969238
8.0,400,0.5731366872787476,0.8194597959518433,0.6103284955024719,-1.3633962869644165,-4.5674309730529785,-0.3139524459838867,0.2896801233291626,0.9571235179901123,0.29389262199401855,-0.28345656394958496,0.13766373693943024,-0.31643587350845337,-0.31643587350845337,0.28859326243400574,0.0,10.0,0.5,1.0,-0.04936043989234109,-64.84432630729601,5.313952445983887,4.686047554016113
8.02,401,0.5491896867752075,0.8356977105140686,0.5813943147659302,-1.4467108249664307,-4.1657257080078125,0.0,0.2748539447784424,0.9614859819412231,0.2784378230571747,-0.27433571219444275,0.12578825652599335,-0.3029564917087555,-0.3029564917087555,0.28239932656288147,0.0,10.0,0.5,1.0,-0.054355650949244154,-64.89868195824526,5.0,5.0
8.040000000000001,402,0.5235051512718201,0.8520225286483765,0.5509597063064575,-1.5217297077178955,-3.7509469985961914,0.3139524459838867,0.2595800459384918,0.965721607208252,0.262587308883667,-0.26392510533332825,0.11369909346103668,-0.2883723974227905,-0.2883723974227905,0.27648603916168213,0.0,10.0,0.5,1.0,-0.05877924251533703,-64.9574612007606,4.686047554016113,5.313952445983887
8.06,403,0.4961816072463989,0.8682187795639038,0.5191952586174011,-1.5882222652435303,-3.32462477684021,0.6266660690307617,0.2438790500164032,0.9698056578636169,0.24636366963386536,-0.2523025572299957,0.10158690065145493,-0.27283158898353577,-0.27283158898353577,0.2708739936351776,0.0,10.0,0.5,1.0,-0.06261493376874704,-65.02007613452935,4.373333930969238,5.626666069030762
8.08,404,0.4673363268375397,0.88407963514328,0.48627543449401855,-1.6459906101226807,-2.888418197631836,0.9369063377380371,0.22777298092842102,0.973714292049408,0.22978992760181427,-0.23956336081027985,0.08963465690612793,-0.2564855217933655,-0.2564855217933655,0.26558083295822144,0.0,10.0,0.5,1.0,-0.06584890802399619,-65.08592504255334,4.063093662261963,5.936906337738037
8.1,405,0.43710556626319885,0.8994101881980896,0.45237797498703003,-1.6948728561401367,-2.444115400314331,1.243449330329895,0.21128518879413605,0.9774244427680969,0.2128896415233612,-0.2258203625679016,0.07801423966884613,-0.23948834836483002,-0.23948834836483002,0.2606211006641388,0.0,10.0,0.5,1.0,-0.06847001823157298,-65.15439506078492,3.7565505504608154,6.2434492111206055
8.120000000000001,406,0.4056437909603119,0.9140312671661377,0.41768306493759155,-1.7347455024719238,-1.9936326742172241,1.5450849533081055,0.1944403052330017,0.9809143543243408,0.19568683207035065,-0.21120350062847137,0.06688311696052551,-0.2219962477684021,-0.2219962477684021,0.25600624084472656,0.0,10.0,0.5,1.0,-0.07046999054773308,-65.22486505133266,3.4549150466918945,6.5450849533081055
8.14,407,0.3731227517127991,0.9277819991111755,0.38237255811691284,-1.7655255794525146,-1.5390042066574097,1.8406227827072144,0.17726421356201172,0.9841632843017578,0.1782059371471405,-0.19585852324962616,0.056381311267614365,-0.20416662096977234,-0.20416662096977234,0.2517446279525757,0.0,10.0,0.5,1.0,-0.07184361484500351,-65.29670866617766,3.159377336502075,6.840622901916504
8.16,408,0.33969298005104065,0.940536379814148,0.34659042954444885,-1.7891064882278442,-1.1790434122085571,2.0,0.1597839742898941,0.9871519804000854,0.1604718118906021,-0.17990900576114655,0.04661562293767929,-0.18611863255500793,-0.18611863255500793,0.2478417605161667,0.0,10.0,0.5,1.0,-0.07274359651834371,-65.36945226269602,2.871103525161743,7.128896236419678
8.18,409,0.305473268032074,0.9522006511688232,0.31043541431427,-1.8077504634857178,-0.9321995377540588,2.0,0.14202775061130524,0.9898626804351807,0.14250962436199188,-0.16344553232192993,0.03766202926635742,-0.16792578995227814,-0.16792578995227814,0.24430131912231445,0.0,10.0,0.5,1.0,-0.07335198228473828,-65.44280424498075,2.59123158454895,7.408768177032471
8.2,410,0.2705925703048706,0.9626939296722412,0.27400851249694824,-1.8213450908660889,-0.6797289848327637,2.0,0.12402476370334625,0.9922791123390198,0.12434494495391846,-0.14656782150268555,0.02958516776561737,-0.14966358244419098,-0.14966358244419098,0.2411254346370697,0.0,10.0,0.5,1.0,-0.07366065016236324,-65.51646489514312,2.320866107940674,7.679133892059326
8.22,411,0.2351885885000229,0.9719497561454773,0.23741258680820465,-1.8297967910766602,-0.42258450388908386,2.0,0.10580514371395111,0.9943869113922119,0.10600355267524719,-0.12938344478607178,0.02243712544441223,-0.13140903413295746,-0.13140903413295746,0.2383147031068802,0.0,10.0,0.5,1.0,-0.0736628237317489,-65.59012771887487,2.0610737800598145,7.9389262199401855
8.24,412,0.1994062215089798,0.9799169301986694,0.20075194537639618,-1.8330323696136475,-0.1617826372385025,2.0,0.08739987760782242,0.9961733222007751,0.08751153200864792,-0.11200635135173798,0.01625639572739601,-0.11324041336774826,-0.11324041336774826,0.23586821556091309,0.0,10.0,0.5,1.0,-0.07335317970084147,-65.66348089857571,1.812880039215088,8.187119483947754
8.26,413,0.16339600086212158,0.986560583114624,0.16413193941116333,-1.8310002088546753,0.10160738974809647,2.0,0.06884065270423889,0.9976276755332947,0.06889514625072479,-0.0945553407073021,0.011067102663218975,-0.09523679316043854,-0.09523679316043854,0.23378343880176544,0.0,10.0,0.5,1.0,-0.0727279381342006,-65.73620883670992,1.577264428138733,8.422735214233398
8.28,414,0.1273120641708374,0.9918627142906189,0.12765851616859436,-1.823670744895935,0.36647647619247437,2.0,0.05015980079770088,0.9987412095069885,0.05018085613846779,-0.07715226709842682,0.006878494285047054,-0.07747766375541687,-0.07747766375541687,0.23205628991127014,0.0,10.0,0.5,1.0,-0.07178493228756253,-65.80799376899748,1.3551568984985352,8.644843101501465
8.3,415,0.09131041914224625,0.9958224892616272,0.09143778681755066,-1.8110369443893433,0.6316890716552734,2.0,0.031390100717544556,0.9995071887969971,0.031395260244607925,-0.05992031842470169,0.0036847316659986973,-0.060042522847652435,-0.060042522847652435,0.23068109154701233,0.0,10.0,0.5,1.0,-0.07052365780706041,-65.87851742680454,1.1474337577819824,8.85256576538086
8.32,416,0.05554687976837158,0.9984560608863831,0.05557548627257347,-1.7931150197982788,0.8960974812507629,2.0,0.01256471686065197,0.9999210834503174,0.012565047480165958,-0.04298216477036476,0.0014649806544184685,-0.04301043599843979,-0.04301043599843979,0.2296505570411682,0.0,10.0,0.5,1.0,-0.0689453000581929,-65.94746272686272,0.9549150466918945,9.045084953308105
8.34,417,0.020175237208604813,0.999796450138092,0.020176606252789497,-1.7699438333511353,1.1585556268692017,2.0,-0.006282978691160679,0.9999802708625793,-0.006283020135015249,-0.026458216831088066,0.0001838027237681672,-0.026459626853466034,-0.026459626853466034,0.22895586490631104,0.0,10.0,0.5,1.0,-0.06705273741839732,-66.01451546428112,0.7783603668212891,9.221639633178711
8.36,418,-0.014654573053121567,0.9998925924301147,-0.014655097387731075,-1.7415852546691895,1.4179335832595825,2.0,-0.025119516998529434,0.9996844530105591,-0.025122158229351044,-0.010464943945407867,-0.000208160825422965,-0.010467061772942543,-0.010467061772942543,0.2285865992307663,0.0,10.0,0.5,1.0,-0.06485052400174066,-66.07936598828286,0.6184666156768799,9.3815336227417
8.38,419,-0.04879816249012947,0.9988086819648743,-0.04881754890084267,-1.7081226110458374,1.6731305122375488,2.0,-0.04391147568821907,0.9990354180335999,-0.04392559826374054,0.004886687267571688,0.00022676594380754977,0.004891951102763414,0.004891951102763414,0.22853083908557892,0.0,10.0,0.5,1.0,-0.0721287514011162,-66.15149473968397,0.4758647382259369,9.52413558959961
8.4,420,-0.0821181908249855,0.996622622013092,-0.08221076428890228,-1.6696608066558838,1.9230871200561523,2.0,-0.06262560933828354,0.9980370998382568,-0.06266661733388901,0.019492583349347115,0.0014144922606647015,0.019544148817658424,0.019544148817658424,0.22877520322799683,0.0,10.0,0.5,1.0,-0.08884787751254601,-66.24034261719652,0.3511175811290741,9.648882865905762
8.42,421,-0.11448568105697632,0.9934248924255371,-0.11473726481199265,-1.6263248920440674,2.166796922683716,2.0,-0.08122898638248444,0.9966954588890076,-0.08131857961416245,0.03325669467449188,0.0032705676276236773,0.0334186814725399,0.0334186814725399,0.22930483520030975,0.0,10.0,0.5,1.0,-0.08420474578676393,-66.32454736298328,0.24471741914749146,9.755282402038574
8.44,422,-0.14578106999397278,0.9893168807029724,-0.14630243182182312,-1.5782586336135864,2.403315544128418,2.0,-0.09968913346529007,0.9950186610221863,-0.09985499083995819,0.046091943979263306,0.005701757036149502,0.04644744470715523,0.04644744470715523,0.2301034927368164,0.0,10.0,0.5,1.0,-0.07914964999279998,-66.40369701297608,0.15708419680595398,9.842915534973145
8.46,423,-0.17589503526687622,0.9844089150428772,-0.17681489884853363,-1.5256232023239136,2.6317689418792725,2.0,-0.11797410994768143,0.9930166602134705,-0.11824949830770493,0.0579209178686142,0.008607742376625538,0.058565404266119,0.058565404266119,0.23115362226963043,0.0,10.0,0.5,1.0,-0.07370068305703811,-66.47739769603312,0.08856374770402908,9.911436080932617
8.48,424,-0.20472899079322815,0.9788187146186829,-0.20618681609630585,-1.46859610080719,2.851358652114868,2.0,-0.1360526978969574,0.9907016158103943,-0.13647596538066864,0.06867628544569016,0.01188290398567915,0.0697108581662178,0.0697108581662178,0.2324363887310028,0.0,10.0,0.5,1.0,-0.06787768453201581,-66.54527538056514,0.039426494389772415,9.960573196411133
8.5,425,-0.2321954369544983,0.9726691246032715,-0.23433420062065125,-1.407368779182434,3.061365842819214,2.0,-0.15389446914196014,0.9880872964859009,-0.15450850129127502,0.07830096036195755,0.01541813649237156,0.07982569932937622,0.07982569932937622,0.2339317500591278,0.0,10.0,0.5,1.0,-0.061702054233642,-66.6069774347988,0.009866357780992985,9.990133285522461
8.52,426,-0.2582179307937622,0.9660866856575012,-0.261177122592926,-1.3421456813812256,3.2611541748046875,2.0,-0.17146988213062286,0.9851893782615662,-0.17232146859169006,0.08674803376197815,0.019102664664387703,0.08885564655065536,0.08885564655065536,0.23561856150627136,0.0,10.0,0.5,1.0,-0.05519656017315077,-66.66217399497194,0.0,10.0
8.540000000000001,427,-0.2827308773994446,0.9591992497444153,-0.2866399586200714,-1.2731422185897827,3.4501688480377197,2.0,-0.18875043094158173,0.9820250868797302,-0.1898895502090454,0.09398044645786285,0.022825812920928,0.096750408411026,0.096750408411026,0.23747462034225464,0.0,10.0,0.5,1.0,-0.048385145445531685,-66.71055914041747,0.009866357780992985,9.990133285522461
8.56,428,-0.3056791424751282,0.9521346092224121,-0.31065163016319275,-1.200583577156067,3.6279351711273193,2.0,-0.20570865273475647,0.9786132574081421,-0.20718778669834137,0.0999704897403717,0.02647869661450386,0.10346383601427078,0.10346383601427078,0.2394767701625824,0.0,10.0,0.5,1.0,-0.041292739416747465,-66.75185187983422,0.039426494389772415,9.960573196411133
8.58,429,-0.3270173668861389,0.9450183510780334,-0.3331456780433655,-1.1247024536132812,3.7940561771392822,2.0,-0.22231827676296234,0.9749741554260254,-0.2241916060447693,0.10469909012317657,0.02995581552386284,0.1089540645480156,0.1089540645480156,0.24160094559192657,0.0,10.0,0.5,1.0,-0.03394507452291225,-66.78579695435714,0.08856374770402908,9.911436080932617
8.6,430,-0.3467092514038086,0.9379726648330688,-0.35406044125556946,-1.0457383394241333,3.948206663131714,2.0,-0.2385542392730713,0.9711291790008545,-0.24087683856487274,0.10815499722957611,0.03315651789307594,0.11318360269069672,0.11318360269069672,0.24382232129573822,0.0,10.0,0.5,1.0,-0.02636851446526162,-66.8121654688224,0.15708419680595398,9.842915534973145
8.620000000000001,431,-0.36472660303115845,0.931114673614502,-0.37333914637565613,-0.9639357328414917,4.090128421783447,2.0,-0.2543927729129791,0.967100977897644,-0.25721976161003113,0.11033382266759872,0.03598632663488388,0.1161193922162056,0.1161193922162056,0.24611535668373108,0.0,10.0,0.5,1.0,-0.018589895394902047,-66.8307553642173,0.24471741914749146,9.755282402038574
8.64,432,-0.38104844093322754,0.9245550632476807,-0.39093002676963806,-0.8795433044433594,4.219623565673828,2.0,-0.2698114216327667,0.9629132151603699,-0.2731971740722656,0.11123702675104141,0.038358110934495926,0.11773285269737244,0.11773285269737244,0.24845387041568756,0.0,10.0,0.5,1.0,-0.010636382041208975,-66.84139174625851,0.3511175811290741,9.648882865905762
8.66,433,-0.3956598937511444,0.9183971285820007,-0.4067862629890442,-0.7928123474121094,4.336546897888184,2.0,-0.2847890555858612,0.9585902094841003,-0.2887863516807556,0.1108708530664444,0.0401931069791317,0.11799991875886917,0.11799991875886917,0.2508111894130707,0.0,10.0,0.5,1.0,-0.002535340503846602,-66.84392708676235,0.4758647382259369,9.52413558959961
8.68,434,-0.4085512161254883,0.9127354025840759,-0.4208661913871765,-0.7039963603019714,4.440798282623291,2.0,-0.29930591583251953,0.9541571736335754,-0.30396515130996704,0.10924529284238815,0.0414218045771122,0.11690104752779007,0.11690104752779007,0.2531602084636688,0.0,10.0,0.5,1.0,-0.0053029249273848994,-66.84923001168974,0.6184666156768799,9.3815336227417
8.700000000000001,435,-0.4197167158126831,0.9076551795005798,-0.43313318490982056,-0.6133500933647156,4.532315254211426,2.0,-0.31334367394447327,0.9496397972106934,-0.3187119960784912,0.10637304186820984,0.041984643787145615,0.11442120373249054,0.11442120373249054,0.25547343492507935,0.0,10.0,0.5,1.0,-0.010798955394106625,-66.86002896708385,0.7783603668212891,9.221639633178711
8.72,436,-0.4291538596153259,0.9032313823699951,-0.4435557723045349,-0.5211287140846252,4.6110663414001465,2.0,-0.32688531279563904,0.9450640082359314,-0.3330059349536896,0.10226855427026749,0.04183261841535568,0.11054983735084534,0.11054983735084534,0.2577231526374817,0.0,10.0,0.5,1.0,-0.016335207216390476,-66.87636417430024,0.9549150466918945,9.045084953308105
8.74,437,-0.4368622899055481,0.8995283842086792,-0.4521075189113617,-0.4275878965854645,4.677042007446289,2.0,-0.33991512656211853,0.9404560923576355,-0.3468266427516937,0.09694715589284897,0.040927715599536896,0.10528087615966797,0.10528087615966797,0.2598814368247986,0.0,10.0,0.5,1.0,-0.021894272513973554,-66.89825844681421,1.1474337577819824,8.85256576538086
8.76,438,-0.44284310936927795,0.8965991139411926,-0.45876720547676086,-0.3329829275608063,4.730248928070068,2.0,-0.35241883993148804,0.9358423948287964,-0.36015450954437256,0.09042426943778992,0.03924326226115227,0.09861268103122711,0.09861268103122711,0.26192039251327515,0.0,10.0,0.5,1.0,-0.02745889069447073,-66.92571733750869,1.3551568984985352,8.644843101501465
8.78,439,-0.44709816575050354,0.8944848775863647,-0.46351855993270874,-0.23756882548332214,4.770705223083496,2.0,-0.36438336968421936,0.9312490224838257,-0.3729705810546875,0.08271479606628418,0.03676413744688034,0.09054799377918243,0.09054799377918243,0.26381200551986694,0.0,10.0,0.5,1.0,-0.03301195306305127,-66.95872929057174,1.577264428138733,8.422735214233398
8.8,440,-0.4496295750141144,0.8932151198387146,-0.46635058522224426,-0.14160016179084778,4.798433780670166,2.0,-0.37579697370529175,0.9267020225524902,-0.3852566182613373,0.07383260130882263,0.033486902713775635,0.08109395205974579,0.08109395205974579,0.2655284106731415,0.0,10.0,0.5,1.0,-0.03853650092678059,-66.99726579149852,1.812880039215088,8.187119483947754
8.82,441,-0.4504391849040985,0.892807126045227,-0.46725720167160034,-0.045330967754125595,4.813459396362305,2.0,-0.3866489827632904,0.9222269654273987,-0.3969951868057251,0.0637902021408081,0.02941984497010708,0.07026199251413345,0.07026199251413345,0.26704198122024536,0.0,10.0,0.5,1.0,-0.044015715721705505,-67.04128150722022,2.0610737800598145,7.9389262199401855
8.84,442,-0.4495285451412201,0.893265962600708,-0.46623748540878296,0.05098515748977661,4.8158063888549805,2.0,-0.3969299793243408,0.9178488850593567,-0.40816962718963623,0.052598562091588974,0.02458292618393898,0.05806786194443703,0.05806786194443703,0.2683252692222595,0.0,10.0,0.5,1.0,-0.04943290484142735,-67.09071441206164,2.320866107940674,7.679133892059326
8.86,443,-0.4468986988067627,0.8945845365524292,-0.463295578956604,0.14709503948688507,4.80549430847168,2.0,-0.40663158893585205,0.9135922193527222,-0.41876402497291565,0.04026712477207184,0.019007660448551178,0.04453156515955925,0.04453156515955925,0.2693512737751007,0.0,10.0,0.5,1.0,-0.05477148539421774,-67.14548589745586,2.59123158454895,7.408768177032471
8.88,444,-0.44255033135414124,0.896743655204773,-0.4584406614303589,0.24274586141109467,4.782541275024414,2.0,-0.41574639081954956,0.9094805717468262,-0.42876332998275757,0.026803933084011078,0.012736916542053223,0.029677340760827065,0.029677340760827065,0.2700933516025543,0.0,10.0,0.5,1.0,-0.06001496659054825,-67.2055008640464,2.871103525161743,7.128896236419678
8.9,445,-0.43652695417404175,0.8996911644935608,-0.4517347812652588,0.3352944254875183,4.62742805480957,1.8406227827072144,-0.42426797747612,0.9055367112159729,-0.43815332651138306,0.012258985079824924,0.005845507141202688,0.013581439852714539,0.013581439852714539,0.2705259323120117,0.0,10.0,0.5,1.0,-0.06495568588488707,-67.27045654993128,3.159377336502075,6.840622901916504
8.92,446,-0.42890989780426025,0.9033472537994385,-0.4432857036590576,0.42245417833328247,4.357987403869629,1.5450849533081055,-0.43219074606895447,0.901782214641571,-0.4469207227230072,-0.003280840814113617,-0.0015650589484721422,-0.003635015804320574,-0.003635015804320574,0.27062541246414185,0.0,10.0,0.5,1.0,-0.0766845942289121,-67.34714114416019,3.4549150466918945,6.5450849533081055
8.94,447,-0.419784277677536,0.9076238870620728,-0.433207631111145,0.5039031505584717,4.072449684143066,1.243449330329895,-0.43950989842414856,0.8982377648353577,-0.4550529718399048,-0.019725626334547997,-0.00938616506755352,-0.02184535190463066,-0.02184535190463066,0.27037060260772705,0.0,10.0,0.5,1.0,-0.10979039486201406,-67.45693153902221,3.7565505504608154,6.2434492111206055
8.96,448,-0.4092397093772888,0.9124268889427185,-0.421620637178421,0.5793501138687134,3.772346258163452,0.9369063377380371,-0.44622138142585754,0.8949226140975952,-0.46253859996795654,-0.036981698125600815,-0.017504308372735977,-0.04091797396540642,-0.04091797396540642,0.2697429656982422,0.0,10.0,0.5,1.0,-0.11494699894543352,-67.57187853796763,4.063093662261963,5.936906337738037
8.98,449,-0.3973707854747772,0.9176581501960754,-0.40864992141723633,0.6485351920127869,3.4592549800872803,0.6266660690307617,-0.45232176780700684,0.8918548226356506,-0.4693669378757477,-0.054950982332229614,-0.025803320109844208,-0.06071700155735016,-0.06071700155735016,0.2687266170978546,0.0,10.0,0.5,1.0,-0.11929186611871942,-67.69117040408635,4.373333930969238,5.626666069030762
9.0,450,-0.38427767157554626,0.9232175350189209,-0.39442530274391174,0.7112311720848083,3.1347997188568115,0.3139524459838867,-0.45780816674232483,0.8890510201454163,-0.4755282700061798,-0.07353048026561737,-0.03416655585169792,-0.08110295236110687,-0.08110295236110687,0.26730841398239136,0.0,10.0,0.5,1.0,-0.12280350776410374,-67.81397391185045,4.686047554016113,5.313952445983887
9.02,451,-0.3700663447380066,0.9290053248405457,-0.3790804147720337,0.7672442197799683,2.800651788711548,0.0,-0.4626781940460205,0.8865262866020203,-0.48101383447647095,-0.0926118716597557,-0.04247903451323509,-0.10193341970443726,-0.10193341970443726,0.2654780447483063,0.0,10.0,0.5,1.0,-0.12546446925845667,-67.93943838110891,5.0,5.0
9.040000000000001,452,-0.35484859347343445,0.9349237680435181,-0.36275210976600647,0.8164147734642029,2.458527088165283,-0.3139524459838867,-0.46692997217178345,0.8842942714691162,-0.4858158528804779,-0.112081378698349,-0.05062948912382126,-0.12306374311447144,-0.12306374311447144,0.26322808861732483,0.0,10.0,0.5,1.0,-0.12726142749438468,-68.0666998086033,5.313952445983887,4.686047554016113
9.06,453,-0.3387422263622284,0.940879225730896,-0.34557974338531494,0.858618438243866,2.1101834774017334,-0.6266660690307617,-0.4705619513988495,0.882366955280304,-0.4899275302886963,-0.1318197250366211,-0.058512259274721146,-0.14434777200222015,-0.14434777200222015,0.2605539560317993,0.0,10.0,0.5,1.0,-0.1281852836881975,-68.1948850922915,5.626666069030762,4.373333930969238
9.08,454,-0.32187044620513916,0.946783721446991,-0.32770442962646484,0.8937668204307556,1.757417917251587,-0.9369063377380371,-0.47357288002967834,0.8807546496391296,-0.49334296584129333,-0.1517024040222168,-0.06602907180786133,-0.16563855111598969,-0.16563855111598969,0.2574540972709656,0.0,10.0,0.5,1.0,-0.12823124787248105,-68.32311634016398,5.936906337738037,4.063093662261963
9.1,455,-0.3043617010116577,0.9525565505027771,-0.3092682659626007,0.9218079447746277,1.4020586013793945,-1.243449330329895,-0.475961834192276,0.8794659376144409,-0.4960573613643646,-0.1716001331806183,-0.07309059798717499,-0.18678909540176392,-0.18678909540176392,0.25392982363700867,0.0,10.0,0.5,1.0,-0.12739890779427085,-68.45051524795825,6.2434492111206055,3.7565505504608154
9.120000000000001,456,-0.2863486409187317,0.9581254720687866,-0.2904137074947357,0.9427271485328674,1.0459595918655396,-1.5450849533081055,-0.47772809863090515,0.8785077333450317,-0.49806681275367737,-0.19137945771217346,-0.07961774617433548,-0.20765309035778046,-0.20765309035778046,0.24998541176319122,0.0,10.0,0.5,1.0,-0.12569228411816094,-68.57620753207641,6.5450849533081055,3.4549150466918945
9.14,457,-0.2679675221443176,0.9634279608726501,-0.27128276228904724,0.9565469622612,0.6909908056259155,-1.8406227827072144,-0.47887122631073,0.8778851628303528,-0.49936848878860474,-0.21090370416641235,-0.08554279059171677,-0.2280856966972351,-0.2280856966972351,0.2456280142068863,0.0,10.0,0.5,1.0,-0.12311986334624471,-68.69932739542266,6.840622901916504,3.159377336502075
9.16,458,-0.24931955337524414,0.9684212803840637,-0.2519775629043579,0.9652609825134277,0.43570050597190857,-2.0,-0.4793908894062042,0.8776015043258667,-0.4999605119228363,-0.23007133603096008,-0.09081978350877762,-0.2479829639196396,-0.2479829639196396,0.24086733162403107,0.0,10.0,0.5,1.0,-0.11992661810878688,-68.81925401353145,7.128896236419678,2.871103525161743
9.18,459,-0.23046261072158813,0.9730811715126038,-0.23255306482315063,0.9712244272232056,0.29817134141921997,-2.0,-0.47928696870803833,0.8776582479476929,-0.49984210729599,-0.248824343085289,-0.09542292356491089,-0.26728901267051697,-0.26728901267051697,0.2357146143913269,0.0,10.0,0.5,1.0,-0.11640088072150809,-68.93565489425296,7.408768177032471,2.59123158454895
9.200000000000001,460,-0.21145647764205933,0.9773874282836914,-0.21306489408016205,0.9744085669517517,0.1592077761888504,-2.0,-0.4785594642162323,0.8780551552772522,-0.49901336431503296,-0.2671029567718506,-0.09933225810527802,-0.2859484553337097,-0.2859484553337097,0.2301822453737259,0.0,10.0,0.5,1.0,-0.11254487693397587,-69.04819977118694,7.679133892059326,2.320866107940674
9.22,461,-0.1923624873161316,0.9813239574432373,-0.19356901943683624,0.974793553352356,0.019250737503170967,-2.0,-0.47720855474472046,0.8787900805473328,-0.4974755048751831,-0.28484606742858887,-0.10253386944532394,-0.30390647053718567,-0.30390647053718567,0.22428369522094727,0.0,10.0,0.5,1.0,-0.10836185575998251,-69.15656162694692,7.9389262199401855,2.0610737800598145
9.24,462,-0.17324313521385193,0.9848790764808655,-0.1741216480731964,0.972368597984314,-0.1212477833032608,-2.0,-0.47523465752601624,0.8798590898513794,-0.49523070454597473,-0.3019915223121643,-0.10501999408006668,-0.3211090564727783,-0.3211090564727783,0.2180335372686386,0.0,10.0,0.5,1.0,-0.10385611434854204,-69.26041774129547,8.187119483947754,1.812880039215088
9.26,463,-0.1541617512702942,0.9880456328392029,-0.15477901697158813,0.9671320915222168,-0.26182740926742554,-2.0,-0.4726382791996002,0.8812565207481384,-0.4922821819782257,-0.31847652792930603,-0.10678910464048386,-0.3375031650066376,-0.3375031650066376,0.21144741773605347,0.0,10.0,0.5,1.0,-0.09903301693704077,-69.35945075823251,8.422735214233398,1.577264428138733
9.28,464,-0.13518203794956207,0.9908207654953003,-0.13559718430042267,0.9590916037559509,-0.4020223319530487,-2.0,-0.4694202244281769,0.8829748630523682,-0.48863404989242554,-0.334238201379776,-0.10784590244293213,-0.35303688049316406,-0.35303688049316406,0.20454201102256775,0.0,10.0,0.5,1.0,-0.09389900650076083,-69.45334976473328,8.644843101501465,1.3551568984985352
9.3,465,-0.1163676455616951,0.9932062029838562,-0.1166318953037262,0.9482643604278564,-0.5413641333580017,-2.0,-0.4655815362930298,0.885004997253418,-0.48429158329963684,-0.3492138683795929,-0.10820120573043823,-0.36765968799591064,-0.36765968799591064,0.19733504951000214,0.0,10.0,0.5,1.0,-0.08846161012680723,-69.54181137486009,8.85256576538086,1.1474337577819824
9.32,466,-0.09778186678886414,0.9952078461647034,-0.09793835878372192,0.9346766471862793,-0.6793849468231201,-2.0,-0.4611234664916992,0.8873359560966492,-0.4792608916759491,-0.3633415997028351,-0.1078718900680542,-0.3813225328922272,-0.3813225328922272,0.1898452192544937,0.0,10.0,0.5,1.0,-0.08272943768799146,-69.62454081254808,9.045084953308105,0.9549150466918945
9.34,467,-0.07948713004589081,0.9968358874320984,-0.07957107573747635,0.9183642268180847,-0.8156203031539917,-2.0,-0.45604774355888367,0.8899553418159485,-0.47354915738105774,-0.37656059861183167,-0.10688057541847229,-0.393978089094162,-0.393978089094162,0.18209221959114075,0.0,10.0,0.5,1.0,-0.07671217196850111,-69.70125298451657,9.221639633178711,0.7783603668212891
9.36,468,-0.061544716358184814,0.9981043338775635,-0.061583634465932846,0.8993719816207886,-0.9496120810508728,-2.0,-0.4503563940525055,0.8928488492965698,-0.46716445684432983,-0.3888116776943207,-0.10525545477867126,-0.4055808484554291,-0.4055808484554291,0.17409662902355194,0.0,10.0,0.5,1.0,-0.07042055352345436,-69.77167353804002,9.3815336227417,0.6184666156768799
9.38,469,-0.0440143346786499,0.9990308880805969,-0.04402855783700943,0.8777537941932678,-1.0809111595153809,-2.0,-0.44405198097229004,0.8960010409355164,-0.460115909576416,-0.40003764629364014,-0.10302986949682236,-0.4160873591899872,-0.4160873591899872,0.16587994992733002,0.0,10.0,0.5,1.0,-0.0638663573631228,-69.83553989540314,9.52413558959961,0.4758647382259369
9.4,470,-0.02695384994149208,0.9996366500854492,-0.026957115158438683,0.8535721898078918,-1.2090803384780884,-2.0,-0.43713751435279846,0.899394690990448,-0.45241352915763855,-0.4101836681365967,-0.1002419963479042,-0.4254564046859741,-0.4254564046859741,0.15746450424194336,0.0,10.0,0.5,1.0,-0.05706236385481384,-69.89260225925796,9.648882865905762,0.3511175811290741
9.42,471,-0.010418961755931377,0.9999457001686096,-0.010419150814414024,0.8268982768058777,-1.3336960077285767,-2.0,-0.42961665987968445,0.9030113816261292,-0.44406822323799133,-0.4191977083683014,-0.09693435579538345,-0.43364906311035156,-0.43364906311035156,0.1488734483718872,0.0,10.0,0.5,1.0,-0.05002232300084884,-69.9426245822588,9.755282402038574,0.24471741914749146
9.44,472,0.005537045653909445,0.9999846816062927,0.005537074059247971,0.7978112101554871,-1.4543511867523193,-2.0,-0.4214937090873718,0.9068313241004944,-0.43509188294410706,-0.4270307719707489,-0.09315335005521774,-0.44062894582748413,-0.44062894582748413,0.1401306688785553,0.0,10.0,0.5,1.0,-0.04276091386427799,-69.98538549612309,9.842915534973145,0.15708419680595398
9.46,473,0.020863521844148636,0.9997823238372803,0.02086503617465496,0.7663980722427368,-1.5706567764282227,-2.0,-0.4127737283706665,0.9108335971832275,-0.42549723386764526,-0.43363726139068604,-0.08894873410463333,-0.44636228680610657,-0.44636228680610657,0.13126076757907867,0.0,10.0,0.5,1.0,-0.03529369765788913,-70.02067919378098,9.911436080932617,0.08856374770402908
9.48,474,0.03551263362169266,0.999369204044342,0.035520099103450775,0.7327532172203064,-1.6822433471679688,-2.0,-0.40346255898475647,0.9149961471557617,-0.4152979552745819,-0.4389752149581909,-0.08437307924032211,-0.4508180618286133,-0.4508180618286133,0.12228895723819733,0.0,10.0,0.5,1.0,-0.02763706731691914,-70.0483162610979,9.960573196411133,0.039426494389772415
9.5,475,0.04943949729204178,0.9987770915031433,0.049459658563137054,0.696977972984314,-1.7887624502182007,-2.0,-0.39356696605682373,0.9192959666252136,-0.404508501291275,-0.4430064558982849,-0.07948116958141327,-0.4539681673049927,-0.4539681673049927,0.11324109882116318,0.0,10.0,0.5,1.0,-0.01980819309559052,-70.06812445419348,9.990133285522461,0.009866357780992985
9.52,476,0.06260230392217636,0.9980385303497314,0.06264326721429825,0.659180223941803,-1.889887809753418,-2.0,-0.3830946385860443,0.9237090945243835,-0.3931442201137543,-0.44569694995880127,-0.07432945817708969,-0.4557874798774719,-0.4557874798774719,0.10414353758096695,0.0,10.0,0.5,1.0,-0.011824964633465732,-70.07994941882694,10.0,0.0
9.540000000000001,477,0.07496235519647598,0.9971863627433777,0.07503274083137512,0.619473934173584,-1.9853156805038452,-2.0,-0.3720543384552002,0.928210973739624,-0.3812212646007538,-0.4470166862010956,-0.06897541135549545,-0.4562540054321289,-0.4562540054321289,0.09502312541007996,0.0,10.0,0.5,1.0,-0.0037059303232764317,-70.08365534915022,9.990133285522461,0.009866357780992985
9.56,478,0.0864841416478157,0.996253252029419,0.08659231662750244,0.5779786109924316,-2.074765920639038,-2.0,-0.36045587062835693,0.9327762722969055,-0.36875656247138977,-0.44694000482559204,-0.06347695738077164,-0.4553488790988922,-0.4553488790988922,0.08590709418058395,0.0,10.0,0.5,1.0,-0.004521485228658334,-70.08817683437888,9.960573196411133,0.039426494389772415
9.58,479,0.09713529050350189,0.9952712059020996,0.09728869050741196,0.5348189473152161,-2.1579811573028564,-2.0,-0.3483102321624756,0.9373793005943298,-0.3557678461074829,-0.4454455077648163,-0.05789186805486679,-0.45305654406547546,-0.45305654406547546,0.07682304084300995,0.0,10.0,0.5,1.0,-0.010060966341400994,-70.09823780072028,9.911436080932617,0.08856374770402908
9.6,480,0.1068866029381752,0.9942712187767029,0.10709118098020554,0.4901244044303894,-2.2347285747528076,-2.0,-0.3356296420097351,0.9419940114021301,-0.3422735631465912,-0.4425162374973297,-0.05227718874812126,-0.44936472177505493,-0.44936472177505493,0.06779883056879044,0.0,10.0,0.5,1.0,-0.01564602534688288,-70.11388382606717,9.842915534973145,0.15708419680595398
9.620000000000001,481,0.11571196466684341,0.9932827949523926,0.11597175151109695,0.44402843713760376,-2.304797887802124,-2.0,-0.32242754101753235,0.9465941190719604,-0.3282928764820099,-0.43813952803611755,-0.046688664704561234,-0.44426462054252625,-0.44426462054252625,0.058862533420324326,0.0,10.0,0.5,1.0,-0.02126331647929241,-70.13514714254646,9.755282402038574,0.24471741914749146
9.64,482,0.12358832359313965,0.9923335909843445,0.12390512228012085,0.396668404340744,-2.368001937866211,-2.0,-0.308718740940094,0.9511533975601196,-0.313845694065094,-0.43230706453323364,-0.04118020460009575,-0.43775078654289246,-0.43775078654289246,0.05004237964749336,0.0,10.0,0.5,1.0,-0.026899357445706384,-70.16204649999216,9.648882865905762,0.3511175811290741
9.66,483,0.1304955780506134,0.9914488792419434,0.1308688223361969,0.34818488359451294,-2.4241762161254883,-2.0,-0.2945193350315094,0.9556455016136169,-0.29895249009132385,-0.4250149130821228,-0.03580336645245552,-0.42982131242752075,-0.42982131242752075,0.041366659104824066,0.0,10.0,0.5,1.0,-0.03254056494881175,-70.19458706494098,9.52413558959961,0.4758647382259369
9.68,484,0.13641655445098877,0.990651547908783,0.1368432492017746,0.2987213134765625,-2.4731781482696533,-2.0,-0.27984675765037537,0.9600446820259094,-0.2836344838142395,-0.41626331210136414,-0.03060688078403473,-0.4204777181148529,-0.4204777181148529,0.03286366909742355,0.0,10.0,0.5,1.0,-0.03817328937946906,-70.23276035432045,9.3815336227417,0.6184666156768799
9.700000000000001,485,0.14133687317371368,0.989961564540863,0.14181171357631683,0.24842357635498047,-2.5148868560791016,-2.0,-0.2647198438644409,0.9643253684043884,-0.2679134011268616,-0.4060567319393158,-0.02563619799911976,-0.4097250998020172,-0.4097250998020172,0.024561641737818718,0.0,10.0,0.5,1.0,-0.043783846456974966,-70.27654420077742,9.221639633178711,0.7783603668212891
9.72,486,0.14524491131305695,0.9893957376480103,0.14576050639152527,0.1974395364522934,-2.5492019653320312,-2.0,-0.2491588294506073,0.9684626460075378,-0.25181159377098083,-0.39440375566482544,-0.02093309722840786,-0.3975721001625061,-0.3975721001625061,0.01648866944015026,0.0,10.0,0.5,1.0,-0.049358547916113375,-70.32590274869354,9.045084953308105,0.9549150466918945
9.74,487,0.14813171327114105,0.9889676570892334,0.14867888391017914,0.14591866731643677,-2.5760433673858643,-2.0,-0.23318526148796082,0.9724323153495789,-0.23535196483135223,-0.38131698966026306,-0.016535311937332153,-0.38403084874153137,-0.38403084874153137,0.008672639727592468,0.0,10.0,0.5,1.0,-0.054883730078688,-70.38078647877222,8.85256576538086,1.1474337577819824
9.76,488,0.14999094605445862,0.9886873960494995,0.15055911242961884,0.09401164948940277,-2.595350980758667,-2.0,-0.2168220430612564,0.9762111306190491,-0.21855787932872772,-0.36681297421455383,-0.012476223520934582,-0.36911699175834656,-0.36911699175834656,0.0011411610757932067,0.0,10.0,0.5,1.0,-0.06034578173247899,-70.4411322605047,8.644843101501465,1.3551568984985352
9.78,489,0.1508188098669052,0.9885614514350891,0.1513965129852295,0.04186997562646866,-2.607083797454834,-2.0,-0.2000933736562729,0.9797768592834473,-0.20145322382450104,-0.3509121835231781,-0.008784588426351547,-0.35284972190856934,-0.35284972190856934,-0.006078506354242563,0.0,10.0,0.5,1.0,-0.06585273957757322,-70.50698500008228,8.422735214233398,1.577264428138733
9.8,490,0.15061409771442413,0.9885926246643066,0.1511894166469574,-0.010354415513575077,-2.611219644546509,-2.0,-0.18302473425865173,0.9831082820892334,-0.18406227231025696,-0.3336388170719147,-0.00548432394862175,-0.33525168895721436,-0.33525168895721436,-0.01295952033251524,0.0,10.0,0.5,1.0,-0.07116408403438201,-70.57814908411666,8.187119483947754,1.812880039215088
9.82,491,0.14937804639339447,0.98878014087677,0.14993923902511597,-0.06250951439142227,-2.607754945755005,-2.0,-0.16564279794692993,0.9861857891082764,-0.16640977561473846,-0.3150208294391632,-0.0025943403597921133,-0.31634899973869324,-0.31634899973869324,-0.019475527107715607,0.0,10.0,0.5,1.0,-0.07634868322133043,-70.65449776733799,7.9389262199401855,2.0610737800598145
9.84,492,0.14711447060108185,0.9891194701194763,0.1476503610610962,-0.11444360762834549,-2.5967049598693848,-2.0,-0.1479753702878952,0.9889910221099854,-0.1485207974910736,-0.29508984088897705,-0.0001284275931539014,-0.2961711585521698,-0.2961711585521698,-0.025600729510188103,0.0,10.0,0.5,1.0,-0.08141622195637487,-70.73591398929436,7.679133892059326,2.320866107940674
9.86,493,0.14382967352867126,0.9896024465560913,0.1443302482366562,-0.1660056710243225,-2.5781030654907227,-2.0,-0.13005132973194122,0.9915072321891785,-0.1304207593202591,-0.2738810181617737,0.0019048037938773632,-0.2747510075569153,-0.2747510075569153,-0.03130995109677315,0.0,10.0,0.5,1.0,-0.08635373982148667,-70.82226772911585,7.408768177032471,2.59123158454895
9.88,494,0.13953255116939545,0.9902175068855286,0.13998933136463165,-0.21704570949077606,-2.552001714706421,-2.0,-0.11190052330493927,0.9937193989753723,-0.1121353805065155,-0.2514330744743347,0.0035019288770854473,-0.25212472677230835,-0.25212472677230835,-0.0365787073969841,0.0,10.0,0.5,1.0,-0.09114847855080863,-70.91341620766666,7.128896236419678,2.871103525161743
9.9,495,0.1342819780111313,0.9909431338310242,0.1346888393163681,-0.26502448320388794,-2.3989386558532715,-1.8406227827072144,-0.09355364739894867,0.995614230632782,-0.0936906561255455,-0.22783562541007996,0.00467107817530632,-0.2283795028924942,-0.2283795028924942,-0.04138375073671341,0.0,10.0,0.5,1.0,-0.09559665914239797,-71.00901286680906,6.840622901916504,3.159377336502075
9.92,496,0.12817998230457306,0.9917508959770203,0.12853361666202545,-0.3077615797519684,-2.136854887008667,-1.5450849533081055,-0.07504218071699142,0.9971803426742554,-0.07511279731988907,-0.20322217047214508,0.005429438780993223,-0.20364640653133392,-0.20364640653133392,-0.045704007148742676,0.0,10.0,0.5,1.0,-0.09952332532690789,-71.10853619213597,6.5450849533081055,3.4549150466918945
9.94,497,0.1213330328464508,0.992611825466156,0.12163272500038147,-0.34504416584968567,-1.8641302585601807,-1.243449330329895,-0.05639825016260147,0.9984083771705627,-0.05642819404602051,-0.17773129045963287,0.005796496756374836,-0.17806091904640198,-0.17806091904640198,-0.049521081149578094,0.0,10.0,0.5,1.0,-0.10291103691724367,-71.21144722905322,6.2434492111206055,3.7565505504608154
9.96,498,0.11385145783424377,0.9934977889060974,0.11409886181354523,-0.37669315934181213,-1.5824483633041382,-0.9369063377380371,-0.03765450045466423,0.9992908239364624,-0.037663403898477554,-0.1515059620141983,0.005793034564703703,-0.15176226198673248,-0.15176226198673248,-0.05281931534409523,0.0,10.0,0.5,1.0,-0.10574514869502151,-71.31719237774824,5.936906337738037,4.063093662261963
9.98,499,0.10584893077611923,0.9943822026252747,0.10604758560657501,-0.4025638699531555,-1.2935357093811035,-0.6266660690307617,-0.01884397678077221,0.9998224377632141,-0.01884509064257145,-0.124692901968956,0.005440214183181524,-0.12489268183708191,-0.12489268183708191,-0.055585864931344986,0.0,10.0,0.5,1.0,-0.10801387430636963,-71.42520625205461,5.626666069030762,4.373333930969238
