t,step,x,y,theta,theta_dot,theta_ddot,tau,x_target,y_target,theta_target,ex,ey,etheta
0.0,0,0.0,1.0,0.0,0.0,0.0,0.0,0.0,1.0,0.0,0.0,0.0,0.0
0.02,1,-4.898587368981641e-19,1.0,-4.898587368981641e-19,-2.4492935397342132e-17,-1.2246467996456087e-15,-1.2246467996456087e-15,0.01884397678077221,0.9998224377632141,0.01884509064257145,0.01884397678077221,-0.00017756347369868308,0.01884509064257145
0.04,2,2.511620732548181e-05,1.0,2.511620732548181e-05,0.001255810377188027,0.06279052048921585,0.06279052048921585,0.03765450045466423,0.9992908239364624,0.037663403898477554,0.037629384547472,-0.0007091818260960281,0.037638287991285324
0.06,3,0.00010024203947978094,1.0,0.00010024203947978094,0.003756291465833783,0.12502405047416687,0.12533323466777802,0.05639825016260147,0.9984083771705627,0.05642819404602051,0.05629801005125046,-0.001591642969287932,0.056327950209379196
0.08,4,0.0002498519024811685,0.9999999403953552,0.00024985193158499897,0.007480493746697903,0.18621012568473816,0.187381312251091,0.07504218071699142,0.9971803426742554,0.07511279731988907,0.07479233294725418,-0.0028196086641401052,0.07486294209957123
0.1,5,0.0004978076904080808,0.9999998807907104,0.0004978077486157417,0.01239779032766819,0.24586482346057892,0.24868988990783691,0.09355364739894867,0.995614230632782,0.0936906561255455,0.0930558443069458,-0.0043856361880898476,0.09319285303354263
0.12,6,0.0008671688847243786,0.9999996423721313,0.0008671690011397004,0.018468063324689865,0.30351361632347107,0.30901700258255005,0.11190052330493927,0.9937193989753723,0.1121353805065155,0.1110333576798439,-0.006280210334807634,0.11126821488142014
0.14,7,0.0013800074812024832,0.9999990463256836,0.0013800079468637705,0.025641946122050285,0.3586942255496979,0.3681245446205139,0.13005132973194122,0.9915072321891785,0.1304207593202591,0.128671333193779,-0.008491786196827888,0.12904074788093567
0.16,8,0.002057229168713093,0.9999978542327881,0.0020572305656969547,0.03386113420128822,0.41095930337905884,0.4257792830467224,0.1479753702878952,0.9889910221099854,0.1485207974910736,0.14591814577579498,-0.011006837710738182,0.1464635580778122
0.18,9,0.002918400801718235,0.999995768070221,0.002918404992669821,0.043058715760707855,0.45987918972969055,0.4817536771297455,0.16564279794692993,0.9861857891082764,0.16640977561473846,0.16272439062595367,-0.013809924945235252,0.1634913682937622
0.2,10,0.003981586545705795,0.9999920725822449,0.003981596790254116,0.05315960571169853,0.5050443410873413,0.5358268022537231,0.18302473425865173,0.9831082820892334,0.18406227231025696,0.17904314398765564,-0.016883764415979385,0.18008068203926086
0.22,11,0.005263192113488913,0.9999861717224121,0.005263216327875853,0.06408096104860306,0.5460678935050964,0.5877852439880371,0.2000933736562729,0.9797768592834473,0.20145322382450104,0.19483017921447754,-0.020209316164255142,0.1961899995803833
0.24,12,0.006777818780392408,0.9999770522117615,0.006777870934456587,0.07573272287845612,0.5825880169868469,0.6374239921569824,0.2168220430612564,0.9762111306190491,0.21855787932872772,0.21004422008991241,-0.02376588247716427,0.21178001165390015
0.26,13,0.00853812973946333,0.9999635219573975,0.008538233116269112,0.08801812678575516,0.6142700910568237,0.6845471262931824,0.23318526148796082,0.9724323153495789,0.23535196483135223,0.2246471345424652,-0.027531221508979797,0.22681373357772827
0.28,14,0.0105547234416008,0.999944269657135,0.010554919019341469,0.10083429515361786,0.640808641910553,0.728968620300293,0.2491588294506073,0.9684626460075378,0.25181159377098083,0.2386041134595871,-0.03148166090250015,0.2412566840648651
0.3,15,0.012836024165153503,0.9999176263809204,0.012836377136409283,0.11407288908958435,0.6619296669960022,0.7705132365226746,0.2647198438644409,0.9643253684043884,0.2679134011268616,0.2518838346004486,-0.035592254251241684,0.2550770342350006
0.32,16,0.01538818422704935,0.9998815655708313,0.015388791449368,0.12762072682380676,0.6773919463157654,0.80901700258255,0.27984675765037537,0.9600446820259094,0.2836344838142395,0.264458566904068,-0.039836909621953964,0.2682456970214844
0.34,17,0.0182149950414896,0.9998341202735901,0.018216000869870186,0.14136050641536713,0.6869888305664062,0.8443279266357422,0.2945193350315094,0.9556455016136169,0.29895249009132385,0.27630433440208435,-0.044188570231199265,0.2807364761829376
0.36,18,0.021317817270755768,0.9997727274894714,0.02131943218410015,0.1551714986562729,0.6905495524406433,0.8763066530227661,0.308718740940094,0.9511533975601196,0.313845694065094,0.2874009311199188,-0.04861937835812569,0.2925262451171875
0.38,19,0.02469552680850029,0.9996950030326843,0.024698037654161453,0.1689303070306778,0.6879407167434692,0.9048270583152771,0.32242754101753235,0.9465941190719604,0.3282928764820099,0.29773202538490295,-0.05310087278485298,0.30359482765197754
0.4,20,0.028344474732875824,0.9995982050895691,0.028348270803689957,0.18251164257526398,0.6790668368339539,0.9297764897346497,0.3356296420097351,0.9419940114021301,0.3422735631465912,0.3072851598262787,-0.05760418623685837,0.31392529606819153
0.42,21,0.03225845471024513,0.9994795322418213,0.03226405382156372,0.19578908383846283,0.6638716459274292,0.9510565400123596,0.3483102321624756,0.9373793005943298,0.3557678461074829,0.31605178117752075,-0.06210024282336235,0.3235037922859192
0.44,22,0.03642870858311653,0.9993362426757812,0.0364367701113224,0.2086358517408371,0.6423382759094238,0.9685831665992737,0.36045587062835693,0.9327762722969055,0.36875656247138977,0.3240271508693695,-0.06655998528003693,0.33231979608535767
0.46,23,0.04084391891956329,0.9991655349731445,0.0408552810549736,0.22092564404010773,0.6144897937774658,0.9822872281074524,0.3720543384552002,0.928210973739624,0.3812212646007538,0.3312104046344757,-0.0709545835852623,0.3403659760951996
0.48,24,0.04549024626612663,0.998964786529541,0.04550595209002495,0.23253343999385834,0.5803896188735962,0.9921147227287292,0.3830946385860443,0.9237090945243835,0.3931442201137543,0.3376044034957886,-0.07525568455457687,0.3476382791996002
0.5,25,0.050351377576589584,0.9987315535545349,0.05037267506122589,0.2433362454175949,0.5401407480239868,0.9980267286300659,0.39356696605682373,0.9192959666252136,0.404508501291275,0.34321558475494385,-0.07943561673164368,0.35413581132888794
0.52,26,0.05540856346487999,0.9984637498855591,0.05543695390224457,0.2532139718532562,0.49388617277145386,1.0,0.40346255898475647,0.9149961471557617,0.4152979552745819,0.3480539917945862,-0.08346761763095856,0.35986098647117615
0.54,27,0.06064072996377945,0.998159646987915,0.06067795678973198,0.2620501220226288,0.4418080151081085,0.9980267286300659,0.4127737283706665,0.9108335971832275,0.42549723386764526,0.35213300585746765,-0.0873260572552681,0.3648192882537842
0.56,28,0.066024549305439,0.9978179931640625,0.06607261300086975,0.26973265409469604,0.3841266334056854,0.9921147227287292,0.4214937090873718,0.9068313241004944,0.43509188294410706,0.3554691672325134,-0.09098667651414871,0.3690192699432373
0.58,29,0.07153455168008804,0.9974381327629089,0.0715957060456276,0.27615466713905334,0.32109978795051575,0.9822872281074524,0.42961665987968445,0.9030113816261292,0.44406822323799133,0.358082115650177,-0.09442675858736038,0.37247252464294434
0.6,30,0.07714328914880753,0.9970200061798096,0.07722000777721405,0.281215101480484,0.2530214488506317,0.9685831665992737,0.43713751435279846,0.899394690990448,0.45241352915763855,0.35999423265457153,-0.09762533754110336,0.3751935064792633
0.62,31,0.08282142132520676,0.9965643882751465,0.08291639387607574,0.28481948375701904,0.18022014200687408,0.9510565400123596,0.44405198097229004,0.8960010409355164,0.460115909576416,0.3612305521965027,-0.10056337714195251,0.37719953060150146
0.64,32,0.08853792399168015,0.9960728287696838,0.08865401148796082,0.28688064217567444,0.1030573919415474,0.9297764897346497,0.4503563940525055,0.8928488492965698,0.46716445684432983,0.36181846261024475,-0.10322393476963043,0.3785104751586914
0.66,33,0.09426024556159973,0.9955475926399231,0.09440039098262787,0.287319153547287,0.02192598022520542,0.9048270583152771,0.45604774355888367,0.8899553418159485,0.47354915738105774,0.36178749799728394,-0.105592280626297,0.3791487514972687
0.68,34,0.09995448589324951,0.9949920177459717,0.10012167692184448,0.28606411814689636,-0.06275233626365662,0.8763066530227661,0.4611234664916992,0.8873359560966492,0.4792608916759491,0.3611689805984497,-0.10765602439641953,0.3791392147541046
0.7000000000000001,35,0.10558557510375977,0.9944102168083191,0.10578274726867676,0.28305354714393616,-0.15052875876426697,0.8443279266357422,0.4655815362930298,0.885004997253418,0.48429158329963684,0.35999596118927,-0.10940521955490112,0.3785088360309601
0.72,36,0.11111750453710556,0.9938072562217712,0.11134744435548782,0.27823492884635925,-0.24093012511730194,0.80901700258255,0.4694202244281769,0.8829748630523682,0.48863404989242554,0.3583027422428131,-0.11083239316940308,0.3772866129875183
0.74,37,0.11651351302862167,0.9931890964508057,0.11677876114845276,0.271565705537796,-0.333461195230484,0.7705132365226746,0.4726382791996002,0.8812565207481384,0.4922821819782257,0.35612478852272034,-0.11193259060382843,0.37550342082977295
0.76,38,0.1217363253235817,0.992562472820282,0.12203902751207352,0.2630135715007782,-0.4276072680950165,0.728968620300293,0.47523465752601624,0.8798590898513794,0.49523070454597473,0.35349833965301514,-0.11270338296890259,0.3731916844844818
0.78,39,0.12674832344055176,0.9919348955154419,0.12709017097949982,0.25255683064460754,-0.5228368639945984,0.6845471262931824,0.47720855474472046,0.8787900805473328,0.4974755048751831,0.3504602313041687,-0.11314483731985092,0.3703853487968445
0.8,40,0.13151179254055023,0.9913145899772644,0.13189385831356049,0.2401847392320633,-0.618604838848114,0.6374239921569824,0.4785594642162323,0.8780551552772522,0.49901336431503296,0.3470476567745209,-0.113259457051754,0.3671194911003113
0.8200000000000001,41,0.13598914444446564,0.9907103180885315,0.13641181588172913,0.2258976399898529,-0.7143546342849731,0.5877852439880371,0.47928696870803833,0.8776582479476929,0.49984210729599,0.3432978093624115,-0.11305207014083862,0.36343029141426086
0.84,42,0.14014312624931335,0.9901312589645386,0.14060595631599426,0.20970721542835236,-0.8095216155052185,0.5358268022537231,0.4793908894062042,0.8776015043258667,0.4999605119228363,0.33924776315689087,-0.11252976953983307,0.35935455560684204
0.86,43,0.14393699169158936,0.9895868301391602,0.14443868398666382,0.19163650274276733,-0.9035356640815735,0.4817536771297455,0.47887122631073,0.8778851628303528,0.49936848878860474,0.3349342346191406,-0.11170169711112976,0.35492977499961853
0.88,44,0.1473347693681717,0.9890866875648499,0.14787308871746063,0.1717200130224228,-0.99582439661026,0.4257792830467224,0.47772809863090515,0.8785077333450317,0.49806681275367737,0.33039334416389465,-0.11057893931865692,0.35019370913505554
0.9,45,0.15030142664909363,0.9886401891708374,0.15087316930294037,0.15000370144844055,-1.0858155488967896,0.3681245446205139,0.475961834192276,0.8794659376144409,0.4960573613643646,0.32566037774086,-0.10917427390813828,0.34518417716026306
0.92,46,0.15280309319496155,0.9882566332817078,0.15340405702590942,0.12654489278793335,-1.1729402542114258,0.30901700258255005,0.47357288002967834,0.8807546496391296,0.49334296584129333,0.3207697570323944,-0.10750201344490051,0.3399389088153839
0.9400000000000001,47,0.1548072099685669,0.9879447221755981,0.1554322987794876,0.10141217708587646,-1.2566357851028442,0.24868988990783691,0.4705619513988495,0.882366955280304,0.4899275302886963,0.3157547414302826,-0.1055777370929718,0.3344952166080475
0.96,48,0.1562827229499817,0.9877123832702637,0.1569260060787201,0.07468521595001221,-1.3363479375839233,0.187381312251091,0.46692997217178345,0.8842942714691162,0.4858158528804779,0.31064724922180176,-0.10341806709766388,0.3288898468017578
0.98,49,0.15720033645629883,0.9875667095184326,0.1578550934791565,0.046454526484012604,-1.4115346670150757,0.12533323466777802,0.4626781940460205,0.8865262866020203,0.48101383447647095,0.3054778575897217,-0.10104043781757355,0.32315874099731445
1.0,50,0.15753257274627686,0.9875137805938721,0.15819151699543,0.016821175813674927,-1.4816675186157227,0.06279052048921585,0.45780816674232483,0.8890510201454163,0.4755282700061798,0.300275593996048,-0.0984627902507782,0.3173367381095886
1.02,51,0.15725401043891907,0.9875581860542297,0.15790945291519165,-0.014103535562753677,-1.5462355613708496,4.899825137234847e-15,0.45232176780700684,0.8918548226356506,0.4693669378757477,0.29506775736808777,-0.0957033708691597,0.31145748496055603
1.04,52,0.15634147822856903,0.9877030849456787,0.15698547661304474,-0.04619847983121872,-1.6047471761703491,-0.06279052048921585,0.44622138142585754,0.8949226140975952,0.46253859996795654,0.2898799180984497,-0.0927804633975029,0.3055531084537506
1.06,53,0.15477412939071655,0.9879499077796936,0.15539881587028503,-0.07933314144611359,-1.6567331552505493,-0.12533323466777802,0.43950989842414856,0.8982377648353577,0.4550529718399048,0.284735769033432,-0.08971214294433594,0.29965415596961975
1.08,54,0.15253369510173798,0.9882982969284058,0.15313145518302917,-0.11336811631917953,-1.7017488479614258,-0.187381312251091,0.43219074606895447,0.901782214641571,0.4469207227230072,0.2796570658683777,-0.08651605993509293,0.293789267539978
1.1,55,0.14960458874702454,0.988745927810669,0.15016834437847137,-0.14815565943717957,-1.7393770217895508,-0.24868988990783691,0.42426797747612,0.9055367112159729,0.43815332651138306,0.27466338872909546,-0.08320922404527664,0.2879849970340729
1.12,56,0.1459740847349167,0.9892883896827698,0.14649753272533417,-0.18354026973247528,-1.7692301273345947,-0.30901700258255005,0.41574639081954956,0.9094805717468262,0.42876332998275757,0.2697722911834717,-0.0798078253865242,0.2822657823562622
1.1400000000000001,57,0.14163251221179962,0.9899193048477173,0.14211034774780273,-0.21935932338237762,-1.7909533977508545,-0.3681245446205139,0.40663158893585205,0.9135922193527222,0.41876402497291565,0.26499906182289124,-0.07632707804441452,0.2766536772251129
1.16,58,0.13657329976558685,0.9906299710273743,0.13700146973133087,-0.25544384121894836,-1.8042261600494385,-0.4257792830467224,0.3969299793243408,0.9178488850593567,0.40816962718963623,0.26035669445991516,-0.07278107851743698,0.27116814255714417
1.18,59,0.1307932734489441,0.9914096593856812,0.13116909563541412,-0.2916191518306732,-1.8087656497955322,-0.4817536771297455,0.3866489827632904,0.9222269654273987,0.3969951868057251,0.2558557093143463,-0.06918270140886307,0.26582610607147217
1.2,60,0.12429270148277283,0.992245614528656,0.12461497634649277,-0.3277057111263275,-1.8043279647827148,-0.5358268022537231,0.37579697370529175,0.9267020225524902,0.3852566182613373,0.25150424242019653,-0.06554356962442398,0.2606416344642639
1.22,61,0.11707546561956406,0.9931229948997498,0.11734458059072495,-0.36351996660232544,-1.7907114028930664,-0.5877852439880371,0.36438336968421936,0.9312490224838257,0.3729705810546875,0.2473079115152359,-0.06187399476766586,0.25562599301338196
1.24,62,0.10914918035268784,0.9940254092216492,0.10936707258224487,-0.3988751173019409,-1.7677582502365112,-0.6374239921569824,0.35241883993148804,0.9358423948287964,0.36015450954437256,0.2432696521282196,-0.05818299949169159,0.2507874369621277
1.26,63,0.10052534937858582,0.9949344992637634,0.10069543123245239,-0.43358224630355835,-1.7353568077087402,-0.6845471262931824,0.33991512656211853,0.9404560923576355,0.3468266427516937,0.23938977718353271,-0.05447838082909584,0.24613122642040253
1.28,64,0.09121942520141602,0.9958308339118958,0.09134640544652939,-0.4674511253833771,-1.6934431791305542,-0.728968620300293,0.32688531279563904,0.9450640082359314,0.3330059349536896,0.23566587269306183,-0.050766799598932266,0.2416595220565796
1.3,65,0.08125092089176178,0.9966936707496643,0.08134058117866516,-0.5002911686897278,-1.6420032978057861,-0.7705132365226746,0.31334367394447327,0.9496397972106934,0.3187119960784912,0.23209276795387268,-0.04705388471484184,0.23737141489982605
1.32,66,0.07064343988895416,0.9975016117095947,0.07070232927799225,-0.5319126844406128,-1.5810739994049072,-0.80901700258255,0.29930591583251953,0.9541571736335754,0.30396515130996704,0.22866249084472656,-0.04334443062543869,0.2332628220319748
1.34,67,0.0594247505068779,0.9982327818870544,0.05945977941155434,-0.5621275305747986,-1.5107444524765015,-0.8443279266357422,0.2847890555858612,0.9585902094841003,0.2887863516807556,0.2253642976284027,-0.0396425724029541,0.22932657599449158
1.36,68,0.047626741230487823,0.9988651871681213,0.04764476791024208,-0.5907506942749023,-1.431157112121582,-0.8763066530227661,0.2698114216327667,0.9629132151603699,0.2731971740722656,0.2221846729516983,-0.035952016711235046,0.22555240988731384
1.3800000000000001,69,0.03528542444109917,0.9993772506713867,0.03529274836182594,-0.6176008582115173,-1.3425078392028809,-0.9048270583152771,0.2543927729129791,0.967100977897644,0.25721976161003113,0.21910734474658966,-0.03227628767490387,0.22192701697349548
1.4000000000000001,70,0.022440830245614052,0.999748170375824,0.022442713379859924,-0.6425017714500427,-1.2450464963912964,-0.9297764897346497,0.2385542392730713,0.9711291790008545,0.24087683856487274,0.2161134034395218,-0.02861899696290493,0.21843412518501282
1.42,71,0.009136920794844627,0.9999582767486572,0.009137047454714775,-0.6652833223342896,-1.1390759944915771,-0.9510565400123596,0.22231827676296234,0.9749741554260254,0.2241916060447693,0.21318134665489197,-0.02498411200940609,0.21505455672740936
1.44,72,-0.004578582942485809,0.9999895095825195,-0.004578599240630865,-0.6857823133468628,-1.0249521732330322,-0.9685831665992737,0.20570865273475647,0.9786132574081421,0.20718778669834137,0.21028722822666168,-0.021376239135861397,0.21176639199256897
1.46,73,-0.018654396757483482,0.9998260140419006,-0.018655478954315186,-0.7038440108299255,-0.9030821919441223,-0.9822872281074524,0.18875043094158173,0.9820250868797302,0.1898895502090454,0.20740482211112976,-0.01780090294778347,0.2085450291633606
1.48,74,-0.03303591534495354,0.999454140663147,-0.033041927963495255,-0.7193224430084229,-0.7739229202270508,-0.9921147227287292,0.17146988213062286,0.9851893782615662,0.17232146859169006,0.2045058012008667,-0.014264804311096668,0.20536339282989502
1.5,75,-0.04766549915075302,0.9988633394241333,-0.04768356680870056,-0.7320820093154907,-0.6379782557487488,-0.9980267286300659,0.15389446914196014,0.9880872964859009,0.15450850129127502,0.20155997574329376,-0.010776064358651638,0.20219206809997559
1.52,76,-0.062482800334692,0.9980460405349731,-0.06252352893352509,-0.7419979572296143,-0.495797336101532,-1.0,0.1360526978969574,0.9907016158103943,0.13647596538066864,0.1985355019569397,-0.007344440091401339,0.19899949431419373
1.54,77,-0.07742510735988617,0.9969981908798218,-0.07750267535448074,-0.7489573955535889,-0.347970575094223,-0.9980267286300659,0.11797410994768143,0.9930166602134705,0.11824949830770493,0.1953992247581482,-0.003981499932706356,0.19575217366218567
1.56,78,-0.09242776036262512,0.9957193732261658,-0.09255987405776978,-0.752859890460968,-0.19512653350830078,-0.9921147227287292,0.09968913346529007,0.9950186610221863,0.09985499083995819,0.1921169012784958,-0.0007007608073763549,0.19241486489772797
1.58,79,-0.1074245497584343,0.9942132234573364,-0.10763224214315414,-0.7536184787750244,-0.03792786970734596,-0.9822872281074524,0.08122898638248444,0.9966954588890076,0.08131857961416245,0.18865354359149933,0.002482225652784109,0.1889508217573166
1.6,80,-0.1223481222987175,0.9924872517585754,-0.12265543639659882,-0.7511597871780396,0.122932568192482,-0.9685831665992737,0.06262560933828354,0.9980370998382568,0.06266661733388901,0.18497373163700104,0.005549842491745949,0.18532206118106842
1.62,81,-0.137130469083786,0.9905530214309692,-0.13756394386291504,-0.7454250454902649,0.28673654794692993,-0.9510565400123596,0.04391147568821907,0.9990354180335999,0.04392559826374054,0.18104195594787598,0.008482432924211025,0.18148954212665558
1.6400000000000001,82,-0.1517033576965332,0.9884260892868042,-0.15229134261608124,-0.7363702058792114,0.4527447521686554,-0.9297764897346497,0.025119516998529434,0.9996844530105591,0.025122158229351044,0.17682287096977234,0.011258386075496674,0.17741350829601288
1.6600000000000001,83,-0.1659986823797226,0.9861259460449219,-0.16677066683769226,-0.7239661812782288,0.6202013492584229,-0.9048270583152771,0.006282978691160679,0.9999802708625793,0.006283020135015249,0.1722816675901413,0.01385428849607706,0.17305368185043335
1.68,84,-0.17994904518127441,0.9836759567260742,-0.18093465268611908,-0.7081993818283081,0.7883387804031372,-0.8763066530227661,-0.01256471686065197,0.9999210834503174,-0.012565047480165958,0.1673843264579773,0.016245128586888313,0.1683696061372757
1.7,85,-0.1934880018234253,0.9811026453971863,-0.19471608102321625,-0.6890717148780823,0.9563822150230408,-0.8443279266357422,-0.031390100717544556,0.9995071887969971,-0.031395260244607925,0.16209788620471954,0.018404565751552582,0.16332082450389862
1.72,86,-0.2065504938364029,0.9784359335899353,-0.20804810523986816,-0.6666006445884705,1.1235538721084595,-0.80901700258255,-0.05015980079770088,0.9987412095069885,-0.05018085613846779,0.15639068186283112,0.02030526101589203,0.15786723792552948
1.74,87,-0.21907319128513336,0.9757084250450134,-0.22086448967456818,-0.6408191323280334,1.2890770435333252,-0.7705132365226746,-0.06884065270423889,0.9976276755332947,-0.06889514625072479,0.15023253858089447,0.021919239312410355,0.15196934342384338
1.76,88,-0.23099477589130402,0.9729549884796143,-0.23309999704360962,-0.6117755174636841,1.45218026638031,-0.728968620300293,-0.08739987760782242,0.9961733222007751,-0.08751153200864792,0.1435949057340622,0.023218320682644844,0.1455884575843811
1.78,89,-0.24225620925426483,0.9702122807502747,-0.2446906566619873,-0.5795335173606873,1.6121004819869995,-0.6845471262931824,-0.10580514371395111,0.9943869113922119,-0.10600355267524719,0.13645106554031372,0.02417457289993763,0.1386871039867401
1.8,90,-0.25280091166496277,0.9675183296203613,-0.255574107170105,-0.5441717505455017,1.7680861949920654,-0.6374239921569824,-0.12402476370334625,0.9922791123390198,-0.12434494495391846,0.12877613306045532,0.02476080134510994,0.13122916221618652
1.82,91,-0.2625749111175537,0.9649116396903992,-0.26568976044654846,-0.5057837963104248,1.9194002151489258,-0.5877852439880371,-0.14202775061130524,0.9898626804351807,-0.14250962436199188,0.12054715305566788,0.024951063096523285,0.12318014353513718
1.84,92,-0.2715270221233368,0.9624308347702026,-0.2749793231487274,-0.4644773304462433,2.065322160720825,-0.5358268022537231,-0.1597839742898941,0.9871519804000854,-0.1604718118906021,0.11174307018518448,0.024721194058656693,0.1145075187087059
1.86,93,-0.27960896492004395,0.9601139426231384,-0.28338679671287537,-0.42037433385849,2.2051503658294678,-0.4817536771297455,-0.17726421356201172,0.9841632843017578,-0.1782059371471405,0.10234475880861282,0.024049334228038788,0.10518086701631546
1.8800000000000001,94,-0.28677526116371155,0.9579978585243225,-0.29085901379585266,-0.373610258102417,2.3382034301757812,-0.4257792830467224,-0.1944403052330017,0.9809143543243408,-0.19568683207035065,0.09233495593070984,0.022916467860341072,0.09517218172550201
1.9000000000000001,95,-0.29298341274261475,0.9561175107955933,-0.29734569787979126,-0.3243338167667389,2.4638214111328125,-0.3681245446205139,-0.21128518879413605,0.9774244427680969,-0.2128896415233612,0.0816982164978981,0.021306931972503662,0.08445604145526886
1.92,96,-0.2981938123703003,0.9545053243637085,-0.3027998208999634,-0.2727064788341522,2.581367015838623,-0.30901700258255005,-0.22777298092842102,0.973714292049408,-0.22978992760181427,0.07042083144187927,0.019208921119570732,0.07300988584756851
1.94,97,-0.3023698031902313,0.9531906843185425,-0.307177871465683,-0.21890194714069366,2.6902267932891846,-0.24868988990783691,-0.2438790500164032,0.9698056578636169,-0.24636366963386536,0.05849075689911842,0.01661496050655842,0.06081418693065643
1.96,98,-0.3054776191711426,0.9521992802619934,-0.31043997406959534,-0.16310572624206543,2.789811611175537,-0.187381312251091,-0.2595800459384918,0.965721607208252,-0.262587308883667,0.04589756205677986,0.013522335328161716,0.04785265773534775
1.98,99,-0.307486355304718,0.9515525102615356,-0.31255027651786804,-0.10551457107067108,2.8795573711395264,-0.12533323466777802,-0.2748539447784424,0.9614859819412231,-0.2784378230571747,0.032632384449243546,0.009933492168784142,0.03411245718598366
2.0,100,-0.3083680272102356,0.9512671232223511,-0.3134769797325134,-0.04633605107665062,2.958926200866699,-0.06279052048921585,-0.2896801233291626,0.9571235179901123,-0.29389262199401855,0.0186879001557827,0.005856382194906473,0.019584359601140022
2.02,101,-0.30809763073921204,0.9513547420501709,-0.313192754983902,0.014212094247341156,3.027407169342041,-1.469576117223083e-15,-0.30403926968574524,0.9526594877243042,-0.30892980098724365,0.004058351740241051,0.001304752309806645,0.0042629363015294075
2.04,102,-0.30665308237075806,0.9518213272094727,-0.31167468428611755,0.07590244710445404,3.08451771736145,0.06279052048921585,-0.3179134726524353,0.9481196999549866,-0.323527991771698,-0.01126040518283844,-0.003701626555994153,-0.011853286996483803
2.06,103,-0.3040153980255127,0.9526671171188354,-0.3089047372341156,0.13849854469299316,3.129804849624634,0.12533323466777802,-0.3312861919403076,0.9435303211212158,-0.337666392326355,-0.027270792052149773,-0.009136800654232502,-0.02876168116927147
2.08,104,-0.30016881227493286,0.953886091709137,-0.3048696219921112,0.20175549387931824,3.1628472805023193,0.187381312251091,-0.3441421687602997,0.9389175772666931,-0.35132497549057007,-0.04397335648536682,-0.014968544244766235,-0.046455372124910355
2.1,105,-0.29510098695755005,0.955466091632843,-0.29956120252609253,0.2654206454753876,3.183258056640625,0.24868988990783691,-0.3564675450325012,0.9343076944351196,-0.3644843101501465,-0.06136655434966087,-0.021158359944820404,-0.06492311507463455
2.12,106,-0.28880318999290466,0.9573885202407837,-0.2929764986038208,0.32923439145088196,3.1906864643096924,0.30901700258255005,-0.36824968457221985,0.9297269582748413,-0.37712568044662476,-0.07944649457931519,-0.027661552652716637,-0.08414917439222336
2.14,107,-0.2812705934047699,0.9596285223960876,-0.28511789441108704,0.3929308354854584,3.1848220825195312,0.3681245446205139,-0.3794771730899811,0.9252011179924011,-0.3892311453819275,-0.09820659458637238,-0.03442740440368652,-0.10411325097084045
2.16,108,-0.272502601146698,0.9621550440788269,-0.27599310874938965,0.4562387764453888,3.1653971672058105,0.4257792830467224,-0.3901398777961731,0.9207556247711182,-0.4007834792137146,-0.1176372617483139,-0.04139943793416023,-0.12479037046432495
2.18,109,-0.2625032067298889,0.9649311304092407,-0.26561546325683594,0.5188826322555542,3.132192373275757,0.4817536771297455,-0.4002286195755005,0.9164153337478638,-0.41176629066467285,-0.13772541284561157,-0.048515792936086655,-0.14615082740783691
2.2,110,-0.2512812912464142,0.9679141044616699,-0.2540037930011749,0.580583393573761,3.0850391387939453,0.5358268022537231,-0.40973538160324097,0.9122044444084167,-0.4221639633178711,-0.15845409035682678,-0.055709678679704666,-0.16816015541553497
2.22,111,-0.2388511598110199,0.9710561633110046,-0.2411825954914093,0.641059935092926,3.0238256454467773,0.5877852439880371,-0.41865313053131104,0.9081462025642395,-0.43196171522140503,-0.17980195581912994,-0.06290996819734573,-0.19077910482883453
2.24,112,-0.22523283958435059,0.9743049740791321,-0.22718200087547302,0.7000299096107483,2.948500871658325,0.6374239921569824,-0.42697566747665405,0.9042630791664124,-0.4411455988883972,-0.20174284279346466,-0.07004185765981674,-0.2139636129140854
2.2600000000000002,113,-0.21045246720314026,0.97760409116745,-0.21203777194023132,0.7572115063667297,2.8590798377990723,0.6845471262931824,-0.4346977472305298,0.9005764126777649,-0.4497026205062866,-0.22424528002738953,-0.07702767848968506,-0.2376648485660553
2.2800000000000002,114,-0.1945427656173706,0.9808940291404724,-0.19579128921031952,0.8123244643211365,2.7556467056274414,0.728968620300293,-0.4418147802352905,0.8971062898635864,-0.4576205909252167,-0.24727201461791992,-0.08378773927688599,-0.26182931661605835
2.3000000000000003,115,-0.17754322290420532,0.9841129779815674,-0.17848944664001465,0.8650916814804077,2.6383614540100098,0.7705132365226746,-0.44832292199134827,0.8938716650009155,-0.46488824486732483,-0.27077966928482056,-0.09024132788181305,-0.2863987982273102
2.32,116,-0.15950047969818115,0.9871978759765625,-0.16018463671207428,0.9152409434318542,2.5074615478515625,0.80901700258255,-0.45421892404556274,0.8908901214599609,-0.47149527072906494,-0.2947184443473816,-0.09630774706602097,-0.31131064891815186
2.34,117,-0.14046841859817505,0.9900851845741272,-0.1409345120191574,0.9625062346458435,2.3632655143737793,0.8443279266357422,-0.45950010418891907,0.8881776928901672,-0.4774322807788849,-0.319031685590744,-0.10190743952989578,-0.3364977538585663
2.36,118,-0.12050831317901611,0.9927123188972473,-0.1208019107580185,1.0066297054290771,2.206176519393921,0.8763066530227661,-0.46416425704956055,0.8857491612434387,-0.48269081115722656,-0.34365594387054443,-0.10696317255496979,-0.36188891530036926
2.38,119,-0.09968878328800201,0.9950186610221863,-0.09985464811325073,1.0473634004592896,2.03668212890625,0.9048270583152771,-0.46820956468582153,0.8836174607276917,-0.48726344108581543,-0.3685207962989807,-0.11140121519565582,-0.3874087929725647
2.4,120,-0.07808566093444824,0.9969466328620911,-0.07816523313522339,1.084470510482788,1.8553552627563477,0.9297764897346497,-0.4716346263885498,0.8817940354347229,-0.4911436140537262,-0.39354896545410156,-0.11515258997678757,-0.4129783809185028
2.42,121,-0.055781714618206024,0.9984430074691772,-0.055810682475566864,1.117727518081665,1.6628533601760864,0.9510565400123596,-0.474438339471817,0.8802887201309204,-0.4943258762359619,-0.4186566174030304,-0.11815424263477325,-0.43851518630981445
2.44,122,-0.03286624699831009,0.9994597434997559,-0.032872166484594345,1.146925926208496,1.4599153995513916,0.9685831665992737,-0.47661980986595154,0.8791095614433289,-0.49680566787719727,-0.44375354051589966,-0.12035022675991058,-0.4639334976673126
2.46,123,-0.009434564039111137,0.9999554753303528,-0.00943470373749733,1.1718730926513672,1.247358798980713,0.9822872281074524,-0.4781784117221832,0.8782626986503601,-0.4985794425010681,-0.46874383091926575,-0.12169276922941208,-0.4891447424888611
2.48,124,0.014412688091397285,0.9998961091041565,0.014413186348974705,1.192394495010376,1.0260741710662842,0.9921147227287292,-0.47911372780799866,0.8777528405189514,-0.4996447265148163,-0.493526428937912,-0.12214330583810806,-0.5140579342842102
2.5,125,0.03857031464576721,0.999255895614624,0.03857988491654396,1.2083349227905273,0.7970185279846191,0.9980267286300659,-0.4794255495071411,0.8775825500488281,-0.5,-0.5179958343505859,-0.12167332321405411,-0.5385798811912537
2.52,126,0.06292945891618729,0.9980179667472839,0.06297106295824051,1.2195590734481812,0.5612084865570068,1.0,-0.47911372780799866,0.8777528405189514,-0.4996447265148163,-0.5420432090759277,-0.12026514858007431,-0.5626158118247986
2.54,127,0.08737856149673462,0.9961751699447632,0.08749013394117355,1.2259533405303955,0.31971079111099243,0.9980267286300659,-0.4781784117221832,0.8782626986503601,-0.4985794425010681,-0.5655569434165955,-0.11791245639324188,-0.5860695838928223
2.56,128,0.11180440336465836,0.9937302470207214,0.11203864961862564,1.2274259328842163,0.07363338768482208,0.9921147227287292,-0.47661980986595154,0.8791095614433289,-0.49680566787719727,-0.5884242057800293,-0.11462070047855377,-0.6088442802429199
2.58,129,0.1360931694507599,0.9906960129737854,0.13651682436466217,1.2239083051681519,-0.17588524520397186,0.9822872281074524,-0.474438339471817,0.8802887201309204,-0.4943258762359619,-0.6105315089225769,-0.11040730029344559,-0.6308426856994629
2.6,130,0.1601315438747406,0.9870957136154175,0.16082391142845154,1.215354561805725,-0.42768627405166626,0.9685831665992737,-0.4716346263885498,0.8817940354347229,-0.4911436140537262,-0.6317662000656128,-0.1053016260266304,-0.6519675254821777
2.62,131,0.18380770087242126,0.9829622507095337,0.1848587542772293,1.2017425298690796,-0.6806015372276306,0.9510565400123596,-0.46820956468582153,0.8836174607276917,-0.48726344108581543,-0.6520172953605652,-0.09934476763010025,-0.6721221804618835
2.64,132,0.20701240003108978,0.9783383011817932,0.20852021872997284,1.1830731630325317,-0.9334641695022583,0.9297764897346497,-0.46416425704956055,0.8857491612434387,-0.48269081115722656,-0.6711766719818115,-0.09258916974067688,-0.6912110447883606
2.66,133,0.22963985800743103,0.9732756614685059,0.2317076325416565,1.1593708992004395,-1.185118317604065,0.9048270583152771,-0.45950010418891907,0.8881776928901672,-0.4774322807788849,-0.6891399621963501,-0.08509795367717743,-0.709139883518219
2.68,134,0.2515885829925537,0.9678342938423157,0.25432127714157104,1.1306822299957275,-1.4344289302825928,0.8763066530227661,-0.45421892404556274,0.8908901214599609,-0.47149527072906494,-0.7058075070381165,-0.07694417238235474,-0.725816547870636
2.7,135,0.27276208996772766,0.9620814919471741,0.2762628197669983,1.097076416015625,-1.6802902221679688,0.8443279266357422,-0.44832292199134827,0.8938716650009155,-0.46488824486732483,-0.7210850119590759,-0.06820984184741974,-0.7411510348320007
2.72,136,0.293069452047348,0.9560911655426025,0.2974357008934021,1.0586438179016113,-1.9216328859329224,0.80901700258255,-0.4418147802352905,0.8971062898635864,-0.4576205909252167,-0.7348842024803162,-0.05898485705256462,-0.7550562620162964
2.74,137,0.31242579221725464,0.9499421715736389,0.3177455961704254,1.0154951810836792,-2.157430410385132,0.7705132365226746,-0.4346977472305298,0.9005764126777649,-0.4497026205062866,-0.7471235394477844,-0.049365755170583725,-0.7674482464790344
2.7600000000000002,138,0.3307524621486664,0.9437175393104553,0.3371008038520813,0.9677611589431763,-2.3867032527923584,0.728968620300293,-0.42697566747665405,0.9042630791664124,-0.4411455988883972,-0.7577281594276428,-0.03945443406701088,-0.7782464027404785
2.7800000000000002,139,0.34797725081443787,0.9375029802322388,0.35541263222694397,0.9155907034873962,-2.608522653579712,0.6845471262931824,-0.41865313053131104,0.9081462025642395,-0.43196171522140503,-0.7666303515434265,-0.029356760904192924,-0.7873743176460266
2.8000000000000003,140,0.3640342056751251,0.9313855767250061,0.3725956380367279,0.8591504693031311,-2.822012186050415,0.6374239921569824,-0.40973538160324097,0.9122044444084167,-0.4221639633178711,-0.7737695574760437,-0.019181158393621445,-0.7947596311569214
2.82,141,0.378863662481308,0.925452470779419,0.38856810331344604,0.7986235022544861,-3.0263476371765137,0.5877852439880371,-0.4002286195755005,0.9164153337478638,-0.41176629066467285,-0.7790922522544861,-0.009037169627845287,-0.8003343939781189
2.84,142,0.39241182804107666,0.9197896122932434,0.4032522737979889,0.734208345413208,-3.220756769180298,0.5358268022537231,-0.3901398777961731,0.9207556247711182,-0.4007834792137146,-0.7825517058372498,0.0009659762727096677,-0.8040357828140259
2.86,143,0.4046303927898407,0.9144803285598755,0.416574627161026,0.6661180257797241,-3.4045166969299316,0.4817536771297455,-0.3794771730899811,0.9252011179924011,-0.3892311453819275,-0.7841075658798218,0.010720785707235336,-0.8058058023452759
2.88,144,0.41547614336013794,0.9096040725708008,0.42846623063087463,0.5945789813995361,-3.576950788497925,0.4257792830467224,-0.36824968457221985,0.9297269582748413,-0.37712568044662476,-0.7837257981300354,0.020122868940234184,-0.805591881275177
2.9,145,0.4249103367328644,0.9052354693412781,0.4388628304004669,0.5198304653167725,-3.7374255657196045,0.3681245446205139,-0.3564675450325012,0.9343076944351196,-0.3644843101501465,-0.7813778519630432,0.029072266072034836,-0.8033471703529358
2.92,146,0.4328981339931488,0.90144282579422,0.44770529866218567,0.4421235918998718,-3.885344982147217,0.30901700258255005,-0.3441421687602997,0.9389175772666931,-0.35132497549057007,-0.7770403027534485,0.03747470676898956,-0.7990303039550781
2.94,147,0.43940815329551697,0.8982875347137451,0.45493972301483154,0.36172065138816833,-4.02014684677124,0.24868988990783691,-0.3312861919403076,0.9435303211212158,-0.337666392326355,-0.7706943154335022,0.0452428013086319,-0.7926061153411865
2.96,148,0.44441184401512146,0.8958225846290588,0.46051761507987976,0.27889466285705566,-4.141298770904541,0.187381312251091,-0.3179134726524353,0.9481196999549866,-0.323527991771698,-0.7623253464698792,0.052297141402959824,-0.7840455770492554
2.98,149,0.4478830099105835,0.8940921425819397,0.4643961787223816,0.19392883777618408,-4.248291969299316,0.12533323466777802,-0.30403926968574524,0.9526594877243042,-0.30892980098724365,-0.7519223093986511,0.05856732651591301,-0.7733259797096252
3.0,150,0.4497974216938019,0.8931306004524231,0.46653851866722107,0.10711607336997986,-4.340638160705566,0.06279052048921585,-0.2896801233291626,0.9571235179901123,-0.29389262199401855,-0.7394775748252869,0.06399290263652802,-0.7604311108589172
3.02,151,0.45013245940208435,0.8929618000984192,0.4669136703014374,0.018758706748485565,-4.417868614196777,-1.9606729027886807e-15,-0.2748539447784424,0.9614859819412231,-0.2784378230571747,-0.7249864339828491,0.06852419674396515,-0.7453514933586121
3.04,152,0.4488670229911804,0.8935985565185547,0.46549704670906067,-0.07083185017108917,-4.479527950286865,-0.06279052048921585,-0.2595800459384918,0.965721607208252,-0.262587308883667,-0.7084470391273499,0.07212302833795547,-0.72808438539505
3.06,153,0.44598129391670227,0.8950423002243042,0.4622703194618225,-0.16133539378643036,-4.525177001953125,-0.12533323466777802,-0.2438790500164032,0.9698056578636169,-0.24636366963386536,-0.6898603439331055,0.07476337999105453,-0.7086340188980103
3.08,154,0.44145703315734863,0.8972823619842529,0.4572218656539917,-0.2524232268333435,-4.554390907287598,-0.187381312251091,-0.22777298092842102,0.973714292049408,-0.22978992760181427,-0.669230043888092,0.07643187791109085,-0.6870117783546448
3.1,155,0.43527770042419434,0.9002962708473206,0.4503467082977295,-0.3437584638595581,-4.566762447357178,-0.24868988990783691,-0.21128518879413605,0.9774244427680969,-0.2128896415233612,-0.6465628743171692,0.07712820917367935,-0.6632363200187683
3.12,156,0.42742881178855896,0.9040490388870239,0.4416467547416687,-0.43499651551246643,-4.561903476715088,-0.30901700258255005,-0.1944403052330017,0.9809143543243408,-0.19568683207035065,-0.6218690872192383,0.07686533778905869,-0.6373336315155029
3.14,157,0.41789862513542175,0.9084936380386353,0.4311310648918152,-0.5257855653762817,-4.5394511222839355,-0.3681245446205139,-0.17726421356201172,0.9841632843017578,-0.1782059371471405,-0.5951628684997559,0.07566963881254196,-0.6093369722366333
3.16,158,0.40667882561683655,0.9135711789131165,0.4188157021999359,-0.6157670617103577,-4.499075412750244,-0.4257792830467224,-0.1597839742898941,0.9871519804000854,-0.1604718118906021,-0.5664627552032471,0.073580801486969,-0.5792875289916992
3.18,159,0.39376524090766907,0.9192110300064087,0.4047241806983948,-0.7045767307281494,-4.440484523773193,-0.4817536771297455,-0.14202775061130524,0.9898626804351807,-0.14250962436199188,-0.5357930064201355,0.07065163552761078,-0.5472338199615479
3.2,160,0.37915900349617004,0.9253315329551697,0.38888728618621826,-0.791845440864563,-4.363434791564941,-0.5358268022537231,-0.12402476370334625,0.9922791123390198,-0.12434494495391846,-0.5031837821006775,0.0669475868344307,-0.5132322311401367
3.22,161,0.36286747455596924,0.9318407773971558,0.3713432550430298,-0.8772003054618835,-4.26774263381958,-0.5877852439880371,-0.10580514371395111,0.9943869113922119,-0.10600355267524719,-0.46867260336875916,0.06254612654447556,-0.477346807718277
3.24,162,0.3449053466320038,0.9386374950408936,0.352137953042984,-0.9602661728858948,-4.153294086456299,-0.6374239921569824,-0.08739987760782242,0.9961733222007751,-0.08751153200864792,-0.4323052167892456,0.05753583833575249,-0.43964946269989014
3.2600000000000002,163,0.3252958655357361,0.9456123113632202,0.33132460713386536,-1.0406672954559326,-4.020055294036865,-0.6845471262931824,-0.06884065270423889,0.9976276755332947,-0.06889514625072479,-0.394136518239975,0.05201537907123566,-0.40021973848342896
3.2800000000000002,164,0.3040718734264374,0.9526491165161133,0.3089640140533447,-1.118028998374939,-3.8680877685546875,-0.728968620300293,-0.05015980079770088,0.9987412095069885,-0.05018085613846779,-0.35423165559768677,0.046092111617326736,-0.3591448664665222
3.3000000000000003,165,0.2812768518924713,0.9596266746520996,0.28512442111968994,-1.1919801235198975,-3.697556734085083,-0.7705132365226746,-0.031390100717544556,0.9995071887969971,-0.031395260244607925,-0.31266695261001587,0.03988054394721985,-0.31651967763900757
3.3200000000000003,166,0.25696584582328796,0.9664204716682434,0.25988131761550903,-1.2621550559997559,-3.5087437629699707,-0.80901700258255,-0.01256471686065197,0.9999210834503174,-0.012565047480165958,-0.2695305645465851,0.03350057825446129,-0.2724463641643524
3.34,167,0.23120629787445068,0.9729047417640686,0.23331739008426666,-1.3281961679458618,-3.3020551204681396,-0.8443279266357422,0.006282978691160679,0.9999802708625793,0.006283020135015249,-0.22492331266403198,0.0270755123347044,-0.22703437507152557
3.36,168,0.20407845079898834,0.978954553604126,0.20552225410938263,-1.3897567987442017,-3.078030586242676,-0.8763066530227661,0.025119516998529434,0.9996844530105591,0.025122158229351044,-0.1789589375257492,0.020729918032884598,-0.180400088429451
3.38,169,0.17567577958106995,0.9844480752944946,0.1765921711921692,-1.446503758430481,-2.837348699569702,-0.9048270583152771,0.04391147568821907,0.9990354180335999,0.04392559826374054,-0.13176430761814117,0.014587346464395523,-0.13266657292842865
3.4,170,0.14610490202903748,0.9892690777778625,0.14662976562976837,-1.4981203079223633,-2.5808305740356445,-0.9297764897346497,0.06262560933828354,0.9980370998382568,0.06266661733388901,-0.08347929269075394,0.008767987601459026,-0.08396315574645996
3.42,171,0.11548533290624619,0.9933091998100281,0.11574358493089676,-1.544309139251709,-2.3094396591186523,-0.9510565400123596,0.08122898638248444,0.9966954588890076,0.08131857961416245,-0.03425634279847145,0.003386280033737421,-0.034425005316734314
3.44,172,0.0839487761259079,0.9964700937271118,0.08404769003391266,-1.5847947597503662,-2.0242788791656494,-0.9685831665992737,0.09968913346529007,0.9950186610221863,0.09985499083995819,0.015740355476737022,-0.0014514398062601686,0.015807297080755234
3.46,173,0.05163818597793579,0.9986658692359924,0.051661163568496704,-1.6193264722824097,-1.726585030555725,-0.9822872281074524,0.11797410994768143,0.9930166602134705,0.11824949830770493,0.06633592396974564,-0.0056491876021027565,0.06658833473920822
3.48,174,0.01870645582675934,0.9998250007629395,0.018707547336816788,-1.6476807594299316,-1.4177190065383911,-0.9921147227287292,0.1360526978969574,0.9907016158103943,0.13647596538066864,0.11734624952077866,-0.009123417548835278,0.11776842176914215
3.5,175,-0.01468520238995552,0.9998921751976013,-0.014685730449855328,-1.669663906097412,-1.0991530418395996,-0.9980267286300659,0.15389446914196014,0.9880872964859009,0.15450850129127502,0.16857966780662537,-0.01180487684905529,0.16919422149658203
3.52,176,-0.04836910963058472,0.9988295435905457,-0.04838798940181732,-1.6851129531860352,-0.7724549770355225,-1.0,0.17146988213062286,0.9851893782615662,0.17232146859169006,0.21983899176120758,-0.013640168122947216,0.22070945799350739
3.54,177,-0.08217319846153259,0.9966180920600891,-0.0822659581899643,-1.693898320198059,-0.43927010893821716,-0.9980267286300659,0.18875043094158173,0.9820250868797302,0.1898895502090454,0.2709236145019531,-0.014592975378036499,0.2721554934978485
3.56,178,-0.11592322587966919,0.9932581782341003,-0.11618444323539734,-1.6959244012832642,-0.10130074620246887,-0.9921147227287292,0.20570865273475647,0.9786132574081421,0.20718778669834137,0.32163187861442566,-0.014644896611571312,0.3233722448348999
3.58,179,-0.14944510161876678,0.9887700080871582,-0.15000703930854797,-1.6911300420761108,0.23971585929393768,-0.9822872281074524,0.22231827676296234,0.9749741554260254,0.2241916060447693,0.3717633783817291,-0.013795878738164902,0.37419864535331726
3.6,180,-0.18256713449954987,0.9831933975219727,-0.18359683454036713,-1.6794894933700562,0.5820297598838806,-0.9685831665992737,0.2385542392730713,0.9711291790008545,0.24087683856487274,0.42112135887145996,-0.012064214795827866,0.42447367310523987
3.62,181,-0.2151222974061966,0.9765871167182922,-0.21681706607341766,-1.6610114574432373,0.9239014983177185,-0.9510565400123596,0.2543927729129791,0.967100977897644,0.25721976161003113,0.4695150852203369,-0.009486129507422447,0.47403684258461
3.64,182,-0.24695032835006714,0.969028115272522,-0.2495318502187729,-1.6357389688491821,1.263623833656311,-0.9297764897346497,0.2698114216327667,0.9629132151603699,0.2731971740722656,0.5167617201805115,-0.00611495366320014,0.5227290391921997
3.66,183,-0.27789953351020813,0.9606101512908936,-0.2816067934036255,-1.603748083114624,1.5995426177978516,-0.9048270583152771,0.2847890555858612,0.9585902094841003,0.2887863516807556,0.5626885890960693,-0.0020199327263981104,0.5703931450843811
3.68,184,-0.3078283965587616,0.9514418840408325,-0.3129097521305084,-1.565146565437317,1.9300750494003296,-0.8763066530227661,0.29930591583251953,0.9541571736335754,0.30396515130996704,0.6071342825889587,0.00271530169993639,0.6168748736381531
3.7,185,-0.33660688996315,0.9416452646255493,-0.3433111906051636,-1.520072102546692,2.25372576713562,-0.8443279266357422,0.31334367394447327,0.9496397972106934,0.3187119960784912,0.6499505639076233,0.007994530722498894,0.6620231866836548
3.72,186,-0.36411741375923157,0.9313530325889587,-0.3726849853992462,-1.468690037727356,2.5691001415252686,-0.80901700258255,0.32688531279563904,0.9450640082359314,0.3330059349536896,0.6910027265548706,0.01371096447110176,0.7056909203529358
3.74,187,-0.39025527238845825,0.9207066893577576,-0.40090882778167725,-1.4111918210983276,2.874912977218628,-0.7705132365226746,0.33991512656211853,0.9404560923576355,0.3468266427516937,0.7301703691482544,0.019749412313103676,0.7477355003356934
3.7600000000000002,188,-0.4149289131164551,0.9098538160324097,-0.427864670753479,-1.3477919101715088,3.169995069503784,-0.728968620300293,0.35241883993148804,0.9358423948287964,0.36015450954437256,0.7673477530479431,0.025988543406128883,0.7880191802978516
3.7800000000000002,189,-0.4380597472190857,0.8989458680152893,-0.4534391760826111,-1.2787259817123413,3.4532949924468994,-0.6845471262931824,0.36438336968421936,0.9312490224838257,0.3729705810546875,0.8024431467056274,0.03230317309498787,0.8264097571372986
3.8000000000000003,190,-0.4595817029476166,0.8881354928016663,-0.47752416133880615,-1.2042484283447266,3.7238783836364746,-0.6374239921569824,0.37579697370529175,0.9267020225524902,0.3852566182613373,0.8353786468505859,0.038566526025533676,0.862780749797821
3.8200000000000003,191,-0.47944024205207825,0.8775745034217834,-0.5000167489051819,-1.1246299743652344,3.980923652648926,-0.5877852439880371,0.3866489827632904,0.9222269654273987,0.3969951868057251,0.8660892248153687,0.04465242475271225,0.897011935710907
3.84,192,-0.49759146571159363,0.8674114942550659,-0.5208198428153992,-1.0401557683944702,4.223713397979736,-0.5358268022537231,0.3969299793243408,0.9178488850593567,0.40816962718963623,0.8945214748382568,0.05043737590312958,0.9289894700050354
3.86,193,-0.5140007734298706,0.8577897548675537,-0.5398423075675964,-0.9511231780052185,4.451626300811768,-0.4817536771297455,0.40663158893585205,0.9135922193527222,0.41876402497291565,0.9206323027610779,0.055802490562200546,0.9586063623428345
3.88,194,-0.5286413431167603,0.8488453030586243,-0.556999146938324,-0.8578407168388367,4.664124011993408,-0.4257792830467224,0.41574639081954956,0.9094805717468262,0.42876332998275757,0.9443877339363098,0.0606352761387825,0.9857624769210815
3.9,195,-0.5414927005767822,0.8407054543495178,-0.5722116827964783,-0.760625958442688,4.860738754272461,-0.3681245446205139,0.42426797747612,0.9055367112159729,0.43815332651138306,0.9657607078552246,0.06483124941587448,1.0103650093078613
3.92,196,-0.5525392889976501,0.8334868550300598,-0.5854077339172363,-0.6598047614097595,5.04105806350708,-0.30901700258255005,0.43219074606895447,0.901782214641571,0.4469207227230072,0.9847300052642822,0.06829535961151123,1.032328486442566
3.94,197,-0.5617685317993164,0.8272944688796997,-0.5965219736099243,-0.5557105541229248,5.204710960388184,-0.24868988990783691,0.43950989842414856,0.8982377648353577,0.4550529718399048,1.0012784004211426,0.07094327360391617,1.051574945449829
3.96,198,-0.5691696405410767,0.8222200870513916,-0.6054956316947937,-0.448683500289917,5.351353168487549,-0.187381312251091,0.44622138142585754,0.8949226140975952,0.46253859996795654,1.0153911113739014,0.07270250469446182,1.068034291267395
3.98,199,-0.5747323632240295,0.8183414340019226,-0.6122770309448242,-0.3390703797340393,5.480655193328857,-0.12533323466777802,0.45232176780700684,0.8918548226356506,0.4693669378757477,1.0270540714263916,0.07351336628198624,1.0816439390182495
4.0,200,-0.5784453749656677,0.8157211542129517,-0.6168215274810791,-0.22722463309764862,5.592287540435791,-0.06279052048921585,0.45780816674232483,0.8890510201454163,0.4755282700061798,1.0362534523010254,0.0733298659324646,1.0923497676849365
4.0200000000000005,201,-0.5802956223487854,0.8144059181213379,-0.6190916895866394,-0.11350643634796143,5.685910224914551,-1.7145055406796758e-15,0.4626781940460205,0.8865262866020203,0.48101383447647095,1.0429738759994507,0.07212040573358536,1.1001055240631104
4.04,202,-0.5802676677703857,0.8144258260726929,-0.619057297706604,0.0017168840859085321,5.761166095733643,0.06279052048921585,0.46692997217178345,0.8842942714691162,0.4858158528804779,1.047197699546814,0.06986846774816513,1.1048731803894043
4.0600000000000005,203,-0.578342854976654,0.8157938122749329,-0.6166959404945374,0.11807034909725189,5.817673206329346,0.12533323466777802,0.4705619513988495,0.882366955280304,0.4899275302886963,1.0489047765731812,0.06657316535711288,1.1066234111785889
4.08,204,-0.5744994878768921,0.8185049295425415,-0.6119924783706665,0.23517078161239624,5.8550214767456055,0.187381312251091,0.47357288002967834,0.8807546496391296,0.49334296584129333,1.048072338104248,0.06224969029426575,1.1053354740142822
4.1,205,-0.5687127113342285,0.8225362300872803,-0.6049399971961975,0.3526262044906616,5.872771263122559,0.24868988990783691,0.475961834192276,0.8794659376144409,0.4960573613643646,1.0446745157241821,0.05692971125245094,1.1009973287582397
4.12,206,-0.560955286026001,0.827846109867096,-0.5955392718315125,0.4700353443622589,5.870457172393799,0.30901700258255005,0.47772809863090515,0.8785077333450317,0.49806681275367737,1.0386834144592285,0.050661634653806686,1.0936061143875122
4.14,207,-0.5511981248855591,0.8343743681907654,-0.5837995409965515,0.5869872570037842,5.847593784332275,0.3681245446205139,0.47887122631073,0.8778851628303528,0.49936848878860474,1.030069351196289,0.04351076856255531,1.0831680297851562
4.16,208,-0.539411723613739,0.8420421481132507,-0.5697383284568787,0.7030609250068665,5.803683757781982,0.4257792830467224,0.4793908894062042,0.8776015043258667,0.4999605119228363,1.0188026428222656,0.03555932641029358,1.0696988105773926
4.18,209,-0.5255672931671143,0.850752055644989,-0.5533818006515503,0.8178254961967468,5.738229751586914,0.4817536771297455,0.47928696870803833,0.8776582479476929,0.49984210729599,1.0048542022705078,0.026906227692961693,1.0532238483428955
4.2,210,-0.5096388459205627,0.8603883981704712,-0.5347650051116943,0.9308404922485352,5.650750637054443,0.5358268022537231,0.4785594642162323,0.8780551552772522,0.49901336431503296,0.9881982803344727,0.017666731029748917,1.0337783098220825
4.22,211,-0.4916049838066101,0.8708183169364929,-0.5139318704605103,1.041656494140625,5.54080057144165,0.5877852439880371,0.47720855474472046,0.8787900805473328,0.4974755048751831,0.9688135385513306,0.007971747778356075,1.0114073753356934
4.24,212,-0.47145113348960876,0.881892204284668,-0.4909355342388153,1.1498162746429443,5.407986164093018,0.6374239921569824,0.47523465752601624,0.8798590898513794,0.49523070454597473,0.946685791015625,-0.0020330946426838636,0.98616623878479
4.26,213,-0.4491720497608185,0.8934453129768372,-0.46583840250968933,1.2548561096191406,5.2519917488098145,0.6845471262931824,0.4726382791996002,0.8812565207481384,0.4922821819782257,0.9218103289604187,-0.012188772670924664,0.958120584487915
4.28,214,-0.42477402091026306,0.9052994251251221,-0.4387122392654419,1.356308102607727,5.072603702545166,0.728968620300293,0.4694202244281769,0.8829748630523682,0.48863404989242554,0.8941942453384399,-0.022324534133076668,0.9273462891578674
4.3,215,-0.39827749133110046,0.917264997959137,-0.4096381962299347,1.4537028074264526,4.8697309494018555,0.7705132365226746,0.4655815362930298,0.885004997253418,0.48429158329963684,0.8638589978218079,-0.0322599820792675,0.8939297795295715
4.32,216,-0.36971917748451233,0.9291435480117798,-0.37870675325393677,1.5465714931488037,4.643434047698975,0.80901700258255,0.4611234664916992,0.8873359560966492,0.4792608916759491,0.8308426737785339,-0.04180756211280823,0.8579676747322083
4.34,217,-0.33915430307388306,0.9407307505607605,-0.3460177481174469,1.6344503164291382,4.39394474029541,0.8443279266357422,0.45604774355888367,0.8899553418159485,0.47354915738105774,0.7952020168304443,-0.050775449723005295,0.8195669054985046
4.36,218,-0.30665820837020874,0.9518197178840637,-0.3116800785064697,1.7168841361999512,4.121687889099121,0.8763066530227661,0.4503563940525055,0.8928488492965698,0.46716445684432983,0.7570145726203918,-0.05897082760930061,0.7788445353507996
4.38,219,-0.27232784032821655,0.9622045159339905,-0.27581146359443665,1.7934300899505615,3.8272998332977295,0.9048270583152771,0.44405198097229004,0.8960010409355164,0.460115909576416,0.7163798213005066,-0.06620349735021591,0.735927402973175
4.4,220,-0.23628248274326324,0.9716843962669373,-0.2385382205247879,1.8636629581451416,3.511641025543213,0.9297764897346497,0.43713751435279846,0.899394690990448,0.45241352915763855,0.6734200119972229,-0.07228972762823105,0.6909517645835876
4.42,221,-0.19866406917572021,0.9800676703453064,-0.19999463856220245,1.927178978919983,3.175804615020752,0.9510565400123596,0.42961665987968445,0.9030113816261292,0.44406822323799133,0.628280758857727,-0.07705628126859665,0.644062876701355
4.44,222,-0.1596366912126541,0.9871758222579956,-0.16032260656356812,1.9836013317108154,2.8211188316345215,0.9685831665992737,0.4214937090873718,0.9068313241004944,0.43509188294410706,0.5811303853988647,-0.08034451305866241,0.5954144597053528
4.46,223,-0.1193854957818985,0.9928479790687561,-0.11967092752456665,2.0325841903686523,2.449143171310425,0.9822872281074524,0.4127737283706665,0.9108335971832275,0.42549723386764526,0.5321592092514038,-0.08201438188552856,0.5451681613922119
4.48,224,-0.07811491936445236,0.9969443678855896,-0.07819458097219467,2.073817491531372,2.061657190322876,0.9921147227287292,0.40346255898475647,0.9149961471557617,0.4152979552745819,0.48157748579978943,-0.08194821327924728,0.4934925138950348
4.5,225,-0.036046162247657776,0.9993501305580139,-0.03605397418141365,2.107030153274536,1.660643219947815,0.9980267286300659,0.39356696605682373,0.9192959666252136,0.404508501291275,0.4296131432056427,-0.08005417883396149,0.4405624568462372
4.5200000000000005,226,0.006585887633264065,0.9999783039093018,0.00658593513071537,2.131995439529419,1.2482613325119019,1.0,0.3830946385860443,0.9237090945243835,0.3931442201137543,0.3765087425708771,-0.07626921683549881,0.38655829429626465
4.54,227,0.049536291509866714,0.9987723231315613,0.04955657199025154,2.148531913757324,0.8268194198608398,0.9980267286300659,0.3720543384552002,0.928210973739624,0.3812212646007538,0.3225180506706238,-0.07056137174367905,0.33166468143463135
4.5600000000000005,228,0.09255405515432358,0.9957076907157898,0.09268670529127121,2.1565065383911133,0.3987371027469635,0.9921147227287292,0.36045587062835693,0.9327762722969055,0.36875656247138977,0.26790180802345276,-0.06293138861656189,0.27606984972953796
4.58,229,0.1353863924741745,0.9907928705215454,0.1358034461736679,2.155836820602417,-0.03349335491657257,0.9822872281074524,0.3483102321624756,0.9373793005943298,0.3557678461074829,0.2129238247871399,-0.05341355875134468,0.219964399933815
4.6000000000000005,230,0.17778313159942627,0.9840697050094604,0.178733229637146,2.1464898586273193,-0.46734923124313354,0.9685831665992737,0.3356296420097351,0.9419940114021301,0.3422735631465912,0.15784649550914764,-0.042075663805007935,0.163540318608284
4.62,231,0.21950092911720276,0.9756122827529907,0.22130289673805237,2.128483295440674,-0.9003204703330994,0.9510565400123596,0.32242754101753235,0.9465941190719604,0.3282928764820099,0.10292661190032959,-0.029018143191933632,0.10698997974395752
4.64,232,0.2603074312210083,0.9655258059501648,0.2633405923843384,2.101884365081787,-1.3299518823623657,0.9297764897346497,0.308718740940094,0.9511533975601196,0.313845694065094,0.04841132089495659,-0.014372414909303188,0.05050509423017502
4.66,233,0.29998481273651123,0.9539439678192139,0.30467671155929565,2.0668065547943115,-1.7538830041885376,0.9048270583152771,0.2945193350315094,0.9556455016136169,0.29895249009132385,-0.005465478170663118,0.001701543340459466,-0.005724228452891111
4.68,234,0.33833304047584534,0.9410264492034912,0.3451448976993561,2.023408889770508,-2.16988468170166,0.8763066530227661,0.27984675765037537,0.9600446820259094,0.2836344838142395,-0.05848628655076027,0.019018247723579407,-0.06151042506098747
4.7,235,0.37517237663269043,0.9269550442695618,0.3845827281475067,1.971891164779663,-2.5758895874023438,0.8443279266357422,0.2647198438644409,0.9643253684043884,0.2679134011268616,-0.11045251786708832,0.03737029433250427,-0.11666932702064514
4.72,236,0.4103451669216156,0.91193026304245,0.42283254861831665,1.9124908447265625,-2.9700186252593994,0.80901700258255,0.2491588294506073,0.9684626460075378,0.25181159377098083,-0.1611863374710083,0.0565323531627655,-0.17102093994617462
4.74,237,0.44371700286865234,0.896166980266571,0.45974212884902954,1.845478892326355,-3.350597381591797,0.7705132365226746,0.23318526148796082,0.9724323153495789,0.23535196483135223,-0.21053175628185272,0.0762653723359108,-0.2243901491165161
4.76,238,0.4751770496368408,0.8798902034759521,0.49516522884368896,1.7711554765701294,-3.7161691188812256,0.728968620300293,0.2168220430612564,0.9762111306190491,0.21855787932872772,-0.2583549916744232,0.09632093459367752,-0.27660733461380005
4.78,239,0.504637598991394,0.8633312582969666,0.5289621353149414,1.6898455619812012,-4.065497398376465,0.6845471262931824,0.2000933736562729,0.9797768592834473,0.20145322382450104,-0.30454421043395996,0.11644554883241653,-0.32750892639160156
4.8,240,0.5320332050323486,0.8467234969139099,0.5609999895095825,1.6018942594528198,-4.3975629806518555,0.6374239921569824,0.18302473425865173,0.9831082820892334,0.18406227231025696,-0.3490084707736969,0.13638481497764587,-0.37693774700164795
4.82,241,0.5573189854621887,0.8302984833717346,0.5911532640457153,1.5076631307601929,-4.711555004119873,0.5877852439880371,0.16564279794692993,0.9861857891082764,0.16640977561473846,-0.3916761577129364,0.15588733553886414,-0.42474350333213806
4.84,242,0.5804684162139893,0.8142827749252319,0.619303822517395,1.4075260162353516,-5.006855487823486,0.5358268022537231,0.1479753702878952,0.9889910221099854,0.1485207974910736,-0.43249303102493286,0.1747082769870758,-0.4707830250263214
4.86,243,0.6014710068702698,0.7988946437835693,0.6453410983085632,1.3018656969070435,-5.283017635345459,0.4817536771297455,0.13005132973194122,0.9915072321891785,0.1304207593202591,-0.47141966223716736,0.19261261820793152,-0.5149203538894653
4.88,244,0.6203293204307556,0.7843414545059204,0.6691625118255615,1.191070795059204,-5.5397443771362305,0.4257792830467224,0.11190052330493927,0.9937193989753723,0.1121353805065155,-0.5084288120269775,0.2093779742717743,-0.5570271611213684
4.9,245,0.6370562314987183,0.7708173394203186,0.6906732320785522,1.0755336284637451,-5.776859760284424,0.3681245446205139,0.09355364739894867,0.995614230632782,0.0936906561255455,-0.5435025691986084,0.22479692101478577,-0.5969825387001038
4.92,246,0.6516715884208679,0.7585012316703796,0.7097861766815186,0.9556479454040527,-5.99428129196167,0.30901700258255005,0.07504218071699142,0.9971803426742554,0.07511279731988907,-0.5766294002532959,0.23867911100387573,-0.6346733570098877
4.94,247,0.6641994118690491,0.7475554943084717,0.7264223098754883,0.8318081498146057,-6.191990852355957,0.24868988990783691,0.05639825016260147,0.9984083771705627,0.05642819404602051,-0.6078011393547058,0.25085288286209106,-0.6699941158294678
4.96,248,0.6746647953987122,0.7381242513656616,0.7405104637145996,0.7044080495834351,-6.370005130767822,0.187381312251091,0.03765450045466423,0.9992908239364624,0.037663403898477554,-0.6370102763175964,0.2611665725708008,-0.7028470635414124
4.98,249,0.6830915212631226,0.7303327918052673,0.7519873380661011,0.5738410949707031,-6.528348922729492,0.12533323466777802,0.01884397678077221,0.9998224377632141,0.01884509064257145,-0.6642475128173828,0.2694896459579468,-0.7331421971321106
5.0,250,0.6894991397857666,0.7242864966392517,0.7607973217964172,0.44050049781799316,-6.66702938079834,0.06279052048921585,1.8369701465288538e-16,1.0,1.8369701465288538e-16,-0.6894991397857666,0.2757135033607483,-0.7607973217964172
5.0200000000000005,251,0.6939013004302979,0.7200701236724854,0.7668929100036621,0.3047802448272705,-6.786011695861816,5.3896837723897955e-15,-0.01884397678077221,0.9998224377632141,-0.01884509064257145,-0.7127452492713928,0.27975228428840637,-0.7857379913330078
5.04,252,0.6963035464286804,0.7177474498748779,0.7702344655990601,0.1670762300491333,-6.8852009773254395,-0.06279052048921585,-0.03765450045466423,0.9992908239364624,-0.037663403898477554,-0.7339580059051514,0.2815433740615845,-0.8078978657722473
5.0600000000000005,253,0.6967023015022278,0.7173603773117065,0.7707902193069458,0.027787743136286736,-6.9644246101379395,-0.12533323466777802,-0.05639825016260147,0.9984083771705627,-0.05642819404602051,-0.753100574016571,0.2810479998588562,-0.8272184133529663
5.08,254,0.6950839161872864,0.7189286351203918,0.7685365676879883,-0.11268066614866257,-7.023420333862305,-0.187381312251091,-0.07504218071699142,0.9971803426742554,-0.07511279731988907,-0.7701261043548584,0.2782517373561859,-0.8436493873596191
5.1000000000000005,255,0.6914239525794983,0.7224492430686951,0.763458251953125,-0.25391724705696106,-7.061829090118408,-0.24868988990783691,-0.09355364739894867,0.995614230632782,-0.0936906561255455,-0.7849776148796082,0.2731650173664093,-0.8571488857269287
5.12,256,0.6856878399848938,0.7278957366943359,0.7555482387542725,-0.395501047372818,-7.079190254211426,-0.30901700258255005,-0.11190052330493927,0.9937193989753723,-0.1121353805065155,-0.7975883483886719,0.2658236622810364,-0.8676835894584656
5.14,257,0.6778308153152466,0.7352179288864136,0.7448081970214844,-0.5370000004768372,-7.074946880340576,-0.3681245446205139,-0.13005132973194122,0.9915072321891785,-0.1304207593202591,-0.8078821897506714,0.25628936290740967,-0.875229001045227
5.16,258,0.667799711227417,0.7443410158157349,0.7312488555908203,-0.6779689788818359,-7.048449516296387,-0.4257792830467224,-0.1479753702878952,0.9889910221099854,-0.1485207974910736,-0.8157750964164734,0.24465003609657288,-0.8797696232795715
5.18,259,0.6555342674255371,0.7551654577255249,0.7148898839950562,-0.8179484009742737,-6.9989705085754395,-0.4817536771297455,-0.16564279794692993,0.9861857891082764,-0.16640977561473846,-0.821177065372467,0.23102037608623505,-0.8812996745109558
5.2,260,0.640969455242157,0.7675663828849792,0.6957606077194214,-0.9564628005027771,-6.925720691680908,-0.5358268022537231,-0.18302473425865173,0.9831082820892334,-0.18406227231025696,-0.8239941596984863,0.21554191410541534,-0.8798229098320007
5.22,261,0.6240383386611938,0.7813937067985535,0.6739001870155334,-1.0930202007293701,-6.827872276306152,-0.5877852439880371,-0.2000933736562729,0.9797768592834473,-0.20145322382450104,-0.8241317272186279,0.19838310778141022,-0.8753534555435181
5.24,262,0.6046751737594604,0.7964721918106079,0.6493579745292664,-1.227112054824829,-6.704588890075684,-0.6374239921569824,-0.2168220430612564,0.9762111306190491,-0.21855787932872772,-0.8214972019195557,0.17973896861076355,-0.8679158687591553
5.26,263,0.5828191637992859,0.8126018643379211,0.6221936941146851,-1.358213186264038,-6.555055141448975,-0.6845471262931824,-0.23318526148796082,0.9724323153495789,-0.23535196483135223,-0.8160044550895691,0.15983045101165771,-0.8575456738471985
5.28,264,0.5584183931350708,0.8295594453811646,0.5924780368804932,-1.4857834577560425,-6.378514289855957,-0.728968620300293,-0.2491588294506073,0.9684626460075378,-0.25181159377098083,-0.8075772523880005,0.1389031857252121,-0.8442896604537964
5.3,265,0.5314341187477112,0.8470996022224426,0.560292661190033,-1.609269618988037,-6.174308776855469,-0.7705132365226746,-0.2647198438644409,0.9643253684043884,-0.2679134011268616,-0.7961539626121521,0.11722573637962341,-0.8282060623168945
5.32,266,0.5018450021743774,0.8649575710296631,0.5257304906845093,-1.7281080484390259,-5.941922187805176,-0.80901700258255,-0.27984675765037537,0.9600446820259094,-0.2836344838142395,-0.7816917300224304,0.09508710354566574,-0.8093649744987488
5.34,267,0.4696514308452606,0.8828518986701965,0.4888959228992462,-1.8417284488677979,-5.681021690368652,-0.8443279266357422,-0.2945193350315094,0.9556455016136169,-0.29895249009132385,-0.76417076587677,0.07279359549283981,-0.7878484129905701
5.36,268,0.43487977981567383,0.900488555431366,0.44990473985671997,-1.9495584964752197,-5.391500949859619,-0.8763066530227661,-0.308718740940094,0.9511533975601196,-0.313845694065094,-0.7435985207557678,0.05066484585404396,-0.763750433921814
5.38,269,0.3975857198238373,0.9175650477409363,0.4088841676712036,-2.0510289669036865,-5.073519706726074,-0.9048270583152771,-0.32242754101753235,0.9465941190719604,-0.3282928764820099,-0.7200132608413696,0.02902911603450775,-0.7371770739555359
5.4,270,0.3578576445579529,0.9337761402130127,0.3659725785255432,-2.1455798149108887,-4.727540969848633,-0.9297764897346497,-0.3356296420097351,0.9419940114021301,-0.3422735631465912,-0.693487286567688,0.008217872120440006,-0.708246111869812
5.42,271,0.31581854820251465,0.9488195776939392,0.32131925225257874,-2.2326669692993164,-4.354361057281494,-0.9510565400123596,-0.3483102321624756,0.9373793005943298,-0.3557678461074829,-0.6641287803649902,-0.011440283618867397,-0.6770870685577393
5.44,272,0.27162763476371765,0.9624024033546448,0.27508383989334106,-2.311769485473633,-3.955129861831665,-0.9685831665992737,-0.36045587062835693,0.9327762722969055,-0.36875656247138977,-0.6320834755897522,-0.0296261515468359,-0.6438404321670532
5.46,273,0.22548021376132965,0.9742477536201477,0.2274359166622162,-2.382396936416626,-3.5313658714294434,-0.9822872281074524,-0.3720543384552002,0.928210973739624,-0.3812212646007538,-0.5975345373153687,-0.04603679105639458,-0.60865718126297
5.48,274,0.1776067465543747,0.9841015338897705,0.1785539984703064,-2.4440958499908447,-3.0849556922912598,-0.9921147227287292,-0.3830946385860443,0.9237090945243835,-0.3931442201137543,-0.5607013702392578,-0.06039244681596756,-0.5716981887817383
5.5,275,0.1282704472541809,0.9917392134666443,0.128624826669693,-2.4964587688446045,-2.6181440353393555,-0.9980267286300659,-0.39356696605682373,0.9192959666252136,-0.404508501291275,-0.5218374133110046,-0.07244327664375305,-0.533133327960968
5.5200000000000005,276,0.0777636468410492,0.996971845626831,0.07784223556518555,-2.5391290187835693,-2.133510112762451,-1.0,-0.40346255898475647,0.9149961471557617,-0.4152979552745819,-0.48122620582580566,-0.08197567611932755,-0.49314019083976746
5.54,277,0.026403017342090607,0.9996513724327087,0.02640608511865139,-2.571807622909546,-1.6339316368103027,-0.9980267286300659,-0.4127737283706665,0.9108335971832275,-0.42549723386764526,-0.4391767382621765,-0.0888177827000618,-0.4519033133983612
5.5600000000000005,278,-0.025476327165961266,0.999675452709198,-0.025479083880782127,-2.5942585468292236,-1.1225379705429077,-0.9921147227287292,-0.4214937090873718,0.9068313241004944,-0.43509188294410706,-0.3960174024105072,-0.09284410625696182,-0.4096128046512604
5.58,279,-0.07752744108438492,0.9969902038574219,-0.07760531455278397,-2.606311559677124,-0.6026515364646912,-0.9822872281074524,-0.42961665987968445,0.9030113816261292,-0.44406822323799133,-0.3520892262458801,-0.09397885203361511,-0.36646291613578796
5.6000000000000005,280,-0.12939877808094025,0.9915926456451416,-0.12976263463497162,-2.607866048812866,-0.0777234211564064,-0.9685831665992737,-0.43713751435279846,0.899394690990448,-0.45241352915763855,-0.3077387511730194,-0.0921979546546936,-0.3226509094238281
5.62,281,-0.18074163794517517,0.983530580997467,-0.18174044787883759,-2.598891258239746,0.4487387239933014,-0.9510565400123596,-0.44405198097229004,0.8960010409355164,-0.460115909576416,-0.26331034302711487,-0.08752958476543427,-0.2783754765987396
5.64,282,-0.23121756315231323,0.9729020595550537,-0.23332898318767548,-2.5794262886047363,0.9732435345649719,-0.9297764897346497,-0.4503563940525055,0.8928488492965698,-0.46716445684432983,-0.21913883090019226,-0.08005319535732269,-0.23383548855781555
5.66,283,-0.28050535917282104,0.9598524570465088,-0.28432056307792664,-2.5495784282684326,1.4923886060714722,-0.9048270583152771,-0.45604774355888367,0.8899553418159485,-0.47354915738105774,-0.17554239928722382,-0.06989715248346329,-0.1892286092042923
5.68,284,-0.32830727100372314,0.9445709586143494,-0.3345109522342682,-2.5095198154449463,2.0029296875,-0.8763066530227661,-0.4611234664916992,0.8873359560966492,-0.4792608916759491,-0.13281619548797607,-0.0572349987924099,-0.1447499394416809
5.7,285,-0.3743545413017273,0.9272856712341309,-0.3837006092071533,-2.4594831466674805,2.5018422603607178,-0.8443279266357422,-0.4655815362930298,0.885004997253418,-0.48429158329963684,-0.0912269726395607,-0.0422806479036808,-0.10059096664190292
5.72,286,-0.4184115529060364,0.9082575440406799,-0.43169572949409485,-2.3997554779052734,2.986375331878662,-0.80901700258255,-0.4694202244281769,0.8829748630523682,-0.48863404989242554,-0.0510086826980114,-0.025282664224505424,-0.05693833902478218
5.74,287,-0.46027877926826477,0.8877744078636169,-0.47830918431282043,-2.3306736946105957,3.454091787338257,-0.7705132365226746,-0.4726382791996002,0.8812565207481384,-0.4922821819782257,-0.01235951017588377,-0.006517917849123478,-0.01397297065705061
5.76,288,-0.49979451298713684,0.8661440014839172,-0.5233615040779114,-2.2526156902313232,3.902899980545044,-0.728968620300293,-0.47523465752601624,0.8798590898513794,-0.49523070454597473,0.024559849873185158,0.013715079054236412,0.028130797669291496
5.78,289,-0.5368351340293884,0.8436871767044067,-0.5666813850402832,-2.16599440574646,4.3310675621032715,-0.6845471262931824,-0.47720855474472046,0.8787900805473328,-0.4974755048751831,0.05962658300995827,0.03510291129350662,0.0692058876156807
5.8,290,-0.5713143348693848,0.8207313418388367,-0.6081063747406006,-2.0712497234344482,4.7372283935546875,-0.6374239921569824,-0.4785594642162323,0.8780551552772522,-0.49901336431503296,0.09275489300489426,0.057323820888996124,0.10909303277730942
5.82,291,-0.6031809449195862,0.7976043820381165,-0.647483229637146,-1.9688423871994019,5.120370864868164,-0.5877852439880371,-0.47928696870803833,0.8776582479476929,-0.49984210729599,0.12389398366212845,0.08005387336015701,0.1476411521434784
5.84,292,-0.6324160099029541,0.7746289372444153,-0.6846681833267212,-1.859246015548706,5.479820251464844,-0.5358268022537231,-0.4793908894062042,0.8776015043258667,-0.4999605119228363,0.15302510559558868,0.10297253727912903,0.1847076416015625
5.86,293,-0.6590290069580078,0.7521175146102905,-0.719527006149292,-1.7429417371749878,5.81520938873291,-0.4817536771297455,-0.47887122631073,0.8778851628303528,-0.49936848878860474,0.18015776574611664,0.12576761841773987,0.22015851736068726
5.88,294,-0.6830534934997559,0.7303683757781982,-0.7519352436065674,-1.6204129457473755,6.1264424324035645,-0.4257792830467224,-0.47772809863090515,0.8785077333450317,-0.49806681275367737,0.20532537996768951,0.14813938736915588,0.2538684606552124
5.9,295,-0.704542338848114,0.7096619606018066,-0.7817780375480652,-1.4921399354934692,6.413650989532471,-0.3681245446205139,-0.475961834192276,0.8794659376144409,-0.4960573613643646,0.2285805344581604,0.16980399191379547,0.28572070598602295
5.92,296,-0.7235627770423889,0.6902585625648499,-0.8089500069618225,-1.358596920967102,6.677150249481201,-0.30901700258255005,-0.47357288002967834,0.8807546496391296,-0.49334296584129333,0.24998992681503296,0.19049608707427979,0.3156070113182068
5.94,297,-0.7401914000511169,0.6723962426185608,-0.8333549499511719,-1.220249056816101,6.917390823364258,-0.24868988990783691,-0.4705619513988495,0.882366955280304,-0.4899275302886963,0.26962947845458984,0.20997074246406555,0.343427449464798
5.96,298,-0.7545092105865479,0.6562894582748413,-0.8549060225486755,-1.0775508880615234,7.134908676147461,-0.187381312251091,-0.46692997217178345,0.8842942714691162,-0.4858158528804779,0.2875792384147644,0.2280048429965973,0.36909013986587524
5.98,299,-0.7665971517562866,0.6421283483505249,-0.8735249042510986,-0.9309453368186951,7.33027982711792,-0.12533323466777802,-0.4626781940460205,0.8865262866020203,-0.48101383447647095,0.3039189279079437,0.24439793825149536,0.3925110697746277
6.0,300,-0.7765315175056458,0.6300783753395081,-0.8891421556472778,-0.7808638215065002,7.504074573516846,-0.06279052048921585,-0.45780816674232483,0.8890510201454163,-0.4755282700061798,0.3187233805656433,0.2589726150035858,0.4136139154434204
6.0200000000000005,301,-0.7843804955482483,0.6202799677848816,-0.9016967415809631,-0.6277275085449219,7.656817436218262,-1.9594349641362686e-15,-0.45232176780700684,0.8918548226356506,-0.4693669378757477,0.33205872774124146,0.27157482504844666,0.43232980370521545
6.04,302,-0.7902002334594727,0.612848699092865,-0.9111356735229492,-0.471948504447937,7.788949489593506,0.06279052048921585,-0.44622138142585754,0.8949226140975952,-0.46253859996795654,0.3439788520336151,0.28207388520240784,0.44859710335731506
6.0600000000000005,303,-0.7940325140953064,0.6078752875328064,-0.9174143671989441,-0.3139325976371765,7.900794982910156,0.12533323466777802,-0.43950989842414856,0.8982377648353577,-0.4550529718399048,0.35452261567115784,0.29036247730255127,0.4623613655567169
6.08,304,-0.7959020137786865,0.6054254770278931,-0.9204959869384766,-0.15408185124397278,7.992537021636963,0.187381312251091,-0.43219074606895447,0.901782214641571,-0.4469207227230072,0.36371126770973206,0.296356737613678,0.47357526421546936
6.1000000000000005,305,-0.7958148121833801,0.6055400967597961,-0.9203519225120544,0.00720200315117836,8.064192771911621,0.24868988990783691,-0.42426797747612,0.9055367112159729,-0.43815332651138306,0.37154680490493774,0.29999658465385437,0.4821985960006714
6.12,306,-0.7937572598457336,0.6082346439361572,-0.916961669921875,0.169514000415802,8.115599632263184,0.30901700258255005,-0.41574639081954956,0.9094805717468262,-0.42876332998275757,0.3780108690261841,0.30124592781066895,0.48819833993911743
6.140000000000001,307,-0.789695680141449,0.6134987473487854,-0.910312831401825,0.33244216442108154,8.146408081054688,0.3681245446205139,-0.40663158893585205,0.9135922193527222,-0.41876402497291565,0.3830641210079193,0.30009347200393677,0.4915488064289093
6.16,308,-0.7835764288902283,0.6212953925132751,-0.9004015326499939,0.4955635964870453,8.156071662902832,0.4257792830467224,-0.3969299793243408,0.9178488850593567,-0.40816962718963623,0.38664647936820984,0.29655352234840393,0.49223193526268005
6.18,309,-0.7753270268440247,0.6315599679946899,-0.8872327208518982,0.6584408283233643,8.143860816955566,0.4817536771297455,-0.3866489827632904,0.9222269654273987,-0.3969951868057251,0.38867804408073425,0.29066696763038635,0.4902375340461731
6.2,310,-0.7648576498031616,0.6441993117332458,-0.8708203434944153,0.8206180334091187,8.10886287689209,0.5358268022537231,-0.37579697370529175,0.9267020225524902,-0.3852566182613373,0.38906070590019226,0.2825027406215668,0.4855637550354004
6.22,311,-0.7520639300346375,0.6590901613235474,-0.8511880040168762,0.9816182255744934,8.050007820129395,0.5877852439880371,-0.36438336968421936,0.9312490224838257,-0.3729705810546875,0.3876805603504181,0.2721588611602783,0.4782174229621887
6.24,312,-0.7368298172950745,0.6760782599449158,-0.8283692002296448,1.1409400701522827,7.966090202331543,0.6374239921569824,-0.35241883993148804,0.9358423948287964,-0.36015450954437256,0.3844109773635864,0.2597641050815582,0.4682146906852722
6.26,313,-0.7190317511558533,0.6949772238731384,-0.8024080991744995,1.2980560064315796,7.855800628662109,0.6845471262931824,-0.33991512656211853,0.9404560923576355,-0.3468266427516937,0.37911659479141235,0.24547888338565826,0.4555814266204834
6.28,314,-0.69854336977005,0.7155677080154419,-0.7733598351478577,1.452411413192749,7.717767238616943,0.728968620300293,-0.32688531279563904,0.9450640082359314,-0.3330059349536896,0.3716580867767334,0.2294963151216507,0.4403539299964905
6.3,315,-0.6752409934997559,0.7375971674919128,-0.7412914037704468,1.6034234762191772,7.55060338973999,0.7705132365226746,-0.31334367394447327,0.9496397972106934,-0.3187119960784912,0.3618973195552826,0.21204261481761932,0.42257940769195557
6.32,316,-0.6490094661712646,0.7607803344726562,-0.7062817215919495,1.7504826784133911,7.352960109710693,0.80901700258255,-0.29930591583251953,0.9541571736335754,-0.30396515130996704,0.3497035503387451,0.19337688386440277,0.4023166000843048
6.34,317,-0.6197488307952881,0.7848002314567566,-0.6684226393699646,1.8929543495178223,7.123586654663086,0.8443279266357422,-0.2847890555858612,0.9585902094841003,-0.2887863516807556,0.33495980501174927,0.17379000782966614,0.379636287689209
6.36,318,-0.5873810648918152,0.8093104958534241,-0.6278190016746521,2.030182361602783,6.861395359039307,0.8763066530227661,-0.2698114216327667,0.9629132151603699,-0.2731971740722656,0.31756964325904846,0.15360267460346222,0.3546218276023865
6.38,319,-0.5518568158149719,0.8339388966560364,-0.5845891237258911,2.1614928245544434,6.565526008605957,0.9048270583152771,-0.2543927729129791,0.967100977897644,-0.25721976161003113,0.2974640429019928,0.13316209614276886,0.3273693919181824
6.4,320,-0.5131622552871704,0.8582916259765625,-0.5388651490211487,2.286201238632202,6.235416889190674,0.9297764897346497,-0.2385542392730713,0.9711291790008545,-0.24087683856487274,0.2746080160140991,0.11283756792545319,0.29798829555511475
6.42,321,-0.47132521867752075,0.8819594979286194,-0.49079275131225586,2.403618574142456,5.87086820602417,0.9510565400123596,-0.22231827676296234,0.9749741554260254,-0.2241916060447693,0.2490069419145584,0.093014657497406,0.2666011452674866
6.44,322,-0.42642033100128174,0.904525101184845,-0.44053155183792114,2.5130605697631836,5.472102642059326,0.9685831665992737,-0.20570865273475647,0.9786132574081421,-0.20718778669834137,0.22071166336536407,0.07408814877271652,0.23334375023841858
6.46,323,-0.37857332825660706,0.9255713224411011,-0.38825440406799316,2.6138570308685303,5.0398173332214355,0.9822872281074524,-0.18875043094158173,0.9820250868797302,-0.1898895502090454,0.18982288241386414,0.05645378306508064,0.19836485385894775
6.48,324,-0.32796362042427063,0.9446903467178345,-0.334147185087204,2.7053613662719727,4.575226306915283,0.9921147227287292,-0.17146988213062286,0.9851893782615662,-0.17232146859169006,0.15649373829364777,0.0404990129172802,0.16182571649551392
6.5,325,-0.27482521533966064,0.9614942073822021,-0.27840790152549744,2.7869629859924316,4.080081939697266,0.9980267286300659,-0.15389446914196014,0.9880872964859009,-0.15450850129127502,0.1209307461977005,0.02659308724105358,0.1238994151353836
6.5200000000000005,326,-0.2194453924894333,0.9756247997283936,-0.22124597430229187,2.8580968379974365,3.556687116622925,1.0,-0.1360526978969574,0.9907016158103943,-0.13647596538066864,0.08339269459247589,0.015076817944645882,0.08477000892162323
6.54,327,-0.16216163337230682,0.9867641925811768,-0.16288088262081146,2.9182543754577637,3.0078811645507812,0.9980267286300659,-0.11797410994768143,0.9930166602134705,-0.11824949830770493,0.0441875196993351,0.006252461578696966,0.044631388038396835
6.5600000000000005,328,-0.10335608571767807,0.9946444034576416,-0.10354099422693253,2.966994524002075,2.4370076656341553,0.9921147227287292,-0.09968913346529007,0.9950186610221863,-0.09985499083995819,0.003666958073154092,0.0003742132685147226,0.0036860050167888403
6.58,329,-0.043448276817798615,0.9990556836128235,-0.043461959809064865,3.0039517879486084,1.8478606939315796,0.9822872281074524,-0.08122898638248444,0.9966954588890076,-0.08131857961416245,-0.03778071328997612,-0.0023602121509611607,-0.03785662353038788
6.6000000000000005,330,0.01711408793926239,0.9998535513877869,0.017114922404289246,3.028844118118286,1.2446131706237793,0.9685831665992737,-0.06262560933828354,0.9980370998382568,-0.06266661733388901,-0.07973969727754593,-0.0018164531793445349,-0.07978153973817825
6.62,331,0.0778655931353569,0.9969638586044312,0.07794449478387833,3.0414786338806152,0.6317251324653625,0.9510565400123596,-0.04391147568821907,0.9990354180335999,-0.04392559826374054,-0.12177707254886627,0.0020715605933219194,-0.12187009304761887
6.640000000000001,332,0.13833455741405487,0.9903855323791504,0.13877959549427032,3.041755437850952,0.013841072097420692,0.9297764897346497,-0.025119516998529434,0.9996844530105591,-0.025122158229351044,-0.163454070687294,0.0092988982796669,-0.16390176117420197
6.66,333,0.19805477559566498,0.9801909327507019,0.19937297701835632,3.0296690464019775,-0.6043226718902588,0.9048270583152771,-0.006282978691160679,0.9999802708625793,-0.006283020135015249,-0.20433774590492249,0.019789308309555054,-0.2056560069322586
6.68,334,0.25657713413238525,0.9665237665176392,0.2594791352748871,3.0053069591522217,-1.2180941104888916,0.8763066530227661,0.01256471686065197,0.9999210834503174,0.012565047480165958,-0.24401243031024933,0.03339730575680733,-0.2469140738248825
6.7,335,0.3134804964065552,0.9495946168899536,0.3188560903072357,2.9688479900360107,-1.8229591846466064,0.8443279266357422,0.031390100717544556,0.9995071887969971,0.031395260244607925,-0.2820903956890106,0.04991257190704346,-0.2874608337879181
6.72,336,0.36838120222091675,0.9296748042106628,0.37726718187332153,2.9205543994903564,-2.4146692752838135,0.80901700258255,0.05015980079770088,0.9987412095069885,0.05018085613846779,-0.31822142004966736,0.0690663754940033,-0.32708629965782166
6.74,337,0.4209410548210144,0.9070879817008972,0.43448251485824585,2.8607678413391113,-2.9893341064453125,0.7705132365226746,0.06884065270423889,0.9976276755332947,0.06889514625072479,-0.3521004021167755,0.09053967893123627,-0.36558738350868225
6.76,338,0.4708733558654785,0.8822008371353149,0.49028047919273376,2.7898976802825928,-3.543501615524292,0.728968620300293,0.08739987760782242,0.9961733222007751,0.08751153200864792,-0.3834734857082367,0.1139724850654602,-0.40276893973350525
6.78,339,0.5179466009140015,0.8554129600524902,0.544448733329773,2.708413600921631,-4.074215412139893,0.6845471262931824,0.10580514371395111,0.9943869113922119,0.10600355267524719,-0.41214147210121155,0.13897395133972168,-0.43844521045684814
6.8,340,0.5619864463806152,0.8271464705467224,0.5967854261398315,2.6168324947357178,-4.579052925109863,0.6374239921569824,0.12402476370334625,0.9922791123390198,0.12434494495391846,-0.4379616677761078,0.16513267159461975,-0.4724404513835907
6.82,341,0.6028748750686646,0.7978357076644897,0.6470996141433716,2.515709638595581,-5.056143283843994,0.5877852439880371,0.14202775061130524,0.9898626804351807,0.14250962436199188,-0.4608471393585205,0.19202694296836853,-0.5045899748802185
6.84,342,0.6405483484268188,0.7679178714752197,0.6952121257781982,2.4056262969970703,-5.504161357879639,0.5358268022537231,0.1597839742898941,0.9871519804000854,0.1604718118906021,-0.48076438903808594,0.2192341536283493,-0.5347403287887573
6.86,343,0.6749933958053589,0.7378237843513489,0.7409557104110718,2.287180185317993,-5.922307014465332,0.4817536771297455,0.17726421356201172,0.9841632843017578,0.1782059371471405,-0.4977291524410248,0.24633951485157013,-0.5627498030662537
6.88,344,0.7062414884567261,0.7079709768295288,0.7841752171516418,2.1609749794006348,-6.310264587402344,0.4257792830467224,0.1944403052330017,0.9809143543243408,0.19568683207035065,-0.5118011832237244,0.2729433476924896,-0.5884883999824524
6.9,345,0.7343628406524658,0.6787571310997009,0.824727475643158,2.02761173248291,-6.668153285980225,0.3681245446205139,0.21128518879413605,0.9774244427680969,0.2128896415233612,-0.5230776071548462,0.298667311668396,-0.6118378043174744
6.92,346,0.7594590187072754,0.6505551934242249,0.8624811172485352,1.887682557106018,-6.996462821960449,0.30901700258255005,0.22777298092842102,0.973714292049408,0.22978992760181427,-0.531686007976532,0.3231590986251831,-0.6326912045478821
6.94,347,0.7816559076309204,0.6237099170684814,0.8973163366317749,1.7417628765106201,-7.295987129211426,0.24868988990783691,0.2438790500164032,0.9698056578636169,0.24636366963386536,-0.5377768874168396,0.3460957705974579,-0.6509526968002319
6.96,348,0.8010962605476379,0.5985355377197266,0.9291245341300964,1.5904078483581543,-7.567751407623291,0.187381312251091,0.2595800459384918,0.965721607208252,0.262587308883667,-0.5415161848068237,0.367186039686203,-0.6665372252464294
6.98,349,0.81793212890625,0.5753147006034851,0.9578074812889099,1.4341490268707275,-7.812941074371338,0.12533323466777802,0.2748539447784424,0.9614859819412231,0.2784378230571747,-0.5430781841278076,0.3861713111400604,-0.6793696880340576
7.0,350,0.8323184847831726,0.5542977452278137,0.9832773208618164,1.2734923362731934,-8.032831192016602,0.06279052048921585,0.2896801233291626,0.9571235179901123,0.29389262199401855,-0.5426383018493652,0.4028257727622986,-0.6893846988677979
7.0200000000000005,351,0.8444061875343323,0.5357034802436829,1.005455732345581,1.1089179515838623,-8.228718757629395,-1.4708141617546136e-15,0.30403926968574524,0.9526594877243042,0.30892980098724365,-0.5403668880462646,0.4169560372829437,-0.6965258717536926
7.04,352,0.8543367385864258,0.5197198390960693,1.0242732763290405,0.9408807754516602,-8.401861190795898,-0.06279052048921585,0.3179134726524353,0.9481196999549866,0.323527991771698,-0.5364232659339905,0.4283998906612396,-0.7007453441619873
7.0600000000000005,353,0.8622369170188904,0.5065051913261414,1.0396695137023926,0.7698123455047607,-8.553421020507812,-0.12533323466777802,0.3312861919403076,0.9435303211212158,0.337666392326355,-0.5309507250785828,0.43702512979507446,-0.7020031809806824
7.08,354,0.8682143092155457,0.4961894452571869,1.0515919923782349,0.596123993396759,-8.684415817260742,-0.187381312251091,0.3441421687602997,0.9389175772666931,0.35132497549057007,-0.5240721106529236,0.44272810220718384,-0.7002670764923096
7.1000000000000005,355,0.8723536729812622,0.4888753592967987,1.059996247291565,0.42021045088768005,-8.79567813873291,-0.24868988990783691,0.3564675450325012,0.9343076944351196,0.3644843101501465,-0.515886127948761,0.4454323649406433,-0.6955119371414185
7.12,356,0.8747139573097229,0.4846394956111908,1.064845323562622,0.24245411157608032,-8.887816429138184,-0.30901700258255005,0.36824968457221985,0.9297269582748413,0.37712568044662476,-0.5064643025398254,0.4450874328613281,-0.6877196431159973
7.140000000000001,357,0.8753261566162109,0.48353293538093567,1.0661098957061768,0.06323029100894928,-8.961191177368164,-0.3681245446205139,0.3794771730899811,0.9252011179924011,0.3892311453819275,-0.49584898352622986,0.44166815280914307,-0.676878809928894
7.16,358,0.8741914629936218,0.4855813980102539,1.0637681484222412,-0.11708752065896988,-9.015890121459961,-0.4257792830467224,0.3901398777961731,0.9207556247711182,0.4007834792137146,-0.48405158519744873,0.43517419695854187,-0.6629847288131714
7.18,359,0.8712806701660156,0.49078506231307983,1.0578057765960693,-0.2981218695640564,-9.051717758178711,-0.4817536771297455,0.4002286195755005,0.9164153337478638,0.41176629066467285,-0.47105205059051514,0.42563027143478394,-0.6460394859313965
7.2,360,0.8665341734886169,0.4991177022457123,1.0482161045074463,-0.47948554158210754,-9.068183898925781,-0.5358268022537231,0.40973538160324097,0.9122044444084167,0.4221639633178711,-0.45679882168769836,0.41308674216270447,-0.6260520815849304
7.22,361,0.8598626255989075,0.5105254650115967,1.0350005626678467,-0.6607757806777954,-9.0645112991333,-0.5877852439880371,0.41865313053131104,0.9081462025642395,0.43196171522140503,-0.44120949506759644,0.3976207375526428,-0.6030388474464417
7.24,362,0.8511483669281006,0.524925172328949,1.0181691646575928,-0.8415685296058655,-9.039637565612793,-0.6374239921569824,0.42697566747665405,0.9042630791664124,0.4411455988883972,-0.4241727292537689,0.37933796644210815,-0.5770235657691956
7.26,363,0.8402482271194458,0.5422018766403198,0.9977409243583679,-1.0214132070541382,-8.992234230041504,-0.6845471262931824,0.4346977472305298,0.9005764126777649,0.4497026205062866,-0.405550479888916,0.3583745062351227,-0.5480382442474365
7.28,364,0.8269966244697571,0.5622069239616394,0.9737443327903748,-1.1998279094696045,-8.920733451843262,-0.728968620300293,0.4418147802352905,0.8971062898635864,0.4576205909252167,-0.38518181443214417,0.334899365901947,-0.5161237716674805
7.3,365,0.811210036277771,0.5847548842430115,0.9462184309959412,-1.3762950897216797,-8.823358535766602,-0.7705132365226746,0.44832292199134827,0.8938716650009155,0.46488824486732483,-0.36288711428642273,0.30911678075790405,-0.48133018612861633
7.32,366,0.7926926016807556,0.609621524810791,0.9152132868766785,-1.5502585172653198,-8.698172569274902,-0.80901700258255,0.45421892404556274,0.8908901214599609,0.47149527072906494,-0.33847370743751526,0.28126856684684753,-0.44371798634529114
7.34,367,0.7712424993515015,0.6365414261817932,0.8807908296585083,-1.721121072769165,-8.543129920959473,-0.8443279266357422,0.45950010418891907,0.8881776928901672,0.4774322807788849,-0.3117424249649048,0.2516362965106964,-0.4033585786819458
7.36,368,0.7466594576835632,0.6652064919471741,0.8430259823799133,-1.8882439136505127,-8.35614013671875,-0.8763066530227661,0.46416425704956055,0.8857491612434387,0.48269081115722656,-0.2824951708316803,0.22054263949394226,-0.3603351414203644
7.38,369,0.7187529802322388,0.695265531539917,0.8020070195198059,-2.0509467124938965,-8.135144233703613,-0.9048270583152771,0.46820956468582153,0.8836174607276917,0.48726344108581543,-0.25054338574409485,0.18835189938545227,-0.31474360823631287
7.4,370,0.6873518824577332,0.7263245582580566,0.7578368186950684,-2.208510637283325,-7.878195762634277,-0.9297764897346497,0.4716346263885498,0.8817940354347229,0.4911436140537262,-0.21571724116802216,0.15546949207782745,-0.26669320464134216
7.42,371,0.6523138284683228,0.7579489946365356,0.7106331586837769,-2.3601818084716797,-7.583552837371826,-0.9510565400123596,0.474438339471817,0.8802887201309204,0.4943258762359619,-0.17787548899650574,0.12233974784612656,-0.21630731225013733
7.44,372,0.6135351657867432,0.7896673679351807,0.660529613494873,-2.5051772594451904,-7.249772548675537,-0.9685831665992737,0.47661980986595154,0.8791095614433289,0.49680566787719727,-0.136915385723114,0.08944214135408401,-0.16372399032115936
7.46,373,0.5709608793258667,0.8209772706031799,0.6076757907867432,-2.642693281173706,-6.875808238983154,-0.9822872281074524,0.4781784117221832,0.8782626986503601,0.4985794425010681,-0.09278246015310287,0.05728544667363167,-0.10909631848335266
7.48,374,0.5245934128761292,0.851352870464325,0.5522374510765076,-2.7719154357910156,-6.461106300354004,-0.9921147227287292,0.47911372780799866,0.8777528405189514,0.4996447265148163,-0.0454796738922596,0.02639993280172348,-0.052592724561691284
7.5,375,0.474500834941864,0.8802550435066223,0.4943968653678894,-2.892029285430908,-6.005692481994629,-0.9980267286300659,0.4794255495071411,0.8775825500488281,0.5,0.004924704320728779,-0.002672491129487753,0.005603124387562275
7.5200000000000005,376,0.4208228290081024,0.9071428179740906,0.43435218930244446,-3.00223445892334,-5.510251522064209,-1.0,0.47911372780799866,0.8777528405189514,0.4996447265148163,0.05829090252518654,-0.029390018433332443,0.06529254466295242
7.54,377,0.36377468705177307,0.931486964225769,0.37231701612472534,-3.1017580032348633,-4.976186752319336,-0.9980267286300659,0.4781784117221832,0.8782626986503601,0.4985794425010681,0.11440371721982956,-0.05322424694895744,0.12626242637634277
7.5600000000000005,378,0.3036484718322754,0.9527841210365295,0.3085196018218994,-3.189871311187744,-4.405656337738037,-0.9921147227287292,0.47661980986595154,0.8791095614433289,0.49680566787719727,0.17297132313251495,-0.07367460429668427,0.18828605115413666
7.58,379,0.24081118404865265,0.9705719947814941,0.24320153892040253,-3.2659029960632324,-3.8015851974487305,-0.9822872281074524,0.474438339471817,0.8802887201309204,0.4943258762359619,0.23362715542316437,-0.09028324484825134,0.2511243224143982
7.6000000000000005,380,0.1756996512413025,0.9844438433647156,0.17661643028259277,-3.3292558193206787,-3.1676456928253174,-0.9685831665992737,0.4716346263885498,0.8817940354347229,0.4911436140537262,0.2959350049495697,-0.1026497557759285,0.3145272135734558
7.62,381,0.10881214588880539,0.9940623044967651,0.10902802646160126,-3.379420042037964,-2.508207321166992,-0.9510565400123596,0.46820956468582153,0.8836174607276917,0.48726344108581543,0.35939741134643555,-0.11044488102197647,0.378235399723053
7.640000000000001,382,0.04069708287715912,0.9991715550422668,0.04070832207798958,-3.415985107421875,-1.8282526731491089,-0.9297764897346497,0.46416425704956055,0.8857491612434387,0.48269081115722656,0.42346715927124023,-0.11342237889766693,0.4419825077056885
7.66,383,-0.028061000630259514,0.999606192111969,-0.028064683079719543,-3.438650369644165,-1.1332662105560303,-0.9048270583152771,0.45950010418891907,0.8881776928901672,0.4774322807788849,0.48756110668182373,-0.11142849177122116,0.5054969787597656
7.68,384,-0.09685724228620529,0.9952982664108276,-0.0970093309879303,-3.447232246398926,-0.42909571528434753,-0.8763066530227661,0.45421892404556274,0.8908901214599609,0.47149527072906494,0.5510761737823486,-0.10440818220376968,0.5685045719146729
7.7,385,-0.16508352756500244,0.9862796068191528,-0.1658426970243454,-3.4416682720184326,0.2782032787799835,-0.8443279266357422,0.44832292199134827,0.8938716650009155,0.46488824486732483,0.6134064197540283,-0.09240791946649551,0.630730926990509
7.72,386,-0.23214568197727203,0.9726810455322266,-0.23428304493427277,-3.4220175743103027,0.9825357794761658,-0.80901700258255,0.4418147802352905,0.8971062898635864,0.4576205909252167,0.6739604473114014,-0.07557473331689835,0.6919036507606506
7.74,387,-0.29748013615608215,0.9547280073165894,-0.30205222964286804,-3.388458728790283,1.6779366731643677,-0.7705132365226746,0.4346977472305298,0.9005764126777649,0.4497026205062866,0.7321779131889343,-0.05415159463882446,0.7517548203468323
7.76,388,-0.360569030046463,0.9327325224876404,-0.3688778877258301,-3.3412840366363525,2.358734607696533,-0.728968620300293,0.42697566747665405,0.9042630791664124,0.4411455988883972,0.7875447273254395,-0.028469419106841087,0.8100234866142273
7.78,389,-0.42095300555229187,0.9070824384689331,-0.4344957172870636,-3.2808899879455566,3.0196993350982666,-0.6845471262931824,0.41865313053131104,0.9081462025642395,0.43196171522140503,0.8396061658859253,0.0010637796949595213,0.8664574027061462
7.8,390,-0.4782412648200989,0.878228485584259,-0.49865102767944336,-3.2077667713165283,3.6561696529388428,-0.6374239921569824,0.40973538160324097,0.9122044444084167,0.4221639633178711,0.8879766464233398,0.033975936472415924,0.9208149909973145
7.82,391,-0.5321184396743774,0.8466699123382568,-0.5611007213592529,-3.122483730316162,4.264150142669678,-0.5877852439880371,0.4002286195755005,0.9164153337478638,0.41176629066467285,0.9323470592498779,0.06974541395902634,0.9728670120239258
7.84,392,-0.5823481678962708,0.812939465045929,-0.6216142177581787,-3.0256760120391846,4.84037971496582,-0.5358268022537231,0.3901398777961731,0.9207556247711182,0.4007834792137146,0.9724880456924438,0.10781613737344742,1.022397756576538
7.86,393,-0.6287734508514404,0.7775885462760925,-0.6799747943878174,-2.9180288314819336,5.382365703582764,-0.4817536771297455,0.3794771730899811,0.9252011179924011,0.3892311453819275,1.0082505941390991,0.1476125419139862,1.0692059993743896
7.88,394,-0.6713138222694397,0.7411732077598572,-0.7359800338745117,-2.8002610206604004,5.888389587402344,-0.4257792830467224,0.36824968457221985,0.9297269582748413,0.37712568044662476,1.039563536643982,0.18855373561382294,1.1131057739257812
7.9,395,-0.7099605798721313,0.7042413949966431,-0.789442241191864,-2.6731114387512207,6.357477188110352,-0.3681245446205139,0.3564675450325012,0.9343076944351196,0.3644843101501465,1.0664281845092773,0.23006631433963776,1.1539266109466553
7.92,396,-0.7447690963745117,0.6673222780227661,-0.84018874168396,-2.5373244285583496,6.789351940155029,-0.30901700258255005,0.3441421687602997,0.9389175772666931,0.35132497549057007,1.0889112949371338,0.271595299243927,1.1915137767791748
7.94,397,-0.7758501768112183,0.6309171915054321,-0.8880614638328552,-2.393637180328369,7.184360980987549,-0.24868988990783691,0.3312861919403076,0.9435303211212158,0.337666392326355,1.1071363687515259,0.3126131296157837,1.225727915763855
7.96,398,-0.8033603429794312,0.5954931974411011,-0.9329168796539307,-2.242769479751587,7.54339075088501,-0.187381312251091,0.3179134726524353,0.9481196999549866,0.323527991771698,1.1212738752365112,0.3526265025138855,1.2564448118209839
7.98,399,-0.8274914622306824,0.5614782571792603,-0.9746251702308655,-2.085413932800293,7.867770195007324,-0.12533323466777802,0.30403926968574524,0.9526594877243042,0.30892980098724365,1.13153076171875,0.39118123054504395,1.2835549116134644
8.0,400,-0.8484605550765991,0.529258668422699,-1.013069748878479,-1.92223060131073,8.159172058105469,-0.06279052048921585,0.2896801233291626,0.9571235179901123,0.29389262199401855,1.1381406784057617,0.4278648793697357,1.3069623708724976
8.02,401,-0.8664995431900024,0.4991779029369354,-1.0481466054916382,-1.7538403272628784,8.419509887695312,-2.204364281713743e-15,0.2748539447784424,0.9614859819412231,0.2784378230571747,1.1413534879684448,0.4623080790042877,1.3265843391418457
8.040000000000001,402,-0.8818461298942566,0.471537321805954,-1.0797630548477173,-1.580823540687561,8.650842666625977,0.06279052048921585,0.2595800459384918,0.965721607208252,0.262587308883667,1.1414260864257812,0.4941842555999756,1.3423503637313843
8.06,403,-0.8947349786758423,0.44659751653671265,-1.107837438583374,-1.4037177562713623,8.855284690856934,0.12533323466777802,0.2438790500164032,0.9698056578636169,0.24636366963386536,1.1386140584945679,0.5232081413269043,1.354201078414917
8.08,404,-0.905390202999115,0.42458054423332214,-1.1322977542877197,-1.2230194807052612,9.034916877746582,0.187381312251091,0.22777298092842102,0.973714292049408,0.22978992760181427,1.1331632137298584,0.5491337180137634,1.3620877265930176
8.1,405,-0.9140183329582214,0.4056728184223175,-1.1530815362930298,-1.0391850471496582,9.191718101501465,0.24868988990783691,0.21128518879413605,0.9774244427680969,0.2128896415233612,1.1253035068511963,0.5717516541481018,1.3659710884094238
8.120000000000001,406,-0.9208029508590698,0.39002811908721924,-1.17013418674469,-0.8526351451873779,9.327496528625488,0.30901700258255005,0.1944403052330017,0.9809143543243408,0.19568683207035065,1.1152431964874268,0.5908862352371216,1.3658210039138794
8.14,407,-0.9258993268013,0.3777703046798706,-1.183409333229065,-0.6637585163116455,9.443833351135254,0.3681245446205139,0.17726421356201172,0.9841632843017578,0.1782059371471405,1.1031635999679565,0.6063929796218872,1.3616153001785278
8.16,408,-0.9294309616088867,0.3689960539340973,-1.1928677558898926,-0.47291770577430725,9.54203987121582,0.4257792830467224,0.1597839742898941,0.9871519804000854,0.1604718118906021,1.0892149209976196,0.6181559562683105,1.3533395528793335
8.18,409,-0.9314860701560974,0.3637769818305969,-1.198476791381836,-0.2804553508758545,9.623117446899414,0.4817536771297455,0.14202775061130524,0.9898626804351807,0.14250962436199188,1.0735138654708862,0.6260856986045837,1.3409864902496338
8.2,410,-0.9321154952049255,0.36216121912002563,-1.2002108097076416,-0.08670080453157425,9.687727928161621,0.5358268022537231,0.12402476370334625,0.9922791123390198,0.12434494495391846,1.0561401844024658,0.6301178932189941,1.32455575466156
8.22,411,-0.9313308596611023,0.3641741871833801,-1.1980503797531128,0.10802266001701355,9.736172676086426,0.5877852439880371,0.10580514371395111,0.9943869113922119,0.10600355267524719,1.0371359586715698,0.6302127242088318,1.3040539026260376
8.24,412,-0.9291039705276489,0.3698185682296753,-1.191982626914978,0.303390234708786,9.768378257751465,0.6374239921569824,0.08739987760782242,0.9961733222007751,0.08751153200864792,1.0165038108825684,0.6263547539710999,1.2794941663742065
8.26,413,-0.9253664612770081,0.37907370924949646,-1.1820012331008911,0.4990679919719696,9.78388786315918,0.6845471262931824,0.06884065270423889,0.9976276755332947,0.06889514625072479,0.9942071437835693,0.6185539364814758,1.2508963346481323
8.28,414,-0.9200104475021362,0.3918938636779785,-1.1681071519851685,0.6947051882743835,9.7818603515625,0.728968620300293,0.05015980079770088,0.9987412095069885,0.05018085613846779,0.970170259475708,0.60684734582901,1.2182879447937012
8.3,415,-0.9128899574279785,0.4082057476043701,-1.150308609008789,0.8899267911911011,9.761080741882324,0.7705132365226746,0.031390100717544556,0.9995071887969971,0.031395260244607925,0.9442800283432007,0.591301441192627,1.181703805923462
8.32,416,-0.9038234353065491,0.4279056191444397,-1.128622055053711,1.0843262672424316,9.719970703125,0.80901700258255,0.01256471686065197,0.9999210834503174,0.012565047480165958,0.9163881540298462,0.5720154643058777,1.141187071800232
8.34,417,-0.8925970196723938,0.45085540413856506,-1.1030728816986084,1.277458667755127,9.65661907196045,0.8443279266357422,-0.006282978691160679,0.9999802708625793,-0.006283020135015249,0.8863140344619751,0.5491248369216919,1.096789836883545
8.36,418,-0.878969132900238,0.47687864303588867,-1.073696255683899,1.4688347578048706,9.56881046295166,0.8763066530227661,-0.025119516998529434,0.9996844530105591,-0.025122158229351044,0.8538496494293213,0.5228058099746704,1.0485740900039673
8.38,419,-0.8626763820648193,0.5057563185691833,-1.0405378341674805,1.6579163074493408,9.454072952270508,0.9048270583152771,-0.04391147568821907,0.9990354180335999,-0.04392559826374054,0.8187649250030518,0.4932790994644165,0.9966122508049011
8.4,420,-0.8434405326843262,0.5372225642204285,-1.0036556720733643,1.8441109657287598,9.309736251831055,0.9297764897346497,-0.06262560933828354,0.9980370998382568,-0.06266661733388901,0.7808148860931396,0.460814505815506,0.9409890174865723
8.42,421,-0.8209770917892456,0.5709611177444458,-0.9631202220916748,2.026771068572998,9.133002281188965,0.9510565400123596,-0.08122898638248444,0.9966954588890076,-0.08131857961416245,0.7397481203079224,0.42573434114456177,0.8818016648292542
8.44,422,-0.7950053215026855,0.6066024303436279,-0.919016420841217,2.2051916122436523,8.921030044555664,0.9685831665992737,-0.09968913346529007,0.9950186610221863,-0.09985499083995819,0.6953161954879761,0.38841620087623596,0.8191614151000977
8.46,423,-0.7652593851089478,0.6437220573425293,-0.8714441657066345,2.3786122798919678,8.671030044555664,0.9822872281074524,-0.11797410994768143,0.9930166602134705,-0.11824949830770493,0.6472852826118469,0.34929460287094116,0.7531946301460266
8.48,424,-0.7315003275871277,0.6818410754203796,-0.820519745349884,2.546219825744629,8.380378723144531,0.9921147227287292,-0.1360526978969574,0.9907016158103943,-0.13647596538066864,0.5954475998878479,0.30886051058769226,0.6840437650680542
8.5,425,-0.6935294270515442,0.7204282879829407,-0.7663766741752625,2.7071545124053955,8.046733856201172,0.9980267286300659,-0.15389446914196014,0.9880872964859009,-0.15450850129127502,0.5396350026130676,0.2676590085029602,0.611868143081665
8.52,426,-0.6512013077735901,0.7589050531387329,-0.7091662883758545,2.860517740249634,7.668166160583496,1.0,-0.17146988213062286,0.9851893782615662,-0.17232146859169006,0.47973141074180603,0.22628432512283325,0.5368448495864868
8.540000000000001,427,-0.6044367551803589,0.796653151512146,-0.6490586400032043,3.0053834915161133,7.243285655975342,0.9980267286300659,-0.18875043094158173,0.9820250868797302,-0.1898895502090454,0.41568630933761597,0.18537195026874542,0.45916908979415894
8.56,428,-0.5532347559928894,0.8330253958702087,-0.5862424373626709,3.140810966491699,6.771369934082031,0.9921147227287292,-0.20570865273475647,0.9786132574081421,-0.20718778669834137,0.3475261330604553,0.14558790624141693,0.37905463576316833
8.58,429,-0.4976828396320343,0.8673591017723083,-0.5209252238273621,3.2658605575561523,6.2524800300598145,0.9822872281074524,-0.22231827676296234,0.9749741554260254,-0.2241916060447693,0.27536457777023315,0.10761505365371704,0.2967336177825928
8.6,430,-0.4379642903804779,0.8989923596382141,-0.4533329904079437,3.3796117305755615,5.687558650970459,0.9685831665992737,-0.2385542392730713,0.9711291790008545,-0.24087683856487274,0.19941003620624542,0.07213680446147919,0.2124561369419098
8.620000000000001,431,-0.37436264753341675,0.9272823929786682,-0.3837093412876129,3.4811818599700928,5.078505516052246,0.9510565400123596,-0.2543927729129791,0.967100977897644,-0.25721976161003113,0.11996987462043762,0.03981860727071762,0.1264895796775818
8.64,432,-0.3072619140148163,0.9516249895095825,-0.3123144209384918,3.5697460174560547,4.428215026855469,0.9297764897346497,-0.2698114216327667,0.9629132151603699,-0.2731971740722656,0.037450507283210754,0.011288199573755264,0.039117246866226196
8.66,433,-0.2371423840522766,0.9714748859405518,-0.2394232600927353,3.6445577144622803,3.740579128265381,0.9048270583152771,-0.2847890555858612,0.9585902094841003,-0.2887863516807556,-0.0476466603577137,-0.01288468949496746,-0.04936308413743973
8.68,434,-0.1645718514919281,0.9863650798797607,-0.16532392799854279,3.7049665451049805,3.0204455852508545,0.8763066530227661,-0.29930591583251953,0.9541571736335754,-0.30396515130996704,-0.13473406434059143,-0.03220789507031441,-0.13864120841026306
8.700000000000001,435,-0.09019245952367783,0.9959243535995483,-0.09031519293785095,3.7504372596740723,2.273529529571533,0.8443279266357422,-0.31334367394447327,0.9496397972106934,-0.3187119960784912,-0.22315122187137604,-0.04628456011414528,-0.22839680314064026
8.72,436,-0.014703403227031231,0.9998918771743774,-0.014703933149576187,3.7805628776550293,1.506283164024353,0.80901700258255,-0.32688531279563904,0.9450640082359314,-0.3330059349536896,-0.31218189001083374,-0.05482788011431694,-0.3183020055294037
8.74,437,0.061159420758485794,0.9981279969215393,0.061197612434625626,3.795077323913574,0.7257254719734192,0.7705132365226746,-0.33991512656211853,0.9404560923576355,-0.3468266427516937,-0.4010745584964752,-0.05767189711332321,-0.40802428126335144
8.76,438,0.13664600253105164,0.990619957447052,0.13707485795021057,3.7938621044158936,-0.060759179294109344,0.728968620300293,-0.35241883993148804,0.9358423948287964,-0.36015450954437256,-0.4890648424625397,-0.054777562618255615,-0.49722936749458313
8.78,439,0.21101561188697815,0.9774826765060425,0.21261385083198547,3.776949405670166,-0.8456432223320007,0.6845471262931824,-0.36438336968421936,0.9312490224838257,-0.3729705810546875,-0.5753989815711975,-0.04623366519808769,-0.5855844020843506
8.8,440,0.28355979919433594,0.9589545726776123,0.2875042259693146,3.7445194721221924,-1.6214865446090698,0.6374239921569824,-0.37579697370529175,0.9267020225524902,-0.3852566182613373,-0.6593567728996277,-0.032252535223960876,-0.6727608442306519
8.82,441,0.35362356901168823,0.9353877902030945,0.3614421486854553,3.6968963146209717,-2.381162166595459,0.5877852439880371,-0.3866489827632904,0.9222269654273987,-0.3969951868057251,-0.740272581577301,-0.013160855509340763,-0.7584373354911804
8.84,442,0.42062386870384216,0.9072351455688477,0.4341328740119934,3.634535074234009,-3.118065357208252,0.5358268022537231,-0.3969299793243408,0.9178488850593567,-0.40816962718963623,-0.8175538778305054,0.010613768361508846,-0.8423025012016296
8.86,443,0.48406389355659485,0.8750326633453369,0.505293071269989,3.558009147644043,-3.8262932300567627,0.4817536771297455,-0.40663158893585205,0.9135922193527222,-0.41876402497291565,-0.8906954526901245,0.03855956718325615,-0.9240570664405823
8.88,444,0.5435434579849243,0.8393809795379639,0.574652910232544,3.4679934978485107,-4.500787734985352,0.4257792830467224,-0.41574639081954956,0.9094805717468262,-0.42876332998275757,-0.9592898488044739,0.07009957730770111,-1.0034162998199463
8.9,445,0.5987646579742432,0.8009250164031982,0.6419578194618225,3.3652446269989014,-5.137436866760254,0.3681245446205139,-0.42426797747612,0.9055367112159729,-0.43815332651138306,-1.0230326652526855,0.10461165755987167,-1.0801111459732056
8.92,446,0.6495325565338135,0.760333776473999,0.7069694399833679,3.250582218170166,-5.733126163482666,0.30901700258255005,-0.43219074606895447,0.901782214641571,-0.4469207227230072,-1.0817232131958008,0.14144840836524963,-1.1538901329040527
8.94,447,0.6957523226737976,0.7182817459106445,0.7694668173789978,3.1248669624328613,-6.28575325012207,0.24868988990783691,-0.43950989842414856,0.8982377648353577,-0.4550529718399048,-1.1352622509002686,0.17995598912239075,-1.2245197296142578
8.96,448,0.7374225854873657,0.6754316091537476,0.829246461391449,2.988983154296875,-6.794192314147949,0.187381312251091,-0.44622138142585754,0.8949226140975952,-0.46253859996795654,-1.1836440563201904,0.21949097514152527,-1.2917850017547607
8.98,449,0.7746255993843079,0.6324201226234436,0.8861228227615356,2.8438186645507812,-7.2582316398620605,0.12533323466777802,-0.45232176780700684,0.8918548226356506,-0.4693669378757477,-1.22694730758667,0.25943470001220703,-1.355489730834961
9.0,450,0.8075155019760132,0.5898463129997253,0.9399278163909912,2.690248966217041,-7.6784772872924805,0.06279052048921585,-0.45780816674232483,0.8890510201454163,-0.4755282700061798,-1.2653236389160156,0.29920467734336853,-1.4154560565948486
9.02,451,0.8363058567047119,0.5482631921768188,0.9905102849006653,2.5291242599487305,-8.05624008178711,5.879542407544744e-15,-0.4626781940460205,0.8865262866020203,-0.48101383447647095,-1.2989840507507324,0.3382631242275238,-1.4715241193771362
9.040000000000001,452,0.8612556457519531,0.5081719160079956,1.0377354621887207,2.3612561225891113,-8.393406867980957,-0.06279052048921585,-0.46692997217178345,0.8842942714691162,-0.4858158528804779,-1.3281856775283813,0.3761223554611206,-1.5235512256622314
9.06,453,0.8826560974121094,0.4700193703174591,1.0814836025238037,2.1874098777770996,-8.692314147949219,-0.12533323466777802,-0.4705619513988495,0.882366955280304,-0.4899275302886963,-1.3532180786132812,0.41234761476516724,-1.5714111328125
9.08,454,0.9008179306983948,0.4341970682144165,1.1216496229171753,2.0082976818084717,-8.955608367919922,-0.187381312251091,-0.47357288002967834,0.8807546496391296,-0.49334296584129333,-1.374390721321106,0.44655755162239075,-1.6149924993515015
9.1,455,0.9160591959953308,0.4010431170463562,1.158141016960144,1.8245750665664673,-9.186128616333008,-0.24868988990783691,-0.475961834192276,0.8794659376144409,-0.4960573613643646,-1.3920210599899292,0.4784228205680847,-1.654198408126831
9.120000000000001,456,0.9286948442459106,0.3708447515964508,1.190877914428711,1.6368393898010254,-9.386786460876465,-0.30901700258255005,-0.47772809863090515,0.8785077333450317,-0.49806681275367737,-1.4064229726791382,0.5076630115509033,-1.688944697380066
9.14,457,0.9390273094177246,0.3438425064086914,1.2197904586791992,1.4456300735473633,-9.560462951660156,-0.3681245446205139,-0.47887122631073,0.8778851628303528,-0.49936848878860474,-1.4178985357284546,0.5340426564216614,-1.7191588878631592
9.16,458,0.9473382234573364,0.3202347159385681,1.2448190450668335,1.2514317035675049,-9.709918975830078,-0.4257792830467224,-0.4793908894062042,0.8776015043258667,-0.4999605119228363,-1.4267290830612183,0.5573667883872986,-1.7447795867919922
9.18,459,0.9538818597793579,0.3001822233200073,1.265912652015686,1.0546774864196777,-9.837713241577148,-0.4817536771297455,-0.47928696870803833,0.8776582479476929,-0.49984210729599,-1.433168888092041,0.5774760246276855,-1.7657546997070312
9.200000000000001,460,0.9588795900344849,0.2838132679462433,1.2830277681350708,0.8557546138763428,-9.946142196655273,-0.5358268022537231,-0.4785594642162323,0.8780551552772522,-0.49901336431503296,-1.43743896484375,0.5942418575286865,-1.782041072845459
9.22,461,0.9625151753425598,0.27122774720191956,1.2961279153823853,0.655010998249054,-10.037181854248047,-0.5877852439880371,-0.47720855474472046,0.8787900805473328,-0.4974755048751831,-1.4397237300872803,0.6075623035430908,-1.7936034202575684
9.24,462,0.9649317264556885,0.26250094175338745,1.3051831722259521,0.45276203751564026,-10.112448692321777,-0.6374239921569824,-0.47523465752601624,0.8798590898513794,-0.49523070454597473,-1.4401663541793823,0.6173581480979919,-1.800413966178894
9.26,463,0.9662285447120667,0.257686585187912,1.3101692199707031,0.24929870665073395,-10.173165321350098,-0.6845471262931824,-0.4726382791996002,0.8812565207481384,-0.4922821819782257,-1.4388668537139893,0.623569905757904,-1.8024513721466064
9.28,464,0.9664595723152161,0.25681889057159424,1.3110671043395996,0.044895999133586884,-10.220135688781738,-0.728968620300293,-0.4694202244281769,0.8829748630523682,-0.48863404989242554,-1.4358798265457153,0.6261559724807739,-1.7997010946273804
9.3,465,0.9656318426132202,0.25991368293762207,1.307863473892212,-0.1601785272359848,-10.2537260055542,-0.7705132365226746,-0.4655815362930298,0.885004997253418,-0.48429158329963684,-1.43121337890625,0.6250913143157959,-1.792155146598816
9.32,466,0.96370530128479,0.26696842908859253,1.3005504608154297,-0.36565566062927246,-10.273856163024902,-0.80901700258255,-0.4611234664916992,0.8873359560966492,-0.4792608916759491,-1.4248287677764893,0.6203675270080566,-1.7798112630844116
9.34,467,0.9605922698974609,0.27796122431755066,1.2891253232955933,-0.5712555050849915,-10.279994010925293,-0.8443279266357422,-0.45604774355888367,0.8899553418159485,-0.47354915738105774,-1.416640043258667,0.6119940876960754,-1.7626744508743286
9.36,468,0.9561588764190674,0.29284849762916565,1.2735917568206787,-0.7766786217689514,-10.271154403686523,-0.8763066530227661,-0.4503563940525055,0.8928488492965698,-0.46716445684432983,-1.4065152406692505,0.6000003814697266,-1.7407561540603638
9.38,469,0.9502257704734802,0.31156212091445923,1.2539597749710083,-0.981596827507019,-10.245911598205566,-0.9048270583152771,-0.44405198097229004,0.8960010409355164,-0.460115909576416,-1.394277811050415,0.5844389200210571,-1.7140756845474243
9.4,470,0.9425712823867798,0.3340050280094147,1.230246901512146,-1.1856451034545898,-10.202411651611328,-0.9297764897346497,-0.43713751435279846,0.899394690990448,-0.45241352915763855,-1.3797087669372559,0.5653896331787109,-1.682660460472107
9.42,471,0.9329343438148499,0.36004647612571716,1.2024786472320557,-1.3884130716323853,-10.138399124145508,-0.9510565400123596,-0.42961665987968445,0.9030113816261292,-0.44406822323799133,-1.362550973892212,0.5429648756980896,-1.6465468406677246
9.44,472,0.9210195541381836,0.3895164132118225,1.1706898212432861,-1.5894380807876587,-10.051248550415039,-0.9685831665992737,-0.4214937090873718,0.9068313241004944,-0.43509188294410706,-1.3425132036209106,0.5173149108886719,-1.6057817935943604
9.46,473,0.906502902507782,0.4221996068954468,1.1349258422851562,-1.7881983518600464,-9.938016891479492,-0.9822872281074524,-0.4127737283706665,0.9108335971832275,-0.42549723386764526,-1.3192765712738037,0.48863399028778076,-1.5604231357574463
9.48,474,0.8890398740768433,0.4578298032283783,1.0952436923980713,-1.984108328819275,-9.79549789428711,-0.9921147227287292,-0.40346255898475647,0.9149961471557617,-0.4152979552745819,-1.2925024032592773,0.4571663439273834,-1.5105416774749756
9.5,475,0.8682745099067688,0.4960840344429016,1.051713466644287,-2.1765143871307373,-9.620302200317383,-0.9980267286300659,-0.39356696605682373,0.9192959666252136,-0.404508501291275,-1.2618415355682373,0.4232119023799896,-1.4562219381332397
9.52,476,0.8438506722450256,0.5365781188011169,1.0044195652008057,-2.3646934032440186,-9.408946990966797,-1.0,-0.3830946385860443,0.9237090945243835,-0.3931442201137543,-1.2269452810287476,0.387131005525589,-1.3975638151168823
9.540000000000001,477,0.8154247403144836,0.5788631439208984,0.953462541103363,-2.5478527545928955,-9.157966613769531,-0.9980267286300659,-0.3720543384552002,0.928210973739624,-0.3812212646007538,-1.187479019165039,0.3493478298187256,-1.3346837759017944
9.56,478,0.7826799154281616,0.6224244236946106,0.8989598751068115,-2.7251334190368652,-8.864038467407227,-0.9921147227287292,-0.36045587062835693,0.9327762722969055,-0.36875656247138977,-1.1431357860565186,0.3103518784046173,-1.267716407775879
9.58,479,0.7453418970108032,0.6666824221611023,0.8410475254058838,-2.895615816116333,-8.524120330810547,-0.9822872281074524,-0.3483102321624756,0.9373793005943298,-0.3557678461074829,-1.0936521291732788,0.2706969082355499,-1.1968153715133667
9.6,480,0.703194797039032,0.7109972238540649,0.7798810005187988,-3.0583279132843018,-8.13560676574707,-0.9685831665992737,-0.3356296420097351,0.9419940114021301,-0.3422735631465912,-1.038824439048767,0.23099678754806519,-1.1221544742584229
9.620000000000001,481,0.656097412109375,0.7546762228012085,0.7156358361244202,-3.2122576236724854,-7.696481227874756,-0.9510565400123596,-0.32242754101753235,0.9465941190719604,-0.3282928764820099,-0.978524923324585,0.19191791117191315,-1.0439287424087524
9.64,482,0.6039983630180359,0.7969855666160583,0.6485084891319275,-3.3563671112060547,-7.205479145050049,-0.9297764897346497,-0.308718740940094,0.9511533975601196,-0.313845694065094,-0.9127171039581299,0.15416781604290009,-0.9623541831970215
9.66,483,0.5469496846199036,0.8371654748916626,0.5787162184715271,-3.489611864089966,-6.662232398986816,-0.9048270583152771,-0.2945193350315094,0.9556455016136169,-0.29895249009132385,-0.8414689898490906,0.11848003417253494,-0.8776687383651733
9.68,484,0.4851170778274536,0.8744491934776306,0.5064970254898071,-3.610959768295288,-6.067402362823486,-0.8763066530227661,-0.27984675765037537,0.9600446820259094,-0.2836344838142395,-0.7649638056755066,0.08559547364711761,-0.7901315093040466
9.700000000000001,485,0.4187866449356079,0.9080846309661865,0.43210873007774353,-3.7194154262542725,-5.422778606414795,-0.8443279266357422,-0.2647198438644409,0.9643253684043884,-0.2679134011268616,-0.6835064888000488,0.05624070391058922,-0.7000221610069275
9.72,486,0.34836652874946594,0.9373583793640137,0.3558278977870941,-3.814042329788208,-4.7313432693481445,-0.80901700258255,-0.2491588294506073,0.9684626460075378,-0.25181159377098083,-0.5975253582000732,0.031104234978556633,-0.607639491558075
9.74,487,0.2743830978870392,0.9616204500198364,0.27794814109802246,-3.8939881324768066,-3.997286558151245,-0.7705132365226746,-0.23318526148796082,0.9724323153495789,-0.23535196483135223,-0.507568359375,0.010811868123710155,-0.5133001208305359
9.76,488,0.1974715292453766,0.9803086519241333,0.19877798855304718,-3.9585072994232178,-3.2259674072265625,-0.728968620300293,-0.2168220430612564,0.9762111306190491,-0.21855787932872772,-0.4142935574054718,-0.00409747613593936,-0.4173358678817749
9.78,489,0.11836019903421402,0.9929707050323486,0.1186383068561554,-4.006983757019043,-2.4238173961639404,-0.6845471262931824,-0.2000933736562729,0.9797768592834473,-0.20145322382450104,-0.3184535801410675,-0.013193893246352673,-0.32009151577949524
9.8,490,0.037850312888622284,0.9992834329605103,0.03785935789346695,-4.038947582244873,-1.5981884002685547,-0.6374239921569824,-0.18302473425865173,0.9831082820892334,-0.18406227231025696,-0.22087503969669342,-0.016175109893083572,-0.2219216376543045
9.82,491,-0.04320899397134781,0.9990660548210144,-0.04322245344519615,-4.05409049987793,-0.7571494579315186,-0.5877852439880371,-0.16564279794692993,0.9861857891082764,-0.16640977561473846,-0.12243379652500153,-0.012880238704383373,-0.12318731844425201
9.84,492,-0.12394837290048599,0.9922886490821838,-0.12426795810461044,-4.05227518081665,0.09075796604156494,-0.5358268022537231,-0.1479753702878952,0.9889910221099854,-0.1485207974910736,-0.02402699925005436,-0.0032976220827549696,-0.02425283193588257
9.86,493,-0.2035071849822998,0.9790734648704529,-0.20493875443935394,-4.033539295196533,0.9367936253547668,-0.4817536771297455,-0.13005132973194122,0.9915072321891785,-0.1304207593202591,0.07345585525035858,0.012433810159564018,0.07451799511909485
9.88,494,-0.2810620665550232,0.9596896171569824,-0.28490060567855835,-3.998093366622925,1.7723032236099243,-0.4257792830467224,-0.11190052330493927,0.9937193989753723,-0.1121353805065155,0.16916155815124512,0.034029822796583176,0.17276524007320404
9.9,495,-0.35585319995880127,0.9345418810844421,-0.3638268709182739,-3.9463133811950684,2.588999032974243,-0.3681245446205139,-0.09355364739894867,0.995614230632782,-0.0936906561255455,0.2622995674610138,0.06107237935066223,0.2701362371444702
9.92,496,-0.42720702290534973,0.9041538238525391,-0.4414014518260956,-3.8787291049957275,3.379218578338623,-0.30901700258255005,-0.07504218071699142,0.9971803426742554,-0.07511279731988907,0.3521648347377777,0.0930265262722969,0.3662886619567871
9.94,497,-0.49455398321151733,0.8691469430923462,-0.5173215866088867,-3.796006202697754,4.136147499084473,-0.24868988990783691,-0.05639825016260147,0.9984083771705627,-0.05642819404602051,0.43815574049949646,0.12926143407821655,0.4608933925628662
9.96,498,-0.5574408769607544,0.830216646194458,-0.5913001298904419,-3.6989262104034424,4.8539934158325195,-0.187381312251091,-0.03765450045466423,0.9992908239364624,-0.037663403898477554,0.5197863578796387,0.1690741777420044,0.5536367297172546
9.98,499,-0.615537166595459,0.7881078720092773,-0.6630674004554749,-3.5883641242980957,5.5281081199646,-0.12533323466777802,-0.01884397678077221,0.9998224377632141,-0.01884509064257145,0.596693217754364,0.21171459555625916,0.6442223191261292
