time,angle,velocity,acceleration,torque,target,error,reward,pid_integral,pid_derivative
0.01,0.0,0.0,0.0,0.0,0.0,0.0,-0.0,0.0,0.0
0.02,0.001,0.1,10.0,10.0,0.015705378726124763,0.014705378726124763,-1.014715378726125,0.00015705378726124764,1.5705378726124763
0.03,0.00299350950008175,0.199350950008175,9.9350950008175,10.0,0.031395260244607925,0.028401750744526177,-1.0284414915457953,0.00046100638970732687,1.468988151848316
0.04,0.005978557176446582,0.29850476763648315,9.915381762830819,10.0,0.04705415666103363,0.04107559948458705,-1.0411647045808887,0.0009016128613168457,1.3665386916343953
0.05,0.009952687340309328,0.3974130163862745,9.890824874979138,10.0,0.06266661733388901,0.05271392999357968,-1.052871867099173,0.00146849346289127,1.2627412996490548
0.06,0.014912961661462528,0.49602743211531997,9.861441572904544,10.0,0.07821723073720932,0.0633042690757468,-1.0635503122891576,0.00215113889686027,1.1576483239457571
0.07,0.020855961171727794,0.5942999510265266,9.827251891120653,10.0,0.0936906561255455,0.07283469495381771,-1.0731878873856078,0.0029389158415011,1.051315106718298
0.08,0.027777788575126736,0.6921827403398942,9.788278931336768,10.0,0.10907161980867386,0.08129383123354712,-1.0817729481795717,0.0038210724278705606,0.9437964172863091
0.09,0.03567407089794684,0.7896282322820103,9.744549194211599,10.0,0.12434494495391846,0.08867087405597163,-1.0892943868011884,0.004786743991658478,0.8351497741845654
0.1,0.04453996251790098,0.8865891619954142,9.696092971340388,10.0,0.13949555158615112,0.09495558906825013,-1.0957416294104179,0.005824958798540521,0.7254324309412571
0.11,0.05437014861723114,0.9830186099330158,9.642944793760165,10.0,0.15450850129127502,0.10013835267404389,-1.1011046782615184,0.006924644186274261,0.6147058085169743
0.12,0.06515884910983535,1.0788700492604215,9.58514393274056,10.0,0.16936896741390228,0.10421011830406693,-1.1053740788872581,0.008074632374240973,0.5030280023297112
0.13,0.07689982309725095,1.174097398741559,9.522734948113763,10.0,0.18406227231025696,0.10716244921300601,-1.1085409539147377,0.00926366660624519,0.39046044037504557
0.14,0.0895863739125555,1.2686550815304547,9.455768278889563,10.0,0.19857394695281982,0.10898757304026432,-1.1105970587561573,0.01048040784480088,0.27707006551472707
0.15,0.10321135481490037,1.3624980902344879,9.384300870403324,10.0,0.2128896415233612,0.10967828670846083,-1.1115346877543535,0.011713440520908936,0.1629143755236831
0.16,0.11776717540042134,1.4555820585520967,9.308396831760877,10.0,0.22699524462223053,0.1092280692218092,-1.111346788350988,0.012951279418982237,0.04806221965244495
0.17,0.13324580879763032,1.5478633397208972,9.228128116880047,10.0,0.24087683856487274,0.10763102976724243,-1.1100269106856944,0.014182376050626751,-0.06742266428787502
0.18,0.14949999236117897,1.6254183563548645,7.7555016633967355,8.611926441406283,0.2545207142829895,0.10502072192181053,-0.8493154770769127,0.015395125105480342,-0.18347576790922193
0.19,0.16628827884906466,1.6788286487885675,5.3410292433703,6.284140029146457,0.2679134011268616,0.10162512227779691,-0.4993477469689984,0.01657925919313717,-0.2861496719676587
0.2,0.18340684768336565,1.7118568834300991,3.3028234641531586,4.332596527493148,0.28104168176651,0.09763483408314436,-0.28827921477294827,0.01772679322231162,-0.3660005848237252
0.21,0.20068400406792225,1.7277156384556593,1.5858755025560154,2.7016367271345825,0.29389262199401855,0.0932086179260963,-0.1691820293074851,0.01883165096541815,-0.4267628606792445
0.22,0.21797544128990953,1.7291437221987278,0.14280837430685334,1.3433409400119682,0.30645352602005005,0.08847808473014052,-0.10951367155328218,0.019889346184939427,-0.47162523585251026
0.23,0.23516018360127874,1.7184742311369205,-1.066949106180723,0.21668826909418115,0.3187119960784912,0.08355181247721247,-0.08697450421992442,0.020896711732825243,-0.503296716354612
0.24,0.2521371032416929,1.6976919640414145,-2.0782267095506053,-0.7135203520874125,0.33065593242645264,0.07851882918475972,-0.08649210011795996,0.021851669221076984,-0.5240805963407785
0.25,0.2688219387855457,1.668483554385278,-2.9208409656136567,-1.47740151186016,0.3422735631465912,0.07345162436104546,-0.09806261400476647,0.022753033820125966,-0.5359288920275623
0.26,0.28514472669550284,1.632278790995712,-3.620476338956603,-2.1008802374886635,0.3535533845424652,0.06840865784696237,-0.11520996962120102,0.023600348277695162,-0.5405014147978782
0.27,0.3010476330824501,1.5902906386947235,-4.1988152300988295,-2.6058288179649,0.3644843101501465,0.0634366770676964,-0.13386913966857997,0.0243937441122416,-0.539186230227584
0.28,0.31648306681556587,1.5435433733115795,-4.674726538314397,-3.0112625265682578,0.3750555217266083,0.058572454911042404,-0.15163200109547895,0.02513382299868318,-0.5331694810485454
0.29,0.33141209828510027,1.4929031469534402,-5.06402263581393,-3.3331036670650187,0.3852566182613373,0.053844519976237015,-0.16716908033644326,0.025821558513140896,-0.5234337198386785
0.3,0.3458030841196849,1.4390985834584653,-5.380456349497494,-3.585183954481228,0.39507749676704407,0.049274412647359156,-0.17988085725496789,0.026458212497960334,-0.5108152963827606
0.31,0.3596305260264635,1.382744190677857,-5.635439278060831,-3.778968236851605,0.404508501291275,0.04487797526481152,-0.18959596611299817,0.027045266669676236,-0.49599813103536894
0.32,0.3728740675857438,1.3243541559280303,-5.839003474982678,-3.924520157188115,0.4135402739048004,0.0406662063190566,-0.19643870489113874,0.027584364148459606,-0.4795669293253202
0.33,0.3855176854296819,1.2643617843938102,-5.9992371534220155,-4.029942088148735,0.4221639633178711,0.036646277888189194,-0.20064922094835053,0.02807726310578088,-0.46198521462096354
0.34,0.3975489587120666,1.2031273282384685,-6.123445615534179,-4.102538748125542,0.4303710162639618,0.03282205755189521,-0.20257781471856434,0.02852579641412368,-0.4436564897847384
0.35000000000000003,0.40895848184046185,1.140952312839525,-6.217501539894346,-4.148170889074015,0.43815332651138306,0.029194844670921205,-0.2025698341007061,0.028931840092116842,-0.42489630349634155
0.36,0.41973937432226427,1.0780892481802429,-6.286306465928214,-4.171718786631519,0.44550326466560364,0.02576389034333937,-0.20095854311772476,0.02929728792036826,-0.40595849741746903
0.37,0.4298868361224745,1.014746180021027,-6.334306815921603,-4.177600201310363,0.45241352915763855,0.022526693035164025,-0.19807983726491515,0.029624029468722002,-0.38706279897675056
0.38,0.4393978114311968,0.951097530872231,-6.364864914879585,-4.169143562599157,0.4588773250579834,0.01947951362678657,-0.1942016805956377,0.029913934358077092,-0.3683665899865407
0.39,0.448270681807697,0.8872870376500209,-6.381049322221013,-4.1493792682245605,0.46488824486732483,0.016617563059627805,-0.18957832446252745,0.03016883869243837,-0.3500055499380872
0.4,0.45650503491607114,0.8234353108374113,-6.385172681260959,-4.120579086660394,0.4704403877258301,0.013935352809758939,-0.18440511861512288,0.0303905357516197,-0.3320727517994948
0.41000000000000003,0.46410145349027504,0.7596418574203913,-6.379345341702002,-4.0848104660126925,0.4755282700061798,0.01142681651590477,-0.1788606376999182,0.030580768102520788,-0.31464708280243836
0.42,0.47106134683630346,0.6959893346028404,-6.365252281755088,-4.043714545237098,0.4801468551158905,0.00908550827958704,-0.1730861826670886,0.030741222118776942,-0.2977833464493207
0.43,0.47738681840578007,0.6325471569476613,-6.344217765517917,-3.9985714333967293,0.48429158329963684,0.006904764893856774,-0.1671906158793831,0.030873524483410276,-0.2815165162282085
0.44,0.4830805576360838,0.5693739230303777,-6.3173233917283556,-3.9504187362188574,0.4879583716392517,0.004877814003167891,-0.16126008258208485,0.030979240015744994,-0.2658683229861736
0.45,0.4881457523286793,0.5065194692595489,-6.285445377082872,-3.9000892840950767,0.4911436140537262,0.002997861725046902,-0.15536138793691837,0.031059870579921416,-0.2508496815829264
0.46,0.49258601836919075,0.444026604051148,-6.249286520840092,-3.848243448474858,0.4938441812992096,0.0012581629300188468,-0.14954509894242074,0.03111685486962672,-0.23646274471120776
0.47000000000000003,0.49640533153375294,0.3819313164562195,-6.20952875949285,-3.7955219681996764,0.4960573613643646,-0.00034797016938831193,-0.14455371181074175,0.03115156829957846,-0.22270859753564243
0.48,0.4996079986411289,0.3202667107375965,-6.166460571862306,-3.74217373623888,0.497780978679657,-0.001827019961471943,-0.1419682334494392,0.031165324771037502,-0.20956958492698297
0.49,0.502198630352192,0.2590631711063124,-6.1203539631284105,-3.688432592331857,0.49901336431503296,-0.0031852660371590735,-0.13929772964554177,0.03115937842777654,-0.19702814720000128
0.5,0.5041821027605925,0.19834724084005081,-6.071593026626156,-3.634646036311726,0.49975326657295227,-0.004428836187640228,-0.1365746959083545,0.031134924789984145,-0.18507294531437957
0.51,0.5055635596075935,0.1381456847000947,-6.020155613995612,-3.580757201140941,0.5,-0.005563559607593471,-0.13380086517302178,0.03109310376237822,-0.17367389813527367
0.52,0.5063483795806732,0.07848199730797494,-5.966368739211976,-3.527059843241206,0.49975326657295227,-0.006595113007720976,-0.13100278380966926,0.031035000832031808,-0.1628190274048702
0.53,0.506542195628972,0.0193816048298767,-5.910039247809824,-3.473329481768449,0.49901336431503296,-0.0075288313139389995,-0.1281693838497636,0.030961650679375407,-0.1524722230999087
0.54,0.5061508701034227,-0.039132552554916634,-5.851415738479333,-3.4197846771820517,0.497780978679657,-0.008369891423765763,-0.12532069516332672,0.030874038509882257,-0.14262016836746882
0.55,0.5051905141317161,-0.09603559717066733,-5.690304461575069,-3.366203419167186,0.4960573613643646,-0.009133152767351493,-0.12245563019540395,0.030773103422491677,-0.13322917897431452
0.56,0.5036653606813007,-0.15251534504153885,-5.647974787087152,-3.3336850692057887,0.4938441812992096,-0.00982117938209115,-0.12097900171902035,0.03065964009416661,-0.12528240934484014
0.5700000000000001,0.5015802321681094,-0.20851285131913466,-5.599750627759582,-3.297658026614597,0.4911436140537262,-0.010436618114383234,-0.11922558032850525,0.030534422627890866,-0.11754137950680255
0.58,0.49894050745146973,-0.263972471663971,-5.54596203448363,-3.258431815226095,0.4879583716392517,-0.010982135812218019,-0.11722559622279065,0.03039820402260229,-0.11001139012831729
0.59,0.49575207017649586,-0.31884372749738515,-5.487125583341418,-3.2165025133227814,0.48429158329963684,-0.011460486876859022,-0.11502103238154114,0.03025171478108396,-0.10270636229751662
0.6,0.49202127909801513,-0.37307910784807247,-5.423538035068731,-3.1721466973007018,0.4801468551158905,-0.011874423982124627,-0.11263875869479484,0.030095662630477908,-0.09562909087724725
0.61,0.487754944342203,-0.4266334755812141,-5.355436773314166,-3.1255816462478574,0.4755282700061798,-0.012226674336023202,-0.11010129673212438,0.029930732539559555,-0.08877940312299604
0.62,0.48296030864460554,-0.47946356975974597,-5.283009417853186,-3.076974840978562,0.4704403877258301,-0.012519920918775462,-0.1074275479536527,0.029757586973395825,-0.08215475245376136
0.63,0.47764503274336334,-0.5315275901242189,-5.206402036447295,-3.026452036187396,0.46488824486732483,-0.012756787876038511,-0.10463342872853014,0.02957686633562302,-0.07575071609077777
0.64,0.4718171779683164,-0.5827854775046952,-5.125788738047636,-2.974166692148763,0.4588773250579834,-0.012939852910333005,-0.10173616694999453,0.02938918925876922,-0.06956439080992305
0.65,0.4654851864540651,-0.6331991514251267,-5.041367392043151,-2.9202956039569847,0.45241352915763855,-0.013071657296426564,-0.09875386260669697,0.029195152770662442,-0.06359411252979119
0.66,0.45865788437803584,-0.682730207602928,-4.953105617780124,-2.8647847988856148,0.44550326466560364,-0.013154619712432203,-0.09569065968806666,0.02899533355277783,-0.05782729777836226
0.67,0.4513444606254978,-0.7313423752538003,-4.861216765087227,-2.8078250633067805,0.43815332651138306,-0.013191134114114766,-0.0925648116452939,0.0287902879741113,-0.05226360781913075
0.68,0.44355447489918337,-0.7789985726314462,-4.765619737764591,-2.749311890615138,0.4303710162639618,-0.013183458635221579,-0.08937745613016126,0.02858055353049594,-0.04688864948832472
0.6900000000000001,0.43529782785541965,-0.8256647043763738,-4.666613174492756,-2.689519113536891,0.4221639633178711,-0.013133864537548556,-0.08615071736240412,0.028366648414682817,-0.041706721977624595
0.7000000000000001,0.42658476824579233,-0.8713059609627294,-4.564125658635558,-2.628349404924073,0.4135402739048004,-0.013044494340991919,-0.0828858743622484,0.028149072875176626,-0.0367042369306958
0.71,0.4174258934698054,-0.9158874775986906,-4.458151663596124,-2.565769601191566,0.404508501291275,-0.012917392178530385,-0.07958797851413975,0.027928310205631454,-0.031871300389807455
0.72,0.40783211950269543,-0.9593773967109971,-4.3489919112306525,-2.50205090437816,0.39507749676704407,-0.012754622735651366,-0.07627761500596703,0.02770482623860384,-0.027212974824403213
0.73,0.3978147002601371,-1.0017419242558327,-4.236452754483569,-2.4369684890675365,0.3852566182613373,-0.01255808199879982,-0.07294972304869272,0.027479071226190258,-0.02271045385968118
0.74,0.3873852007065201,-1.0429499553616999,-4.1208031105867065,-2.370757643285672,0.3750555217266083,-0.012329678979911829,-0.06962234162127515,0.02725147944085497,-0.018367729217066975
0.75,0.3765555062818841,-1.0829694424635994,-4.001948710189944,-2.3032883959740453,0.3644843101501465,-0.012071196131737627,-0.06629539329533446,0.02702247053529123,-0.014171202284479767
0.76,0.36533780013427924,-1.1217706147604853,-3.8801172296886004,-2.234750046853481,0.3535533845424652,-0.011784415591814035,-0.06298386262307051,0.02679244931789704,-0.010123118304528056
0.77,0.3537445696854224,-1.1593230448856844,-3.755243012519896,-2.165036125826918,0.3422735631465912,-0.011471006538831208,-0.059688850722590524,0.02656180694802016,-0.006211524826915671
0.78,0.34178858141279134,-1.195598827263106,-3.6275782377421546,-2.09435506270607,0.33065593242645264,-0.0111326489863387,-0.056425336828917066,0.02633092057543046,-0.0024400271281699304
0.79,0.32948289158023475,-1.2305689832556592,-3.4970155992553345,-2.022553136869875,0.3187119960784912,-0.010770895501743538,-0.053192407438916116,0.02610015472208746,0.0012051924669631564
0.8,0.3168408244693801,-1.2642067110854642,-3.3637727829805093,-1.9497983971227626,0.30645352602005005,-0.010387298449330062,-0.05000265495190853,0.025869861066485613,0.004721977411542566
0.81,0.30387596717846155,-1.296485729091857,-3.2279018006392812,-1.8760902874725485,0.29389262199401855,-0.009983345184442993,-0.046861368097670136,0.025640379041731998,0.008116308482314372
0.8200000000000001,0.29060215952224777,-1.327380765621375,-3.0895036529517963,-1.801474052498992,0.28104168176651,-0.009560477755737762,-0.04377550507095076,0.025412036187612484,0.01139170634100184
0.8300000000000001,0.27703348607449685,-1.3568673447750936,-2.948657915371874,-1.725970320371356,0.2679134011268616,-0.009120084947635276,-0.04075090940698029,0.02518514860365862,0.014552701656533884
0.84,0.2631842574805318,-1.3849228593965053,-2.805551462141167,-1.649703762535594,0.2545207142829895,-0.008663543197542312,-0.037796779565262256,0.024960020885743547,0.017598660387885268
0.85,0.249069004695472,-1.411525278505981,-2.660241910947588,-1.5726666729034884,0.24087683856487274,-0.008192166130599254,-0.034917374383073914,0.024736946696586957,0.020535287584827477
0.86,0.23470246840751172,-1.4366536287960288,-2.5128350290047625,-1.49489623153039,0.22699524462223053,-0.0077072237852811865,-0.0321183448648516,0.024516209095854544,0.02336588424176056
0.87,0.22009958755431216,-1.4602880853199551,-2.3634456523926444,-1.4164355019630086,0.2128896415233612,-0.007209946030950959,-0.02940528263529038,0.024298080827013038,0.02609331890909561
0.88,0.2052754839569719,-1.4824103597340266,-2.2122274414071397,-1.3373632506229138,0.19857394695281982,-0.006701537004152075,-0.02678448211996571,0.024082824420998114,0.028718628265816948
0.89,0.19024544684638017,-1.5030037110591739,-2.059335132514735,-1.2577563320713856,0.18406227231025696,-0.006183174536123215,-0.024261704600237518,0.023870692304530965,0.03124289547773995
0.9,0.17502492983859963,-1.5220517007780545,-1.9047989718880558,-1.1775642396716248,0.16936896741390228,-0.005655962424697347,-0.021839179190072833,0.023661927510206186,0.0336732214237051
0.91,0.15962952391982524,-1.539540591877438,-1.7488891099383517,-1.096973452178562,0.15450850129127502,-0.005121022628550215,-0.019524715410434067,0.02345676322473294,0.036005088515328465
0.92,0.14407495417235702,-1.5554569747468208,-1.5916382869382653,-1.0159305710524706,0.13949555158615112,-0.0045794025862059,-0.017319998238484423,0.0232554235013962,0.03824562136504894
0.93,0.12837706511583566,-1.5697889056521375,-1.433193090531674,-0.9344934572806376,0.12434494495391846,-0.004032120161917202,-0.015229137587228925,0.023058123409211814,0.04039631152355505
0.9400000000000001,0.11255180121535863,-1.5825263900477036,-1.2737484395566006,-0.8527660186012478,0.10907161980867386,-0.003480181406684768,-0.01325667000669242,0.022865068956140197,0.04245639112767652
0.9500000000000001,0.09661519745536863,-1.5936603759989991,-1.1133985951295593,-0.7707494992315409,0.0936906561255455,-0.00292454132982313,-0.011404842629509112,0.022676457505242067,0.04443002173486754
0.96,0.08058336272195335,-1.6031834733415273,-0.9523097342528126,-0.6885151501276994,0.07821723073720932,-0.00236613198474403,-0.009676860353493119,0.022492477838060475,0.04631783716538135
0.97,0.06447246657083089,-1.6110896151122458,-0.7906141770718356,-0.6060987747746975,0.06266661733388901,-0.001805849236941881,-0.0080750162326983,0.022313310384179833,0.048122133009496915
0.98,0.04829872259869202,-1.6173743972138868,-0.6284782101640903,-0.5235687615947391,0.04705415666103363,-0.0012445659376583915,-0.0066017083595998624,0.02213912728508186,0.04984354782670841
0.99,0.03207837603702335,-1.6220346561668668,-0.4660258952980068,-0.44095019736667584,0.031395260244607925,-0.000683115792415423,-0.005258482983798893,0.021970092661541017,0.05148475557131618
1.0,0.015827687475063194,-1.6250688561960156,-0.3034200029148848,-0.358306017834515,0.015705378726124763,-0.00012230874893843016,-0.004046989560480934,0.02180636268843203,0.05304650431855115
1.01,-0.0004370803766698163,-1.626476785173301,-0.14079289772855613,-0.2756682176985916,6.123234262925839e-17,0.00043708037666987754,-0.003842436771868735,0.021648085813681398,0.05453098358354537
1.02,-0.01669967882817589,-1.6262598451506074,0.02169400226937644,-0.19309755542725826,-0.015705378726124763,0.000994300102051128,-0.004011887845120236,0.021495402830186847,0.0559389125608184
1.03,-0.032943887850029274,-1.6244209021853386,0.18389429652686745,-0.11063980543715157,-0.031395260244607925,0.0015486276054213488,-0.004309782538349686,0.021348447016022527,0.05727169330229133
1.04,-0.0491535294312973,-1.6209641581268022,0.34567440585364634,-0.02832822696595505,-0.04705415666103363,0.0020993727702636675,-0.004734922456625747,0.02120734432791248,0.05853126054276778
1.05,-0.06531248375601413,-1.6158954324716834,0.5068725655118625,0.0537751610549877,-0.06266661733388901,0.0026458664221251232,-0.005285902150272871,0.021072213448886563,0.05971809084126464
1.06,-0.08140470224376285,-1.6092218487748724,0.6673583696811136,0.13563880446426824,-0.07821723073720932,0.0031874715065535325,-0.005961045317892911,0.02094316597907461,0.060834092139652046
1.07,-0.09741422420421997,-1.6009521960457114,0.8269652729161018,0.21719387504938314,-0.0936906561255455,0.0037235680786744663,-0.006758347806287723,0.020820306440256783,0.06187930994125401
1.08,-0.11332518906894191,-1.5910964864721944,0.9855709573517066,0.2984143190542503,-0.10907161980867386,0.004253569260268056,-0.007675668347698336,0.020703732484212242,0.06285582773287585
1.09,-0.12912185194533807,-1.5796662876396157,1.1430198832578753,0.37923919971066666,-0.12434494495391846,0.0047769069914196105,-0.008710476277696605,0.020593534925362478,0.06376397194773481
1.1,-0.14478859568307287,-1.5666743737734807,1.2991913866134994,0.45964050353521213,-0.13949555158615112,0.005293044096921745,-0.009860206615261307,0.020489797928954348,0.0646056244163487
1.11,-0.16030994939821164,-1.5521353715138768,1.453900225960385,0.5395234931303062,-0.15450850129127502,0.005801448106936613,-0.01112142831483641,0.020392598872872328,0.06537940326108993
1.12,-0.17567059674766752,-1.5360647349455885,1.6070636568288266,0.6188934703811116,-0.16936896741390228,0.006301629333765241,-0.012491415480512462,0.020302008692715423,0.0660887592511511
1.1300000000000001,-0.1908553896967391,-1.518479294907158,1.7585440038430653,0.6976982693143732,-0.18406227231025696,0.006793117386482139,-0.013966725505586596,0.020218091937089528,0.06673424531012107
1.1400000000000001,-0.2058493715855231,-1.4993981888784003,1.9081106028757762,0.7757899510546298,-0.19857394695281982,0.007275424632703281,-0.015542120043088557,0.02014090636452872,0.06731183065087076
1.1500000000000001,-0.2206377766753983,-1.4788405089875203,2.055767989087993,0.853252679352946,-0.2128896415233612,0.0077481351520370945,-0.017215505751289377,0.020070503665150338,0.06782873182426263
1.16,-0.2352060538146633,-1.4568277139265011,2.201279506101915,0.9299264771853399,-0.22699524462223053,0.008210809192432778,-0.01898078871020046,0.020006928985682015,0.06828019910058714
1.17,-0.24953987589042265,-1.433382207575935,2.34455063505661,1.0057901296064455,-0.24087683856487274,0.008663037325549905,-0.020833759726682673,0.01995022113817992,0.06866831966227949
1.18,-0.263625149889266,-1.4085273998843342,2.485480769160093,1.080813003571015,-0.2545207142829895,0.009104435606276495,-0.022769952529383408,0.019900412754254252,0.0689946357642579
1.19,-0.2774480306140517,-1.3822880724785738,2.6239327405760453,1.154924488601786,-0.2679134011268616,0.009534629487190138,-0.02478385554622764,0.019857530241878297,0.06925871549712803
1.2,-0.29099493434582846,-1.3546903731776763,2.759769930089742,1.2280509923322587,-0.28104168176651,0.00995325257931845,-0.026869530984181177,0.019821593730353713,0.06946000851372758
1.21,-0.30425255559806297,-1.3257621252234524,2.8928247954223885,1.3000844122561175,-0.29389262199401855,0.010359933604044413,-0.029019773606634765,0.019792616853871813,0.06959635042682044
1.22,-0.31720787082032736,-1.2955315222264379,3.0230602997014624,1.3710434817038397,-0.30645352602005005,0.010754344800277316,-0.031230349012585538,0.019770607149651943,0.06967172262030141
1.23,-0.3298481530983275,-1.264028227800014,3.150329442642404,1.440833460800787,-0.3187119960784912,0.01113615701983628,-0.03349393499814325,0.019755565897070303,0.06968451638232342
1.24,-0.342160983571714,-1.2312830473386491,3.2745180461364747,1.5093888083027756,-0.33065593242645264,0.011505051145261347,-0.03580365483422163,0.01974748810378905,0.06963459300386998
1.25,-0.3541342663768997,-1.1973282805185705,3.3954766820078626,1.5766051720885699,-0.3422735631465912,0.011860703230308522,-0.03815113692820237,0.019746362308040277,0.06951997532479437
1.26,-0.3657562277820422,-1.1621961405142487,3.513214000432178,1.6425327133307,-0.3535533845424652,0.012202843239576988,-0.040532680252218324,0.019752171126384624,0.0693461409311702
1.27,-0.3770154459265494,-1.1259218144507193,3.6274326063529374,1.7069122611390366,-0.3644843101501465,0.012531135776402913,-0.0429343303809267,0.01976489030270358,0.06910357974612147
1.28,-0.38790084362003546,-1.0885397693486092,3.738204510211018,1.7698504515319566,-0.3750555217266083,0.012845321893427186,-0.04535394693075942,0.019784489544702993,0.06880065680454073
1.29,-0.39840171281109116,-1.0500869191055673,3.845285024304185,1.8311341713668408,-0.3852566182613373,0.013145094549753877,-0.04777830062290376,0.019810931798289976,0.06843011587570613
1.3,-0.40850770928309976,-1.0105996472008578,3.948727190470955,1.8908447146898295,-0.39507749676704407,0.013430212516055695,-0.05020446151368282,0.019844173958730445,0.0679990685348908
1.31,-0.41820887876884244,-0.9701169485742678,4.048269862659,1.9487463551242563,-0.404508501291275,0.013700377477567416,-0.05261762793757921,0.019884166038648694,0.06749919477776478
1.32,-0.4274956468177855,-0.9286768048943089,4.14401436799589,2.004962751711668,-0.4135402739048004,0.013955372912985098,-0.05501656987844603,0.019930852087289112,0.06693968722172872
1.33,-0.4363588534391436,-0.8863206621358061,4.235614275850287,2.059167310959112,-0.4221639633178711,0.014194890121272508,-0.05738215458262717,0.019984168922288256,0.06630786358723939
1.34,-0.44478973764407737,-0.8430884204933763,4.323224164242979,2.1115315409933624,-0.4303710162639618,0.014418721380115573,-0.05971517395098363,0.020044047294040076,0.06561536752673902
1.35,-0.4527799551545149,-0.7990217510437572,4.4066669449619145,2.1618931423480996,-0.43815332651138306,0.014626628643131856,-0.06200288399109029,0.02011041140536702,0.06485739575124994
1.36,-0.460321598903644,-0.7541643749129092,4.485737613084797,2.2100595444276214,-0.44550326466560364,0.014818334238040354,-0.06423073004158439,0.020183178310256133,0.06402793562169662
1.37,-0.46740718431879386,-0.7085585415149889,4.5605833397920374,2.25618807886604,-0.45241352915763855,0.014993655161155306,-0.06639955684008146,0.020262259007716187,0.06313792570941668
1.3800000000000001,-0.4740296739930348,-0.662248967424095,4.63095740908939,2.3000405316943198,-0.4588773250579834,0.015152348935051407,-0.06849278710427259,0.020347557600324293,0.062178951480501565
1.3900000000000001,-0.4801824727930108,-0.6152798799976005,4.696908742649458,2.34167236128585,-0.46488824486732483,0.015294227925685966,-0.07050709173251632,0.020438971891581392,0.06115698648995194
1.4000000000000001,-0.48585944829202454,-0.5676975499013732,4.758233009622722,2.380884317082084,-0.4704403877258301,0.015419060566194465,-0.07242744238763271,0.0205363927422532,0.06006559414707402
1.41,-0.4910549286255854,-0.5195480333560863,4.814951654528691,2.4177013111636225,-0.4755282700061798,0.015526658619405609,-0.0742493850783928,0.020639704525111647,0.05890932186640163
1.42,-0.4957637064875592,-0.4708777861973783,4.867024715870804,2.4520856512719424,-0.4801468551158905,0.015616851371668683,-0.07596581767294028,0.020748785260208596,0.05768952238501823
1.43,-0.49998104830614,-0.42173418185808215,4.914360433929613,2.483946740167972,-0.48429158329963684,0.015689465006503145,-0.07756723880656158,0.02086350649208782,0.05640496782274296
1.44,-0.5037027015183754,-0.37216532122353857,4.956886063454358,2.513211957208258,-0.4879583716392517,0.015744329879123664,-0.0790451803239907,0.0209837332587567,0.055055347896593165
1.45,-0.5069249002644381,-0.322219874606277,4.99454466172616,2.5398235833207496,-0.4911436140537262,0.015781286210711953,-0.08039215020222577,0.021109324133403193,0.053641079776090006
1.46,-0.509644369773471,-0.27194695090329224,5.027292370298475,2.5637362109121664,-0.4938441812992096,0.015800188474261456,-0.08160157720978978,0.02124013132305548,0.05216315005793781
1.47,-0.5118583171528712,-0.22139473794002232,5.055221296326992,2.585039742737852,-0.4960573613643646,0.0158009557885066,-0.08267427613383595,0.021376001407146544,0.0506289443877872
1.48,-0.5135644483762597,-0.17061312233885118,5.078161560117114,2.6035617234558375,-0.497780978679657,0.015783469696602714,-0.08359791501256023,0.021516774791878687,0.049033006410781343
1.49,-0.5147609759360876,-0.11965275598278549,5.096036635606569,2.619222438472578,-0.49901336431503296,0.015747611621054647,-0.0843651902250513,0.021662285632490955,0.047374558801249744
1.5,-0.5154466061493176,-0.06856302132299799,5.1089734659787505,2.6321451673919514,-0.49975326657295227,0.015693339576365317,-0.08497992228650629,0.02181236272612231,0.04566253019085975
1.51,-0.5156205595188655,-0.017395336954791535,5.116768436820646,2.6421224751724184,-0.5,0.01562055951886554,-0.08542897385472559,0.021966828787615487,0.043889678618225236
1.52,-0.5152825499440641,0.033800957480145916,5.119629443493745,2.649357904953437,-0.49975326657295227,0.015529283371111813,-0.08572139896123103,0.02212550171707462,0.042068679659568176
1.53,-0.5144428108440241,0.08397391000399548,5.017295252384957,2.6535858648724715,-0.49901336431503296,0.015429446528991142,-0.08585167756906233,0.022288193573364933,0.04018926831178549
1.54,-0.5130999585886313,0.13428522553927297,5.031131553527748,2.6760244060587866,-0.497780978679657,0.01531897990897435,-0.0869480786489953,0.022454811895008604,0.039264653533599425
1.55,-0.5112534681425299,0.18464904461014003,5.036381907086707,2.6920422208983643,-0.4960573613643646,0.015196106778165297,-0.08770111523883471,0.02262523786725127,0.03807650598995904
1.56,-0.5089036067264272,0.23498614161027398,5.033709700013394,2.702301229796112,-0.4938441812992096,0.01505942542721761,-0.0881389632795423,0.022799330735684475,0.03666896190536173
1.57,-0.5060513956980317,0.2852211028395537,5.023496122927971,2.7071802326555794,-0.4911436140537262,0.014907781644305507,-0.08827738084262168,0.022976930662411486,0.035070582938068195
1.58,-0.5026985837478567,0.3352811950174995,5.006009217794577,2.706943787065964,-0.4879583716392517,0.014740212108604989,-0.08812807225168758,0.023157860902999285,0.033303138607898575
1.59,-0.4988475984104969,0.38509853373598046,4.9817338718481015,2.702072132776526,-0.48429158329963684,0.014556015110860077,-0.08771625409882051,0.023341930907481483,0.031397638943986284
1.6,-0.494501517103422,0.43460813070749027,4.950959697150979,2.6928494056380323,-0.4801468551158905,0.014354661987531492,-0.0870579254292596,0.023528938340427547,0.029374284638655768
1.61,-0.4896640421368416,0.48374749665803646,4.913936595054617,2.6795190231097594,-0.4755282700061798,0.014135772130661806,-0.08616800572325552,0.02371867081139997,0.027250380263577068
1.62,-0.48433947914316255,0.5324562993679067,4.870880270987029,2.6622891421949584,-0.4704403877258301,0.013899091417332476,-0.08506043589456072,0.023910907355510085,0.025040731376935188
1.6300000000000001,-0.47853271844844725,0.5806760694715312,4.82197701036244,2.641337354218834,-0.46488824486732483,0.013644473581122418,-0.08374828846669682,0.024105419698268463,0.02275798648261884
1.6400000000000001,-0.47224921271361897,0.6283505734828266,4.767450401129547,2.616877304620363,-0.4588773250579834,0.013371887655635573,-0.08224718037320312,0.024301973632173103,0.020415911462612346
1.6500000000000001,-0.4654949515123851,0.6754261201233852,4.707554664055858,2.589151991308516,-0.45241352915763855,0.013081422354746575,-0.08057470313946004,0.02450033046773291,0.01802901655165723
1.6600000000000001,-0.4582764584448459,0.7218493067539217,4.642318663053649,2.558177739642287,-0.44550326466560364,0.012773193779242242,-0.07873699367691658,0.024700247336200725,0.015600329080106556
1.67,-0.4506007633518516,0.7675695092994267,4.572020254550501,2.524218153264309,-0.43815332651138306,0.012447436840468562,-0.0767533726447655,0.024901478655535353,0.013144508668133659
1.68,-0.44247540378136363,0.8125359570488002,4.496644774937348,2.487242778907132,-0.4303710162639618,0.012104387517401838,-0.07462836861115577,0.025103776126414252,0.010661515442700331
1.69,-0.4339083883973679,0.8567015383995729,4.416558135077267,2.447599702865164,-0.4221639633178711,0.0117444250794968,-0.07238580566004939,0.02530689053104918,0.00816933756027094
1.7,-0.4249081973979338,0.900019099943413,4.331756154384011,2.405265224166383,-0.4135402739048004,0.01136792349313337,-0.07003096585923793,0.025510571675974855,0.0056674029074943455
1.71,-0.41548377641770795,0.9424420980225829,4.24229980791699,2.3602785252188516,-0.404508501291275,0.010975275126432926,-0.0675726194006509,0.025714568637041444,0.0031581614091280574
1.72,-0.4056444999339313,0.9839276483776664,4.148555035508346,2.3129813674121156,-0.39507749676704407,0.010567003166887246,-0.06503394484408545,0.025918631433548084,0.0006583544005123176
1.73,-0.3954001842801904,1.0244315653740912,4.050391699642477,2.263217313622442,-0.3852566182613373,0.010143566018853134,-0.06241455213779177,0.026122510250274025,-0.0018397978069850662
1.74,-0.3847610546066471,1.0639129673543306,3.948140198023949,2.211287586092523,-0.3750555217266083,0.009705532880038836,-0.0597353715662125,0.026325956875809846,-0.004321911901189468
1.75,-0.37373774838528434,1.1023306221362774,3.841765478194685,2.157125494690792,-0.3644843101501465,0.009253438235137856,-0.05700047503408716,0.02652872432037485,-0.006791809708150964
1.76,-0.36234128696323814,1.1396461422046176,3.7315520068340113,2.100980836506949,-0.3535533845424652,0.00878790242077293,-0.05422790050390919,0.026730567958803044,-0.009238061368149753
1.77,-0.35058307670254435,1.175821026069379,3.617488386476154,2.042804781290037,-0.3422735631465912,0.008309513555953163,-0.05142258238591437,0.026931245196969513,-0.011664002617217673
1.78,-0.338474878595099,1.210819810744532,3.499878467515283,1.9828605128959929,-0.33065593242645264,0.007818946168646368,-0.04860238891875939,0.02713051663973043,-0.014057954055524124
1.79,-0.3260288140867107,1.2446064508388301,3.3786640094298086,1.9210461873419065,-0.3187119960784912,0.007316818008219483,-0.04577004776469787,0.02732814546489651,-0.016426175948391908
1.8,-0.3132573386611956,1.2771475425515122,3.2541091712681958,1.857578890227399,-0.30645352602005005,0.006803812641145546,-0.04294091182077547,0.027523898345563114,-0.018759444994714825
1.81,-0.3001732322473614,1.3084106413834165,3.1263098831904332,1.7925043228728414,-0.29389262199401855,0.0062806102533428665,-0.04012326613500647,0.027717545512234886,-0.02105713994836056
1.82,-0.2867895849768485,1.3383647270512944,2.9954085667877908,1.7259112856043184,-0.28104168176651,0.0057479032103384675,-0.03732682101071706,0.0279088610170434,-0.023316618632562847
1.83,-0.27311978532706993,1.3669799649778565,2.861523792656213,1.6578613518251104,-0.2679134011268616,0.005206384200208358,-0.03456006104361305,0.02809762285554327,-0.02553666308645064
1.84,-0.25917749776856175,1.3942287558508202,2.7248790872963813,1.5885176282549307,-0.2545207142829895,0.004656783485572247,-0.031834539861980274,0.028283613565984075,-0.027711280590647647
1.85,-0.2449766535632082,1.4200844205353558,2.58556646845355,1.5179084411662673,-0.24087683856487274,0.004099814998335449,-0.02915691511742076,0.028466620158020966,-0.029841184039142155
1.86,-0.23053143696312567,1.4445216600082518,2.443723947289606,1.446104711149382,-0.22699524462223053,0.003536192340895139,-0.026535023523212513,0.02864643424743074,-0.03192502627113458
1.87,-0.2158562707083411,1.4675166254784582,2.2994965470206368,1.3731810635683335,-0.2128896415233612,0.002966629184979891,-0.023976496564462164,0.028822852201828387,-0.033961350121319844
1.8800000000000001,-0.20096579783764748,1.489047287069361,2.153066159090273,1.2992457614595834,-0.19857394695281982,0.0023918508848276565,-0.021489508194663207,0.0289956754393836,-0.035947168424319
1.8900000000000001,-0.185874863577345,1.509093426030248,2.0046138960887085,1.224403203424127,-0.18406227231025696,0.0018125912670880484,-0.019081586281128403,0.029164710694657505,-0.037879822813075004
1.9000000000000001,-0.17059850985451017,1.5276353722834832,1.8541946253235309,1.1486285850115936,-0.16936896741390228,0.0012295424406078836,-0.016756688534316937,0.029329769656291933,-0.0397629363947799
1.9100000000000001,-0.15515194598551146,1.5446563868998706,1.7021014616387402,1.0721323533275937,-0.15450850129127502,0.0006434446942364391,-0.014524085878344646,0.029490669741924283,-0.041588760020758175
1.92,-0.1395505432616381,1.560140272387336,1.5483885487465476,0.99488344904561,-0.13949555158615112,5.4991675486976144e-05,-0.012386960116860695,0.029647233685917887,-0.043361416387480145
1.93,-0.1238098182968067,1.574072496483139,1.3932224095802963,0.9169605441805182,-0.12434494495391846,-0.0005351266571117508,-0.011420997277134732,0.029799289668995085,-0.045079609164069834
1.94,-0.10794541168002007,1.5864406616786635,1.2368165195524488,0.8384869261784598,-0.10907161980867386,-0.0011262081286537856,-0.01067360535540324,0.029946671653876412,-0.046739981958679455
1.95,-0.09197307682288791,1.5972334857132162,1.0792824034552786,0.7594818802251162,-0.0936906561255455,-0.0017175793026575903,-0.010036861374443958,0.030089219209421158,-0.04834429336582763
1.96,-0.07590866173664157,1.6064415086246338,0.9208022911417626,0.6800334476786787,-0.07821723073720932,-0.0023085690005677506,-0.009513678220817442,0.030226777670277944,-0.049890946879598
1.97,-0.059768094308099554,1.6140567428542016,0.7615234229567858,0.600193055566252,-0.06266661733388901,-0.002898523025789454,-0.009106019234442108,0.03035919811430547,-0.051380168292602946
1.98,-0.04356736428482745,1.6200730023272107,0.6016259473009,0.5200436282410761,-0.04705415666103363,-0.0034867923762061798,-0.008815882661817109,0.030486337490776127,-0.05281067556866387
1.99,-0.027322509581579245,1.6244854703248206,0.4412467997609756,0.4396237756409396,-0.031395260244607925,-0.0040727506630286806,-0.008644394347413086,0.03060805853117832,-0.0541833606846398
2.0,-0.011049598808018354,1.6272910773560891,0.2805607031268513,0.35900901441268895,-0.015705378726124763,-0.004655779918106409,-0.008592730892844853,0.030724229839732865,-0.05549731847650438
2.0100000000000002,0.0052352830771179755,1.6284881885136329,0.11971111575437106,0.27824304420745305,-1.2246468525851679e-16,-0.005235283077118098,-0.008661448773744817,0.030834725827813048,-0.05675320474362502
2.02,0.021516051937222183,1.6280768860104209,-0.0411302503211939,0.19739751472082334,0.015705378726124763,-0.00581067321109742,-0.008850965346038386,0.030939426784303115,-0.05795031590114432
2.0300000000000002,0.037776640052872526,1.6260588115650347,-0.20180744453862293,0.11652833617025249,0.031395260244607925,-0.006381379808264601,-0.009161235598238967,0.03103821886737697,-0.05908873416210457
2.04,0.05400101036556609,1.622437031269357,-0.36217802956777373,0.035678202701420414,0.04705415666103363,-0.006946853704532463,-0.009591884966446624,0.031130994033458582,-0.060169169922463794
2.05,0.07017317347570909,1.6172163110142992,-0.5220720255057767,-0.045082081812670705,0.06266661733388901,-0.007506556141820081,-0.010142268679436423,0.03121765010314181,-0.06119096398381901
2.06,0.08627720144499604,1.610402796928695,-0.6813514085604333,-0.12571278073777425,0.07821723073720932,-0.008059970707786718,-0.01081140490855072,0.03129809067575681,-0.062154970682268273
2.07,0.10229724515731323,1.6020043712317187,-0.8398425696976305,-0.2061374416209658,0.0936906561255455,-0.008606589031767725,-0.011597933485593629,0.031372225222562306,-0.06306025809507676
2.08,0.11821754720544551,1.592030204813229,-0.997416641848951,-0.2863229035508419,0.10907161980867386,-0.009145927396771655,-0.012500295620787154,0.03143996896907591,-0.06390800291888321
2.09,0.13402245805226318,1.5804910846817675,-1.1539120131461718,-0.3662016014624767,0.12434494495391846,-0.00967751309834472,-0.013516501296240095,0.03150124294656064,-0.06469769028876887
2.1,0.14969644866011164,1.5673990607848474,-1.3092023896920038,-0.44573933696220425,0.13949555158615112,-0.010200897073960519,-0.014644472454864794,0.03155597388189952,-0.0654304214584997
2.11,0.16522412953695997,1.5527680876848338,-1.4630973100013633,-0.5248355982506769,0.15450850129127502,-0.01071562824568495,-0.015881241031728825,0.03160409440821115,-0.06610409027245634
2.12,0.18059025949488483,1.536612995792486,-1.6155091892347866,-0.603490292878111,0.16936896741390228,-0.011221292080982548,-0.01722447691580199,0.03164554278698058,-0.06672147542210738
2.13,0.19577975986648394,1.5189500371599096,-1.766295863257618,-0.6816462124518071,0.18406227231025696,-0.01171748755622698,-0.018671112361114014,0.031680262915134295,-0.06728250615701814
2.14,0.2107777379876119,1.4997978121127973,-1.915222504711239,-0.759150701578917,0.19857394695281982,-0.012203791034792077,-0.02021628238908803,0.03170820478599765,-0.0677825729036241
2.15,0.2255694871300619,1.479174914244999,-2.062289786779816,-0.8360835093846822,0.2128896415233612,-0.012679845606700685,-0.021858160380282446,0.03172932382135515,-0.06822835505865821
2.16,0.2401405105255173,1.4571023395455407,-2.2072574699458336,-0.9122805239816987,0.22699524462223053,-0.013145265903286768,-0.023590970675559084,0.03174358139627683,-0.06861460435806654
2.17,0.25447653114995933,1.4336020624442047,-2.3500277101335985,-0.9877166549241418,0.24087683856487274,-0.013599692585086587,-0.02541074936267623,0.03175094467667038,-0.0689429452813195
2.18,0.26856350209300656,1.4086970943047252,-2.490496813947953,-1.0623576342675167,0.2545207142829895,-0.014042787810017054,-0.02731325274438438,0.03175138650800068,-0.06921449063252705
2.19,0.28238762056128697,1.3824118468280424,-2.628524747668291,-1.1361294399814212,0.2679134011268616,-0.014474219434425395,-0.029293182992600895,0.03174488549833923,-0.06942840991751575
2.2,0.2959353418065348,1.3547721245247812,-2.76397223032612,-1.2089552756377278,0.28104168176651,-0.014893660040024792,-0.031344796134337126,0.03173142611039146,-0.06958378286319733
2.21,0.309193396127116,1.3258054320581216,-2.896669246665954,-1.2807240276075411,0.29389262199401855,-0.015300774133097439,-0.033461074525685086,0.031710998912266294,-0.06967810177392897
2.22,0.32214879280155806,1.2955396674442037,-3.0265764613918034,-1.3514515976940333,0.30645352602005005,-0.01569526678150801,-0.035637904020527,0.03168360021119564,-0.06971502945496977
2.23,0.33478883500227063,1.2640042200712551,-3.1535447372948604,-1.4210405818688423,0.3187119960784912,-0.016076838923779424,-0.037868108945318744,0.031649232243964966,-0.06969266160009036
2.24,0.3471011314121134,1.231229640984277,-3.277457908697829,-1.4894229309020317,0.33065593242645264,-0.01644519898566077,-0.04014493208546703,0.031607903218206786,-0.06961058527511499
2.25,0.359073611352154,1.1972479940040597,-3.3981646980217124,-1.5564919306051492,0.3422735631465912,-0.0168000482055628,-0.042460122265098994,0.03155962753555156,-0.06946656897042214
2.2600000000000002,0.37069452408881026,1.1620912736656277,-3.515672033843209,-1.6222955166274466,0.3535533845424652,-0.017141139546345052,-0.04481002310736999,0.03150442526745467,-0.06926585441665578
2.27,0.38195246873367805,1.125794464486778,-3.629680917884989,-1.6865724205356982,0.3644843101501465,-0.017468158583531568,-0.04718083705691708,0.03144232312806804,-0.06899871289750004
2.2800000000000002,0.3928363871918679,1.0883918458189852,-3.7402618667792606,-1.7494273009390002,0.3750555217266083,-0.017780865465259643,-0.04957042108801205,0.03137335365799734,-0.0686733068405998
2.29,0.40333558877000836,1.049920157814046,-3.8471688004939177,-1.8106451802878705,0.3852566182613373,-0.018078970508671077,-0.051965662535452296,0.03129755596869203,-0.06828219234608635
2.3000000000000003,0.4134397450019082,1.0104156231899848,-3.950453462406129,-1.8703055946771068,0.39507749676704407,-0.018362248234864154,-0.05436361814125542,0.031214975048662386,-0.06783230724336509
2.31,0.4231389158842937,0.9699170882385477,-4.049853495143707,-1.928171160285572,0.404508501291275,-0.018630414593018674,-0.05674959398464591,0.031125662611556054,-0.06731517076689064
2.32,0.4324235398571648,0.9284623972871088,-4.1454690951438895,-1.9843639737518903,0.4135402739048004,-0.018883265952364392,-0.05912231217878445,0.03102967619176112,-0.06673982688600866
2.33,0.4412844685524276,0.8860928695262779,-4.236952776083096,-2.03855596926655,0.4221639633178711,-0.019120505234556495,-0.06146277020630463,0.030927080426368183,-0.06609345598004301
2.34,0.4497129514347269,0.84284828822993,-4.32445812963479,-2.090917268155912,0.4303710162639618,-0.0193419351707651,-0.06377167863046306,0.030817945903483523,-0.06538757491720837
2.35,0.45770065360243545,0.798770216770857,-4.4078071459073,-2.1412842655479616,0.43815332651138306,-0.01954732709105239,-0.06603634400908528,0.030702349654250085,-0.06461726348780394
2.36,0.4652396763743145,0.7539022771879076,-4.486793958294939,-2.1894631630103105,0.44550326466560364,-0.019736411708710877,-0.06824226977405112,0.030580375764881765,-0.06377640134879736
2.37,0.4723225426529974,0.7082866278682872,-4.561564931962039,-2.2356101384287563,0.45241352915763855,-0.01990901349535884,-0.0703902103530303,0.030452114292715007,-0.06287582798441549
2.38,0.47894222167198364,0.6619679018986256,-4.631872596966157,-2.2794858950098043,0.4588773250579834,-0.02006489661400024,-0.07246365757263079,0.030317662116764867,-0.06190703783380269
2.39,0.48509212417403663,0.6149902502052995,-4.697765169332613,-2.3211448762683293,0.46488824486732483,-0.020203879306711803,-0.07445922768082655,0.03017712234871828,-0.06087592096448158
2.4,0.49076612291031607,0.567399873627944,-4.759037657735549,-2.3603868820737857,0.4704403877258301,-0.020325735184485993,-0.07636194013173907,0.030030604984236216,-0.05977596435477461
2.41,0.495958550557775,0.5192427647458943,-4.815710888204976,-2.3972359377210943,0.4755282700061798,-0.02043028055159518,-0.07816729501135149,0.029878226455194855,-0.05861164559297083
2.42,0.5006642037732264,0.47056532154514497,-4.86774432007493,-2.4316535246771407,0.4801468551158905,-0.0205173486573359,-0.07986816901992441,0.02972010950077601,-0.05738425377482259
2.43,0.5048783524235544,0.4214148650327973,-4.9150456512347676,-2.463548277808701,0.48429158329963684,-0.020586769123917548,-0.08145506078333033,0.029556383296040115,-0.05609250317050729
2.44,0.5085967469110412,0.3718394487486794,-4.957541628411787,-2.4928468649745343,0.4879583716392517,-0.020638375271789466,-0.08291949476956884,0.029387183488197088,-0.054736031071311864
2.45,0.5118156239152245,0.3218877004183362,-4.995174833034323,-2.519490910159858,0.4911436140537262,-0.02067200986149831,-0.0842539660169604,0.029212652159623938,-0.05331520730122996
2.46,0.5145317108233118,0.27160869080873135,-5.027900960960487,-2.5434344016667145,0.4938441812992096,-0.020687529524102244,-0.08545188636084225,0.029032937733463788,-0.05183097586999308
2.47,0.5167422165612029,0.22105057378910858,-5.055811701962276,-2.564766689370588,0.4960573613643646,-0.02068485519683827,-0.08651400026206042,0.028848194238874317,-0.05029068429323047
2.48,0.5184448486205214,0.17026320593185768,-5.0787367857250905,-2.5833148147513967,0.497780978679657,-0.020663869940864443,-0.08742801382129907,0.028658581860058856,-0.04868884225986969
2.49,0.519637820747783,0.119297212726153,-5.096599320570467,-2.5989986082639174,0.49901336431503296,-0.020624456432750016,-0.08818662591529204,0.028464267017003973,-0.04702464239425552
2.5,0.5203198402842877,0.06820195365046804,-5.1095259075684965,-2.611940941414989,0.49975326657295227,-0.020566573711335412,-0.08879358003221534,0.028265421475255667,-0.04530698693422375
2.5100000000000002,0.5204901285595369,0.01702882752492757,-5.117312612554047,-2.6219340166185967,0.5,-0.020490128559536913,-0.08923579841552107,0.028062223072412792,-0.04352861094569782
2.52,0.520148400131584,-0.03417284279528341,-5.120167032021098,-2.6291810587269153,0.49975326657295227,-0.02039513355863176,-0.0895222317375003,0.027854854452546946,-0.04170217022969602
2.5300000000000002,0.5193048889382786,-0.08435111933054104,-5.017827653525763,-2.633416200644154,0.49901336431503296,-0.020291524623245683,-0.08964744859272893,0.027643504094381436,-0.03981738299664306
2.54,0.5179582117660659,-0.13466771722127308,-5.0316597890732035,-2.6558572600853854,0.497780978679657,-0.020177233086408952,-0.09073114633995305,0.02742826499179522,-0.038887444207058586
2.5500000000000003,0.516107843913102,-0.18503678529639275,-5.036906807511968,-2.671872761451652,0.4960573613643646,-0.020050482548737425,-0.09147376169452301,0.027209256487778208,-0.03769401430796515
2.56,0.5137540528693362,-0.23537910437658952,-5.034231908019676,-2.68212448715514,0.4938441812992096,-0.01990987157012658,-0.09190319253887594,0.026986619861639284,-0.03628122121911437
2.57,0.5108978602156593,-0.28561926536768767,-5.024016099109812,-2.686991130261215,0.4911436140537262,-0.01975424616193311,-0.0920350378677067,0.026760515473483185,-0.034677620171752466
2.58,0.5075410148372114,-0.33568453784479607,-5.006527247710841,-2.6867371733588032,0.4879583716392517,-0.01958264319795966,-0.09188089369398826,0.026531120587719108,-0.03290497607976173
2.59,0.5036859444513534,-0.3855070385858018,-4.982250074100572,-2.681842813367882,0.48429158329963684,-0.019394361151716555,-0.09146578558464531,0.02629862627234336,-0.030994296116693132
2.6,0.49933572666224335,-0.4350217789110018,-4.951474032519996,-2.6725921755331323,0.4801468551158905,-0.019188871546352848,-0.09080560486168895,0.026063235378988733,-0.02896577978883652
2.61,0.4944940639855097,-0.48416626767336424,-4.914448876236243,-2.6592286986833704,0.4755282700061798,-0.018965793979329904,-0.08991518367309517,0.025825160812428097,-0.026836732060064872
2.62,0.4891652622915022,-0.5328801694007496,-4.871390172738535,-2.641960592701838,0.4704403877258301,-0.018724874565672123,-0.08880839357450716,0.0255846240498313,-0.024621960361609352
2.63,0.48335421218950436,-0.5811050101997841,-4.822484079903456,-2.620965532657315,0.46488824486732483,-0.018465967322179533,-0.08749825358883526,0.025341853875589525,-0.022334116449773678
2.64,0.47706636668063856,-0.6287845508865817,-4.767954068679759,-2.596457277796537,0.4588773250579834,-0.018189041622655167,-0.08600031558831484,0.025097085004274315,-0.019986970734359177
2.65,0.47030771574642466,-0.6758650934213922,-4.708054253481051,-2.5686789689676615,0.45241352915763855,-0.01789418658878611,-0.0843320966694593,0.024850556629044316,-0.017595039147905167
2.66,0.4630847834719522,-0.7222932274472487,-4.642813402585646,-2.537647102541754,0.44550326466560364,-0.01758151880634856,-0.08249975448315032,0.024602512118236105,-0.01516135578210065
2.67,0.4554046002687521,-0.7680183203200066,-4.572509287275791,-2.5036254800668525,0.43815332651138306,-0.017251273757369068,-0.08052253134211601,0.024353197548630412,-0.012700587974812105
2.68,0.4472747043486197,-0.8129895920132402,-4.497127169323355,-2.4665838718355877,0.4303710162639618,-0.01690368808465792,-0.07840500012937417,0.02410286170858251,-0.010212704422118968
2.69,0.43870310513896993,-0.8571599209649806,-4.417032895174041,-2.4268706120086825,0.4221639633178711,-0.016539141821098835,-0.0761708746255215,0.023851754298275022,-0.007715702595828544
2.7,0.4296982837063088,-0.900482143266115,-4.332222230113442,-2.3844622703994096,0.4135402739048004,-0.01615800980150839,-0.0738254810814326,0.023600125985933328,-0.0052090203420895875
2.71,0.42026918666314794,-0.9429097043160842,-4.2427561049969205,-2.3393983216140786,0.404508501291275,-0.015760685371872918,-0.07137760915407404,0.02334822816178299,-0.002695118086426529
2.72,0.4104251895774756,-0.9843997085672331,-4.149000425114893,-2.2920208391223595,0.39507749676704407,-0.015347692810431524,-0.06885033086637043,0.02309631126282195,-0.00019074810700958622
2.73,0.40017610998899267,-1.024907958848293,-4.050825028105992,-2.242173716186097,0.3852566182613373,-0.014919491727655387,-0.06624335778732368,0.022844625549660567,0.002311857996556421
2.74,0.3895321743709079,-1.0643935618084759,-3.9485602960182864,-2.190158522060233,0.3750555217266083,-0.014476652644299648,-0.06357752981624962,0.022593419667036724,0.0047983053753919425
2.75,0.3785040216358321,-1.1028152735075831,-3.842171169910718,-2.13590892858195,0.3644843101501465,-0.014019711485685593,-0.060856982525128146,0.02234294102482911,0.007272404162295132
2.7600000000000002,0.36710267468888197,-1.1401346946950117,-3.731942118742861,-2.079675108008588,0.3535533845424652,-0.01354929014641676,-0.05809968281716936,0.02209343465389544,0.00972271273945724
2.77,0.35533954156633213,-1.1763133122549836,-3.6178617559971933,-2.021408616692183,0.3422735631465912,-0.013065978419740942,-0.05531061938470329,0.02184514353847253,0.012152555107608487
2.7800000000000002,0.34322638504865405,-1.21131565176781,-3.5002339512826537,-1.9613730346946308,0.33065593242645264,-0.012570452622201411,-0.05250758004269134,0.021598307447073736,0.014550240241129053
2.79,0.3307753284818315,-1.2451056566822538,-3.37900049144437,-1.8994669220092528,0.3187119960784912,-0.012063332403340288,-0.04969336637771548,0.021353163557372108,0.01692201697166551
2.8000000000000003,0.31799882935795043,-1.277649912388109,-3.2544255705855263,-1.8359077740878282,0.30645352602005005,-0.011545303337900381,-0.04688326618608697,0.021109945532754294,0.019258650838138713
2.81,0.30490966971792594,-1.3089159640024504,-3.1266051614341226,-1.7707417061028883,0.29389262199401855,-0.01101704772390738,-0.04408557062204952,0.020868883459114976,0.021559509784957465
2.82,0.29152094190437094,-1.3388727813554993,-2.9956817353048812,-1.7040579343136844,0.28104168176651,-0.010479260137860935,-0.041309974897489755,0.02063020357960082,0.02382194125159498
2.83,0.2778460366988815,-1.3674905205489432,-2.861773919344399,-1.6359184482195746,0.2679134011268616,-0.009932635572019954,-0.03856495758806258,0.020394128171825725,0.02604471739065528
2.84,0.2638986209630854,-1.3947415735796125,-2.7251053030669223,-1.5664867688778386,0.2545207142829895,-0.009377906680095915,-0.035862018707860564,0.020160874947666805,0.028221836161734792
2.85,0.2496926284299514,-1.4205992533134018,-2.585767973378938,-1.4957916332257226,0.24087683856487274,-0.008815789865078666,-0.03320781820387401,0.019930657123684678,0.0303540017679349
2.86,0.23524224589518603,-1.445038253476539,-2.4439000163137132,-1.4239043669324176,0.22699524462223053,-0.008247001272955495,-0.030610173288658112,0.019703683285607468,0.03243985904917979
2.87,0.2205618987068953,-1.468034718829073,-2.299646535253406,-1.3508999929714722,0.2128896415233612,-0.0076722571835340925,-0.028076691029324884,0.01948015724188922,0.034477943589605875
2.88,0.20566623256793742,-1.4895666138957884,-2.1531895066715423,-1.2768871626653735,0.19857394695281982,-0.0070922856151175995,-0.025615502574146843,0.019260277724348462,0.036465261774934477
2.89,0.19057009541571782,-1.5096137152219609,-2.004710132617257,-1.201970651760313,0.18406227231025696,-0.006507823105460858,-0.023234091151578228,0.019044238121771657,0.03839914963950086
2.9,0.1752885319261163,-1.528156348960152,-1.8542633738191179,-1.1261260200341539,0.16936896741390228,-0.0059195645122140095,-0.020936424469060865,0.0188322268417535,0.04028322558649322
2.91,0.15983675419231874,-1.545177773379755,-1.7021424419602946,-1.0495640641815445,0.15450850129127502,-0.005328252901043717,-0.018731674500603347,0.018624426535405088,0.04210973669742657
2.92,0.14423013630046483,-1.560661789185391,-1.5484015805636073,-0.9722540581760295,0.13949555158615112,-0.004734584714313705,-0.016623029470934633,0.01842101450934341,0.0438828028673649
2.93,0.12848419766713481,-1.5745938633330026,-1.3932074147611653,-0.894274989453363,0.12434494495391846,-0.004139252713216357,-0.014615876115280433,0.018222162595877948,0.04560112596212473
2.94,0.11261458168140291,-1.5869615985731904,-1.236773524018781,-0.81575044150233,0.10907161980867386,-0.003542961872729053,-0.012715896816187492,0.018028036817293338,0.0472613488085416
2.95,0.09663704454182113,-1.5977537139581777,-1.0792115384987198,-0.7366999747613023,0.0936906561255455,-0.002946388416275633,-0.010926473874875818,0.017838797561734763,0.04886523026035455
2.96,0.08056743702282383,-1.60696075189973,-0.9207037941552251,-0.6572118837331051,0.07821723073720932,-0.0023502062856145117,-0.009251803744960822,0.017654599423688643,0.050411175124559504
2.97,0.06442168974006654,-1.6145747282757295,-0.7613976375999513,-0.5773378252715082,0.06266661733388901,-0.0017550724061775325,-0.007695113604256525,0.017475591226799293,0.05189941156769906
2.98,0.04821579512500071,-1.6205894615065832,-0.6014733230853678,-0.4971609291393724,0.04705415666103363,-0.0011616384639670796,-0.006259638561340517,0.017301915896008963,0.05332866099019146
2.99,0.0319657937208287,-1.6250001404172008,-0.4410678910617563,-0.41671998528697807,0.031395260244607925,-0.0005705334762207762,-0.004947714393952491,0.017133710547205035,0.05469981986401251
3.0,0.015687756699895118,-1.6278037020933582,-0.28035616761574167,-0.3360906641201207,0.015705378726124763,1.7622026229645316e-05,-0.0037969362638655257,0.016971106397257997,0.056011988568884646
3.0100000000000002,-0.0006022284922654018,-1.6289985192160519,-0.11948171226936537,-0.25531679206889546,1.8369701465288538e-16,0.0006022284922655855,-0.003907731310997192,0.016814228830259046,0.05726582948090038
3.02,-0.016888075317979718,-1.6285846825714316,0.041383664462025835,-0.17447011803558632,-0.015705378726124763,0.0011826965918549544,-0.0041393828810347595,0.016663197327920452,0.058460646603557265
3.0300000000000002,-0.03315371375201759,-1.6265638434037866,0.20208391676450904,-0.09360662341397075,-0.031395260244607925,0.001758453507409663,-0.00449178544354781,0.01651812547865417,0.05959653072311541
3.04,-0.04938310453447521,-1.6229390782457624,0.36247651580241574,-0.01276904518163291,-0.04705415666103363,0.002328947873441581,-0.004964509610287292,0.01637912104956401,0.06067420176121656
3.0500000000000003,-0.06556025617749134,-1.6177151643016123,0.5223913944150183,0.06797179847881019,-0.06266661733388901,0.002893638843602331,-0.005556842850298163,0.01624628592156987,0.06169301096022456
3.06,-0.08166923877588013,-1.6108982598388786,0.6816904462733709,0.14857618517955817,-0.07821723073720932,0.003452008038670809,-0.0062677500702478395,0.01611971617597269,0.06265382396958147
3.0700000000000003,-0.09769420137577191,-1.602496259989178,0.8401999849700396,0.22896770516344134,-0.0936906561255455,0.004003545250226406,-0.007095801613583835,0.015999502002476036,0.06355572100526091
3.08,-0.11361938486849947,-1.5925183492727562,0.997791071642197,0.3091132684181188,-0.10907161980867386,0.004547765059825612,-0.008039389879717355,0.015885727818147018,0.06439989167634219
3.09,-0.12942913815836912,-1.5809753289869644,1.15430202857919,0.38894540859695814,-0.12434494495391846,0.0050841932044506655,-0.009096461504002654,0.015778472217292828,0.06518583474829642
3.1,-0.1451079307980053,-1.5678792639636179,1.309606502334648,0.4684300533259217,-0.13949555158615112,0.005612379211854174,-0.010264891746810528,0.01567780808301501,0.06591466576369859
3.11,-0.16064037203979542,-1.553244124179011,1.4635139784606876,0.5474668434783962,-0.15450850129127502,0.006131870748520396,-0.011541637504899007,0.015583802378082313,0.0665842934512273
3.12,-0.17601121959898414,-1.5370847559188725,1.615936826013845,0.6260558651584569,-0.16936896741390228,0.006642252185081854,-0.012924341194953073,0.015496516424341245,0.06719751191628653
3.13,-0.19120539387399196,-1.5194174275007837,1.7667328418088857,0.7041401135130847,-0.18406227231025696,0.007143121563735005,-0.014409883877310303,0.015416005897228517,0.06775426628340409
3.14,-0.20620800143233395,-1.5002607558341972,1.9156671666586624,0.7815671606715375,-0.19857394695281982,0.007634054479514124,-0.01599330908141201,0.015342320366440239,0.06824996324449606
3.15,-0.22100433494574506,-1.4796333513411104,2.0627404493086843,0.85841700615378,-0.2128896415233612,0.008114693422383856,-0.01767280584132497,0.015275503965529966,0.0686912987800603
3.16,-0.23557989721583522,-1.4575562270090165,2.207712433209392,0.934525810122685,-0.22699524462223053,0.008584652593604691,-0.019442507646352056,0.015215594868765111,0.06907304145417903
3.17,-0.24992041095945067,-1.4340513743615437,2.350485264747288,1.009868774544889,-0.24087683856487274,0.009043572394577926,-0.021298425156894122,0.015162625455274735,0.06939683274479469
3.18,-0.26401182917822036,-1.4091418218769711,2.4909552484572623,1.0844119428638819,-0.2545207142829895,0.009491114895230857,-0.023236288187651798,0.015116622422039348,0.06966380254986859
3.19,-0.2778403491613952,-1.3828519983174856,2.6289823559485535,1.1580816219566499,-0.2679134011268616,0.009926948034533645,-0.025250758114921758,0.015077606702552936,0.0698731374897621
3.2,-0.2913924264126805,-1.3552077251285266,2.764427318895898,1.2308013603063803,-0.28104168176651,0.010350744646170473,-0.027336052509738872,0.015045593376501788,0.07002393435264209
3.21,-0.3046547916497783,-1.3262365237097846,2.8971201418742023,1.3024604036265193,-0.29389262199401855,0.010762169655759768,-0.02948510400273114,0.015020591420688408,0.07011370237767212
3.22,-0.31761445473522965,-1.295966308545134,3.0270215164650502,1.373075025875375,-0.30645352602005005,0.011160928715179597,-0.03169380765489031,0.01500260407698569,0.07014612110663454
3.23,-0.3302587195867692,-1.2644264851539595,3.1539823391174564,1.4425482063296957,-0.3187119960784912,0.011546723508278012,-0.033954951120487034,0.014991628663553073,0.07011930270101607
3.24,-0.3425751957898714,-1.231647620310216,3.2778864843743385,1.5108122885395239,-0.33065593242645264,0.011919263363418753,-0.036261756936054906,0.014987656535156239,0.07003285035781515
3.25,-0.35455181372085703,-1.1976617930985618,3.398582721165414,1.5777609588711448,-0.3422735631465912,0.012278250574265848,-0.03860594077829385,0.014990672861589041,0.0698845482963617
3.2600000000000002,-0.36617682384878325,-1.1625010127926239,3.516078030593788,1.6434425595961544,-0.3535533845424652,0.01262343930631804,-0.04098388237798151,0.015000657153372959,0.06967965351116212
3.27,-0.377438826629459,-1.1262002780675746,3.630073472504929,1.7075962332571537,-0.3644843101501465,0.012954516479312506,-0.04338169250397219,0.015017582290359327,0.0694084520244942
3.2800000000000002,-0.3883267654474283,-1.0887938817969285,3.740639627064617,1.7703270521068446,-0.3750555217266083,0.013271243720820003,-0.04579729455207153,0.015041415339387834,0.06907912042139475
3.29,-0.39882995121713133,-1.0503185769703025,3.8475304826625933,1.831420453202158,-0.3852566182613373,0.013573332955794049,-0.048217510832994956,0.015072116811248745,0.06868422832402854
3.3000000000000003,-0.4089380572012609,-1.0108105984129605,3.9507978557341956,1.890956386558747,-0.39507749676704407,0.013860560434216851,-0.05063945905875396,0.015109641355749617,0.06823072639962624
3.31,-0.4186411452387838,-0.9703088037522912,4.050179466066929,1.948697879944349,-0.404508501291275,0.014132643947508794,-0.05304837739514401,0.015153936914849475,0.06771014598986325
3.3200000000000003,-0.4279296557171953,-0.928851047841152,4.145775591113926,2.0047674376752522,-0.4135402739048004,0.014389381812394908,-0.05544307087310047,0.015204945628189309,0.06713154239975094
3.33,-0.43679444231272435,-0.886478659552903,4.237238828824907,2.0588373961359006,-0.4221639633178711,0.014630478994853258,-0.05780443764597252,0.015262602552182552,0.0664821065340826
3.34,-0.4452267566224289,-0.8432314309704532,4.324722858244982,2.111078271879618,-0.4303710162639618,0.014855740358467096,-0.06013329430466592,0.015326836812670178,0.06577336494383301
3.35,-0.4532182659562044,-0.7991509333775505,4.40804975929027,2.161326846808932,-0.43815332651138306,0.015064939444821346,-0.06241691904650997,0.015397571113780636,0.06500040622832715
3.36,-0.46076107391425075,-0.7542807958046374,4.48701375729132,2.2093896994368105,-0.44550326466560364,0.015257809248647114,-0.06464077720734158,0.015474721126686644,0.06415711795549339
3.37,-0.46784770574117795,-0.7086631826927203,4.561761311191701,2.255423373426622,-0.45241352915763855,0.015434176583539405,-0.06680572602403483,0.015558196574252767,0.06325434660114371
3.38,-0.4744711330635021,-0.662342732232412,4.632045046030832,2.299188925295012,-0.4588773250579834,0.015593808005518683,-0.0688952030424521,0.01564790038108471,0.062283592658235465
3.39,-0.48062476905844453,-0.6153635994942467,4.697913273816531,2.3407411382135823,-0.46488824486732483,0.015736524191119705,-0.07090588731195639,0.015743729263046485,0.06125075129826962
3.4,-0.48630248894341777,-0.5677719884973231,4.759161099692356,2.379880136899579,-0.4704403877258301,0.015862101217587687,-0.07282276090860147,0.01584557307637263,0.06014931364372034
3.41,-0.49149862788374843,-0.5196138940330659,4.8158094464257175,2.4166302556282453,-0.4755282700061798,0.01597035787756862,-0.0746413744006192,0.01595331526574501,0.05898376046234999
3.42,-0.4962079850370895,-0.470935715334106,4.867817869895992,2.4509532679599686,-0.4801468551158905,0.016061129921199013,-0.07635462958641276,0.016066832993423586,0.05775538306199701
3.43,-0.5004258327740321,-0.4217847736942614,4.915094163984462,2.4827580830427474,-0.48429158329963684,0.016134249474395235,-0.07795302885885654,0.016185997010798113,0.05646289695947493
3.44,-0.5041479239939175,-0.3722091219885473,4.95756517057141,2.511971624354878,-0.4879583716392517,0.016189552354665793,-0.07942810640079813,0.016310671622145917,0.055105939732769116
3.45,-0.5073704978572922,-0.32225738633746626,4.995173565108099,2.5385357520564864,-0.4911436140537262,0.01622688380356596,-0.08077237127130492,0.01644071472154783,0.05368488054109388
3.46,-0.5100902842070618,-0.271978634976967,5.027875136049927,2.5624046704620578,-0.4938441812992096,0.016246102907852222,-0.08197925223779383,0.016575977887128657,0.052200661789125746
3.47,-0.5123044943904261,-0.22142101833643593,5.055761664053108,2.583667924654536,-0.4960573613643646,0.01624713302606151,-0.08304955974230945,0.01671630711555563,0.05066062846146302
3.48,-0.5140108382770343,-0.1706343886608196,5.078662967561633,2.6021527299474676,-0.497780978679657,0.016229859597377327,-0.08397096399170156,0.016861542272663323,0.049059286807195956
3.49,-0.515207531939498,-0.11966936624637062,5.096502241444898,2.6177790687873648,-0.49901336431503296,0.016194167624465017,-0.08473616091149526,0.017011517012283338,0.047395825123219826
3.5,-0.5158932849848702,-0.06857530453722385,5.109406170914677,2.6306699424027675,-0.49975326657295227,0.016140018411917922,-0.0853489644429241,0.017166059665948794,0.04567914045443544
3.5100000000000002,-0.5160673209399287,-0.017403595505851535,5.117170903137231,2.6406176602939695,-0.5,0.016067320939928686,-0.0857962401036292,0.017324992515797496,0.043901961832448766
3.52,-0.515729356483674,0.03379644562547082,5.120004113132236,2.6478255315047603,-0.49975326657295227,0.015976089910721747,-0.08608703256334332,0.01748813305946726,0.042076938210622306
3.5300000000000002,-0.514889627591048,0.08397288926260565,5.017644363713483,2.6520277500049274,-0.49901336431503296,0.01587626327601499,-0.08621582659010808,0.01765529298115367,0.040193780166464244
3.54,-0.5135467529838168,0.1342874607231137,5.031457146050807,2.674442171341589,-0.497780978679657,0.01576577430415982,-0.08731021670477042,0.01782637947026758,0.039265674274990836
3.5500000000000003,-0.5117002097914606,0.18465431923562128,5.036685851250758,2.6904373119322593,-0.4960573613643646,0.015642848427095957,-0.08806147493908115,0.018001273386462104,0.038074270806121024
3.56,-0.5093502672281741,0.234994256328647,5.033993709302573,2.700674931536563,-0.4938441812992096,0.01550608592896452,-0.08849775908777216,0.018179833671384614,0.0366636872798809
3.5700000000000003,-0.506497948488363,0.28523187398110905,5.023761765246204,2.705533683869946,-0.4911436140537262,0.015354334434636852,-0.08863481680212044,0.018361900203129094,0.035062468219693166
3.58,-0.5031450039559383,0.335294453242478,5.006257926136892,2.7052779939541782,-0.4879583716392517,0.015186632316686599,-0.0884843449327892,0.018547295971620206,0.03329236746634212
3.59,-0.49929386272808457,0.38511412278537366,4.98196695428957,2.7003879817922356,-0.48429158329963684,0.015002279428447729,-0.08807154483809591,0.01873583017818322,0.03138438071901284
3.6,-0.49494760366560914,0.43462590624754344,4.951178346216977,2.6911476755476578,-0.4801468551158905,0.014800748549718634,-0.08741240634415574,0.01892730025430516,0.029358695589259964
3.61,-0.490109930413485,0.48376732521241683,4.91414189648734,2.6778003963224486,-0.4755282700061798,0.014581660407305186,-0.086521840857695,0.019121493590899454,0.027232604723526066
3.62,-0.484785149840167,0.5324780573317954,4.871073211937859,2.6605542153944315,-0.4704403877258301,0.01434476211433694,-0.08541378232640758,0.019318189017776002,0.025020902822558977
3.63,-0.4789781534181444,0.5806996422022574,4.822158487046196,2.6395866483338057,-0.46488824486732483,0.014089908550819596,-0.08410129736589438,0.019517158067504425,0.022736228518727142
3.64,-0.47269439487352466,0.6283758544619761,4.767621225971858,2.61511127416484,-0.4588773250579834,0.01381706981554126,-0.0825999957926526,0.019718166351106035,0.02039233873188384
3.65,-0.46593986477166793,0.6754530101856746,4.707715572369853,2.587371033121425,-0.45241352915763855,0.013526335614029383,-0.08092746101335656,0.019920975008264896,0.018003735572508228
3.66,-0.45872108763788305,0.7218777133784876,4.642470319281304,2.556382201056057,-0.44550326466560364,0.013217822972279414,-0.07908982998411407,0.02012534100932554,0.015573439017818602
3.67,-0.45104509417829075,0.7675993459592285,4.5721632580740925,2.522408339727304,-0.43815332651138306,0.012891767666907694,-0.07710641474608328,0.020331018620590537,0.013116102043569944
3.68,-0.44291942275214674,0.8125671426143993,4.496779665517085,2.485418961088162,-0.4303710162639618,0.012548406488184949,-0.07498174597080708,0.020537759399733825,0.010631678782896392
3.69,-0.4343520827862116,0.8567339965935129,4.416685397911362,2.445762123261707,-0.4221639633178711,0.01218811946834053,-0.07273963624507575,0.020745313994076583,0.00813815199466883
3.7,-0.42535155519779094,0.9000527588420665,4.331876224855361,2.403414103241152,-0.4135402739048004,0.011811281292990528,-0.07038536977827445,0.020953432082890695,0.005634944713556189
3.71,-0.4159267863017693,0.9424768896021641,4.2424130760097665,2.3584140670805684,-0.404508501291275,0.0114182850104943,-0.06792771681596355,0.021161862621955855,0.0031245025104709168
3.72,-0.40608715122075484,0.9839635081014476,4.148661849928346,2.3111037650642343,-0.39507749676704407,0.011009654453710771,-0.06538984476792686,0.021370355517303107,0.0006235628209338984
3.73,-0.3958424669025717,1.0244684318183137,4.050492371686619,2.261326753795331,-0.3852566182613373,0.010585848641234408,-0.06277137108333199,0.021578660846897284,-0.001875657530769903
3.74,-0.3852029590838713,1.06395078187004,3.948235005172627,2.2093842536746178,-0.3750555217266083,0.010147437357263034,-0.06009321642735838,0.021786530298656917,-0.004358778345414649
3.75,-0.37417926579842226,1.1023693285449065,3.8418546674866607,2.1552095767752526,-0.3644843101501465,0.009694955648275771,-0.05735945698302995,0.021993716787994166,-0.006829624223858577
3.7600000000000002,-0.3627824089331726,1.1396856865249685,3.7316357980061965,2.099052526065682,-0.3535533845424652,0.009229024390707385,-0.05458812292660448,0.022199975600553735,-0.009276767776777994
3.77,-0.35102379537043166,1.1758613562740958,3.617566974912729,2.0408642804910624,-0.3422735631465912,0.00875023222384047,-0.05178415226686224,0.02240506405841955,-0.011703546937563702
3.7800000000000002,-0.3389151866049916,1.2108608765440043,3.4999520269908384,1.9809080360717184,-0.33065593242645264,0.008259254178538955,-0.04896540471461899,0.02260874268785934,-0.014098284260238847
3.79,-0.32646870457008276,1.2446482034908815,3.378732694687719,1.9190819636240022,-0.3187119960784912,0.007756708491591546,-0.04613461347311419,0.022810774593124344,-0.01646724174786396
3.8000000000000003,-0.31369680522313265,1.2771899346950093,3.254173120412775,1.8556031658541725,-0.30645352602005005,0.007243279203082598,-0.04330712442364911,0.02301092637862467,-0.018801197646767243
3.81,-0.3006122689541894,1.3084536268943217,3.1263692199312363,1.790517363183334,-0.29389262199401855,0.006719646960170855,-0.04049122213251375,0.023208968210915813,-0.02109953209186166
3.8200000000000003,-0.2872281863449932,1.3384082609196197,2.9954634025298184,1.723913376726483,-0.28104168176651,0.006186504578483187,-0.03769661455594611,0.023404674082792606,-0.02335960414346916
3.83,-0.27355794631295227,1.3670240032040923,2.861574228447252,1.655852802067351,-0.2679134011268616,0.005644545186090699,-0.034931784832569826,0.023597821934973923,-0.025580196954777534
3.84,-0.25961521375934754,1.394273255360474,2.724925215638171,1.586498769211302,-0.2545207142829895,0.005094499476358039,-0.03220828083406129,0.02378819425527355,-0.027755318816885532
3.85,-0.24541392036824394,1.4201293391103584,2.585608374988446,1.515879628543722,-0.24087683856487274,0.004537081803371201,-0.02953275962551175,0.0239755780072183,-0.02988568354879706
3.86,-0.23096825080590444,1.4445669562339496,2.4437617123591213,1.444066325325354,-0.22699524462223053,0.0039730061836739106,-0.02691305539410364,0.024159764764678435,-0.031969944846138576
3.87,-0.21629262821885445,1.4675622587050001,2.2995302471050567,1.3711335098890043,-0.2128896415233612,0.003402986695493243,-0.024356796698073967,0.02434055085750387,-0.03400664634701789
3.88,-0.20140169604499106,1.4890932173863383,2.1530958681338035,1.297189470287886,-0.19857394695281982,0.0028277490921712334,-0.02187215292049489,0.024517737670164214,-0.03599280165086094
3.89,-0.18631029990245607,1.509139614253498,2.004639686715982,1.2223386299474748,-0.18406227231025696,0.002248027592199109,-0.019466647230127004,0.024691131907511554,-0.03792575313005253
3.9,-0.17103348210292613,1.527681779952995,1.854216569949695,1.1465562088187184,-0.16936896741390228,0.0016645146890238438,-0.01714423770963172,0.024860545232397092,-0.039809124618031544
3.91,-0.15558645234004906,1.5447029762877065,1.7021196334711488,1.0700526777648822,-0.15450850129127502,0.001077951048774034,-0.014914185665644083,0.025025795040513603,-0.041635167690268204
3.92,-0.1399845822749029,1.5601870065146162,1.5484030226909784,0.9927970003639861,-0.13949555158615112,0.0004890306887517792,-0.012779673023366104,0.025186704048052583,-0.04340800577531667
3.93,-0.12424338888345228,1.574119339145062,1.3932332630445894,0.9148678704840885,-0.12434494495391846,-0.0001015560704661772,-0.010949239968777573,0.025343100421262428,-0.045126343291349014
3.94,-0.10837851310868622,1.586487577476606,1.236823833154404,0.8363885961858961,-0.10907161980867386,-0.0006931066999876362,-0.010205508371773366,0.025494818112010213,-0.04678682462060241
3.95,-0.09240570870775622,1.597280440093,1.0792862616393897,0.7573784818570874,-0.0936906561255455,-0.001284947417789284,-0.009572473869894437,0.02564169668184162,-0.048391209163770044
3.96,-0.07634082402855594,1.6064884679200275,0.9208027827027492,0.6779255864825147,-0.07821723073720932,-0.001876406708653383,-0.009053042914290035,0.02578358146154709,-0.0499379012593823
3.97,-0.060199787285208126,1.614103674334781,0.7615206414753525,0.5980813529916937,-0.06266661733388901,-0.002466830048680882,-0.008649173768145672,0.025920323528493758,-0.051427127587996835
3.98,-0.043998588542711034,1.6201198742497087,0.6016199914927814,0.5179287197799363,-0.04705415666103363,-0.0030555681183225963,-0.008362858112990326,0.026051779834735504,-0.052857607049243416
3.99,-0.027753266022839673,1.624532251987136,0.4412377737427294,0.4375063088447031,-0.031395260244607925,-0.003641994221768252,-0.008195216962303815,0.026177813117716536,-0.05423023260713866
4.0,-0.011479888631308284,1.6273377391531387,0.28054871660028596,0.35688964680193025,-0.015705378726124763,-0.0042254900948164795,-0.008147420412032593,0.026298291990683686,-0.055544100138819885
4.01,0.004805458388634373,1.6285347019942658,0.11969628411270473,0.2761224410870309,-2.4492937051703357e-16,-0.004805458388634618,-0.008220019688952779,0.026413090876996767,-0.056799866540687034
4.0200000000000005,0.02108669062798097,1.62812322393466,-0.04114780596058511,0.19527634691745743,0.015705378726124763,-0.0053813119018562075,-0.008413425650825871,0.02652209008037167,-0.05799682938176492
4.03,0.03734774010758983,1.6261049479608862,-0.20182759737736672,0.11440727770120307,0.031395260244607925,-0.005952479862981905,-0.008727587416674783,0.02662517577653794,-0.05913507208634358
4.04,0.053572569522475445,1.6224829414885613,-0.36220064723248385,0.033557928398795234,0.04705415666103363,-0.006518412861441815,-0.009162125102447375,0.026722239942072377,-0.060215306318315426
4.05,0.06974518924033876,1.617261971786331,-0.522096970223035,-0.047200898717254525,0.06266661733388901,-0.007078571906449754,-0.009716387440233131,0.026813180420186513,-0.06123687420302379
4.0600000000000005,0.08584967110446298,1.6104481864124218,-0.6813785373909202,-0.1278294710474004,0.07821723073720932,-0.007632440367253662,-0.010389387465055303,0.026897900835155218,-0.06220063145430041
4.07,0.10187016579510448,1.6020494690641494,-0.8398717348272534,-0.20825134261416522,0.0936906561255455,-0.00817950966955898,-0.011179758387893727,0.026976310685366045,-0.06310564757880388
4.08,0.11779091571665268,1.5920749921548203,-0.9974476909329089,-0.2884333614143282,0.10907161980867386,-0.008719295907978819,-0.012085936728391275,0.02704832522550174,-0.06395310075131416
4.09,0.13359627115923078,1.5805355442578117,-1.153944789700851,-0.36830797370187485,0.12434494495391846,-0.009251326205312327,-0.013105926446898473,0.027113865517874397,-0.06474247763035984
4.1,0.14927070292845582,1.567443176922503,-1.3092367335308615,-0.44784099477741046,0.13949555158615112,-0.009775151342304694,-0.014237645021217809,0.0271728583221436,-0.06547488103454402
4.11,0.16479882139190993,1.5528118463454113,-1.4631330577091826,-0.5269319288626255,0.15450850129127502,-0.010290320100634909,-0.015478117307334425,0.027225236305771793,-0.06614820641011321
4.12,0.1801653852378963,1.5366563845986356,-1.6155461746775535,-0.6055807017945629,0.16936896741390228,-0.010796417823994015,-0.016825010532181717,0.027270937765991717,-0.06676523408268575
4.13,0.19535531569207062,1.5189930454174336,-1.7663339181202062,-0.6837301256601582,0.18406227231025696,-0.011293043381813667,-0.018275252101192754,0.027309906636715325,-0.06732589496316888
4.14,0.21035372000033903,1.4998404308268405,-1.9152614590593067,-0.7612275676547743,0.19857394695281982,-0.011779773047519204,-0.019823968463038084,0.027342092949322817,-0.06782558116114612
4.15,0.22514589136164284,1.479217136130382,-2.0623294696458485,-0.8381528015062957,0.2128896415233612,-0.012256249838281635,-0.021469334360831923,0.02736745216455304,-0.06827097377270219
4.16,0.2397173329519543,1.4571441590311465,-2.2072977099235525,-0.9143417418386206,0.22699524462223053,-0.012722088329723769,-0.023205565638607182,0.027385945697158916,-0.06865682624344893
4.17,0.25405376770866694,1.433643475671265,-2.350068335988145,-0.9897693265137646,0.24087683856487274,-0.013176929143794203,-0.025028695956204102,0.0273975407532881,-0.0689847647669245
4.18,0.2681411486998566,1.408738099118969,-2.4905376552295957,-1.0644013175692024,0.2545207142829895,-0.013620434416867111,-0.02693447909720698,0.027402210219031324,-0.06925590385958857
4.19,0.28196567312751375,1.382452442765712,-2.6285656353256925,-1.138163724501687,0.2679134011268616,-0.014052272000652177,-0.02891761339487658,0.027399932743301374,-0.06946941473175983
4.2,0.2955137962554391,1.3548123127925384,-2.7640129973173706,-1.210979783820859,0.28104168176651,-0.0144721144889291,-0.030972351260051507,0.027390692829691338,-0.06962437880086991
4.21,0.30877224841050827,1.3258452155069156,-2.8967097285622856,-1.2827384161049142,0.29389262199401855,-0.01487962641648971,-0.03309167039348573,0.027374481087077133,-0.06971829004168151
4.22,0.32172803891588,1.2955790505371736,-3.026616496974198,-1.3534555584894197,0.30645352602005005,-0.015274512895829928,-0.0352714574600798,0.02735129386317255,-0.06975481290376617
4.23,0.3343684710043389,1.264043208845892,-3.1535841691281616,-1.423033843251989,0.3187119960784912,-0.015656474925847708,-0.03750453335008239,0.027321133434798663,-0.06973204469305494
4.24,0.34668115343442873,1.2312682430089816,-3.277496583691038,-1.4914052582934618,0.33065593242645264,-0.016025221007976098,-0.0397841389388724,0.0272840080490198,-0.06964957404975158
4.25,0.35865401561772214,1.197286218329339,-3.3982024679642646,-1.5584631272248737,0.3422735631465912,-0.016380452471130957,-0.04210201994892766,0.027239932146141427,-0.06950517099512665
4.26,0.37027530692542343,1.1621291307701271,-3.515708755921187,-1.624255424010576,0.3535533845424652,-0.01672192238295822,-0.04445452332382051,0.027188925835388858,-0.06930407874193856
4.2700000000000005,0.3815336265876087,1.125831966218524,-3.6297164551602945,-1.6885209188913588,0.3644843101501465,-0.017049316437462214,-0.046827842988958875,0.02713101586763609,-0.06903657000200125
4.28,0.3924179166409284,1.0884290053319714,-3.7402960886552754,-1.7513643093567328,0.3750555217266083,-0.017362394914320123,-0.04921984205485393,0.027066234819026085,-0.06871080857234757
4.29,0.4029174865359346,1.049956989500624,-3.847201583134743,-1.8125706567882038,0.3852566182613373,-0.01766086827459734,-0.051617401812894766,0.026994621835230173,-0.06831935185906968
4.3,0.4130220079620273,1.010452142609268,-3.9504846891355814,-1.872219536112513,0.39507749676704407,-0.017944511194983248,-0.054017584641500443,0.026916221937541267,-0.0678691389299435
4.3100000000000005,0.42272154108244037,0.969953312041307,-4.049883056796106,-1.9300736020903657,0.404508501291275,-0.018213039791165342,-0.056405690313566036,0.026831086870833746,-0.06735169018617371
4.32,0.43200652451381394,0.9284983431373565,-4.145496890395054,-1.986254989548742,0.4135402739048004,-0.018466250609013524,-0.05878044861729507,0.026739274199057347,-0.06677605068876602
4.33,0.44086781007401477,0.8861285560200817,-4.236978711727475,-2.0404356703290927,0.4221639633178711,-0.01870384675614367,-0.06112284782145125,0.02664084858709792,-0.06612940183028937
4.34,0.4492966474221306,0.842883734811586,-4.324482120849573,-2.0927858027355803,0.4303710162639618,-0.01892563115816881,-0.0634336083098948,0.026535880648997392,-0.06542326141101285
4.3500000000000005,0.45728470185860076,0.7988054436470182,-4.407829116456769,-2.143141818064999,0.43815332651138306,-0.019131375347217705,-0.0657000340074073,0.026424447439889916,-0.06465271006945716
4.36,0.4648240749110001,0.7539373052399349,-4.486813840708334,-2.191309953119271,0.44550326466560364,-0.019320810245396447,-0.06790762481202473,0.026306633067959946,-0.0638116282249579
4.37,0.47190728969663087,0.7083214785630778,-4.561582667685702,-2.237446419960712,0.45241352915763855,-0.019493760538992322,-0.07005714467793618,0.02618252761042633,-0.06291085603644109
4.38,0.47852731566861584,0.6620025971984954,-4.631888136458239,-2.2813119547962257,0.4588773250579834,-0.01964999061063244,-0.07213208040029176,0.026052227964039856,-0.061941888528593836
4.39,0.4846775637933868,0.6150248124770964,-4.697778472139901,-2.3229610328559027,0.46488824486732483,-0.01978931892606195,-0.07412905404769406,0.025915837256026947,-0.06091061626435357
4.4,0.49035190704890536,0.567434325551857,-4.759048692523939,-2.3621934843335395,0.4704403877258301,-0.019911519323075277,-0.07603308161116805,0.02577346549535138,-0.05981052662656916
4.41,0.4955446783411468,0.5192771292241448,-4.815719632771219,-2.399033363361004,0.4755282700061798,-0.020016408334966984,-0.07783966785709437,0.025625229124924126,-0.05864609751688454
4.42,0.5002506745572567,0.4705996216109872,-4.867750761315766,-2.4334421786604032,0.4801468551158905,-0.02010381944136619,-0.0795416918140615,0.025471250892671563,-0.05741861825307448
4.43,0.5044651657948581,0.42144912376014326,-4.91504978508439,-2.4653285906881512,0.48429158329963684,-0.020173582495221276,-0.08112965245978374,0.025311659980095363,-0.05612680323635599
4.44,0.5081839026864843,0.37187368916261504,-4.9575434597528245,-2.4946192911483624,0.4879583716392517,-0.02022553104723257,-0.08259507516561956,0.0251465920385393,-0.054770289798655725
4.45,0.5114031221405521,0.32192194540677443,-4.9951743755840585,-2.521255926057041,0.4911436140537262,-0.02025950808682586,-0.08393045627253783,0.024976189152211718,-0.053349447715167475
4.46,0.514119551770907,0.271642963035487,-5.027898237128744,-2.545192503865024,0.4938441812992096,-0.020275370471697363,-0.08512920918837116,0.024800599743798293,-0.05186522085843803
4.47,0.5163304007269934,0.221084895608645,-5.055806742684203,-2.5665183926566453,0.4960573613643646,-0.02027303936262881,-0.0861920844921436,0.02461997783973287,-0.05032495651998703
4.48,0.5180333767200542,0.17029759930607619,-5.078729630256882,-2.5850606501292837,0.497780978679657,-0.020252398040397246,-0.087106784961195,0.024434483619259508,-0.048723164079411685
4.49,0.5192266937114873,0.11933169914331115,-5.096590016276503,-2.6007391209196724,0.49901336431503296,-0.02021332939645437,-0.0878660092016951,0.024244283495209296,-0.047059035768481916
4.5,0.5199090592519513,0.06823655404639345,-5.1095145096917705,-2.6136766886428475,0.49975326657295227,-0.02015579267899903,-0.08847350723385755,0.024049549223823945,-0.04534147335137906
4.51,0.5200796948740202,0.017063562206890995,-5.117299183950245,-2.6236655657145658,0.5,-0.02007969487402017,-0.08891619604633869,0.023850458631304434,-0.043563211341624
4.5200000000000005,0.5197383153317999,-0.03413795422202826,-5.120151642891925,-2.6309089848570535,0.49975326657295227,-0.019985048758847657,-0.08920303502478184,0.023647194348293755,-0.041736904911660044
4.53,0.5188951547514685,-0.08431605803314272,-5.017810381111446,-2.6351410846935717,0.49901336431503296,-0.019881790436435565,-0.08932858499647796,0.023439944838126087,-0.03985227156990678
4.54,0.5175488300984046,-0.13463246530639095,-5.031640727324822,-2.6575796864962205,0.497780978679657,-0.019767851418747595,-0.09041327522023557,0.02322880307740797,-0.038922505504457305
4.55,0.5156988168400929,-0.18500132583116652,-5.036886052477558,-2.6735933139601444,0.4960573613643646,-0.019641455475728264,-0.09115669305081142,0.02301388839006757,-0.03772926622284123
4.5600000000000005,0.5133453826259174,-0.23534342141754827,-5.0342095586381745,-2.6838437474284227,0.4938441812992096,-0.01950120132670785,-0.09158676045881876,0.022795342034658737,-0.036316680684334024
4.57,0.5104895491859679,-0.28558334399495944,-5.0239922577411145,-2.688709676345668,0.4911436140537262,-0.0193459351322417,-0.09171909021535732,0.022573324348936826,-0.03471330313079557
4.58,0.5071330655439714,-0.33564836419964916,-5.006502020468975,-2.6884555779867942,0.4879583716392517,-0.01917469390471971,-0.0915652876771927,0.022348012573469665,-0.03294089745249362
4.59,0.5032783595448719,-0.3854705999099548,-4.982223571030564,-2.6835616421599764,0.48429158329963684,-0.018986776245235037,-0.09115039470135347,0.02211959775102632,-0.031030469761839097
4.6000000000000005,0.49892850890901047,-0.4349850635861424,-4.951446367618763,-2.67431198512437,0.4801468551158905,-0.018781653793119968,-0.0904903117364615,0.021888282706736505,-0.029002218464679874
4.61,0.49408721625641294,-0.48412926525975547,-4.914420167361303,-2.6609500348045563,0.4755282700061798,-0.018558946250233133,-0.08959987827297779,0.021654280317708198,-0.026873447384928584
4.62,0.4887587875496729,-0.5328428706740055,-4.871360541424998,-2.6436839882386685,0.4704403877258301,-0.018318399823842813,-0.08849297164536606,0.02141781203240237,-0.024658962775220283
4.63,0.48294811347782196,-0.5810674071850918,-4.8224536511086225,-2.622691505709412,0.46488824486732483,-0.018059868610497132,-0.08718261528339295,0.02117910660557889,-0.02237141517651975
4.64,0.47666064710892436,-0.628746636889761,-4.767922970466915,-2.598186329751053,0.4588773250579834,-0.017783322050940964,-0.08568436642539362,0.020938398721380504,-0.02002457374905009
4.65,0.46990237847836175,-0.6758268630562636,-4.708022616650262,-2.5704115826044047,0.45241352915763855,-0.0174888493207232,-0.08401574830942048,0.020695927541867647,-0.017632953144725017
4.66,0.46267983171177346,-0.7222546766588313,-4.642781360256766,-2.5393837401830073,0.44550326466560364,-0.01717656704616982,-0.08218291666318375,0.020451936403740066,-0.015199586147229827
4.67,0.4550000372477398,-0.7679794464033657,-4.572476974453442,-2.5053665817862627,0.43815332651138306,-0.01684671073635674,-0.08020512025776859,0.020206671351736163,-0.012739138763229185
4.68,0.44687053331146376,-0.812950393627604,-4.497094722423831,-2.4683298537340215,0.4303710162639618,-0.016499517047501966,-0.07808692805834741,0.019960381141898385,-0.010251578338760226
4.69,0.438299329330033,-0.8571203981430762,-4.41700045154721,-2.42862186456896,0.4221639633178711,-0.016135366012161922,-0.07585206299969899,0.01971331544196246,-0.0077549009814659176
4.7,0.4292949063558495,-0.9004422974183507,-4.3321899275274545,-2.3862191569260327,0.4135402739048004,-0.015754632451049078,-0.07350584743083698,0.01946572488771013,-0.005248543163993702
4.71,0.41986621097355337,-0.9428695382296148,-4.242724081126417,-2.3411611767705374,0.404508501291275,-0.015357709682278342,-0.07105706920457575,0.019217860837064386,-0.002734963934186707
4.72,0.4100226187095546,-0.9843592263998774,-4.14896881702625,-2.2937899675705986,0.39507749676704407,-0.01494512194251052,-0.06852880918238437,0.018969973694999292,-0.0002309141934830894
4.73,0.3997739470483843,-1.0248671661170285,-4.050793971715117,-2.243949391332575,0.3852566182613373,-0.014517328787047035,-0.06592077020385013,0.01872231369051712,0.002271375829199229
4.74,0.3891304223946569,-1.0643524653727423,-3.94852992557137,-2.191940984922074,0.3750555217266083,-0.014074900668048618,-0.06325379965240517,0.01847512943729936,0.004757512644126827
4.75,0.378102683579185,-1.102773881547193,-3.8421416174450735,-2.1376983867712407,0.3644843101501465,-0.013618373429038488,-0.0605320275909048,0.018228668314854257,0.0072313077265628856
4.76,0.36670175341235656,-1.1400930166828402,-3.7319135135647286,-2.081471734845812,0.3535533845424652,-0.013148368869891347,-0.05777342678620066,0.01798317532448706,0.009681320779064695
4.7700000000000005,0.35493903982311314,-1.1762713589243392,-3.6178342241499037,-2.0232125504494585,0.3422735631465912,-0.012665476676521958,-0.054982981229309696,0.017738893421829407,0.012110877095439232
4.78,0.34282630547236637,-1.21127343507468,-3.5002076150341006,-1.9631843779776985,0.33065593242645264,-0.01217037304591373,-0.05217848539978817,0.0174960623478628,0.014508286910486223
4.79,0.3303756735747427,-1.2450631897623674,-3.3789754687687354,-1.9012857412775688,0.3187119960784912,-0.011663677496251468,-0.04936273454260665,0.01725491925392405,0.016879800278535306
4.8,0.3175996014796519,-1.2776072095090796,-3.2544019746712207,-1.8377340993204414,0.30645352602005005,-0.011146075459601834,-0.04655102183944255,0.017015697778377123,0.019216183918252527
4.8100000000000005,0.30451087107454167,-1.308873040511023,-3.1265831001943365,-1.7725755306095214,0.29389262199401855,-0.010618249080523112,-0.043751637833855946,0.01677862798352079,0.021516806905930164
4.82,0.29112257453834073,-1.3388296536200923,-2.9956613109069345,-1.7058992146954188,0.28104168176651,-0.010080892771830718,-0.04097427892022768,0.016543936090440473,0.02377901776016711
4.83,0.2774481024793642,-1.3674472058976512,-2.861755227755893,-1.6377671044796567,0.2679134011268616,-0.009534701352502617,-0.03822742409857669,0.016311844356325683,0.026001589655250124
4.84,0.2635011215770253,-1.3946980902338881,-2.725088433623692,-1.5683426846849122,0.2545207142829895,-0.00898040729403582,-0.03552257782298466,0.016082570474361936,0.028178521510446863
4.8500000000000005,0.24929556537384942,-1.4205556203175913,-2.5857530083703244,-1.4976546563286384,0.24087683856487274,-0.008418726808976679,-0.03286639977562109,0.01585632764424041,0.030310518422210775
4.86,0.2348456204676139,-1.4449944906235532,-2.4438870305961964,-1.4257743097272693,0.22699524462223053,-0.007850375845383367,-0.030266708746098502,0.015633324436724223,0.03239622605336889
4.87,0.22016571200178914,-1.4679908465824767,-2.2996355958923416,-1.3527766332200528,0.2128896415233612,-0.007276070478427932,-0.02773111379793968,0.015413764647281697,0.03443418073661997
4.88,0.2052704854687032,-1.4895226533085961,-2.153180672611937,-1.2787702443622568,0.19857394695281982,-0.006696538515883366,-0.02526774962926591,0.015197846996792004,0.03642138952833773
4.89,0.19017478859017875,-1.5095696878524438,-2.004703454384764,-1.2038598861463843,0.18406227231025696,-0.0061125162799217925,-0.02288410317712857,0.014985764865207541,0.03835518905230817
4.9,0.17489366582232888,-1.5281122767849886,-1.8542588932544748,-1.1280210867536709,0.16936896741390228,-0.005524698408426593,-0.020584141260496923,0.014777706653444777,0.04023919821697641
4.91,0.15944232903527955,-1.5451336787049317,-1.7021401919943069,-1.0514646125788092,0.15450850129127502,-0.004933827744004526,-0.018377044144127816,0.014573855008134238,0.04206566452226168
4.92,0.1438361520897278,-1.5606176945551753,-1.5484015850243587,-0.9741597087255669,0.13949555158615112,-0.00434060050357668,-0.016265999473178205,0.014374387233642955,0.04383870819254232
4.93,0.12809065417535342,-1.574549791437439,-1.3932096882263574,-0.8961853353199232,0.12434494495391846,-0.0037457092214349674,-0.014256397819575481,0.014179475162284861,0.04555703133190814
4.94,0.11222147845380823,-1.5869175721545201,-1.236778071708114,-0.8176650502222147,0.10907161980867386,-0.003149858645134368,-0.012353927369496134,0.013989284818618065,0.04721727691297806
4.95,0.0962443808966422,-1.5977097557166022,-1.079218356208211,-0.7386183900392365,0.0936906561255455,-0.0025537247710966937,-0.010561972495650235,0.013803976595335438,0.04882120384168409
4.96,0.08017521205265249,-1.606916884398971,-0.9207128682368836,-0.6591336273461774,0.07821723073720932,-0.001957981315443169,-0.00888473457579496,0.013623705093741108,0.050367216882984955
4.97,0.06402990231416417,-1.6145309738488316,-0.7614089449860693,-0.579262399072026,0.06266661733388901,-0.001363284980275159,-0.007325444515579207,0.013448619146553474,0.051855544066939374
4.98,0.04782444389254002,-1.6205458421624146,-0.6014868313582922,-0.49908781714694106,0.04705415666103363,-0.0007702872315063919,-0.005887342550301267,0.013278861690022169,0.05328490656329454
4.99,0.03157487711505891,-1.6249566777481113,-0.44108355856966885,-0.4186486558609026,0.031395260244607925,-0.00017961687045098262,-0.004572768045550566,0.013114569853542849,0.054656200519843934
5.0,0.015297272943214386,-1.6277604171844522,-0.28037394363408835,-0.3380205722009748,0.015705378726124763,0.0004081057829103778,-0.004200288830973624,0.012955874869653508,0.05596852589979523
5.01,-0.0009922813823508847,-1.628955432556527,-0.11950153720746896,-0.2572473814790659,3.0616169991140216e-16,0.0009922813823511909,-0.004307539336384973,0.012802902140221367,0.057222544572006415
5.0200000000000005,-0.017277699522035332,-1.6285418139684449,0.04136185880821942,-0.17640082382914857,-0.015705378726124763,0.0015723207959105687,-0.004535641742230225,0.012655771166783628,0.05841755994402016
5.03,-0.03354291164102775,-1.6265212118992423,0.2020602069202594,-0.09553687425910917,-0.031395260244607925,0.002147651396419828,-0.004884495592610016,0.012514595559557902,0.05955366212012855
5.04,-0.04977187866139275,-1.6228967020364995,0.36245098627428735,-0.014698265773576802,-0.04705415666103363,0.0027177220003591213,-0.005353676096007575,0.012379483109357842,0.060631570256671624
5.05,-0.06594860926802625,-1.6176730606633494,0.5223641373150228,0.06604418499594544,-0.06266661733388901,0.0032819919341372378,-0.005942476409050953,0.01225053572263288,0.06165063475096211
5.0600000000000005,-0.08205717371856946,-1.610856445054322,0.6816615609027414,0.1466507547874656,-0.07821723073720932,0.003839942981360145,-0.006649865906730526,0.01212784950794105,0.06261172033131812
5.07,-0.09808172121137591,-1.6024547492806445,0.8401695773677436,0.2270450305551852,-0.0936906561255455,0.004391065085830412,-0.007474420768320555,0.01201151468387129,0.0635139062207038
5.08,-0.11400649277877241,-1.5924771567396492,0.9977592540995388,0.3071939166053719,-0.10907161980867386,0.00493487297009855,-0.00841453748882963,0.011901615697898311,0.06435838096780916
5.09,-0.12981583745425648,-1.5809344675484076,1.1542689191241664,0.38702993855065704,-0.12434494495391846,0.005470892500338026,-0.009468168024365847,0.01179823117614685,0.06514464221518967
5.1000000000000005,-0.1454942249073217,-1.5678387453065201,1.3095722241887557,0.46651901366163184,-0.13949555158615112,0.005998673321170572,-0.010633191553533114,0.011701434034827903,0.06587380432514084
5.11,-0.16102626449443969,-1.5532039587117996,1.4634786594720541,0.5455607701971726,-0.15450850129127502,0.0065177632031646615,-0.01190657128030399,0.01161129127098837,0.0665437747941311
5.12,-0.1763967140217509,-1.5370449527311203,1.6159005980679344,0.6241552794531423,-0.16936896741390228,0.007027746607848606,-0.013285951923257119,0.011527864241793744,0.06715734644907323
5.13,-0.19159049396503966,-1.5193779943288763,1.766695840224399,0.7022455196515353,-0.18406227231025696,0.007528221654782702,-0.01476821884314009,0.011451208658908682,0.06771446309565277
5.14,-0.20659271095537152,-1.5002216990331858,1.915629529569055,0.779679043964102,-0.19857394695281982,0.008018764002551693,-0.016348423264769475,0.011381374129030881,0.06821053007259048
5.15,-0.2213886577140003,-1.4795946758628769,2.062702317030892,0.8565358310154911,-0.2128896415233612,0.008499016190639086,-0.01802475289361484,0.011318404823350984,0.06865224197904751
5.16,-0.2359638370778679,-1.4575179363867592,2.207673947611762,0.9326520182385659,-0.22699524462223053,0.008968592455637359,-0.019791348861771182,0.011262338954268682,0.06903436597594514
5.17,-0.25030397178487446,-1.4340134707006562,2.3504465686102893,1.00800278314427,-0.24087683856487274,0.009427133220001715,-0.0216442239624186,0.011213208939398632,0.06935854212253845
5.18,-0.2643950148433973,-1.409104305852284,2.4909164848372245,1.0825541431122874,-0.2545207142829895,0.009874300560407778,-0.02357911023287501,0.011171041514417482,0.06962589888898085
5.19,-0.27822316353516535,-1.3828148691768067,2.6289436675477273,1.1562323774709047,-0.2679134011268616,0.01030976240830378,-0.025590672477840453,0.011135857651582839,0.06983562146507527
5.2,-0.29177487334218943,-1.355170980702407,2.764388847439958,1.2289610057974967,-0.28104168176651,0.010733191575679424,-0.02767313150032529,0.011107672469269391,0.06998680521196343
5.21,-0.3050368749464634,-1.326200160427397,2.8970820275010016,1.3006292436756721,-0.29389262199401855,0.011144252952444866,-0.02981942411300603,0.0110864949827511,0.07007695795155366
5.22,-0.3179961781610248,-1.2959303214561422,3.0269838971254788,1.371253333846476,-0.30645352602005005,0.011542652140974774,-0.032025444594894946,0.011072328472015234,0.07010975782424933
5.23,-0.3306400868405863,-1.2643908679561524,3.153945349998968,1.4407362234222463,-0.3187119960784912,0.011928090762095112,-0.034283983683875995,0.01106517029284057,0.07008331561202397
5.24,-0.3429562104944135,-1.2316123653827165,3.2778502573435957,1.5090102229833353,-0.33065593242645264,0.012300278067960857,-0.03658826561720663,0.011065011836981907,0.06999723316000739
5.25,-0.35493247940981726,-1.1976268915403785,3.3985473842337957,1.5759689852640748,-0.3422735631465912,0.012658916263226072,-0.03893000885970953,0.01107183831046013,0.06984929336886214
5.26,-0.3665571439544804,-1.1624664544663177,3.5160437074060744,1.6416608183860244,-0.3535533845424652,0.013003759412015203,-0.04130559009601341,0.011085629259133652,0.06964475195297415
5.2700000000000005,-0.37781880447095717,-1.126166051647675,3.630040281864267,1.7058248303689234,-0.3644843101501465,0.013334494320810686,-0.04370112781572606,0.011106357597176991,0.06937389369818803
5.28,-0.3887064042191867,-1.088759974822951,3.740607682472397,1.768566058711024,-0.3750555217266083,0.013650882492578398,-0.04611453981560132,0.01113399042462048,0.06904489400149649
5.29,-0.3992092539782259,-1.050284975903918,3.8474998919033165,1.829669905627929,-0.3852566182613373,0.013952635716888595,-0.04853265388310324,0.011168488284198972,0.06865032135005
5.3,-0.40931702686521687,-1.0107772886991004,3.9507687204817477,1.8892162863461168,-0.39507749676704407,0.014239530098172803,-0.050952582591476836,0.011209805856310791,0.0681971253332414
5.3100000000000005,-0.4190197845640543,-0.9702757698837448,4.050151881535567,1.9469681940347638,-0.404508501291275,0.014511283272779285,-0.05335956982823267,0.01125789111205021,0.06767683627600385
5.32,-0.4283079672983187,-0.9288182734264386,4.145749645730607,2.003048098735913,-0.4135402739048004,0.0147676933935183,-0.055752413637064735,0.011312686218642749,0.0670985085312048
5.33,-0.4371724285721879,-0.886446127386918,4.237214603952065,2.0571283030166874,-0.4221639633178711,0.015008465254316816,-0.05811202054179924,0.011374126258447225,0.06644933211937265
5.34,-0.44560441980326543,-0.843199123107751,4.32470042791669,2.1093792901949007,-0.4303710162639618,0.015233403539303636,-0.06043919819954475,0.011442140381529487,0.0657408327778497
5.3500000000000005,-0.45359560811534244,-0.7991188312077038,4.408029190004727,2.159637809645227,-0.43815332651138306,0.015442281603959385,-0.06272122719884249,0.01151665131444831,0.06496809836562534
5.36,-0.4611380969166366,-0.7542488801294134,4.486995107829037,2.207710408176202,-0.44550326466560364,0.01563483225103296,-0.06494357608790474,0.011597574748945698,0.06412501578564322
5.37,-0.4682244112546849,-0.7086314338048292,4.5617446324584146,2.2537535986836494,-0.45241352915763855,0.01581088209704634,-0.06710709344181764,0.011684820426535679,0.06322243092592439
5.38,-0.47484752255463786,-0.6623111299952968,4.6320303809532355,2.297528407962067,-0.4588773250579834,0.01597019749665446,-0.06919522138349721,0.011778291288502694,0.06225184377034454
5.39,-0.48100084378886515,-0.6153321234227273,4.6979006572569615,2.339089590608132,-0.46488824486732483,0.016112598921540322,-0.07120463367256943,0.011877884065375825,0.061219149061153555
5.4,-0.48667824996725184,-0.5677406178386716,4.7591505584055716,2.378237244007658,-0.4704403877258301,0.016237862241421763,-0.07312031553841701,0.011983488626006174,0.06011783757220446
5.41,-0.49187407604573513,-0.5195826078483287,4.815800999034289,2.4149956764372895,-0.4755282700061798,0.016345806039555322,-0.0749378132980418,0.012094988425616895,0.05895238980369588
5.42,-0.49658312097152785,-0.47090449257927197,4.867811526905666,2.4493266368788094,-0.4801468551158905,0.016436265855637344,-0.07665002663800927,0.012212260634915342,0.057724096877259656
5.43,-0.5008006569045377,-0.4217535933009867,4.915089927828528,2.481139011398199,-0.48429158329963684,0.016509073604900837,-0.07824745763718347,0.012335176011634252,0.056431674204637794
5.44,-0.5045224365339794,-0.3721779629441806,4.957563035680612,2.510359701961393,-0.4879583716392517,0.016564064894727726,-0.07972163966314594,0.012463598864287112,0.05507475933949624
5.45,-0.5077446988116209,-0.32222622776414006,4.9951735180040515,2.53693054885076,-0.4911436140537262,0.01660108475789468,-0.08106508059667596,0.012597387089089643,0.05365372149672698
5.46,-0.5104641733737159,-0.2719474562094938,5.02787715546463,2.5608057381993508,-0.4938441812992096,0.016619992074506262,-0.0822712077813923,0.012736392264213756,0.05216950321580427
5.47,-0.5126780713637036,-0.22138979899877737,5.055765721071642,2.5820747986580996,-0.4960573613643646,0.016620709999338956,-0.08334082610109234,0.012880460384307268,0.05062944969399519
5.48,-0.5143841024511113,-0.1706031087407722,5.078669025800517,2.6005649309068666,-0.497780978679657,0.016603123771454342,-0.08426160879079272,0.013029431311147734,0.049028067469536474
5.49,-0.5155804825127953,-0.11963800616839337,5.096510257237882,2.6161961045964572,-0.49901336431503296,0.016567118197762354,-0.08502625202733907,0.013183138692508518,0.04736454520317679
5.5,-0.5162659209651278,-0.06854384523325349,5.109416093513987,2.629091310032727,-0.49975326657295227,0.01651265439217553,-0.0856385638157909,0.01334141085190695,0.04564778037646766
5.51,-0.5164396411499653,-0.017372018483757468,5.1171826749496025,2.639042847697878,-0.5,0.016439641149965323,-0.08608541445684478,0.013504070061558227,0.0438705025284758
5.5200000000000005,-0.5161013595678073,0.03382815821579929,5.120017669955676,2.6462540195450925,-0.49975326657295227,0.016348092994855068,-0.08637584069872893,0.013670933807328358,0.0420453611885252
5.53,-0.5152613120221482,0.08400475456590979,5.01765963501105,2.6504590143986535,-0.49901336431503296,0.01624794770711524,-0.08650433437597574,0.013841813759856101,0.04016206757613272
5.54,-0.5139181170718655,0.13431949502826618,5.0314740462356395,2.6728756846156063,-0.497780978679657,0.01613713839220854,-0.08759782437304665,0.014016617093281013,0.039233808971683715
5.55,-0.512071251692298,0.1846865379567565,5.036704292849031,2.688872547273011,-0.4960573613643646,0.016013890327933322,-0.08834835520002027,0.014195224650356022,0.03804223650096805
5.5600000000000005,-0.5097209849525067,0.2350266739791248,5.03401360223683,2.699111364026613,-0.4938441812992096,0.015876803653297134,-0.08878406274495486,0.014377495354286906,0.03663146855874544
5.57,-0.5068683399110797,0.28526450414269855,5.023783016357374,2.703970791895161,-0.4911436140537262,0.015724725857353516,-0.08892068212889874,0.014563269063274712,0.03503005056921804
5.58,-0.5035150668257644,0.33532730853152876,5.006280438883023,2.703715260737674,-0.4879583716392517,0.015556695186512703,-0.08876990170181759,0.014752368745992991,0.03325973730474718
5.59,-0.49966359467759036,0.3851472148174046,4.981990628587583,2.6988248970244353,-0.48429158329963684,0.01537201137795352,-0.08835690800302466,0.014944603581254268,0.031351525429956784
5.6000000000000005,-0.49531700222157393,0.4346592456016423,4.951203078423769,2.689583737083272,-0.4801468551158905,0.01517014710568343,-0.08769768255329861,0.015139770976871266,0.029325603557228686
5.61,-0.4904789930076093,0.4838009213964677,4.914167579482536,2.6762351119181926,-0.4755282700061798,0.014950723001429467,-0.08680713007561135,0.015337658299025208,0.027199265369426406
5.62,-0.48515387382011566,0.532511918749362,4.87109973528943,2.658987104466501,-0.4704403877258301,0.014713486094285577,-0.08569917925508719,0.015538044351843,0.024987306638507567
5.63,-0.4793465360588978,0.580733776121786,4.822185737242401,2.638017243716048,-0.46488824486732483,0.014458291191572992,-0.0843868926917338,0.015740700641370908,0.0227023671011628
5.64,-0.4730624333890092,0.6284102669888575,4.767649086707147,2.613539123852435,-0.4588773250579834,0.01418510833102582,-0.08288587531375635,0.01594539275138005,0.020358204812359615
5.65,-0.4663075563266327,0.6754877062376519,4.7077439248794395,2.5857957019864966,-0.45241352915763855,0.013894027168994127,-0.08121370493439072,0.016151881793693756,0.017969323045624597
5.66,-0.45908842935998423,0.7219126966648427,4.642499042719081,2.554803272522687,-0.44550326466560364,0.013585164694380591,-0.07937652024891279,0.016359924710304046,0.015538742965837127
5.67,-0.45141208317034515,0.767634618963907,4.572192229906423,2.5208254173922837,-0.43815332651138306,0.01325875665896209,-0.07739362741690377,0.01656927573879006,0.013081118757213295
5.68,-0.44328605610451094,0.8126027065834212,4.496808761951419,2.4838316702812384,-0.4303710162639618,0.012915039840549147,-0.07526956066221671,0.01677968640785389,0.010596405778218188
5.69,-0.43471835758924376,0.8567698515267164,4.416714494329526,2.4441701125341697,-0.4221639633178711,0.01255439427137267,-0.07302812423991073,0.01699090733572029,0.008102588025649116
5.7,-0.42571746855434855,0.9000889034895185,4.331905196280219,2.40181704577699,-0.4135402739048004,0.01217719464954814,-0.07067460589758219,0.017202688172564724,0.005599089780350397
5.71,-0.4162923353396964,0.9425133214652136,4.242441797569503,2.3568116620196693,-0.404508501291275,0.011783834048421371,-0.06821777751187992,0.017414777845195458,0.0030883578630180875
5.72,-0.406452333105312,0.9840002234384408,4.148690197322729,2.3094957387320476,-0.39507749676704407,0.011374836338267913,-0.06568079845020967,0.01762692623092198,0.0005871309578797668
5.73,-0.3962072788487598,1.024505425655222,4.050520221678119,2.2597128608358314,-0.3852566182613373,0.0109506605874225,-0.06306329408888807,0.017838883379361726,-0.0019123728677628016
5.74,-0.3855673983686018,1.0639880480157944,3.948262236057244,2.207764278074592,-0.3750555217266083,0.010511876641993545,-0.06038617828373625,0.018050400950583242,-0.004395772182319568
5.75,-0.37454332977248567,1.1024068596116166,3.841881159582226,2.153583332780877,-0.3644843101501465,0.010059019622339183,-0.057653532218773826,0.018261231832767795,-0.0068668903696167405
5.76,-0.36314609503295686,1.1397234739528814,3.731661434126478,2.0974198589829656,-0.3535533845424652,0.009592710490491652,-0.0548833807361321,0.018471131285068,-0.009314298843488
5.7700000000000005,-0.35138710112934324,1.1758993903613615,3.6175916408480067,2.0392250673663197,-0.3422735631465912,0.009113537982752051,-0.05208066611275598,0.018679856603931656,-0.011741334365478195
5.78,-0.33927810966453226,1.2108991464810956,3.4999756119734253,1.9792621862485178,-0.33065593242645264,0.00862217723807962,-0.04926324200016089,0.018887168290960564,-0.014136318347507393
5.79,-0.3268312426905352,1.2446866973997053,3.378755091860963,1.9174294191732044,-0.3187119960784912,0.008119246612043995,-0.0464338473618367,0.019092829426820973,-0.01650551168495551
5.8,-0.3140589562938105,1.277228639672472,3.2541942272766615,1.8539439018719972,-0.30645352602005005,0.007605430273760427,-0.04360782318464368,0.019296606593525823,-0.018839691555588844
5.8100000000000005,-0.3009740310032072,1.3084925290603293,3.1263889387857473,1.7888513879579575,-0.29389262199401855,0.007081409009188633,-0.04079345458978644,0.019498269936523743,-0.021138237069323607
5.82,-0.28758955754851373,1.3384473454693435,2.9954816409014144,1.7222407317691375,-0.28104168176651,0.00654787578200372,-0.0380004484602446,0.019697593428890714,-0.023398506309474376
5.83,-0.2739189250038704,1.3670632544643337,2.861590899499024,1.6541735620062483,-0.2679134011268616,0.0060055238770088115,-0.03523728755111982,0.019894354993107235,-0.02561928150450199
5.84,-0.2599757984353709,1.3943126568499489,2.72494023856152,1.5848130415486965,-0.2545207142829895,0.005455084152381384,-0.03251551570406165,0.020088337100316045,-0.0277945700771276
5.8500000000000005,-0.2457741096993336,1.4201688736037283,2.585621675377939,1.51418755327455,-0.24087683856487274,0.004897271134460868,-0.02984179022892943,0.020279326699021025,-0.029925085038273735
5.86,-0.23132804364104015,1.4446066058293463,2.4437732225617985,1.4423680744180989,-0.22699524462223053,0.004332799018809619,-0.027223943885421147,0.020467115349792057,-0.032009479339506486
5.87,-0.21665202359209226,1.467602004894788,2.299539906544168,1.3694292866293085,-0.2128896415233612,0.003762382068731057,-0.024669603424282826,0.020651499370968846,-0.03404629594241371
5.88,-0.20176069318078374,1.489133041130853,2.1531036236065004,1.2954795084878525,-0.19857394695281982,0.003186746227963916,-0.022186935011270822,0.02083228013736157,-0.03603254784065035
5.89,-0.18666889822020888,1.5091794960574856,2.0046454926632524,1.2206231930220326,-0.18406227231025696,0.0026066259099519207,-0.01978345845470527,0.021009264346066838,-0.0379655768745657
5.9,-0.17139168122076448,1.5277216999444405,1.8542203886954833,1.1448355887315864,-0.16936896741390228,0.0020227138068621975,-0.01746313265160731,0.021182263654129903,-0.03984900642201861
5.91,-0.1559442520777775,1.5447429142986957,1.7021214354255105,1.0683271938489132,-0.15450850129127502,0.0014357507865024877,-0.01523521138894945,0.021351095453424798,-0.04167508768171402
5.92,-0.14034198265613823,1.560226942163927,1.5484027865231271,0.991066998019916,-0.13949555158615112,0.000846431069987108,-0.01310287712668339,0.02151558245834106,-0.043447943786306675
5.93,-0.1246003901369174,1.5741592519220833,1.393230975815627,0.9131337197623801,-0.12434494495391846,0.00025544518299894237,-0.011071554435081645,0.02167555283536326,-0.0451662789406615
5.94,-0.10873511566865524,1.5865274468262156,1.2368194904132224,0.8346506902583444,-0.10907161980867386,-0.00033650414001862305,-0.009819991227038841,0.021830840538645695,-0.04682673739762333
5.95,-0.09276191321364502,1.5973202455010223,1.079279867480674,0.7556372353841276,-0.0936906561255455,-0.000928742911900482,-0.009190051193577603,0.02198128513407679,-0.04843107851338069
5.96,-0.0766966313236564,1.6065281889988625,0.9207943497840371,0.6761814338839129,-0.07821723073720932,-0.0015205994135529255,-0.008673745550893936,0.02212673195884115,-0.04997770666740342
5.97,-0.06055519841456844,1.6141432909087952,0.7615101909932543,0.5963347466275015,-0.06266661733388901,-0.002111418919320568,-0.008273028783259308,0.022267032098738822,-0.051466848666831266
5.98,-0.04435360475016867,1.6201593664399767,0.6016075531181625,0.5161801280510674,-0.04705415666103363,-0.0027005519108649623,-0.007989887529476313,0.02240204251627417,-0.05289722362325777
5.99,-0.028107888747217463,1.6245716002951205,0.44122338551438506,0.435756214221239,-0.031395260244607925,-0.003287371497390463,-0.007825439164200174,0.022531625961329776,-0.05426972479740666
6.0,-0.011834119501788577,1.6273769245428884,0.2805324247767857,0.35513854378858967,-0.015705378726124763,-0.003871259224336187,-0.0077808487317136575,0.022655651061540702,-0.055583448446804365
6.01,0.004451617557938624,1.62857370597272,0.11967814298317987,0.2743708341354263,-3.6739402930577075e-16,-0.004451617557938992,-0.007856663419966407,0.022773992256558583,-0.056839051930449025
6.0200000000000005,0.02073323784423537,1.6281620286296747,-0.04116773430454619,0.19352474829688027,0.015705378726124763,-0.005027859118110607,-0.008053288991615814,0.022886529868240444,-0.058035833360206915
6.03,0.03699467320620079,1.626143536196542,-0.2018492433132857,0.11265620533252729,0.031395260244607925,-0.005599412961592866,-0.008370669967905905,0.02299315009224417,-0.05917387678135849
6.04,0.053219886174775105,1.6225212968574312,-0.36222393391108276,0.03180790367177755,0.04705415666103363,-0.006165729513741475,-0.008808422299857326,0.0230937449267925,-0.060253894553971565
6.05,0.06939288696195811,1.6173000787182998,-0.5221218139131365,-0.04894935314264659,0.06266661733388901,-0.006726269628069104,-0.009365889564422157,0.02318821223838364,-0.06127522957189366
6.0600000000000005,0.08549774726435537,1.6104860302397261,-0.68140484785736,-0.129575833438905,0.07821723073720932,-0.00728051652714605,-0.01004208074685723,0.023276455676136152,-0.062238738386269365
6.07,0.1015186176251785,1.602087036082312,-0.8398994157414126,-0.20999509435566033,0.0936906561255455,-0.007827961499632996,-0.010835623767350429,0.023358384764748052,-0.0631434914061077
6.08,0.11743974032197024,1.5921122696791736,-0.9974766403138436,-0.2901739891741757,0.10907161980867386,-0.008368120513296384,-0.0117449514324919,0.023433914786583007,-0.0639906677694771
6.09,0.13324546552872363,1.580572520675338,-1.1539749003835693,-0.37004497157044725,0.12434494495391846,-0.00890052057480517,-0.012768062877764894,0.02350296683290249,-0.06477975515471468
6.1000000000000005,0.14892026394611105,1.5674798417387414,-1.3092678936596662,-0.4495738663639206,0.13949555158615112,-0.009424712359959925,-0.013902872027391279,0.023565467693476765,-0.06551185745207189
6.11,0.1644487458483732,1.5528481902262175,-1.4631651512524075,-0.5286601893413555,0.15450850129127502,-0.009940244557098188,-0.015146398016931406,0.023621350066928407,-0.06618487122635186
6.12,0.17981566984243916,1.5366923994065957,-1.6155790819621658,-0.6073038798910684,0.16936896741390228,-0.010446702428536875,-0.016496305984238326,0.023670552282583697,-0.06680157796349062
6.13,0.19500595708486707,1.5190287242427918,-1.7663675163803985,-0.685447765568141,0.18406227231025696,-0.010943684774610107,-0.017949519432908363,0.023713018307261875,-0.067361909771127
6.140000000000001,0.21000471476499527,1.4998757680128205,-1.9152956229971176,-0.7629392308753934,0.19857394695281982,-0.011430767812175446,-0.019501157831734867,0.0237486982059414,-0.06786125998650416
6.15,0.2247972360379231,1.4792521272927828,-2.062364072003781,-0.8398580686018026,0.2128896415233612,-0.011907594514561887,-0.02114939712461761,0.023777547473525062,-0.06830631095868234
6.16,0.23936902404864513,1.4571788010722027,-2.207332622058016,-0.9160402140925717,0.22699524462223053,-0.0123737794264146,-0.02288844622305647,0.023799527559368136,-0.06869181740584984
6.17,0.2537058017165223,1.4336777667877147,-2.3501034284487914,-0.9914606274915839,0.24087683856487274,-0.012828963151649553,-0.024714336849291016,0.023814605704530412,-0.06901940680798246
6.18,0.26779352210456586,1.4087720388043552,-2.4905727983359602,-1.0660850945721383,0.2545207142829895,-0.01327280782157636,-0.026622820767582187,0.023822754830195084,-0.0692901949760405
6.19,0.2816183824226356,1.3824860318069718,-2.6286006997383327,-1.139839649909243,0.2679134011268616,-0.013704981295774021,-0.028608593198967663,0.023823953620418042,-0.06950335441714972
6.2,0.2951668379552452,1.3548455532609567,-2.7640478546015146,-1.2126475563165786,0.28104168176651,-0.014125156188735166,-0.030665903620331853,0.023818186613856786,-0.06965796784212941
6.21,0.3084256190626805,1.3258781107435358,-2.896744251742098,-1.2843977617822917,0.29389262199401855,-0.014532997068661957,-0.03278772593792441,0.02380544445424452,-0.06975153051010374
6.22,0.3213817351140084,1.295611605132789,-3.026650561074681,-1.355106231832547,0.30645352602005005,-0.014928209093958367,-0.03496994752082718,0.023785723523818213,-0.06978770814038415
6.23,0.3340224894001665,1.2640754286158091,-3.1536176516979975,-1.4246756279905737,0.3187119960784912,-0.015310493321675278,-0.03720538646080888,0.023759026133463042,-0.06976459928867418
6.24,0.346335490749794,1.2313001349627464,-3.277529365306279,-1.4930379681274217,0.33065593242645264,-0.015679558323341336,-0.039487282088401215,0.023725360563725904,-0.06968179381966477
6.25,0.35830866865615013,1.1973177906356145,-3.398234432713195,-1.5600866064212078,0.3422735631465912,-0.016035105509558945,-0.0418073775966799,0.023684741287693874,-0.06953706294889339
6.26,0.3699302725833197,1.1621603927169564,-3.515739791865804,-1.6258695478671916,0.3535533845424652,-0.016376888040854465,-0.04416202268607316,0.023637188446557024,-0.06933565104821349
6.2700000000000005,0.38118890186501253,1.125862928169285,-3.629746454767149,-1.6901255940716047,0.3644843101501465,-0.016704591714866046,-0.046537404285250904,0.023582728822225292,-0.06906783194882693
6.28,0.39207349865178426,1.0884596786771739,-3.7403249492110944,-1.7529594740941403,0.3750555217266083,-0.01701797692517598,-0.04893139057544605,0.02352139502084125,-0.06874177052310637
6.29,0.4025733725178438,1.049987386605956,-3.8472292071217957,-1.8141562809607772,0.3852566182613373,-0.017316754256506528,-0.05133085788603252,0.023453226216936778,-0.06835002520427236
6.3,0.4126781952854446,1.0104822767600772,-3.9505109845878668,-1.8737956211912126,0.39507749676704407,-0.017600698518400515,-0.05373287325000037,0.02337826745942878,-0.06789953603527632
6.3100000000000005,0.4223780272592839,0.9699831973839326,-4.049907937614461,-1.931640180961719,0.404508501291275,-0.017869525968008892,-0.05612273125827428,0.023296570519487084,-0.0673818243369817
6.32,0.43166330720545887,0.9285279946174978,-4.145520276643473,-1.9878121262168156,0.4135402739048004,-0.018123033300658453,-0.05849916802879302,0.02320819298594225,-0.0668059360313944
6.33,0.44052488709864557,0.8861579893186692,-4.237000529882867,-2.041983459496659,0.4221639633178711,-0.018360923780774474,-0.060843164251387215,0.023113199547066372,-0.06615905331042726
6.34,0.4489540167614282,0.8429129662782636,-4.324502304040556,-2.0943243692731848,0.4303710162639618,-0.018583000497466418,-0.06315544840350168,0.023011660838719535,-0.06545269470960013
6.3500000000000005,0.4569423616637458,0.7988344902317611,-4.407847604650249,-2.144671316365079,0.43815332651138306,-0.018789035152362743,-0.06542332224753779,0.022903653936219084,-0.06468194153613771
6.36,0.46448202350797607,0.7539661844230283,-4.486830580873279,-2.1928305663458576,0.44550326466560364,-0.018978758842372434,-0.06763228277663282,0.022789262966237664,-0.0638406748097009
6.37,0.47156552559081283,0.7083502082836753,-4.561597613935299,-2.238958359197129,0.45241352915763855,-0.01915199643317428,-0.06978310179293681,0.02266857802273429,-0.062939735219536
6.38,0.47818583754863536,0.6620311957822534,-4.631901250142193,-2.282815458092699,0.4588773250579834,-0.019308512490651963,-0.07185926195191064,0.022541696017405993,-0.06197061824919081
6.390000000000001,0.4843363705342657,0.6150532985630331,-4.69778972192203,-2.3244563641873297,0.46488824486732483,-0.019448125666940874,-0.07385739011712394,0.022408720090592887,-0.06093921484811027
6.4,0.490010997714454,0.5674627180188323,-4.75905805442009,-2.363680932468662,0.4704403877258301,-0.01957060998862392,-0.07576249943012447,0.022269760262508532,-0.05983901271250924
6.41,0.4952040521856253,0.5193054471171322,-4.8157270901700056,-2.400513240650291,0.4755282700061798,-0.01967578217944549,-0.07757009851222463,0.02212493298542579,-0.05867448998385649
6.42,0.49991033102630006,0.4706278840674782,-4.867756304965404,-2.434914819747406,0.4801468551158905,-0.019763475910409556,-0.07927306830992681,0.021974361014728442,-0.05744693614606056
6.43,0.5041251045256698,0.4214773499369755,-4.915053413050271,-2.4667943511485486,0.48429158329963684,-0.01983352122603299,-0.08086190809112678,0.02181817353746181,-0.05615506569284223
6.44,0.5078441235073041,0.371901898163428,-4.957545177354752,-2.496078546065645,0.4879583716392517,-0.019885751868052415,-0.08232814397120182,0.02165650620859763,-0.05479851597549046
6.45,0.5110636250694074,0.32195015621033196,-4.9951741953096045,-2.522709068536784,0.4911436140537262,-0.019920011015681194,-0.08366427336354233,0.02148950111406185,-0.05337765671598049
6.46,0.5137803370136581,0.27167119442507615,-5.027896178525581,-2.546639943495917,0.4938441812992096,-0.01993615571444851,-0.08486371097041773,0.021317306676359872,-0.05189343166198679
6.47,0.5159914686746858,0.22111316610277545,-5.055802832230069,-2.567960553922052,0.4960573613643646,-0.019934107310321192,-0.08592721240754171,0.021140076919866937,-0.050353187909568664
6.48,0.5176947279455939,0.17032592709080505,-5.078723901197041,-2.5864979707744196,0.497780978679657,-0.01991374926593692,-0.08684247771557815,0.02095797201991665,-0.048751434573535146
6.49,0.5188883289656564,0.11936010200624608,-5.096582508455897,-2.6021720502842034,0.49901336431503296,-0.01987496465062344,-0.08760220527737733,0.02077115838361104,-0.04708736355321097
6.5,0.5195709794587817,0.068265049312532,-5.109505269371408,-2.615105685959941,0.49975326657295227,-0.019817712885829453,-0.08821015049018724,0.020579807759684,-0.04536987621431843
6.51,0.5197419011255477,0.017092166676601427,-5.117288263593057,-2.625091098382402,0.5,-0.019741901125547745,-0.0886532260157747,0.02038409796509618,-0.04359170660775957
6.5200000000000005,0.5194008088822187,-0.03410922433289683,-5.120139100949825,-2.632331526691348,0.49975326657295227,-0.019647542309266464,-0.08894039841258308,0.020184211619570225,-0.04176550938137513
6.53,0.5185579370107123,-0.08428718715064518,-5.017796281774834,-2.636561114160195,0.49901336431503296,-0.01954457269567933,-0.08906622211261359,0.01998033717389837,-0.03988100145903006
6.54,0.5172119026243575,-0.13460343863548732,-5.031625148484214,-2.658997684938715,0.497780978679657,-0.019430923944700473,-0.09015172891548742,0.019772567590587816,-0.03895137638695312
6.55,0.515362181330632,-0.18497212937254237,-5.036869073705505,-2.6750097620944553,0.4960573613643646,-0.019304819966267428,-0.09089580692791839,0.01956102217798789,-0.03775829289375254
6.5600000000000005,0.5130090409107221,-0.23531404199100187,-5.03419126184595,-2.68525912422476,0.4938441812992096,-0.019164859611512486,-0.0913263979521939,0.019345842177673666,-0.03634587714296256
6.57,0.5101535032180502,-0.28555376926718623,-5.0239727276184345,-2.690124457755405,0.4911436140537262,-0.019009889164324,-0.09145912610160482,0.019127187909103706,-0.0347426825573427
6.58,0.5067973173909023,-0.3356185827147939,-5.006481344760767,-2.6898702355518993,0.4879583716392517,-0.01883894575165057,-0.09130560442579436,0.018905236593315722,-0.03297047218026039
6.59,0.5029429113796858,-0.38544060112164513,-4.982201840685126,-2.684976641536415,0.48429158329963684,-0.01865132808004899,-0.09089088819300366,0.01868017925240307,-0.031060251246695092
6.6000000000000005,0.49859336300078877,-0.43495483788970735,-4.951423676806221,-2.6757277845416594,0.4801468551158905,-0.018446507884898267,-0.0902308853655841,0.018452218689765116,-0.02903221725298888
6.61,0.4937523749605516,-0.4840988040237218,-4.914396613401443,-2.66236708348997,0.4755282700061798,-0.018224104954371767,-0.08934044147893785,0.018221567759819025,-0.02690367308136321
6.62,0.48842425329785044,-0.532812166270111,-4.871336224638917,-2.6451027248225087,0.4704403877258301,-0.017983865572020363,-0.08823343862518042,0.01798844788747181,-0.024689424011253847
6.63,0.48261388876768835,-0.5810364530162083,-4.822428674609737,-2.6241123566291233,0.46488824486732483,-0.01772564390036352,-0.08692290386223368,0.01775308780316655,-0.022402119580411384
6.640000000000001,0.47632673449353596,-0.6287154274152391,-4.76789743990308,-2.5996097076684745,0.4588773250579834,-0.017449409435552565,-0.08542439884626421,0.017515722166069503,-0.020055527917933746
6.65,0.4695687805553935,-0.6757953938142476,-4.707996639900851,-2.5718378848475645,0.45241352915763855,-0.017155251397754923,-0.08375545187142742,0.01727659011271053,-0.017664162619246415
6.66,0.46234655111254186,-0.7222229442851621,-4.6427550470914545,-2.5408133472256984,0.44550326466560364,-0.01684328644693822,-0.08192221708259273,0.017035934953812632,-0.015231055389242076
6.67,0.45466707662607264,-0.7679474486469191,-4.572450436175701,-2.5067998557758058,0.43815332651138306,-0.016513750114689585,-0.0799439485677489,0.016794002707801046,-0.012770871136896789
6.68,0.4465378953324552,-0.8129181293617422,-4.497068071482311,-2.4697671370733794,0.4303710162639618,-0.0161668790684934,-0.07782521206721477,0.016551042104179937,-0.010283576095204694
6.69,0.4379670166587234,-0.8570878673731804,-4.41697380114382,-2.4300634785645676,0.4221639633178711,-0.015803053340852302,-0.07558973805178387,0.016307302784034097,-0.007787165247324923
6.7,0.42896292164587213,-0.9004095012851241,-4.3321633911943636,-2.3876654005051137,0.4135402739048004,-0.015422647741071716,-0.0732428456587687,0.016063035356494868,-0.005281073933888214
6.71,0.41953455685579033,-0.9428364790081806,-4.242697772305643,-2.342612325278472,0.404508501291275,-0.015026055564515306,-0.07079332125612996,0.015818491152948897,-0.002767760067412528
6.72,0.40969129778084384,-0.9843259074946484,-4.148942848646791,-2.2952462716523256,0.39507749676704407,-0.014613801013799776,-0.06826425298130395,0.015573920552061435,-0.0002639734149156858
6.73,0.3994429618603225,-1.024833592052132,-4.050768455748355,-2.2454110759025934,0.3852566182613373,-0.01418634359898524,-0.06565533648824413,0.015329573756866369,0.0022380569239699444
6.74,0.38879977544254085,-1.0643186417781676,-3.9485049726035544,-2.193408248231494,0.3750555217266083,-0.013744253715932575,-0.06298742532126861,0.015085699355529227,0.004723938579231923
6.75,0.37777237729113566,-1.1027398151405177,-3.8421173362349967,-2.1391713995736295,0.3644843101501465,-0.01328806714098918,-0.06026464500842333,0.014842544702605284,0.00719748413198773
6.76,0.3663717901386691,-1.1400587152466581,-3.7318900106140585,-2.082950639668033,0.3535533845424652,-0.012818405596203897,-0.05750497314334844,0.01460035477511858,0.009647254372391334
6.7700000000000005,0.35460942182587585,-1.176236831279328,-3.617811603266994,-2.024697460970747,0.3422735631465912,-0.012335858679284661,-0.054713389847156596,0.0143593725051978,0.012076575659253352
6.78,0.3424970349153914,-1.2112386910484443,-3.5001859769116264,-1.9646753785208677,0.33065593242645264,-0.01184110248893877,-0.05190769508529267,0.014119837611203568,0.014473759265470898
6.79,0.3300467525138511,-1.245028240154028,-3.3789549105583734,-1.9027828864156442,0.3187119960784912,-0.011334756435359916,-0.04909067888250346,0.013881987222834567,0.016845056252301482
6.8,0.31727103185335287,-1.2775720660498233,-3.254382589579526,-1.839237413602906,0.30645352602005005,-0.01081750583330282,-0.046277638853220705,0.013646054957896557,0.01918123430991181
6.8100000000000005,0.30418265469514666,-1.3088377158206193,-3.1265649770795902,-1.7740850084068724,0.29389262199401855,-0.010290032701128105,-0.043476865038022776,0.013412270859303214,0.021481663446676347
6.82,0.2907947130835512,-1.338794161159547,-2.9956445338927806,-1.7074148201681658,0.28104168176651,-0.009753031317041194,-0.04069805480429499,0.013180861130016848,0.023743693069766536
6.83,0.2771205974843699,-1.3674115599181307,-2.861739875858371,-1.639288771670428,0.2679134011268616,-0.00920719635750833,-0.037949687500953476,0.012952048010449952,0.025966097194701776
6.84,0.26317397442714907,-1.394662305722085,-2.725074580395427,-1.5698703177352145,0.2545207142829895,-0.008653260144159569,-0.03524327123622224,0.01272604917843615,0.028142875530923206
6.8500000000000005,0.24896877729777223,-1.4205197129376848,-2.5857407215599797,-1.4991881298213587,0.24087683856487274,-0.008091938732899484,-0.03258546547371668,0.012503077819813385,0.030274733910407026
6.86,0.23451919253121226,-1.4449584766559962,-2.443876371831145,-1.4273134691543232,0.22699524462223053,-0.007523947908981726,-0.029984090300535237,0.012283342493057969,0.03236031867346334
6.87,0.21983964510261392,-1.4679547428598347,-2.299626620383845,-1.3543212955740183,0.2128896415233612,-0.0069500035792527115,-0.027446756422790267,0.012067046982979458,0.0343981667690646
6.88,0.20494478033112712,-1.4894864771486807,-2.1531734288845974,-1.280320198850681,0.19857394695281982,-0.006370833378307295,-0.024981601459766554,0.011854390001481517,0.036385285805695666
6.890000000000001,0.18984944576123725,-1.5095334569889873,-2.0046979840306736,-1.2054148950264225,0.18406227231025696,-0.0057871734509802875,-0.02259611540026502,0.011645564921272816,0.038319012892393256
6.9,0.17456868566827585,-1.528076009296139,-1.8542552307151643,-1.1295808862851053,0.16936896741390228,-0.00519971825437357,-0.02029426433116642,0.011440760137799466,0.0402029673535198
6.91,0.1591177117388769,-1.5450973929398952,-1.702138364375629,-1.0530289140915192,0.15450850129127502,-0.004609210447601875,-0.018085235340399176,0.011240158294029457,0.04202939703341346
6.92,0.1435118976482841,-1.5605814090592802,-1.5484016119385091,-0.9757281997974516,0.13949555158615112,-0.004016346062132969,-0.015972215595234176,0.011043936692502199,0.043802422427505205
6.93,0.12776676239952428,-1.574513524875981,-1.3932115816700807,-0.8977576810606969,0.12434494495391846,-0.0034218174456058237,-0.01396059882465801,0.010852267165558543,0.045520745836014065
6.94,0.11189794896716698,-1.5868813432357305,-1.236781835974954,-0.8192408946581151,0.10907161980867386,-0.002826329158493124,-0.012056077990805047,0.010665315739650039,0.047181010351521335
6.95,0.09592121313602624,-1.5976735831140745,-1.0792239878344065,-0.7401973575919272,0.0936906561255455,-0.0022305570104807354,-0.010262039170522014,0.010483242811233823,0.04878497492289413
6.96,0.079852405269287,-1.606880786673924,-0.9207203559849604,-0.6607153244001078,0.07821723073720932,-0.0016351745320776767,-0.008582687793630884,0.010306202987245654,0.05033104428045637
6.97,0.06370745557556126,-1.614494969372574,-0.7614182698650074,-0.5808464156230266,0.06266661733388901,-0.001040838241672254,-0.007021257833222781,0.010134345107891674,0.05181944634189278
6.98,0.04750235608516737,-1.620509949039389,-0.6014979666814869,-0.5006737285245828,0.04705415666103363,-0.00044819942413373837,-0.005580993743416458,0.009967812118746398,0.05324890208703581
6.99,0.03125314694776848,-1.624920913739889,-0.4410964700499846,-0.4202360245161607,0.031395260244607925,0.00014211329683944812,-0.0045484644357601965,0.009806741160340804,0.05462030739681878
7.0,0.014975898951417852,-1.6277247996350626,-0.28038858951736173,-0.33960894955166876,0.015705378726124763,0.0007294797747069114,-0.0045323101842097945,0.009651263478124367,0.05593276189157295
7.01,-0.0013133008317770187,-1.628919978319487,-0.1195178684424519,-0.25883630980305994,4.2862638516991895e-16,0.0013133008317774474,-0.004636643480270462,0.009501504488610193,0.057186927022629015
7.0200000000000005,-0.017598366225135758,-1.6285065393358737,0.041343898361323475,-0.17798983819874992,-0.015705378726124763,0.0018929874990109945,-0.00486182487269087,0.009357583709666715,0.058382105706967884
7.03,-0.03386322755046953,-1.6264861325333768,0.20204068024969224,-0.09712550450134216,-0.031395260244607925,0.0024679673058616014,-0.005207758081431385,0.009219614769471994,0.059518387487557736
7.04,-0.05009184587950967,-1.622861832904014,0.362429962936277,-0.016286038456619023,-0.04705415666103363,0.003037689218476039,-0.0056740220976587204,0.009087705478366353,0.06059649089080639
7.05,-0.06626823003923736,-1.6176384159727688,0.5223416931245312,0.06445774456982245,-0.06266661733388901,0.003601612705348353,-0.006259914758529527,0.00896195776382256,0.06161576561847654
7.0600000000000005,-0.08237645042120596,-1.6108220381968603,0.6816377775908493,0.14506612058599044,-0.07821723073720932,0.004159219683996643,-0.006964409116156022,0.008842467756842842,0.06257707564073789
7.07,-0.09840065634895359,-1.6024205927747628,0.8401445422097501,0.2254626738288814,-0.0936906561255455,0.0047100002234080895,-0.0077860861524573985,0.008729325699799445,0.06347949936324204
7.08,-0.11432508897074967,-1.592443262179608,0.9977330595154761,0.3056143039185386,-0.10907161980867386,0.005253469162075808,-0.00872334573293317,0.008622616065202243,0.06432422446192715
7.09,-0.13013409742632032,-1.5809008455570648,1.1542416622543301,0.3854535298397801,-0.12434494495391846,0.0057891524724018595,-0.009774144192544364,0.008522417505370555,0.06511074765514768
7.1000000000000005,-0.14581215148124632,-1.5678054054925992,1.3095440064465642,0.4649462603306098,-0.13949555158615112,0.0063165998950951985,-0.010936363934541204,0.008428802963772247,0.0658401823337984
7.11,-0.16134386057756459,-1.5531709096318267,1.4634495860772436,0.5439921132580566,-0.15450850129127502,0.006835359286289561,-0.01220697335368578,0.00834183946567196,0.06651043498021036
7.12,-0.17671398259612667,-1.5370122018562078,1.6158707775618804,0.6225911477213266,-0.16936896741390228,0.007345015182224385,-0.01358361906308884,0.008261588397308582,0.06712429736910053
7.13,-0.19190743807629151,-1.5193455480164835,1.7666653839724393,0.7006863280034579,-0.18406227231025696,0.007845165766034556,-0.01506318996282176,0.008188105500167278,0.06768171222074071
7.140000000000001,-0.20690933370133116,-1.5001895625039652,1.9155985512518292,0.7781251916651504,-0.19857394695281982,0.008335386748511336,-0.016640743610996444,0.008121440411401995,0.06817808376019807
7.15,-0.22170496223315836,-1.479562853182719,2.0626709321246257,0.8549877001253412,-0.2128896415233612,0.008815320709797153,-0.018314466619971544,0.008061637333181694,0.06862010544982644
7.16,-0.23627982653769874,-1.4574864304540394,2.207642272867951,0.9311099721014422,-0.22699524462223053,0.009284581915468215,-0.02007850641189336,0.008008734509290972,0.06900254329578748
7.17,-0.2506196493700862,-1.4339822832387428,2.350414721529652,1.0064671649691406,-0.24087683856487274,0.009742810805213442,-0.021928877535466233,0.007962764389019232,0.06932703618981739
7.18,-0.264710383744159,-1.4090734374072802,2.4908845831462534,1.0810252746499274,-0.2545207142829895,0.010189669461169504,-0.02386131385749578,0.0079237537398902,0.06959471142706786
7.19,-0.2785382269353638,-1.3827843191204807,2.628911828679953,1.1547105577918784,-0.2679134011268616,0.010624825808502214,-0.025870483004468016,0.007891723566063174,0.06980475302007516
7.2,-0.29208963440776625,-1.3551407472402446,2.7643571880236086,1.227446510175581,-0.28104168176651,0.011047952641256242,-0.027950608439509216,0.007866689017751711,0.0699562551556343
7.21,-0.30535133681388305,-1.3261702406116784,2.8970506628566244,1.2991223225815034,-0.29389262199401855,0.01145871481986449,-0.030094630417244125,0.007848659141889189,0.07004672448939209
7.22,-0.3183103439259226,-1.2959007112039578,3.026952940772074,1.3697542120521728,-0.30645352602005005,0.011856817905872563,-0.032298442573518174,0.00783763724982752,0.0700798380085299
7.23,-0.33095395954664414,-1.264361562072155,3.153914913180273,1.4392450992229675,-0.3187119960784912,0.012241963468152928,-0.03455483818417176,0.007833620728301833,0.07005370535984046
7.24,-0.3432697931225088,-1.231583357586466,3.277820448568905,1.5075272675343894,-0.33065593242645264,0.01261386069605619,-0.03685704288633716,0.007836600999503748,0.06996792727601009
7.25,-0.35524577486748965,-1.1975981744980808,3.398518308838536,1.5744943420366686,-0.3422735631465912,0.012972211720898463,-0.03919677743951442,0.007846563299262924,0.06982028557261377
7.26,-0.3668701550657574,-1.162438019826771,3.5160154671309747,1.6401946027411762,-0.3535533845424652,0.013316770523292165,-0.041570416021843797,0.007863487202513168,0.06961603491068002
7.2700000000000005,-0.37813153396657867,-1.1261378900821295,3.6300129744641514,1.7043671292506835,-0.3644843101501465,0.013647223816432186,-0.04396408347661298,0.007887345651669278,0.06934545905864509
7.28,-0.38901885472726616,-1.0887320760687489,3.740581401338064,1.7671169304567353,-0.3750555217266083,0.013963333000657885,-0.046375692993187195,0.007918105774068982,0.0690167324359503
7.29,-0.39952142801538165,-1.0502573288115487,3.8474747257200157,1.8282293798971452,-0.3852566182613373,0.014264809754044372,-0.04879207686595774,0.00795572813872827,0.06862242259584872
7.3,-0.4096289268282067,-1.0107498812825024,3.950744752904629,1.8877843641632825,-0.39507749676704407,0.014551430061162607,-0.05121034343946888,0.008000167451211647,0.06816947824087038
7.3100000000000005,-0.41933141272194135,-0.9702485893734705,4.050129190903197,1.9455448479471047,-0.404508501291275,0.01482291143066633,-0.05361574130958277,0.008051371706580964,0.0676494288594065
7.32,-0.42861932578519657,-0.9287913063255215,4.145728304794892,2.001633273080197,-0.4135402739048004,0.015079051880396155,-0.05600706277011945,0.008109283094752373,0.06707132802092897
7.33,-0.43748351938048674,-0.8864193595290168,4.237194679650469,2.0557219142958774,-0.4221639633178711,0.015319556062615647,-0.05836522123272655,0.008173836719425627,0.06642236501845367
7.34,-0.44591524477766137,-0.8431725397174645,4.324681981155229,2.1079812275573486,-0.4303710162639618,0.015544228513699576,-0.06069101700277504,0.008244961750590876,0.06571406491994725
7.3500000000000005,-0.4539061689472873,-0.7990924169625945,4.408012275487007,2.1582479354670934,-0.43815332651138306,0.015752842435904246,-0.06297173263623108,0.00832258093325366,0.06494151497533629
7.36,-0.4614483951395225,-0.7542226192235238,4.4869797739070645,2.206328558739779,-0.44550326466560364,0.015945130473918878,-0.06519283932437478,0.008406609976070496,0.06409860154053537
7.37,-0.4685344482396575,-0.7086053100134979,4.561730921002596,2.2523795849478914,-0.45241352915763855,0.01612091908201896,-0.06735517851429863,0.008496958635889335,0.06319617002003008
7.38,-0.47515729950706564,-0.6622851267408157,4.632018327268212,2.296162016424759,-0.4588773250579834,0.016279974449082246,-0.06944219609490251,0.008593529867706076,0.06222571997901438
7.390000000000001,-0.4813103617454728,-0.6153062238407188,4.6978902900097,2.337730584248528,-0.46488824486732483,0.016422116878147985,-0.07145056147255474,0.008696220414103485,0.06119314580667057
7.4,-0.4869875097939209,-0.5677148048448099,4.759141899590892,2.376885363311114,-0.4704403877258301,0.016547122068090836,-0.07336526247095689,0.008804920154299912,0.06009193799019208
7.41,-0.49218307843597353,-0.5195568642052608,4.815794063954905,2.4136506404926203,-0.4755282700061798,0.01665480842979372,-0.07518184190844088,0.008919512552177324,0.05892657680983682
7.42,-0.4968918664456078,-0.470878800963424,4.86780632418368,2.4479881445459317,-0.4801468551158905,0.016745011329717285,-0.07689319773328837,0.009039874785378155,0.05769835323419237
7.43,-0.5011091458092977,-0.42172793636899075,4.915086459443325,2.479806742541312,-0.48429158329963684,0.01681756250966082,-0.0784898317655084,0.009165877616837865,0.056405982588791925
7.44,-0.504830669043285,-0.372152323398736,4.957561297025477,2.5090333187399905,-0.4879583716392517,0.016872297404033287,-0.07996327670131848,0.009297385358538324,0.055049102407500605
7.45,-0.508052674927476,-0.32220058841909666,4.9951734979639335,2.5356096970659125,-0.4911436140537262,0.01690906087374977,-0.08130603945147427,0.009434255908433912,0.053628081951284656
7.46,-0.5107718929280156,-0.2719218000539608,5.027878836513582,2.559490048688947,-0.4938441812992096,0.01692771162880602,-0.0825115461875281,0.009576340844716575,0.0521438638707572
7.47,-0.5129855340206161,-0.22136410926004677,5.055769079391406,2.5807638887378657,-0.4960573613643646,0.01692817265625146,-0.08358059721925387,0.009723486160353085,0.05060379353846178
7.48,-0.5146913077100739,-0.17057736894578077,5.0786740314265995,2.5992584058497625,-0.497780978679657,0.016910329030416893,-0.08450086827301985,0.009875531713762676,0.049002377730811286
7.49,-0.5158874297121105,-0.1196122002036619,5.096516874211888,2.61489355914485,-0.49901336431503296,0.016874065397077587,-0.08526505573208736,0.010032311147713085,0.04733880540818136
7.5,-0.5165726092861421,-0.06851795740315325,5.109424280050864,2.6277923299415917,-0.49975326657295227,0.016819342713189855,-0.08587696271667515,0.010193652779104667,0.04562197441173588
7.51,-0.5167460696218106,-0.017346033566842195,5.117192383631106,2.637747011301575,-0.5,0.016746069621810578,-0.08632346346299498,0.010359378871966089,0.043844614698385076
7.5200000000000005,-0.5164075270726866,0.03385425491239963,5.120028847924182,2.6449608993427396,-0.49975326657295227,0.016654260499734286,-0.0866135882008295,0.010529306902454672,0.042019376271618114
7.53,-0.515567217301143,0.08403097715436063,5.0176722241961,2.6491681786562524,-0.49901336431503296,0.016553852986110007,-0.08674183457928039,0.010703248530031208,0.040135970879529026
7.54,-0.5142237587319817,0.13434585691613316,5.031487976177251,2.6715866989758315,-0.497780978679657,0.01644278005232469,-0.08783458376304103,0.010881110916246068,0.039207586383238624
7.55,-0.5123766282136667,0.18471305183149264,5.0367194915359494,2.6875849779230574,-0.4960573613643646,0.016319266849302072,-0.08858451589639578,0.01106277488992224,0.038015874613106515
7.5600000000000005,-0.5100260946958001,0.23505335178666314,5.034029995517049,2.6978247787164835,-0.4938441812992096,0.016181913396590475,-0.08901974884134306,0.01124809935906681,0.036604954684005264
7.57,-0.507173181125179,0.2852913570621081,5.023800527544498,2.702684761095807,-0.4911436140537262,0.016029567071452755,-0.08915600740846208,0.011436924165487548,0.0350033727616772
7.58,-0.5038196376557071,0.33535434694718425,5.00629898850761,2.7024293589029305,-0.4879583716392517,0.015861266016455433,-0.08900497295307686,0.011629072260346821,0.03323288438533689
7.59,-0.49996789317280865,0.3851744482898475,4.982010134266322,2.6975387039322234,-0.48429158329963684,0.015676309873171812,-0.08859181982091059,0.011824352803907524,0.0313244870143059
7.6000000000000005,-0.4956210263444258,0.43468668283828527,4.951223454843777,2.6882968392322795,-0.4801468551158905,0.015474171228535283,-0.08793252269903488,0.012022563184476705,0.029298370084784864
7.61,-0.4907827406421959,0.4838285702229859,4.914188738470065,2.674947103958842,-0.4755282700061798,0.015254470636016093,-0.08704198081115806,0.012223490747859165,0.027171828132782627
7.62,-0.48545734278137154,0.5325397860824371,4.871121585945116,2.657697590646507,-0.4704403877258301,0.015016955055541459,-0.08593411851258467,0.012426914277022824,0.024959657811984837
7.63,-0.4796497241019339,0.580761867943763,4.822208186132597,2.6367258393280704,-0.46488824486732483,0.014761479234609076,-0.08462199509966978,0.01263260525616329,0.02267449976808833
7.640000000000001,-0.4733653382186864,0.6284385883247486,4.767672038098554,2.612245456668677,-0.4588773250579834,0.014488013160703028,-0.08312121147886008,0.012840329246602795,0.0203301129903799
7.65,-0.4666101756073374,0.6755162611349009,4.707767281015232,2.5844994136716606,-0.45241352915763855,0.014196646449698869,-0.08144934086144812,0.013049847337213273,0.017941001709737003
7.66,-0.45939076072557555,0.7219414881761878,4.64252270412868,2.5535040200114922,-0.44550326466560364,0.013887496059971915,-0.07961252337447049,0.01326091644663061,0.015510188068590391
7.67,-0.4517141242342406,0.7676636491334918,4.572216095730404,2.519522874224407,-0.43815332651138306,0.013560797722857565,-0.07763006033845868,0.013473290788772536,0.013052327245871576
7.68,-0.44358780446987633,0.8126319764364311,4.496832730293933,2.482525527885302,-0.4303710162639618,0.013216788205914543,-0.0755064889010635,0.013686721868475324,0.0105673756086333
7.69,-0.4350198108592505,0.8567993610625818,4.416738462615069,2.4428600814533,-0.4221639633178711,0.012855847541379417,-0.07326560646207692,0.013900960279995376,0.00807331817264112
7.7,-0.42601862434246096,0.9001186516789556,4.331929061637371,2.4005028568301183,-0.4135402739048004,0.012478350437660546,-0.07091270368125649,0.014115755649539877,0.005569580244485506
7.71,-0.4165931912799501,0.9425433062510858,4.242465457213032,2.3554930673907926,-0.404508501291275,0.012084689988675068,-0.06845655377809463,0.014330856880051738,0.0030586096735840673
7.72,-0.4067528868625455,0.9840304417404596,4.148713548937376,2.308172512982588,-0.39507749676704407,0.011675390095501448,-0.06592030950265691,0.014546013825180797,0.00055714617200886
7.73,-0.39650752812875867,1.024535873378686,4.050543163822637,2.258384801837172,-0.3852566182613373,0.011250909867421388,-0.06330360275495245,0.01476097651119288,-0.0019425911697790177
7.74,-0.3858673409281166,1.0640187200642062,3.94828466855202,2.206431207851497,-0.3750555217266083,0.01081181920150831,-0.06062734178796555,0.014975496575214384,-0.00442621990578429
7.75,-0.3748429634290834,1.1024377499033202,3.8419029839114103,2.1522450982663717,-0.3644843101501465,0.010358653278936925,-0.05789561190146506,0.015189326882994085,-0.0068975624180289685
7.76,-0.3634454176746675,1.139754575441594,3.7316825538273903,2.096076332676616,-0.3535533845424652,0.009892033132202271,-0.05512643354851285,0.015402222671860267,-0.009345189135190335
7.7700000000000005,-0.3516861107240608,1.1759306950606674,3.6176119619073313,2.037876147895232,-0.3422735631465912,0.009412547577469621,-0.05232475251865858,0.01561394121714103,-0.01177243585419041
7.78,-0.3395768042691331,1.2109306454927682,3.499995043210075,1.9779077988257399,-0.33065593242645264,0.008920871842680478,-0.049508417477430844,0.015824243000117113,-0.014167623046812405
7.79,-0.32712962045967425,1.2447183809458884,3.3787735453120225,1.9160695159518917,-0.3187119960784912,0.008417624381183042,-0.046680172128648764,0.01603289108202353,-0.01653701069662672
7.8,-0.3143570154883589,1.2772604971315318,3.254211618564332,1.8525784621912194,-0.30645352602005005,0.007903489468308877,-0.043855353431589396,0.016239652026419773,-0.01887137510176995
7.8100000000000005,-0.3012717699982954,1.3085245490063533,3.126405187482146,1.787480418480004,-0.29389262199401855,0.007379148004276859,-0.04104224696412364,0.016444295961363178,-0.021170094528383254
7.82,-0.2878869748411439,1.3384795157151492,2.995496670879598,1.7208642665054148,-0.28104168176651,0.006845293074633885,-0.03825055872597514,0.01664659684368103,-0.023430526255496797
7.83,-0.27421601922006533,1.3670955621078553,2.86160463927061,1.652791662230308,-0.2679134011268616,0.00630261809320376,-0.035488771156519,0.016846332580823853,-0.02565145175030814
7.84,-0.2602725683368269,1.3943450883238457,2.724952621599037,1.5834257955965456,-0.2545207142829895,0.00575185405383738,-0.03276842478077575,0.01704328563019461,-0.02782687772064918
7.8500000000000005,-0.24607055418954607,1.4202014147280804,2.5856326404234715,1.5127950762311744,-0.24087683856487274,0.0051937156246733285,-0.03009617710976182,0.01723724292791415,-0.029957516512169047
7.86,-0.23162416177087383,1.444639241867223,2.443782713914259,1.4409705076902277,-0.22699524462223053,0.004628917148643302,-0.02747985972811633,0.017427996023587307,-0.032042020463859955
7.87,-0.21694781456476897,1.4676347206104867,2.299547874326373,1.368026797406058,-0.2128896415233612,0.004058173041407764,-0.024927097898759944,0.017615341226062432,-0.03407893198029144
7.88,-0.20205615635626312,1.4891658208505845,2.153110024009771,1.2940722890897742,-0.19857394695281982,0.0034822094034432927,-0.02244605513933337,0.017799079902181925,-0.03606526355634798
7.890000000000001,-0.18696403311894033,1.5092123237322794,2.0046502881694943,1.219211460141061,-0.18406227231025696,0.0029017608086833735,-0.02004424849218174,0.017979018742641985,-0.03799835659429873
7.9,-0.17168648752679005,1.5277545592150272,1.854223548274777,1.1434195825645084,-0.16936896741390228,0.002317520112887772,-0.017725637524010022,0.018154969399692366,-0.03988183409681101
7.91,-0.15623872964116953,1.5447757885620532,1.7021229347026021,1.0669071771259413,-0.15450850129127502,0.0017302283498945026,-0.015499469832850464,0.018326749262047515,-0.041707946952301844
7.92,-0.14063613149475693,1.5602598146412587,1.548402607920546,0.9896432549345646,-0.13949555158615112,0.0011405799086058044,-0.013368928318164976,0.018494181042597698,-0.04348081804966264
7.930000000000001,-0.12489421043747809,1.5741921057278843,1.393229108662555,0.9117065548040408,-0.12434494495391846,0.00054926548355963,-0.011339434690022156,0.018657092908006084,-0.045199151417993355
7.94,-0.10902860778709676,1.5865602650381325,1.2368159310248201,0.83322042695488,-0.10907161980867386,-4.301202157709627e-05,-0.009502748295123691,0.018815318814294126,-0.0468595912034242
7.95,-0.09305507767479484,1.5973530112301915,1.0792746192059046,0.754204214958287,-0.0936906561255455,-0.0006355784507506568,-0.008875355071845278,0.01896869833090964,-0.04846389672529677
7.96,-0.07698946882019098,1.6065608854603866,0.9207874230195183,0.6747460138299357,-0.07821723073720932,-0.001227761917018344,-0.008361621627503483,0.019117076800285494,-0.05001047239657358
7.97,-0.06084770980527068,1.614175901492029,0.7615016031642278,0.5948972992145691,-0.06266661733388901,-0.0018189075286183243,-0.007963499335703814,0.019260305315148513,-0.05149954512835564
7.98,-0.04464579105748791,1.6201918747782778,0.6015973286248913,0.5147410387597828,-0.04705415666103363,-0.002408365603545723,-0.007682970684478276,0.019398240846590885,-0.052929834206491555
7.99,-0.028399751154140646,1.6246039903347262,0.44121155564484393,0.43431588012105315,-0.031395260244607925,-0.00299550909046728,-0.007521150053132046,0.019530746154719683,-0.05430223313570709
8.0,-0.0121256593480349,1.6274091806105744,0.2805190275848191,0.35369737186338646,-0.015705378726124763,-0.0035797193780898635,-0.0074791983278561115,0.01965768987899984,-0.055615838486409996
8.01,0.0041603987803841315,1.6286058128419032,0.11966322313288384,0.27292923956530046,-4.898587410340671e-16,-0.0041603987803846216,-0.0075576593721039895,0.019778946472480186,-0.05687130799814713
8.02,0.02044233849623053,1.6281939715846399,-0.04118412572633283,0.1920831527058815,0.015705378726124763,-0.004736959770105766,-0.007756934754744638,0.019894396271937592,-0.058067940229377876
8.03,0.03670409150717485,1.6261753010944318,-0.2018670490208055,0.11121503500548036,0.031395260244607925,-0.0053088312625669265,-0.008076965212569195,0.020003925489421367,-0.059205819736323634
8.040000000000001,0.05292962020905223,1.6225528701877374,-0.36224309066942484,0.030367587758242998,0.04705415666103363,-0.0058754635480186,-0.00851736326843561,0.020107426140959953,-0.06028565945186172
8.05,0.06910293468564738,1.6173314476595149,-0.5221422528222537,-0.050388384438242007,0.06266661733388901,-0.006436317351758369,-0.009077468256209753,0.02020479611220832,-0.06130680290220014
8.06,0.08520810651277623,1.6105171827128852,-0.6814264946629534,-0.1310131506662342,0.07821723073720932,-0.00699087577556691,-0.009756285827855293,0.02029593907272394,-0.06227010732748339
8.07,0.1012292861207878,1.6021179608011564,-0.8399221911728882,-0.21143027061989916,0.0936906561255455,-0.007538629995242296,-0.01055243954890799,0.02038076456885163,-0.06317464387926713
8.08,0.11715071568275466,1.5921429561966858,-0.9975004604470707,-0.29160660192051147,0.10907161980867386,-0.008079095874080802,-0.011464359169883802,0.02045918790573049,-0.06402159248832112
8.09,0.13295674527701887,1.580602959426421,-1.1539996770264727,-0.3714746043437278,0.12434494495391846,-0.00861180032310041,-0.012490039855171262,0.02053113019844213,-0.06481044167222644
8.1,0.14863184551780725,1.5675100240788395,-1.3092935347581451,-0.45100011053452094,0.13949555158615112,-0.009136293931656131,-0.013627392604265275,0.020596518261533452,-0.06554229620315405
8.11,0.16416062660246425,1.5528781084657,-1.4631915613139628,-0.5300826457895121,0.15450850129127502,-0.009652125311189225,-0.014873431844613328,0.02065528481926813,-0.06621505356644852
8.120000000000001,0.17952784707087166,1.536722046840741,-1.6156061624958997,-0.6087221606418453,0.16936896741390228,-0.010158879656969377,-0.016225820994780538,0.02070736822738251,-0.06683149620297368
8.13,0.19471842802264425,1.5190580951772574,-1.7663951663483615,-0.686861495369178,0.18406227231025696,-0.010656155712387289,-0.01768148034711868,0.02075271247977636,-0.06739155720527357
8.14,0.20971747660048923,1.4999048577844991,-1.9153237392758313,-0.7643480487111016,0.19857394695281982,-0.011143529647669403,-0.01923552362575963,0.020791267669078118,-0.06789063092097203
8.15,0.22451028592334868,1.479280932285944,-2.0623925498555122,-0.8412616291369324,0.2128896415233612,-0.011620644399987473,-0.0208861277631935,0.02082298931830684,-0.06833540073035993
8.16,0.23908235911064782,1.4572073187299144,-2.2073613556029494,-0.9174381890391139,0.22699524462223053,-0.012087114488417289,-0.022627495965251005,0.02084783890529566,-0.06872062239901278
8.17,0.25341941906683285,1.4337059956185005,-2.3501323111413734,-0.9928527068929835,0.24087683856487274,-0.01254258050196011,-0.024455658359679795,0.02086578369983791,-0.06904792446569274
8.18,0.26750741885067386,1.4087999783840992,-2.490601723440142,-1.0674709880008861,0.2545207142829895,-0.01298670456768436,-0.026366365049015274,0.020876796651999475,-0.06931842380682729
8.19,0.2813325556784351,1.3825136827761282,-2.6286295607971017,-1.1412190875714945,0.2679134011268616,-0.013419154551573553,-0.02835430869301191,0.02088085647476135,-0.06953129399689395
8.2,0.2948812848516063,1.354872917317116,-2.7640765459012333,-1.2140202900617436,0.28104168176651,-0.013839603085096297,-0.030413736353991694,0.0208779477356421,-0.06968561881128266
8.21,0.3081403367579006,1.3259051906294304,-2.896772668768548,-1.2857635660133855,0.29389262199401855,-0.014247714763882036,-0.032537618815294676,0.020868061107066224,-0.06977889456626363
8.22,0.32109672080409896,1.295638404619838,-3.026678600959237,-1.3564649043137558,0.30645352602005005,-0.014643194784048907,-0.034721844025924015,0.02085119299968772,-0.06981478802627894
8.23,0.33373774032893255,1.2641019524833623,-3.1536452136475686,-1.4260269905508658,0.3187119960784912,-0.015025744250441342,-0.03695922777450918,0.020827345752431642,-0.06979139877572038
8.24,0.3460510042186643,1.231326388973173,-3.27755635101894,-1.4943818672582647,0.33065593242645264,-0.015395071792211668,-0.03924300812029636,0.020796527673406843,-0.06970831768721708
8.25,0.3580244420337184,1.1973437815054129,-3.398260746776014,-1.561422913766854,0.3422735631465912,-0.01575087888712723,-0.041564926174598636,0.02075875326268611,-0.06956331695932017
8.26,0.36964630331455894,1.1621861280840555,-3.5157653421357313,-1.62719816060776,0.3535533845424652,-0.016092918772093734,-0.04392133390725751,0.02071404268777358,-0.06936164191800875
8.27,0.38090518748012697,1.1258884165568013,-3.6297711527254144,-1.69144643519846,0.3644843101501465,-0.016420877329980488,-0.04629841248797305,0.020662422756129454,-0.06909356731592542
8.28,0.3917900367746645,1.088484929453751,-3.7403487103050215,-1.7542724925783995,0.3750555217266083,-0.01673451504805623,-0.04869403427187648,0.020603926098594266,-0.06876725891062363
8.290000000000001,0.4022901608740946,1.0500124099430088,-3.8472519510742353,-1.8154614518151755,0.3852566182613373,-0.017033542612757302,-0.05109507150406027,0.020538591913460993,-0.06837527598085313
8.3,0.4123952317099557,1.0105070835861074,-3.950532635690142,-1.875092945427722,0.39507749676704407,-0.01731773494291161,-0.05349859504881742,0.02046646527239049,-0.06792455937232877
8.31,0.4220953097033181,0.9700077993362449,-4.049928424986254,-1.9329296854463072,0.404508501291275,-0.017586808412043076,-0.05588989523161182,0.02038759796820368,-0.06740663116301393
8.32,0.43138083374323294,0.9285524039914851,-4.145539534475987,-1.9890938634236452,0.4135402739048004,-0.017840559838432524,-0.05826771338048692,0.020302047610218504,-0.06683053798370309
8.33,0.44024265593338324,0.8861822190150282,-4.237018497645684,-2.0432575071648555,0.4221639633178711,-0.01807869261551215,-0.06061302394666595,0.020209878905964887,-0.066183462684416
8.34,0.44867202623086583,0.8429370297482607,-4.324518926676761,-2.095590829968649,0.4303710162639618,-0.018301009966904036,-0.06292656206951176,0.020111162509270673,-0.06547692440596053
8.35,0.4566606102450753,0.7988584014209498,-4.407862832731095,-2.1459303169501607,0.43815332651138306,-0.01850728373369226,-0.06519562773127126,0.020005975512075846,-0.0647060050061321
8.36,0.4642005098222115,0.7539899577136183,-4.486844370733141,-2.1940822573621697,0.44550326466560364,-0.018697245156607867,-0.06740571553365561,0.019894402056281128,-0.06386458599889067
8.370000000000001,0.4712842484065689,0.7083738584357389,-4.561609927787946,-2.2402029141634947,0.45241352915763855,-0.018870719248930357,-0.06955760373851164,0.0197765322496354,-0.06296350851012766
8.38,0.47790479578531053,0.662054737874164,-4.631912056157481,-2.2840530727221617,0.4588773250579834,-0.019027470727327134,-0.07163477159338424,0.019652463016149542,-0.061994268401255326
8.39,0.48405556326462323,0.6150767479312688,-4.69779899428953,-2.325687255529264,0.46488824486732483,-0.019167318397298405,-0.0736338499084565,0.019522297506969686,-0.060962756940019514
8.4,0.48973042416659784,0.5674860901974635,-4.759065773380525,-2.364905337978404,0.4704403877258301,-0.019290036440767766,-0.07553984947932287,0.019386145751581756,-0.059862462080745305
8.41,0.4949237117443692,0.519328757777139,-4.81573324203245,-2.4017314171917845,0.4755282700061798,-0.019395441738189412,-0.07734828210010435,0.019244124209977575,-0.058697862162487846
8.42,0.499630223233931,0.4706511489561783,-4.867760882096073,-2.436127042532312,0.4801468551158905,-0.019483368118040523,-0.07905203029562659,0.01909635564369279,-0.05747024680606838
8.43,0.5038452290821089,0.4215005848177961,-4.91505641383822,-2.468000912616853,0.48429158329963684,-0.019553645782472096,-0.08064159357225004,0.018942969244349846,-0.05617833058154664
8.44,0.5075644802696709,0.3719251187562029,-4.9575466061593225,-2.4972797547125953,0.4879583716392517,-0.019606108630419228,-0.08210849865735505,0.018784100669921273,-0.05482175085630425
8.45,0.5107842140509938,0.32197337813229454,-4.995174062390836,-2.523905247691882,0.4911436140537262,-0.019640599997267638,-0.08344524384675978,0.018619892007761825,-0.053400877308751316
8.46,0.5135011583823214,0.2716944331327525,-5.027894499954205,-2.5478314300549827,0.4938441812992096,-0.01965697708311176,-0.08464524490786728,0.018450491680243982,-0.05191665358394992
8.47,0.5157125227506708,0.2211364368349472,-5.055799629780529,-2.56914769704001,0.4960573613643646,-0.019655161386306186,-0.0857092616020621,0.018276053710064414,-0.05037642661724906
8.48,0.5174160151987989,0.17034924481280453,-5.078719202214265,-2.587681130522034,0.497780978679657,-0.01963503651914189,-0.08662499171694811,0.018096738269354276,-0.04877470530570971
8.49,0.5186098500123553,0.11938348135563526,-5.096576345716928,-2.6033515962755986,0.49901336431503296,-0.019596485697322308,-0.08738513345124997,0.017912711760516616,-0.04711068127520868
8.5,0.5192927350578181,0.06828850454628738,-5.109497680934788,-2.616281995953238,0.49975326657295227,-0.019539468484865874,-0.08799344662820963,0.017724145926122585,-0.04539325556370821
8.51,0.5194638921740188,0.017115711620066726,-5.117279292622065,-2.6262645568566665,0.5,-0.019463892174018782,-0.08843684034761846,0.017531218575544405,-0.043615161841514816
8.52,0.5191230364106658,-0.03408557633530174,-5.120128795536846,-2.6335025234080476,0.49975326657295227,-0.019369769837713546,-0.0887242870721932,0.01733411231953374,-0.041789054324836705
8.53,0.5182804021778391,-0.08426342328266906,-5.017784694736731,-2.6377300427102046,0.49901336431503296,-0.019267037862806147,-0.08885033596946924,0.01713301559857741,-0.03990464945663463
8.540000000000001,0.5169346067106215,-0.13457954672175348,-5.031612343908441,-2.6601649412807875,0.497780978679657,-0.019153628030964542,-0.08993651483355453,0.01692802136359559,-0.038975140254926544
8.55,0.5150851257316973,-0.18494809789242345,-5.036855117066996,-2.676175741673915,0.4960573613643646,-0.019027764367332667,-0.09068113616948599,0.01671924891013302,-0.03778218480747775
8.56,0.5127322271307184,-0.23528986009788766,-5.0341762205464216,-2.686424221052279,0.4938441812992096,-0.018888045831508826,-0.09111215810433715,0.016506839465808144,-0.03636990862307954
8.57,0.5098769328626048,-0.28552942681135546,-5.023956671346782,-2.691289063357897,0.4911436140537262,-0.01873331880887863,-0.09124521408795212,0.016290953335038223,-0.03476686445045285
8.58,0.5065209921599191,-0.33559407026857224,-5.0064643457216755,-2.691034737829049,0.4879583716392517,-0.018562620520667372,-0.09109192350269339,0.016071767722804692,-0.03299481463608922
8.59,0.5026668330598614,-0.3854159100057711,-4.982183973719883,-2.6861414235444525,0.48429158329963684,-0.018375249760224532,-0.09067735265672429,0.01584947363420187,-0.031084763692912354
8.6,0.4983175334578628,-0.43492996019986047,-4.951405019408939,-2.6768932232267253,0.4801468551158905,-0.01817067834197228,-0.0900174156978234,0.015624273854762161,-0.029056908368862988
8.61,0.49347679613129836,-0.4840737326564439,-4.91437724565834,-2.663533548390049,0.4755282700061798,-0.017948526125118547,-0.08912696313775935,0.015396381220245331,-0.026928550771210258
8.620000000000001,0.48814892718182323,-0.5327868949475106,-4.871316229106672,-2.646270576755532,0.4704403877258301,-0.017708539455993155,-0.08801988098544153,0.015166017136190648,-0.024714495378530543
8.63,0.4823388174187338,-0.581010976308945,-4.822408136143439,-2.6252819463796357,0.46488824486732483,-0.01745057255140897,-0.08670919928586894,0.014933410313045663,-0.0224273909030126
8.64,0.4760519200111,-0.6286897407633797,-4.76787644544346,-2.6007813746846544,0.4588773250579834,-0.01717459495311663,-0.08521048333232376,0.01469879538943816,-0.020081004625199794
8.65,0.4692942250756437,-0.6757694935456326,-4.707975278225299,-2.573011955959262,0.45241352915763855,-0.016880695918005173,-0.08354126558150517,0.014462411480903544,-0.017689849271107505
8.66,0.4620722567993341,-0.7221968276309636,-4.642733408533098,-2.541990135393193,0.44550326466560364,-0.016568992133730476,-0.08170769887593372,0.014224501876803143,-0.015256955657860782
8.67,0.4543930456617915,-0.7679211137542586,-4.572428612329502,-2.5079796588778125,0.43815332651138306,-0.01623971915040845,-0.0797290416808067,0.013985312573923632,-0.01279698779109717
8.68,0.44626412990876035,-0.8128915753031165,-4.4970461548857825,-2.4709502367408325,0.4303710162639618,-0.015893113644798562,-0.07760985708249311,0.013745092279945335,-0.010309910987865711
8.69,0.4376935189672338,-0.8570610941526581,-4.416951884954154,-2.4312501390676546,0.4221639633178711,-0.015529555649362703,-0.07537388175563775,0.013504090614036441,-0.007813719305954647
8.700000000000001,0.4286896938688232,-0.9003825098410576,-4.33214156883995,-2.388855867697459,0.4135402739048004,-0.015149419964022803,-0.07302643219437628,0.013262558163412107,-0.005307847154412126
8.71,0.4192616011566986,-0.9428092712124636,-4.242676137140602,-2.3438068256080777,0.404508501291275,-0.014753099865423558,-0.07057629354497788,0.013020746237636625,-0.0027947515114812305
8.72,0.4094186162952137,-0.9842984861484882,-4.148921493602464,-2.2964450112406922,0.39507749676704407,-0.014341119528169632,-0.06804655993452646,0.01277890519374008,-0.00029118121063209657
8.73,0.39917055668643203,-1.0248059608781641,-4.050747472967596,-2.246614239697438,0.3852566182613373,-0.013913938425094752,-0.06543692110265915,0.012537285213401316,0.002210635577809539
8.74,0.3885276486323415,-1.0642908054090516,-3.9484844530887555,-2.194615999239017,0.3750555217266083,-0.01347212690573324,-0.06276823566537018,0.012296134863803078,0.004696307405266387
8.75,0.3775005308413026,-1.1027117791038923,-3.842097369484068,-2.140383878172243,0.3644843101501465,-0.0130162206911561,-0.06004462541832707,0.012055701478981128,0.007169647762872433
8.76,0.366100225981837,-1.1400304859465604,-3.7318706842668155,-2.0841679630084955,0.3535533845424652,-0.012546841439371792,-0.05728407192856916,0.011816230015992754,0.009619218335765733
8.77,0.35433814182209683,-1.176208415974019,-3.617793002745857,-2.0259197224650616,0.3422735631465912,-0.012064578675505644,-0.054491552132042875,0.011577963387640297,0.01204834635915586
8.78,0.34222604084384917,-1.2112100978247646,-3.5001681850745703,-1.965902647424337,0.33065593242645264,-0.01157010841739653,-0.05168487050996938,0.011341141293683854,0.014445343960162171
8.790000000000001,0.32977604606486666,-1.24499947789825,-3.3789380073485353,-1.904015207503016,0.3187119960784912,-0.011064049986375446,-0.04886681279036989,0.011106000846030275,0.01681646302862383
8.8,0.31700061462071494,-1.2775431444151746,-3.2543666516924454,-1.8404748069431451,0.30645352602005005,-0.010547088600664889,-0.04605268023643117,0.010872775645582108,0.019152472054134728
8.81,0.3039125281688,-1.3088086451914944,-3.1265500776319763,-1.775327469236037,0.29389262199401855,-0.010019906174781434,-0.04325076247474975,0.010641695719315144,0.021452741812022502
8.82,0.2905248786426747,-1.3387649526125311,-2.9956307421036787,-1.7086623188632681,0.28104168176651,-0.009483196876164668,-0.04047075767354031,0.010412987255292244,0.023714622440640376
8.83,0.2768510563908751,-1.3673822251799608,-2.861727256742955,-1.6405412538262212,0.2679134011268616,-0.008937655264013522,-0.03772114546880872,0.010186872480134113,0.025936888647687395
8.84,0.26290472781962826,-1.3946328571246842,-2.7250631944723342,-1.5711277043429805,0.2545207142829895,-0.008384013536638757,-0.03501343697635095,0.009963569059055257,0.0281135407927513
8.85,0.24869982618592437,-1.4204901633703877,-2.5857306245703584,-1.5004503175503245,0.24087683856487274,-0.00782298762105163,-0.03235429147965236,0.009743290166507702,0.03024528531300752
8.86,0.23425053779077268,-1.4449288395151683,-2.443867614478066,-1.4285803307373266,0.22699524462223053,-0.0072552931685421485,-0.029751530133500497,0.009526244350870763,0.0323307691061675
8.870000000000001,0.21957128747081206,-1.467925031996063,-2.2996192480894817,-1.3555926802944405,0.2128896415233612,-0.006681645947450854,-0.027212764995690145,0.009312635388196648,0.034368529628237
8.88,0.20467672040269466,-1.4894567068117393,-2.153167481567628,-1.2815959331305833,0.19857394695281982,-0.006102773449874838,-0.024746136089509818,0.009102661983016725,0.03635557494192365
8.89,0.18958168398498687,-1.5095036417707801,-2.0046934959040947,-1.2066947831137833,0.18406227231025696,-0.005519411674729913,-0.022359135915189367,0.008896517502092348,0.038289242555453185
8.9,0.17430122234426837,-1.5280461640718495,-1.8542522301069257,-1.130864711038412,0.16936896741390228,-0.004932254930366087,-0.020055729956620694,0.008694390336381502,0.040173152135311585
8.91,0.15885054701619225,-1.545067532807611,-1.7021368735761622,-1.054316437858333,0.15450850129127502,-0.004342045724917226,-0.017845110917236267,0.008496463125851568,0.04199955180912429
8.92,0.14324503152340906,-1.5605515492783202,-1.5484016470709066,-0.9770191653841662,0.13949555158615112,-0.003749479937257938,-0.01573046557049263,0.008302913171551157,0.04377256229522175
8.93,0.12750019471536686,-1.574483680804221,-1.3932131525900826,-0.8990518127894507,0.12434494495391846,-0.003155249761448403,-0.013717190243367188,0.008113912305856251,0.04549088605505236
8.94,0.11163167941270481,-1.5868515302662052,-1.2367849461984213,-0.8205378995062023,0.10907161980867386,-0.0025600596040309537,-0.011810981828399654,0.007929626556789322,0.04715116627976024
8.950000000000001,0.09565524124659344,-1.5976438166111366,-1.0792286344931479,-0.7414969264093718,0.0936906561255455,-0.0019645851210479404,-0.010015227804549193,0.0077502163239177285,0.0487551619533691
8.96,0.07958673042750074,-1.6068510819092703,-0.9207265298133542,-0.6620171331997959,0.07821723073720932,-0.0013694996902914175,-0.008334136936225174,0.007575836218823887,0.05030127777751886
8.97,0.06344207701288637,-1.6144653414614358,-0.7614259552165632,-0.5821501269375113,0.06266661733388901,-0.0007754596789973645,-0.006770945720711161,0.00740663508788777,0.0517897415772392
8.98,0.04723727288411436,-1.6204804128772012,-0.6015071415765364,-0.5019789928236051,0.04705415666103363,-0.0001831162230807315,-0.005328902083961406,0.007242755884369243,0.053219274175898834
8.99,0.03098835804471692,-1.6248914839397441,-0.4411071062542982,-0.42154248167829156,0.031395260244607925,0.0004069021998910037,-0.004824155173065835,0.007084335757974179,0.05459077123463052
9.0,0.01471140314005431,-1.627695490466261,-0.28040065265170117,-0.34091623038277663,0.015705378726124763,0.0009939755860704537,-0.0048056069571386795,0.006931505964788257,0.055903332091427824
9.01,-0.001577504896420577,-1.6288908036474885,-0.11953131812274702,-0.2601440375946986,5.510910704284357e-16,0.001577504896421128,-0.004907539349589209,0.006784391933387719,0.057157617853840006
9.02,-0.01786228002206025,-1.6284775125639674,0.04132910835210073,-0.17929763032036838,-0.015705378726124763,0.002156901295935487,-0.005130316707247009,0.006643113195090678,0.05835293103495717
9.03,-0.03412685268752349,-1.626457266546324,0.20202460176435372,-0.09843297401309226,-0.031395260244607925,0.0027315924429155633,-0.005473846186547525,0.006507783392865201,0.05948936071565117
9.040000000000001,-0.050355184087663526,-1.6228331400140033,0.36241265323206034,-0.017592795744646894,-0.04705415666103363,0.003301027426629896,-0.005937709891578734,0.006378510353130099,0.06056762490375331
9.05,-0.06653128316634269,-1.6176099078679158,0.5223232146087485,0.06315209015345169,-0.06266661733388901,0.0038646658324536787,-0.006521209511393623,0.006255396020667845,0.06158707272846606
9.06,-0.08263922042526797,-1.6107937258925282,0.6816181975387566,0.14376195908062295,-0.07821723073720932,0.004421989688058653,-0.007223321124220373,0.0061385365449591785,0.06254856753588472
9.07,-0.0986631452909474,-1.6023924865679426,0.840123932458554,0.2241603930300211,-0.0936906561255455,0.004972489165401897,-0.008042629664445026,0.006028022187956403,0.06345118705891051
9.08,-0.11458729900701328,-1.5924153716065892,0.9977114961353466,0.3043142877572832,-0.10907161980867386,0.005515679198339424,-0.0089775377714006,0.005923937442779139,0.0642961182551069
9.09,-0.13039603080055925,-1.5808731793545976,1.154219225199159,0.3841561567851538,-0.12434494495391846,0.006051085846640797,-0.010026005383802907,0.005826360983310087,0.06508285708212852
9.1,-0.14607381051618665,-1.5677779715627393,1.3095207791858237,0.4636519018219657,-0.13949555158615112,0.006578258930035524,-0.011185917558784158,0.005735365775454168,0.06581251613133055
9.11,-0.16160524766629286,-1.5531437150106204,1.463425655211892,0.5427011321751793,-0.15450850129127502,0.007096746375017837,-0.012454246963137044,0.005651018867703284,0.06648300105034921
9.120000000000001,-0.17697510019315651,-1.536985252686366,1.6158462324254408,0.6213038968992417,-0.16936896741390228,0.007606132779254232,-0.01382864176925144,0.00557338167022719,0.0670971027478956
9.13,-0.19216828868839805,-1.5193188495241545,1.766640316221158,0.6994031487984734,-0.18406227231025696,0.008106016378141095,-0.015305993790152694,0.005502509949056186,0.06765476305089779
9.14,-0.20716991987819497,-1.5001631189796905,1.9155730544463987,0.7768464125792873,-0.19857394695281982,0.008595972925375145,-0.0168813657962951,0.005438453366411969,0.06815138526786724
9.15,-0.22196528655786163,-1.4795366679666668,2.062645101302357,0.8537136354940471,-0.2128896415233612,0.009075645034500424,-0.01855294350064296,0.005381256149960306,0.06859366192555338
9.16,-0.2365398916171169,-1.4574605059255248,2.207616204114199,0.9298409208509497,-0.22699524462223053,0.009544646994886358,-0.020314879502108467,0.005330956569316618,0.06897635807973368
9.17,-0.2508794578252176,-1.433956620810069,2.350388511545582,1.005203409448897,-0.24087683856487274,0.010002619260344847,-0.02216318979438675,0.005287587099839059,0.06930111166130459
9.18,-0.26496993820043657,-1.409048037521896,2.490858328817292,1.0797670795433043,-0.2545207142829895,0.01044922391744707,-0.024093609750146138,0.0052511745352613395,0.06956904899839411
9.19,-0.27879753001299057,-1.3827591812554012,2.628885626649479,1.1534581691112968,-0.2679134011268616,0.010884128886128996,-0.026100809318370954,0.005221739905997089,0.0697793531346913
9.200000000000001,-0.29234868871211744,-1.3551158699126882,2.7643311342712935,1.2262001543437928,-0.28104168176651,0.011307006945607434,-0.02817901415162407,0.005199298388461895,0.0699311172905559
9.21,-0.3056101449260159,-1.3261456213898448,2.8970248522843467,1.2978822056029782,-0.29389262199401855,0.011717522931997348,-0.030321167337337317,0.005183859055642884,0.07002184716183302
9.22,-0.3185689083932345,-1.295876346721859,3.0269274667985786,1.368520518777541,-0.30645352602005005,0.012115382373184436,-0.03252316198232913,0.005175425244702543,0.07005521878669652
9.23,-0.33121228287371807,-1.2643374480483554,3.1538898673503764,1.4380179927076657,-0.3187119960784912,0.012500286795226856,-0.034777793451274124,0.005173994367849976,0.07002934087774193
9.24,-0.34352787776218396,-1.231559488846592,3.2777959201763447,1.5063068884940825,-0.33065593242645264,0.012871945335731327,-0.03707828853354665,0.00517955787232263,0.06994381325221566
9.25,-0.35550362321219353,-1.1975745450009565,3.3984943845635334,1.5732808083987582,-0.3422735631465912,0.013230060065602345,-0.0394163698771951,0.005192101018478558,0.06979641683273474
9.26,-0.36712776943913356,-1.1624146226940044,3.5159922306952187,1.6389880092956781,-0.3535533845424652,0.013574384896668346,-0.04178840959787129,0.005211603405175841,0.06959240541355438
9.27,-0.3783889166154428,-1.126114717630927,3.629990506307748,1.703167547396864,-0.3644843101501465,0.013904606465296343,-0.04418053776761982,0.005238037998065712,0.06932206192587498
9.28,-0.3892760078139212,-1.0887091198478356,3.7405597783091324,1.7659244080479555,-0.3750555217266083,0.014220486087312911,-0.04659066378434798,0.005271371946954057,0.06899355998474799
9.290000000000001,-0.39977835361032027,-1.050234579639906,3.8474540207929686,1.8270439411819024,-0.3852566182613373,0.01452173534898299,-0.04900562365134939,0.0053115658424798965,0.06859946637493564
9.3,-0.40988562690322794,-1.0107273292907673,3.9507250349138747,1.8866060098213362,-0.39507749676704407,0.014808130136183872,-0.051422522233298955,0.0053585744109126586,0.06814672906922947
9.31,-0.41958788914370493,-0.9702262240476992,4.050110524306806,1.94437355521904,-0.404508501291275,0.015079387852429904,-0.053826612000611056,0.005412345667032188,0.06762687686767133
9.32,-0.4288755803092366,-0.9287691165531687,4.145710749453043,2.00046899598786,-0.4135402739048004,0.0153353064044362,-0.05621668051538591,0.005472821819421233,0.06704896269515981
9.33,-0.43773955364570455,-0.886397333646795,4.237178290637384,2.054564583951916,-0.4221639633178711,0.015575590327833455,-0.05857364685722471,0.005539937989334888,0.06640017524610076
9.34,-0.44617106030131437,-0.843150665560984,4.324666808581097,2.1068307525602705,-0.4303710162639618,0.01580004403735258,-0.06089830528152527,0.005613623363152316,0.06569203903772358
9.35,-0.4541617671204885,-0.7990706819174109,4.407998364357304,2.157104202380762,-0.43815332651138306,0.016008440609105445,-0.06317793996309283,0.00569380070105163,0.0649196408188557
9.36,-0.46170377722326267,-0.7542010102774154,4.486967163999558,2.205191432651592,-0.44550326466560364,0.01620051255765903,-0.06539802426796232,0.005780385725600478,0.06407686649535504
9.370000000000001,-0.46878961536136077,-0.7085838138098076,4.561719646760779,2.2512489101034867,-0.45241352915763855,0.016376086203722218,-0.06755939377733683,0.005873288206256719,0.06317456107392538
9.38,-0.4754122526576857,-0.6622637296324928,4.632008417731485,2.295037616937144,-0.4588773250579834,0.01653492759970232,-0.0696454974788543,0.005972411109290493,0.062204223775325085
9.39,-0.48156510177713513,-0.6152849119449401,4.697881768755279,2.3366122648750713,-0.46488824486732483,0.0166768569098103,-0.0716530011963235,0.006077651187194102,0.06117174869835207
9.4,-0.4872420374181141,-0.567693564097896,4.75913478470441,2.3757729102958995,-0.4704403877258301,0.016801649692284037,-0.0735668948879607,0.006188898327707153,0.06007062609441616
9.41,-0.4924373942222916,-0.5195356804177507,4.815788368014524,2.412543822470205,-0.4755282700061798,0.016909124216111793,-0.07538271849273041,0.0063060360018264965,0.05890533606292547
9.42,-0.4971459708210421,-0.4708576598750532,4.867802054269746,2.4468867135026016,-0.4801468551158905,0.016999115705151613,-0.07709336852817025,0.006428941392890507,0.05767716944667933
9.43,-0.5013630390580757,-0.4217068237033591,4.915083617169411,2.4787104348299245,-0.48429158329963684,0.017071455758438825,-0.07868934660094433,0.0065574852681045594,0.05638484150041756
9.44,-0.5050843513072507,-0.3721312249175081,4.957559878585097,2.507941856142687,-0.4879583716392517,0.017125979667999003,-0.08016218485448187,0.006691531942292799,0.05502798974186818
9.450000000000001,-0.5083061462070064,-0.32217948997556595,4.995173494194217,2.5345227879018495,-0.4911436140537262,0.01716253215328023,-0.08150438940097879,0.006830939314828044,0.05360698347005588
9.46,-0.5110251530834644,-0.27190068764580405,5.02788023297619,2.558407388963375,-0.4938441812992096,0.017180971784254817,-0.08270938544722103,0.006975558963906012,0.0521227654272316
9.47,-0.5132385827742756,-0.22134296908111578,5.055771856468827,2.5796851633268614,-0.4960573613643646,0.017181221409910963,-0.08377796953875996,0.00712523688109701,0.050582681130295626
9.48,-0.5149441446486422,-0.17055618743667114,5.078678164444464,2.598183289719926,-0.497780978679657,0.01716316596898526,-0.08469781945185675,0.007279812922043195,0.04898123755188166
9.49,-0.5161400542896527,-0.1195909641010458,5.096522333562534,2.613821718596082,-0.49901336431503296,0.017126689974619747,-0.08546163173936012,0.007439120725379288,0.04731762389906802
9.5,-0.51682502082753,-0.06849665378773007,5.109431031331573,2.626723423877807,-0.49975326657295227,0.017071754254577742,-0.08607320550164137,0.007602988602546293,0.04560073830911504
9.51,-0.516998267326627,-0.017324649909695414,5.117200387803465,2.6366806925203727,-0.5,0.016998267326627015,-0.08651941821321862,0.007771238810821593,0.04382331108295778
9.52,-0.5166595100195766,0.03387573070504359,5.120038061473901,2.6438968158405203,-0.49975326657295227,0.01690624344662428,-0.0868092947398715,0.00794368881835834,0.04199799261447312
9.53,-0.5158189844525942,0.08405255669823064,5.0176825993187055,2.648105974946093,-0.49901336431503296,0.01680562013756126,-0.08693733751530074,0.008120150275403776,0.040114495086884805
9.540000000000001,-0.514475308940125,0.13436755124691496,5.031499454868434,2.670526017412347,-0.497780978679657,0.01669433026046807,-0.08802947699605866,0.008300530333133148,0.03918600683936457
9.55,-0.5126279602262042,0.1847348713920853,5.0367320145170345,2.6865254613113336,-0.4960573613643646,0.016570598861839536,-0.08877891637728853,0.008484709808890753,0.03799418028231916
9.56,-0.5102772071621084,0.23507530640957378,5.034043501748847,2.6967660711493355,-0.4938441812992096,0.016433025862898853,-0.08921375868760464,0.008672547598160699,0.0365831351234136
9.57,-0.5074240726026225,0.28531345594859686,5.023814953902308,2.7016265089060436,-0.4911436140537262,0.01628045854889626,-0.08934972025328017,0.008863883529244521,0.03498141813876865
9.58,-0.5040703066161788,0.33537659864436986,5.006314269577299,2.7013712117028468,-0.4879583716392517,0.01611193497692709,-0.08919847667401443,0.009058540538878229,0.03321078549884948
9.59,-0.5002183380095114,0.3851968606667314,4.982026202236156,2.6964803157170536,-0.48429158329963684,0.01592675470987459,-0.08878519226183751,0.009256327772043648,0.03130223531712106
9.6,-0.495871245378895,0.4347092630616464,4.951240239491499,2.6872378695298345,-0.4801468551158905,0.015724390263004484,-0.08812583608074853,0.009457042600979857,0.02927595770789715
9.61,-0.4910327321315566,0.48385132473383835,4.914206167219191,2.6738872190070846,-0.4755282700061798,0.015504462125376817,-0.08723530282951791,0.009660472354707008,0.027149247909424856
9.620000000000001,-0.48570710492582064,0.532562720573597,4.871139583975867,2.656636464583039,-0.4704403877258301,0.015266717199990565,-0.086127513300858,0.009866395798764274,0.02493690330113707
9.63,-0.47989925505243075,0.5807849873389899,4.822226676539282,2.635663155381605,-0.46488824486732483,0.015011010185105922,-0.08481552407298545,0.010074584399349232,0.022651565276926577
9.64,-0.4736146360848325,0.6284618967598252,4.767690942083537,2.61118090834075,-0.4588773250579834,0.01473731102684911,-0.0833149327433603,0.010284803699293705,0.020306993595153866
9.65,-0.46685923846542277,0.6755397619409733,4.707786518114807,2.583432705898263,-0.45241352915763855,0.014445709307784216,-0.0816433087367957,0.010496814768565645,0.01791769327466053
9.66,-0.45963958662676613,0.721965183865663,4.642542192468969,2.5524348702978914,-0.44550326466560364,0.01413632196116249,-0.07980679335900281,0.010710374506563836,0.015486687262517007
9.67,-0.45196271121288006,0.7676875413886046,4.572235752294161,2.5184510137433707,-0.43815332651138306,0.013809384701497007,-0.07782468394895041,0.010925237107717667,0.013028631556394332
9.68,-0.4438361505518729,0.8126560661007135,4.496852471210886,2.481450702534297,-0.4303710162639618,0.013465134287911129,-0.07570152006076099,0.01114115405720685,0.010543483353520067
9.69,-0.4352679140705203,0.8568236481352636,4.416758203455006,2.441782052862762,-0.4221639633178711,0.013103950752649196,-0.07346109345347987,0.011357875929546868,0.008049228508355544
9.700000000000001,-0.426266482717395,0.9001431353125305,4.331948717726695,2.399421403320123,-0.4135402739048004,0.012726208812594564,-0.07110869718375191,0.011575152331204068,0.005545293171804744
9.71,-0.41684080286987485,0.9425679847520139,4.242484943948334,2.3544079848668074,-0.404508501291275,0.012332301578599825,-0.06865310557652511,0.011792732145465267,0.0030341260400079673
9.72,-0.4070002497441445,0.9840553125730352,4.148732782102137,2.3070836157696686,-0.39507749676704407,0.011922752977100437,-0.06611746593683214,0.012010365206493574,0.0005324676710827259
9.73,-0.39675464041242225,1.0245609331722245,4.05056205991893,2.257291923446824,-0.3852566182613373,0.011498022151084974,-0.06350141553345033,0.012227801521321647,-0.0019674620023557576
9.74,-0.38611420076618796,1.0640439646234268,3.948303145120234,2.2053342016767044,-0.3750555217266083,0.011058679039579689,-0.060825858009081496,0.012444792708179787,-0.004451279699324573
9.75,-0.3750895690239676,1.1024631742220337,3.8419209598606923,2.1511438382025543,-0.3644843101501465,0.010605258873821133,-0.05809488205070503,0.012661091614340201,-0.006922806977249785
9.76,-0.36369176728677166,1.1397801737195954,3.7316999497561767,2.0949707136636464,-0.3535533845424652,0.010138382744306451,-0.0553265044997944,0.012876453459155226,-0.009370613453907328
9.77,-0.35193220267953274,1.1759564607238937,3.617628700429839,2.0367660863797523,-0.3422735631465912,0.009658639532941549,-0.05252567403672674,0.01309063550055703,-0.011798034132193269
9.78,-0.3398226369673667,1.2109565712166028,3.500011049270904,1.9767932331381357,-0.33065593242645264,0.009166704540914061,-0.049710235224093964,0.01330339820308783,-0.014193388710037613
9.790000000000001,-0.3273751923805503,1.244744458681642,3.3787887465039206,1.9149504065980918,-0.3187119960784912,0.008663196302059084,-0.04688293566677971,0.013514504611976586,-0.01656293642046114
9.8,-0.31460232519919085,1.2772867181359455,3.254225945430353,1.851454792055359,-0.30645352602005005,0.008148799179140798,-0.04405910900971482,0.013723721275581588,-0.018897452837524087
9.81,-0.3015168161604498,1.3085509038741048,3.126418573815923,1.7863521929376533,-0.29389262199401855,0.007624194166431231,-0.0412470412065926,0.01393081830763331,-0.02119631553279544
9.82,-0.2881317562163074,1.338505994414243,2.9955090540138287,1.7197315134446725,-0.28104168176651,0.007090074449797368,-0.03845643753022727,0.014135569651572708,-0.023456881123251616
9.83,-0.27446053467612935,1.3671221540178013,2.8616159603558327,1.6516544319813113,-0.2679134011268616,0.006547133549267781,-0.03569578016010914,0.014337753202467166,-0.025677930449397035
9.84,-0.2605168168533646,1.3943717822764783,2.7249628258676863,1.5822841607660623,-0.2545207142829895,0.005996102570375084,-0.032976606891695584,0.014537151406398564,-0.02785346963059543
9.85,-0.2463145348628553,1.4202281990509296,2.5856416774451354,1.511649131446005,-0.24087683856487274,0.005437696297982547,-0.030305575401376607,0.014733551189283482,-0.02998421046480071
9.86,-0.23186787381856283,1.4446661044292453,2.4437905378315605,1.4398203692452034,-0.22699524462223053,0.004872629196332301,-0.02769051630655301,0.01492674409168973,-0.03206880478670848
9.870000000000001,-0.21719125732986289,1.4676616488699932,2.2995544440747975,1.3668726028203113,-0.2128896415233612,0.00430161580650168,-0.02513905364547319,0.015116526414641746,-0.03410579454231344
9.88,-0.20229932931081104,1.4891928019051845,2.153115303519138,1.2929141965713016,-0.19857394695281982,0.0037253823579912193,-0.022659348756193576,0.015302699518412177,-0.03609219181585632
9.89,-0.1872069358671045,1.509239344370655,2.0046542465470547,1.2180496479616338,-0.18406227231025696,0.0031446635568475323,-0.0202589164044385,0.015485070088417718,-0.038025337648897595
9.9,-0.17192911980740122,1.5277816059703269,1.8542261599671697,1.1422542483459621,-0.16936896741390228,0.002560152393498938,-0.017941716707684196,0.01566344977294974,-0.03990885473518779
9.91,-0.15648109132973456,1.5448028477666649,1.7021241796338076,1.0657385370417067,-0.15450850129127502,0.0019725900384595374,-0.015716992170285507,0.015837655958111,-0.04173499370760114
9.92,-0.140878222604907,1.5602868724827543,1.5484024716089453,0.9884715428282973,-0.13949555158615112,0.0013826710187558877,-0.013587926053011446,0.016007511355546834,-0.04350787725427574
9.93,-0.12513603112184835,1.5742191483058674,1.3932275823112965,0.9105320212296526,-0.12434494495391846,0.0007910861679298886,-0.011559937711668303,0.01617284413205672,-0.0452262092594885
9.94,-0.10927015833763101,1.5865872784217332,1.2368130115865739,0.8320433381411998,-0.10907161980867386,0.00019853852895715396,-0.009638758886458347,0.016333488245188463,-0.04688663378140667
9.950000000000001,-0.09329635852247142,1.5973799815159593,1.0792703094226013,0.7530248517036919,-0.0936906561255455,-0.0003942976030740786,-0.008616384681255676,0.016489283267309317,-0.04849091010889761
9.96,-0.07723048053416845,1.606587798830298,0.920781731433867,0.6735646703310141,-0.07821723073720932,-0.0009867502030408704,-0.008104768209572528,0.016640074545161938,-0.05003744268234078
9.97,-0.06108845309145508,1.6142027442713367,0.7614945441038738,0.5937142818342698,-0.06266661733388901,-0.001578164242433927,-0.007708781226586869,0.01678571317716473,-0.05152645849826609
9.98,-0.044886266756525864,1.620218633492922,0.6015889221585459,0.5135566647408503,-0.04705415666103363,-0.0021678899045077665,-0.0074304028038229,0.016926056141468946,-0.0529566769857992
9.99,-0.028639960238845595,1.624630651768027,0.44120182751047815,0.4331304762506516,-0.031395260244607925,-0.0027553000057623303,-0.007270744854997697,0.017060966206588125,-0.05432899185035117
10.0,-0.012365602920256385,1.627435731858921,0.280508009089419,0.3525112730950226,-0.015705378726124763,-0.0033397758058683787,-0.007230964843790297,0.017190312021715334,-0.05564249991971068
