time,angle,velocity,acceleration,torque,target,error,reward,pid_integral,pid_derivative
0.01,0.001,0.1,10.0,10.0,0.5235987901687622,0.5225987901687622,-1.5226087901687624,0.005235987901687622,52.35987901687622
0.02,0.0024265702660538875,0.14265702660538876,4.265702660538874,4.330607659721374,0.5235987901687622,0.5211722199027083,-0.7087341979543226,0.010461975803375243,-0.10000000000000009
0.03,0.004239712621594009,0.18131423555401216,3.8657208948623416,3.9418889129972454,0.5235987901687622,0.5193590775471681,-0.6747768344232887,0.015673698002402328,-0.14265702660538615
0.04,0.006402874392738844,0.21631617711448353,3.5001941560471357,3.589121307710224,0.5235987901687622,0.5171959157760233,-0.6460606260791002,0.02086728877787401,-0.18131423555401982
0.05,0.008882651400279187,0.24797770075403414,3.166152363955059,3.269189865971736,0.5235987901687622,0.514716138768483,-0.6216536555062773,0.02603924793563424,-0.21631617711448392
0.06,0.011648516594932549,0.27658651946533624,2.8608818711302093,2.9792484733777025,0.5235987901687622,0.5119502735738296,-0.6007859883378133,0.03118640932331907,-0.2479777007540318
0.07,0.014672572122379157,0.3024055527446609,2.581903327932465,2.7166966616754866,0.5235987901687622,0.508926218046383,-0.5828220746803012,0.036305912059057366,-0.2765865194653383
0.08,0.01792932279544066,0.32567506730615003,2.326951456148913,2.479158395412486,0.5235987901687622,0.5056694673733215,-0.5672377951182286,0.041395174239521194,-0.30240555274465564
0.09,0.021395469125142726,0.34661463297020667,2.093956566405665,2.2644626898042333,0.5235987901687622,0.5022033210436195,-0.5536013754825628,0.04645186891325441,-0.3256750673061526
0.1,0.02504971822175734,0.36542490966146135,1.881027669125466,2.07062590197111,0.5235987901687622,0.4985490719470049,-0.5415575235707426,0.05147390212369061,-0.3466146329701991
0.11,0.028872611022555738,0.38228928007983987,1.686437041837852,1.895835551286996,0.5235987901687622,0.4947261791462065,-0.5308142486151071,0.056459392843160656,-0.3654249096614659
0.12,0.032846364436107105,0.3973753413551367,1.5086061275296827,1.7384355370098978,0.5235987901687622,0.4907524257326551,-0.5211319140579611,0.06140665463462272,-0.3822892800798394
0.13,0.03695472711461013,0.41083626785030203,1.346092649516531,1.5969126326946594,0.5235987901687622,0.4866440630541521,-0.5123141490577312,0.06631417889194927,-0.3973753413551384
0.14,0.04118284767693066,0.4228120562320533,1.197578838175129,1.4698841472634205,0.5235987901687622,0.48241594249183156,-0.5042003065904899,0.07118061952249079,-0.4108362678503008
0.15,0.0455171543066365,0.4334306629705842,1.06186067385309,1.3560866520718813,0.5235987901687622,0.4780816358621257,-0.4966592080810041,0.0760047789474091,-0.42281205623205254
0.16,0.049945244742190906,0.442809043555441,0.9378380584856787,1.254365681975707,0.5235987901687622,0.4736535454265713,-0.4895839579168096,0.08078559530603036,-0.4334306629705853
0.17,0.05445578576133979,0.45105410191488804,0.8245058359447041,1.1636663263142513,0.5235987901687622,0.4691430044074224,-0.4828876474002537,0.08552213076029606,-0.44280904355544215
0.18,0.05903842133928892,0.45826355779491296,0.7209455880024941,1.0830246329690434,0.5235987901687622,0.46456036882947327,-0.4764997978740534,0.09021356080437029,-0.4510541019148884
0.19,0.06368368873114436,0.4645267391855445,0.6263181390631547,1.0115597552722484,0.5235987901687622,0.4599151014376178,-0.4703634179139007,0.09485916449266503,-0.45826355779491346
0.2,0.06838294179385457,0.46992530627102175,0.5398567085477242,0.9484667775911451,0.5235987901687622,0.45521584837490764,-0.4644325704503229,0.0994583155070412,-0.46452673918554455
0.21,0.07312828092207133,0.4745339128216754,0.4608606550653657,0.8930101609467958,0.5235987901687622,0.45047050924669085,-0.4586703631566509,0.10401047399079028,-0.4699253062710185
0.22,0.0779124890264182,0.47842081043468776,0.3886897613012379,0.8445177550826939,0.5235987901687622,0.445686301142344,-0.4530472900007001,0.10851517908325718,-0.47453391282167856
0.23,0.08272897303205927,0.48164840056410646,0.3227590129418698,0.8023753280233699,0.5235987901687622,0.4408698171367029,-0.447539863988675,0.11297204209468062,-0.47842081043468765
0.24,0.08757171042059744,0.4842737388538181,0.262533828971161,0.7660215683864529,0.5235987901687622,0.4360270797481648,-0.4421294912346407,0.11738074026604765,-0.4816484005641053
0.25,0.09243520037957029,0.4863489958972845,0.20752570434663975,0.7349435195788088,0.5235987901687622,0.4311635897891919,-0.43680154490471107,0.1217410110635293,-0.4842737388538132
0.26,0.09731441916148507,0.48792187819147864,0.15728822941941933,0.7086724085332312,0.5235987901687622,0.4262843710072771,-0.4315446045926579,0.1260526469614212,-0.48634899589728997
0.27,0.10220477928875353,0.489036012726846,0.11141345353673661,0.6867798348729375,0.5235987901687622,0.42139401088000866,-0.4263498325176334,0.13031549067149398,-0.48792187819147737
0.28,0.10710209227232889,0.48973129835753665,0.06952856306906385,0.6688742893345703,0.5235987901687622,0.4164966978964333,-0.4212104627903525,0.13452943078029406,-0.4890360127268456
0.29,0.11200253454057206,0.49004422682431725,0.031292846678062994,0.6545979729815423,0.5235987901687622,0.41159625562819013,-0.4161213840347494,0.1386943977592584,-0.4897312983575375
0.3,0.11690261630111337,0.4900081760541318,-0.003605077018543318,0.6436238911941494,0.5235987901687622,0.40669617386764884,-0.4110787990134077,0.1428103603155403,-0.4900442268243155
0.31,0.12179915308244683,0.4896536781333463,-0.035449792078549654,0.6356531986773586,0.5235987901687622,0.4017996370863154,-0.4060799477007125,0.1468773220542168,-0.4900081760541297
0.32,0.12668923972389054,0.4890086641443711,-0.0645013988975217,0.6304127737805043,0.5235987901687622,0.39690955044487164,-0.4011228825719362,0.15089531842507994,-0.4896536781333449
0.33,0.13157022660254983,0.4880986878659287,-0.09099762784424285,0.6276530023002556,0.5235987901687622,0.3920285635662124,-0.3962062868082741,0.15486441392952865,-0.4890086641443747
0.34,0.13643969790419183,0.4869471301642003,-0.11515577017283936,0.6271457526547994,0.5235987901687622,0.38715909226457035,-0.39132932772287504,0.15878469956519078,-0.48809868786592325
0.35000000000000003,0.14129545176163177,0.48557538574399334,-0.13717444202070134,0.6286825258820095,0.5235987901687622,0.38230333840713043,-0.3864915390458647,0.16265629048783647,-0.4869471301642059
0.36,0.14613548209947877,0.4840030337847006,-0.15723519592927354,0.6320727653504674,0.5235987901687622,0.3774633080692834,-0.38169272681297406,0.16647932387190778,-0.4855753857439915
0.37,0.15095796203801742,0.4822479938538658,-0.17550399308348108,0.6371423123718163,0.5235987901687622,0.3726408281307448,-0.3769328945204659,0.17025395695260062,-0.48400303378470233
0.38,0.1557612287217247,0.48032666837072935,-0.1921325483136455,0.6437319951079026,0.5235987901687622,0.3678375614470375,-0.37221218397064165,0.17398036523390806,-0.48224799385386263
0.39,0.16054376944954485,0.47825407278201526,-0.20725955887140962,0.6516963392468735,0.5235987901687622,0.36305502071921736,-0.3675308288632277,0.17765874084837843,-0.48032666837072857
0.4,0.165304208994662,0.4760439545117159,-0.22101182702993571,0.66090238992774,0.5235987901687622,0.3582945811741002,-0.3628891187108493,0.1812892910555706,-0.47825407278201393
0.41000000000000003,0.17004129801120968,0.4737089016547674,-0.2335052856948472,0.6712286352969388,0.5235987901687622,0.3535574921575525,-0.35828737108948533,0.1848722368673116,-0.4760439545117179
0.42,0.17475390243421607,0.4712604423006394,-0.24484593541280064,0.6825640229167167,0.5235987901687622,0.34884488773454614,-0.35372591059282604,0.18840781178888713,-0.473708901654768
0.43,0.1794409937871783,0.468709135296221,-0.255130700441841,0.6948070610014252,0.5235987901687622,0.34415779638158395,-0.3492050531552685,0.19189626066623258,-0.47126044230063613
0.44,0.1841016403190523,0.46606465318740115,-0.26444821088198406,0.7078649971541315,0.5235987901687622,0.3394971498497099,-0.34472509465262074,0.19533783863004842,-0.46870913529621916
0.45,0.1887349988992003,0.46333585801480215,-0.27287951725989706,0.7216530679085187,0.5235987901687622,0.3348637912695619,-0.34028630289110195,0.19873281012854552,-0.46606465318740353
0.46,0.1933403076050075,0.4605308705807206,-0.28049874340815173,0.7360938129600134,0.5235987901687622,0.3302584825637547,-0.33588891226129264,0.20208144804124115,-0.4633358580148017
0.47000000000000003,0.19791687894251733,0.4576571337509818,-0.2873736829738793,0.7511164484991131,0.5235987901687622,0.3256819112262449,-0.3315331204703773,0.2053840328668787,-0.46053087058072206
0.48,0.20246409364558426,0.4547214703066934,-0.2935663444288438,0.7666562945440889,0.5235987901687622,0.32113469652317794,-0.32721908687837653,0.20864085197914115,-0.45765713375097716
0.49,0.2069813950037478,0.4517301358163514,-0.29913344903419997,0.78265425160855,0.5235987901687622,0.3166173951650144,-0.32294693205622843,0.21185219894437293,-0.45472147030669596
0.5,0.21146828367332896,0.4486888669581152,-0.3041268858236182,0.7990563224468472,0.5235987901687622,0.3121305064954333,-0.3187167382591883,0.21501837289602307,-0.4517301358163528
0.51,0.2159243129301779,0.4456029256848937,-0.3085941273221514,0.8158131749829716,0.5235987901687622,0.3076744772385843,-0.3145285505707212,0.2181396779609774,-0.4486888669581135
0.52,0.22034908432608769,0.4424771395909806,-0.3125786093913054,0.8328797428705164,0.5235987901687622,0.3032497058426745,-0.3103823785225757,0.22121642273336325,-0.4456029256848959
0.53,0.2247422437141674,0.43931593880797154,-0.3161200783009104,0.8502148604348463,0.5235987901687622,0.2988565464545948,-0.306278198037728,0.22424891979179,-0.4424771395909799
0.54,0.2291034776114611,0.4361233897293717,-0.31925490785998484,0.8677809290295926,0.5235987901687622,0.2944953125573011,-0.30221595357624476,0.22723748525633597,-0.4393159388079715
0.55,0.23343250986983569,0.4329032258374571,-0.322016389191459,0.8855436120983979,0.5235987901687622,0.29016628029892655,-0.2981955603911498,0.230182438381909,-0.43612338972937037
0.56,0.23772909862865874,0.42965887588230406,-0.3244349955153064,0.9034715564636935,0.5235987901687622,0.28586969154010344,-0.2942169068231172,0.23308410118489825,-0.43290322583745544
0.5700000000000001,0.241993033525072,0.42639348964132784,-0.3265386240976202,0.9215361375809215,0.5235987901687622,0.2816057566436902,-0.2902798565803743,0.23594279810029928,-0.42965887588231055
0.58,0.24622413313975153,0.4231099614679519,-0.32835281733759863,0.939711226691017,0.5235987901687622,0.27737465702901065,-0.28638425096419545,0.23875885566673619,-0.4263934896413246
0.59,0.2504222426579515,0.4198109518199957,-0.3299009647956148,0.957972977980825,0.5235987901687622,0.2731765475108107,-0.2825299110114932,0.2415326022370263,-0.42310996146795454
0.6,0.25458723172737097,0.41649890694195035,-0.33120448780453976,0.9762996340295178,0.5235987901687622,0.26901155844139124,-0.2787166395349368,0.24426436771213442,-0.4198109518199933
0.61,0.25871899249597324,0.4131760768602261,-0.3322830081724252,0.9946713479599172,0.5235987901687622,0.26487979767278896,-0.2749442230478026,0.24695448329654832,-0.4164989069419478
0.62,0.2628174378143409,0.40984453183676517,-0.33315450234609345,1.0130700208583754,0.5235987901687622,0.2607813523544213,-0.2712124335663177,0.24960328127327622,-0.4131760768602277
0.63,0.26688249958847926,0.4065061774138355,-0.3338354422929661,1.0314791531447458,0.5235987901687622,0.25671629058028295,-0.2675210302862806,0.2522110947968204,-0.40984453183676717
0.64,0.27091412727019293,0.4031627681713662,-0.33434092424692713,1.0498837086907162,0.5235987901687622,0.2526846628985693,-0.2638697611339506,0.25477825770262325,-0.40650617741383455
0.65,0.27491228647327004,0.39981592030771207,-0.3346847863654161,1.0682699905881146,0.5235987901687622,0.24868650369549217,-0.260258364193535,0.2573051043316089,-0.40316276817136676
0.66,0.2788769577047217,0.3964671231451656,-0.3348797162546467,1.0866255275634487,0.5235987901687622,0.2447218324640405,-0.2566865690153009,0.25979196936856386,-0.3998159203077112
0.67,0.2828081352012496,0.3931177496527857,-0.33493734923799096,1.1049389701207812,0.5235987901687622,0.24079065496751262,-0.2531540978095204,0.26223918769320426,-0.39646712314516663
0.68,0.2867058258619609,0.3897690660711336,-0.3348683581652084,1.1231999955760377,0.5235987901687622,0.2368929643068013,-0.24966066653228736,0.26464709424287935,-0.39311774965278823
0.6900000000000001,0.2905700482691229,0.3864222407162014,-0.3346825354932215,1.141399221216158,0.5235987901687622,0.2330287418996393,-0.24620598586968795,0.26701602388594736,-0.3897690660711328
0.7000000000000001,0.2944008317894544,0.38307835203315277,-0.3343888683048636,1.1595281248838312,0.5235987901687622,0.2291979583793078,-0.24278976212707037,0.26934631130494374,-0.3864222407161999
0.71,0.2981982157490985,0.3797383959644086,-0.3339956068744165,1.1775789723489414,0.5235987901687622,0.2254005744196637,-0.23941169803021722,0.2716382908887368,-0.38307835203315044
0.72,0.30196224867600885,0.3764032926910358,-0.333510327337281,1.1955447508818975,0.5235987901687622,0.22163654149275336,-0.2360714934451146,0.27389229663293346,-0.3797383959644074
0.73,0.305692987604022,0.3730738928013191,-0.3329399889716699,1.2134191084957888,0.5235987901687622,0.21790580256474018,-0.23276884602285727,0.276108662047861,-0.37640329269103545
0.74,0.3093904974333795,0.3697509829357454,-0.33229098655737194,1.231196298369308,0.5235987901687622,0.21420829273538272,-0.22950345177594755,0.2782877200735084,-0.37307389280131775
0.75,0.31305485034291336,0.36643529095338573,-0.33156919823596465,1.248871128004991,0.5235987901687622,0.21054393982584885,-0.22627500559194952,0.28042980300086223,-0.36975098293574593
0.76,0.3166861252495212,0.3631274906607842,-0.3307800292601516,1.2664389127158207,0.5235987901687622,0.20691266491924099,-0.22308320169012288,0.2825352423991207,-0.36643529095338745
0.77,0.32028440731093033,0.35982820614091315,-0.3299284519871068,1.2838954330676788,0.5235987901687622,0.20331438285783188,-0.2199277340262869,0.2846043690483131,-0.3631274906607862
0.78,0.32384978746809556,0.3565380157165212,-0.3290190424391927,1.3012368959381249,0.5235987901687622,0.19974900270066664,-0.2168082966508246,0.28663751287689143,-0.3598282061409108
0.79,0.32738236202388793,0.3532574555792375,-0.3280560137283716,1.3184598988804153,0.5235987901687622,0.19621642814487428,-0.21372458402435415,0.2886350029038981,-0.3565380157165232
0.8,0.33088223225501895,0.34998702311310054,-0.3270432466136963,1.335561397509844,0.5235987901687622,0.19271655791374326,-0.2106762912952753,0.29059716718534684,-0.3532574555792367
0.81,0.3343495040544059,0.34672717993869395,-0.3259843174406571,1.3525386756512554,0.5235987901687622,0.18924928611435632,-0.20766311454298908,0.29252433276448425,-0.3499870231131019
0.8200000000000001,0.33778428760142426,0.3434783547018352,-0.3248825236858746,1.3693893180129018,0.5235987901687622,0.18581450256733795,-0.20468475099036504,0.2944168256256278,-0.34672717993869395
0.8300000000000001,0.3411866970577111,0.3402409456286813,-0.323740907315391,1.3861111851680197,0.5235987901687622,0.1824120931110511,-0.20174089918861235,0.2962749706513012,-0.3434783547018372
0.84,0.34455685028638355,0.3370153228672474,-0.32256227614339067,1.4027023906477916,0.5235987901687622,0.17904193988237865,-0.19883125917751626,0.2980990915824117,-0.3402409456286837
0.85,0.34789486859271956,0.3338018306336008,-0.32134922336465865,1.4191612799636846,0.5235987901687622,0.17570392157604264,-0.1959555326236586,0.2998895109812355,-0.33701532286724567
0.86,0.3512008764845138,0.3306007891794248,-0.32010414541760174,1.435486411394375,0.5235987901687622,0.1723979136842484,-0.19311342293903347,0.30164655019699593,-0.333801830633601
0.87,0.35447500145047595,0.32741249659621313,-0.31882925832116643,1.4516765383866188,0.5235987901687622,0.16912378871828626,-0.19030463538223522,0.3033705293338384,-0.3306007891794249
0.88,0.35771737375517626,0.32423723047003217,-0.31752661261809906,1.4677305934309421,0.5235987901687622,0.16588141641358595,-0.1875288771441403,0.30506176722102124,-0.3274124965962133
0.89,0.36092812624917225,0.3210752493995977,-0.31619810704344664,1.4836476732871167,0.5235987901687622,0.16267066391958995,-0.18478585741986972,0.3067205813851571,-0.3242372304700314
0.9,0.36410739419306537,0.317926794389311,-0.3148455010286718,1.4994270254434352,0.5235987901687622,0.15949139597569684,-0.18207528746858898,0.308347288024353,-0.3210752493995994
0.91,0.3672553150943444,0.3147920901279004,-0.3134704261410616,1.5150680357049522,0.5235987901687622,0.15634347507441781,-0.17939688066257353,0.30994220198411,-0.3179267943893116
0.92,0.37037202855596835,0.31167134616239334,-0.3120743965507031,1.5305702168136976,0.5235987901687622,0.15322676161279386,-0.17675035252678384,0.31150563673485415,-0.3147920901279022
0.93,0.3734576761357315,0.3085647579763159,-0.3106588186077471,1.5459331980138056,0.5235987901687622,0.1501411140330307,-0.1741354207701076,0.3130379043509821,-0.31167134616239545
0.9400000000000001,0.3765124012155339,0.3054725079802432,-0.30922499960726535,1.56115671548028,0.5235987901687622,0.1470863889532283,-0.1715518053092518,0.3145393154913124,-0.3085647579763151
0.9500000000000001,0.37953634887975524,0.3023947664221318,-0.30777415581114315,1.5762406035383068,0.5235987901687622,0.14406244128900697,-0.1689992282861945,0.3160101793808447,-0.3054725079802423
0.96,0.3825296658019975,0.2993316922242252,-0.30630741979066517,1.5911847866061013,0.5235987901687622,0.14106912436676472,-0.16647741408000158,0.31745080379373475,-0.3023947664221316
0.97,0.38549250013952485,0.29628343375273924,-0.30482584714859134,1.6059892717994213,0.5235987901687622,0.13810629002923736,-0.163986089313702,0.3188614950374024,-0.29933169222422507
0.98,0.38842500143478487,0.2932501295260025,-0.30333042267367605,1.6206541421419574,0.5235987901687622,0.13517378873397734,-0.16152498285686318,0.3202425579376948,-0.29628343375273647
0.99,0.39132732052344726,0.2902319088662371,-0.3018220659765361,1.635179550330104,0.5235987901687622,0.13227146964531494,-0.1590938258244167,0.32159429582503457,-0.2932501295260015
1.0,0.39419960944844457,0.2872288924997276,-0.3003016366509508,1.64956571300563,0.5235987901687622,0.12939918072031764,-0.15669235157224198,0.32291701052148775,-0.29023190886623973
1.01,0.39704202137954164,0.284241193109709,-0.2987699390018584,1.6638129054927844,0.5235987901687622,0.12655676878922056,-0.1543202956899244,0.32421100232869093,-0.28722889249973016
1.02,0.39985471053800103,0.28126891584593994,-0.2972277263769081,1.6779214569609597,0.5235987901687622,0.12374407963076117,-0.15197739599108223,0.32547657001658314,-0.28424119310970775
1.03,0.4026378321259469,0.2783121587945852,-0.2956757051354743,1.6918917459771277,0.5235987901687622,0.12096095804281531,-0.14966339250160354,0.32671401081289075,-0.28126891584593916
1.04,0.40539154226006413,0.2753710134117253,-0.2941145382859893,1.7057241964154835,0.5235987901687622,0.11820724790869808,-0.14737802744609796,0.3279236203933189,-0.2783121587945858
1.05,0.4081159979092993,0.27244556492352034,-0.2925448488204949,1.7194192736938017,0.5235987901687622,0.1154827922594629,-0.14512104523280658,0.3291056928724059,-0.27537101341172376
1.06,0.4108113568362573,0.2695358926958003,-0.2909672227720039,1.7329774813094536,0.5235987901687622,0.1127874333325049,-0.1428921924372128,0.3302605207950005,-0.272445564923518
1.07,0.4134777775420135,0.2666420705756194,-0.2893822120180906,1.7463993576503136,0.5235987901687622,0.11012101262674873,-0.14069121778456387,0.3313883951283256,-0.26953589269579914
1.08,0.4161154192140844,0.26376416720709167,-0.2877903368527738,1.7596854730572389,0.5235987901687622,0.1074833709546778,-0.13851787213146705,0.33248960525459303,-0.26664207057561784
1.09,0.4187244416773207,0.2609022463236276,-0.2861920883464085,1.7728364271172525,0.5235987901687622,0.1048743484914415,-0.13637190844671687,0.3335644389641398,-0.2637641672070923
1.1,0.42130500534750587,0.2580563670185147,-0.2845879305112871,1.7858528461686576,0.5235987901687622,0.10229378482125634,-0.1342530817915021,0.3346131824490542,-0.2609022463236299
1.11,0.423857271187462,0.255226583995615,-0.2829783022899711,1.7987353810000664,0.5235987901687622,0.09974151898130018,-0.13216114929909278,0.33563612029726675,-0.25805636701851653
1.12,0.4263814006654801,0.25241294780180357,-0.2813636193811436,1.8114847047276408,0.5235987901687622,0.09721738950328213,-0.130095870154122,0.33663353548707975,-0.2552265839956158
1.1300000000000001,0.42887755571590647,0.2496155050426358,-0.27974427591677564,1.8241015108358916,0.5235987901687622,0.09472123445285574,-0.12805700557155125,0.3376057093821126,-0.25241294780180557
1.1400000000000001,0.4313458987017325,0.24683429858260317,-0.2781206460032628,1.836586511368584,0.5235987901687622,0.0922528914670297,-0.1260443187753967,0.33855292172664114,-0.24961550504263852
1.1500000000000001,0.4337865923790447,0.24406936773122126,-0.27649308513819054,1.8489404352573673,0.5235987901687622,0.0898121977897175,-0.12405757497727925,0.33947545064131146,-0.24683429858260442
1.16,0.4361997998632056,0.2413207484160904,-0.27486193151308597,1.8611640267770615,0.5235987901687622,0.08739899030555659,-0.12209654135486275,0.34037357261920864,-0.24406936773122
1.17,0.4385856845966453,0.23858847334397204,-0.2732275072118378,1.8732580441173012,0.5235987901687622,0.08501310557211689,-0.12016098703023126,0.3412475625222642,-0.24132074841609064
1.18,0.4409444103181537,0.23587257215083815,-0.27159011931338817,1.8852232580613197,0.5235987901687622,0.08265437985060853,-0.11825068304825496,0.34209769357798536,-0.23858847334397026
1.19,0.4432761410335713,0.23317307154176437,-0.26995006090737844,1.8970604507626407,0.5235987901687622,0.08032264913519088,-0.11636540235496064,0.34292423737649147,-0.2358725721508359
1.2,0.44558104098778606,0.2304899954214723,-0.26830761202920544,1.9087704146126963,0.5235987901687622,0.07801774918097615,-0.11450491977597278,0.34372746386784336,-0.2331730715417646
1.21,0.4478592746379486,0.22782336501625416,-0.26666304052181417,1.9203539511915584,0.5235987901687622,0.0757395155308136,-0.11266901199503122,0.3445076413596531,-0.23048999542147341
1.22,0.4501110066278281,0.22517319898795063,-0.2650166028303547,1.9318118702951956,0.5235987901687622,0.0734877835409341,-0.1108574575326108,0.34526503651496127,-0.22782336501625533
1.23,0.4523364017632341,0.22253951354060086,-0.2633685447349775,1.9431449890335557,0.5235987901687622,0.07126238840552812,-0.10907003672467719,0.3459999143503706,-0.22517319898794907
1.24,0.45453562498843736,0.21992232252032815,-0.26171910202727244,1.9543541309935568,0.5235987901687622,0.06906316518032485,-0.10730653170158339,0.3467125382344259,-0.2225395135405983
1.25,0.4567088413635272,0.21732163750898115,-0.26006850113470065,1.9654401254622673,0.5235987901687622,0.06688994880523502,-0.10556672636713595,0.34740316988622916,-0.21992232252032728
1.26,0.45885621604264726,0.21473746791200526,-0.25841695969758766,1.9764038067053402,0.5235987901687622,0.06474257412611495,-0.10385040637783381,0.34807206937428153,-0.2173216375089826
1.27,0.46097791425305706,0.21216982104097984,-0.25676468710254285,1.9872460132965033,0.5235987901687622,0.06262087591570514,-0.10215735912229416,0.3487194951155427,-0.21473746791200732
1.28,0.4630741012749693,0.2096187021912213,-0.2551118849758527,1.9979675874942422,0.5235987901687622,0.06052468889379292,-0.10048737370087688,0.3493457038746997,-0.2121698210409806
1.29,0.4651449424221175,0.20708411471482005,-0.25345874764012644,2.0085693746620845,0.5235987901687622,0.058453847746644694,-0.0988402409055163,0.34995095076363764,-0.20961870219122214
1.3,0.467190603023012,0.20456606008944853,-0.2518054625371513,2.0190522227292598,0.5235987901687622,0.05640818714575019,-0.09721575319977036,0.35053548924110406,-0.2070841147148228
1.31,0.4692112484028445,0.20206453798325058,-0.25015221061979354,2.0294169816886116,0.5235987901687622,0.0543875417659177,-0.09561370469908922,0.35109957111256157,-0.20456606008945055
1.32,0.4712070438660055,0.19957954631609495,-0.2484991667155631,2.039664503128898,0.5235987901687622,0.052391746302756725,-0.094033891151305,0.3516434465302207,-0.20206453798324864
1.33,0.47317815467918,0.19711108131745492,-0.2468464998640042,2.0497956397990738,0.5235987901687622,0.0504206354895822,-0.09247610991735326,0.3521673639932483,-0.19957954631609764
1.34,0.4751247460549916,0.19465913758116002,-0.24519437362949087,2.0598112452027375,0.5235987901687622,0.0484740441137706,-0.09094015995225097,0.3526715703481441,-0.19711108131745259
1.35,0.4770469831361639,0.19222370811722966,-0.24354294639303614,2.069712173218923,0.5235987901687622,0.046551807032598314,-0.08942584178626664,0.35315631078928184,-0.19465913758116016
1.36,0.47894503098017394,0.18980478440100618,-0.24189237162234928,2.0794992777497767,0.5235987901687622,0.04465375918858827,-0.08793295750638822,0.3536218288596078,-0.19222370811722844
1.37,0.48081905454437157,0.18740235641976313,-0.2402427981243042,2.0891734123907773,0.5235987901687622,0.042779735624390636,-0.08646131073798756,0.3540683664514937,-0.18980478440100423
1.3800000000000001,0.4826692186715413,0.18501641271696856,-0.23859437027945607,2.0987354301236474,0.5235987901687622,0.04092957149722093,-0.0850107066267585,0.35449616380773763,-0.18740235641976355
1.3900000000000001,0.4844956880758849,0.1826469404343606,-0.23694722826079434,2.108186183029601,0.5235987901687622,0.03910310209287732,-0.08358095182089655,0.35490545952270985,-0.18501641271697067
1.4000000000000001,0.4862986273294047,0.1802939253519813,-0.2353015082379305,2.1175265220215485,0.5235987901687622,0.0373001628393575,-0.08217185445352308,0.35529649054363865,-0.18264694043436114
1.41,0.48807820084866776,0.17795735192630405,-0.23365734256772652,2.1267572965940778,0.5235987901687622,0.03552058932009444,-0.08078322412536056,0.35566949217203225,-0.18029392535198197
1.42,0.4898345728819336,0.17563720332658198,-0.23201485997220828,2.135879354590221,0.5235987901687622,0.0337642172868286,-0.07941487188766837,0.3560246980652332,-0.17795735192630557
1.43,0.49156790749662893,0.17333346146953055,-0.23037418570514306,2.1448935419834605,0.5235987901687622,0.032030882672133276,-0.07806661022542183,0.3563623402381015,-0.17563720332658406
1.44,0.49327836856715346,0.17104610705245182,-0.2287354417078734,2.153800702674236,0.5235987901687622,0.03032042160160875,-0.07673825304074687,0.35668264906482283,-0.17333346146953255
1.45,0.4949661197630024,0.1687751195848991,-0.2270987467552722,2.16260167829995,0.5235987901687622,0.028632670405759786,-0.07542961563660829,0.3569858532808389,-0.1710461070524527
1.46,0.49663132453719216,0.1665204774189736,-0.22546421659254867,2.1712973080576,0.5235987901687622,0.026967465631570042,-0.07414051470075168,0.3572721799848965,-0.16877511958489633
1.47,0.4982741461149755,0.1642821577783363,-0.22383196406373151,2.1798884285380797,0.5235987901687622,0.025324644053786705,-0.0728707682898932,0.35754185464121224,-0.16652047741897436
1.48,0.4998947474828357,0.16206013678601808,-0.22220209923182177,2.1883758735720305,0.5235987901687622,0.02370404268592652,-0.07162019581418311,0.3577951010817501,-0.16428215777833377
1.49,0.5014932913777466,0.15985438949109243,-0.22057472949256351,2.196760474085173,0.5235987901687622,0.022105498791015643,-0.07038861802188436,0.3580321415086094,-0.1620601367860186
1.5,0.5030699402766895,0.15766488989428892,-0.21894995968035125,2.205043057964476,0.5235987901687622,0.02052884989207271,-0.06917585698435137,0.35825319649651954,-0.15985438949108755
1.51,0.5046248563864155,0.15549161097259753,-0.21732789216913856,2.213224449932196,0.5235987901687622,0.018973933782346686,-0.06798173608120624,0.35845848499544025,-0.1576648898942934
1.52,0.5061582016334449,0.15333452470293826,-0.21570862696592646,2.2213054714300804,0.5235987901687622,0.01744058853531727,-0.06680607998583526,0.3586482243332637,-0.15549161097260233
1.53,0.5076701376542943,0.1511936020849327,-0.21409226180055568,2.229286940509925,0.5235987901687622,0.015928652514467956,-0.0656487146510604,0.3588226302186169,-0.15333452470294162
1.54,0.5091608257859227,0.14906881316284082,-0.21247889220918859,2.2371696717329814,0.5235987901687622,0.014437964382839508,-0.06450946729511585,0.35898191674376156,-0.15119360208493138
1.55,0.5106304270563897,0.1469601270467033,-0.21086861161375126,2.244954476075846,0.5235987901687622,0.012968363112372483,-0.06338816638784384,0.35912629638758997,-0.14906881316284482
1.56,0.5120791021757172,0.14486751193274086,-0.2092615113962451,2.2526421608438367,0.5235987901687622,0.011519687993045036,-0.06228464163717052,0.35925598001871367,-0.14696012704670247
1.57,0.5135070115269476,0.14279093512303853,-0.20765768097023263,2.2602335295894442,0.5235987901687622,0.010091778641814653,-0.061198723975771536,0.3593711768986441,-0.14486751193274472
1.58,0.5149143151573933,0.14073036304456962,-0.20605720784688963,2.267729382038386,0.5235987901687622,0.00868447501136893,-0.06013024554805358,0.35947209468506225,-0.1427909351230383
1.59,0.516301172770069,0.1386857612675789,-0.2044601776990726,2.275130514019726,0.5235987901687622,0.007297617398693168,-0.059079039697308176,0.3595589394351759,-0.1407303630445722
1.6,0.5176677437153028,0.13665709452337316,-0.2028666744205727,2.282437717402798,0.5235987901687622,0.005931046453459432,-0.05804494095317195,0.35963191560916286,-0.13868576126757626
1.61,0.5190141869825181,0.13464432672153734,-0.20127678018358186,2.289651780037833,0.5235987901687622,0.004584603186244096,-0.057027785019266565,0.35969122607369747,-0.1366570945233736
1.62,0.5203406611921843,0.13264742096661858,-0.1996905754918753,2.296773485702704,0.5235987901687622,0.0032581289765779564,-0.056027408761136537,0.3597370721055599,-0.1346443267215336
1.6300000000000001,0.5216473245879272,0.13066633957429336,-0.19810813923252302,2.303803614052897,0.5235987901687622,0.0019514655808350323,-0.05504365019436467,0.3597696533953257,-0.13264742096661397
1.6400000000000001,0.5229343350287977,0.12870104408705332,-0.19652954872400313,2.3107429405767665,0.5235987901687622,0.0006644551399644927,-0.05407634847296722,0.35978916805113403,-0.1306663395742924
1.6500000000000001,0.5242018499816921,0.12675149528943058,-0.19495487976227366,2.317592236554442,0.5235987901687622,-0.0006030598129298514,-0.05433146350386217,0.3597958126025337,-0.12870104408705396
1.6600000000000001,0.5254500265139199,0.1248176532227834,-0.19338420666471823,2.3243522690204013,0.5235987901687622,-0.001851236345157714,-0.055892950496716644,0.35978978200440437,-0.1267514952894344
1.67,0.5266790212859166,0.12289947719966816,-0.191817602311524,2.331023800730088,0.5235987901687622,-0.003080231117154386,-0.0574320549943518,0.3597712696409528,-0.12481765322278626
1.68,0.5278889905440948,0.12099692581781417,-0.19025513818540013,2.337607590129597,0.5235987901687622,-0.004290200375332565,-0.05894893308570494,0.35974046732978127,-0.1228994771996672
1.69,0.529080090113832,0.11910995697372193,-0.18869688440922455,2.3441043913287753,0.5235987901687622,-0.00548129994506974,-0.06044374110138851,0.3596975653260279,-0.12099692581781785
1.7,0.530252475392591,0.11723852787590792,-0.18714290978140008,2.3505149540779,0.5235987901687622,-0.006653685223828809,-0.06191663558968563,0.3596427523265772,-0.11910995697371751
1.71,0.531406301343169,0.11538259505780035,-0.18559328181075757,2.356840023746032,0.5235987901687622,-0.0078075111744068115,-0.06336777329296103,0.35957621547433893,-0.11723852787590694
1.72,0.5325417224870722,0.11354211439031918,-0.18404806674811697,2.3630803413038777,0.5235987901687622,-0.008942932318310004,-0.06479731112461873,0.35949814036259486,-0.11538259505780024
1.73,0.5336588928980136,0.11171704109414128,-0.18250732961778943,2.3692366433078247,0.5235987901687622,-0.010060102729251397,-0.06620540614644752,0.35940871103941174,-0.11354211439031925
1.74,0.5347579661955303,0.10990732975167303,-0.1809711342468247,2.375309661887285,0.5235987901687622,-0.01115917602676808,-0.06759221554645212,0.3593081100121192,-0.11171704109413927
1.75,0.5358390955387177,0.10811293431874149,-0.1794395432931546,2.3813001247341505,0.5235987901687622,-0.012240305369955462,-0.06895789661711128,0.3591965182518515,-0.10990732975166839
1.76,0.5369024336200778,0.106333808136018,-0.17791261827234767,2.3872087550945835,0.5235987901687622,-0.013303643451315628,-0.07030260673407066,0.35907411519815197,-0.10811293431873814
1.77,0.5379481326594797,0.1045699039401878,-0.17639041958302049,2.393036271763066,0.5235987901687622,-0.01434934249071751,-0.07162650333526434,0.3589410787636388,-0.10633380813601656
1.78,0.5389763443982285,0.10282117387487492,-0.1748730065312866,2.3987833890782597,0.5235987901687622,-0.015377554229466295,-0.07292974390044112,0.35879758533873163,-0.10456990394018817
1.79,0.5399872200932418,0.1010875695013353,-0.17336043735396328,2.404450816920921,0.5235987901687622,-0.01638842992447964,-0.07421248593110417,0.35864380979643695,-0.10282117387487855
1.8,0.5409809105113311,0.09936904180892948,-0.17185276924058068,2.4100392607137784,0.5235987901687622,-0.01738212034256892,-0.0754748869308571,0.35847992549719215,-0.10108756950133468
1.81,0.5419575659235849,0.09766554122538115,-0.17035005835483266,2.415549421422699,0.5235987901687622,-0.018358775754822698,-0.07671710438612091,0.35830610429376647,-0.0993690418089277
1.82,0.5429173360998533,0.09597701762683743,-0.16885235985437302,2.420981995560176,0.5235987901687622,-0.019318545931091058,-0.07793929574726892,0.35812251653621824,-0.09766554122537796
1.83,0.5438603703033306,0.09430342034773463,-0.16735972791027998,2.426337675189803,0.5235987901687622,-0.020261580134568358,-0.07914161841011222,0.35792933107690733,-0.09597701762683597
1.84,0.5447868172852354,0.09264469819048238,-0.1658722157252257,2.4316171479326334,0.5235987901687622,-0.021188027116473163,-0.0803242296977763,0.35772671527556166,-0.09430342034772998
1.85,0.5456968252795851,0.09100079943496914,-0.16438987555132462,2.436821096974432,0.5235987901687622,-0.022098035110822867,-0.08148728684291742,0.3575148350043969,-0.09264469819048049
1.86,0.5465905419980641,0.08937167184790436,-0.16291275870647787,2.441950201074954,0.5235987901687622,-0.02299175182930191,-0.08263094697033087,0.35729385465328867,-0.09100079943497041
1.87,0.5474681146249841,0.087757262691999,-0.16144091559053492,2.447005134577894,0.5235987901687622,-0.02386932445622192,-0.08375536707988289,0.3570639371349956,-0.08937167184790429
1.8800000000000001,0.5483296898123341,0.08615751873499246,-0.15997439570065386,2.4519865674221055,0.5235987901687622,-0.02473089964357189,-0.08486070402979086,0.3568252438904334,-0.0877572626920009
1.8900000000000001,0.5491754136749195,0.0845723862585364,-0.1585132476456061,2.456895165154286,0.5235987901687622,-0.025576623506157303,-0.08594711452025983,0.3565779348939977,-0.08615751873499722
1.9000000000000001,0.5500054317855889,0.08300181106693873,-0.15705751915976776,2.461731588942376,0.5235987901687622,-0.02640664161682671,-0.08701475507743467,0.3563221686589361,-0.08457238625854124
1.9100000000000001,0.5508198891705467,0.08144573849577445,-0.15560725711642687,2.4664964955900053,0.5235987901687622,-0.027221099001784488,-0.08806378203768138,0.35605810224276785,-0.0830018110669406
1.92,0.5516189303047504,0.0799041134203697,-0.1541625075404756,2.471190537551877,0.5235987901687622,-0.028020140135988192,-0.08909435153218903,0.35578589125275,-0.08144573849577785
1.93,0.552402699107392,0.07837688026416721,-0.15272331562024888,2.4758143629503158,0.5235987901687622,-0.02880390893862983,-0.09010661947190055,0.35550568985139014,-0.0799041134203704
1.94,0.5531713389374617,0.07686398300697368,-0.15128972571935315,2.4803686155921025,0.5235987901687622,-0.029572548768699525,-0.09110074153272604,0.35521765076200384,-0.07837688026416378
1.95,0.5539249925893928,0.07536536519309804,-0.14986178138756462,2.484853934986478,0.5235987901687622,-0.030326202420630555,-0.0920768731410791,0.3549219252743169,-0.0768639830069695
1.96,0.5546638022887866,0.0738809699393846,-0.1484395253713432,2.48927095636377,0.5235987901687622,-0.031065012120024438,-0.09303516945970561,0.35461866325011054,-0.075365365193103
1.97,0.5553879096882182,0.0724107399431489,-0.1470229996235706,2.4936203106949755,0.5235987901687622,-0.031789119519455955,-0.09397578537382013,0.3543080131289103,-0.07388096993938831
1.98,0.5560974558631183,0.07095461749001149,-0.14561224531374106,2.497902624711081,0.5235987901687622,-0.03249866569435611,-0.09489887547748434,0.35399012193371576,-0.07241073994315173
1.99,0.5567925813077348,0.06951254446164473,-0.14420730283667504,2.5021185209240056,0.5235987901687622,-0.033193791138972584,-0.09580459406031945,0.3536651352767722,-0.07095461749001553
2.0,0.5574734259311691,0.06808446234343196,-0.1428082118212776,2.506268617647625,0.5235987901687622,-0.0338746357624069,-0.09669309509447287,0.35333319736538243,-0.06951254446164734
2.0100000000000002,0.5581401290534895,0.06667031223204187,-0.14141501113900976,2.510353529019197,0.5235987901687622,-0.034541338884727324,-0.09756453222185181,0.3529944510077584,-0.0680844623434318
2.02,0.5587928294019188,0.0652700348429237,-0.14002773891181755,2.514373865021416,0.5235987901687622,-0.03519403923315656,-0.09841905874163229,0.35264903761891114,-0.06667031223204223
2.0300000000000002,0.5594316651070961,0.0638835705177277,-0.13864643251959927,2.5183302315049945,0.5235987901687622,-0.03583287493833387,-0.09925682759803595,0.3522970972265796,-0.0652700348429236
2.04,0.5600567736994125,0.06251085923165112,-0.13727112860765806,2.522223230211314,0.5235987901687622,-0.03645798353065033,-0.10007799136834815,0.35193876847719624,-0.06388357051773097
2.05,0.5606682921054197,0.06115184060071789,-0.13590186309332225,2.5260534587959347,0.5235987901687622,-0.03706950193665748,-0.10088270225121537,0.3515741886418897,-0.0625108592316459
2.06,0.5612663566443096,0.05980645388898602,-0.13453867117318732,2.529821510851507,0.5235987901687622,-0.037667566475547365,-0.10167111205514416,0.3512034936225231,-0.06115184060071499
2.07,0.5618511030244666,0.05847463801569891,-0.1331815873287109,2.5335279759323166,0.5235987901687622,-0.03825231285570441,-0.10244337218731248,0.35082681795776766,-0.05980645388898864
2.08,0.5624226663400903,0.057156331562372806,-0.13183064533261024,2.5371734395780203,0.5235987901687622,-0.0388238761713281,-0.10319963364256739,0.35044429482921063,-0.05847463801570418
2.09,0.5629811810678885,0.05585147277982681,-0.1304858782545989,2.540758483338001,0.5235987901687622,-0.03938239089912632,-0.10394004699267818,0.35005605606749735,-0.0571563315623691
2.1,0.56352678106384,0.05455999959515448,-0.12914731846723337,2.5442836847955768,0.5235987901687622,-0.039927990895077814,-0.10466476237580322,0.34966223215850606,-0.05585147277982205
2.11,0.5640595995600265,0.0532818496186483,-0.127814997650618,2.547749617593279,0.5235987901687622,-0.040460809391264285,-0.10537392948623005,0.3492629522495553,-0.054559999595149566
2.12,0.5645797691615332,0.05201696015066967,-0.12648894679786254,2.5511568514573124,0.5235987901687622,-0.04098097899277098,-0.10606769756429017,0.34885834415564265,-0.053281849618647126
2.13,0.5650874218434179,0.050765268188472476,-0.12516919621971945,2.5545059522227467,0.5235987901687622,-0.04148863167465566,-0.10674621538652433,0.34844853436571493,-0.052016960150669256
2.14,0.5655826889477477,0.04952671043297857,-0.12385577554939023,2.557797481858442,0.5235987901687622,-0.04198389877898545,-0.10740963125604563,0.34803364804896836,-0.05076526818846849
2.15,0.5660657011807028,0.04830122329550805,-0.12254871374705172,2.561031998492142,0.5235987901687622,-0.042466911011940556,-0.10805809299311896,0.3476138090611785,-0.04952671043297885
2.16,0.5665365886097474,0.047088742904470515,-0.12124803910375354,2.564210056436081,0.5235987901687622,-0.04293779844098522,-0.10869174792597283,0.3471891399510591,-0.048301223295510454
2.17,0.5669954806608676,0.04588920511201258,-0.11995377924579313,2.5673322062119768,0.5235987901687622,-0.04339669049210537,-0.10931074288178375,0.34675976196664926,-0.04708874290446641
2.18,0.5674425061158738,0.04470254550062349,-0.11866596113890929,2.5703989945760766,0.5235987901687622,-0.04384371594711156,-0.10991522417786286,0.3463257950617282,-0.04588920511201522
2.19,0.5678777931097708,0.043528699389711004,-0.11738461109124884,2.573410964545266,0.5235987901687622,-0.044279002941008616,-0.11050533761309714,0.3458873579022571,-0.04470254550061892
2.2,0.5683014691281921,0.04236760184213064,-0.11610975475803616,2.576368655421329,0.5235987901687622,-0.04470267895942992,-0.11108122845949085,0.345444567872847,-0.043528699389705494
2.21,0.568713661004899,0.04121918767068702,-0.11484141714436212,2.579272602816924,0.5235987901687622,-0.045114870836136745,-0.11164304145398886,0.3449975410832527,-0.0423676018421304
2.22,0.569114494919345,0.04008339144460075,-0.11357962260862672,2.582123338680721,0.5235987901687622,-0.04551570475058275,-0.11219092079044919,0.3445463923748913,-0.041219187670682444
2.23,0.5695040963943043,0.03896014749593737,-0.11232439486633833,2.5849213913220193,0.5235987901687622,-0.04590530622554212,-0.11272501011177667,0.3440912353273855,-0.040083391444600824
2.24,0.5698825902935645,0.03784938992601173,-0.11107575699256403,2.587667285436513,0.5235987901687622,-0.046283800124802266,-0.11324545250230375,0.3436321822651301,-0.03896014749593668
2.25,0.5702501008196821,0.03675105261175573,-0.10983373142560005,2.590361542130652,0.5235987901687622,-0.046651310650919875,-0.11375239048028285,0.34316934426388207,-0.03784938992601461
2.2600000000000002,0.5706067515118027,0.0356650692120605,-0.10859833996952262,2.5930046789469205,0.5235987901687622,-0.04700796134304053,-0.11424596599060866,0.3427028311573729,-0.036751052611760926
2.27,0.5709526652435436,0.034591373174087635,-0.10736960379728637,2.595597209888367,0.5235987901687622,-0.04735387507478139,-0.1147263203976822,0.34223275154394245,-0.03566506921206525
2.2800000000000002,0.5712879642209391,0.033529897739552866,-0.1061475434534765,2.5981396454432675,0.5235987901687622,-0.047689174052176875,-0.11519359447845998,0.34175921279319466,-0.03459137317408656
2.29,0.5716127699804489,0.03248057595098126,-0.10493217885716109,2.6006324926094786,0.5235987901687622,-0.04801397981168665,-0.11564792841566265,0.34128232105267287,-0.033529897739548176
2.3000000000000003,0.5719272033870282,0.03144334065793732,-0.10372352930439335,2.603076254918922,0.5235987901687622,-0.048328413218265975,-0.11608946179116493,0.340802181254556,-0.0324805759509772
2.31,0.5722313846322604,0.03041812452322915,-0.10252161347081752,2.605471432461745,0.5235987901687622,-0.04863259446349821,-0.11651833357954032,0.34031889712237334,-0.03144334065793286
2.32,0.5725254332325512,0.029404860029085544,-0.10132644941436048,2.6078185219101635,0.5235987901687622,-0.04892664306378902,-0.11693468214175945,0.33983257117773835,-0.03041812452322379
2.33,0.5728094680273843,0.02840347948330847,-0.10013805457770751,2.610118016542306,0.5235987901687622,-0.0492106778586221,-0.11733864521905628,0.33934330474710045,-0.029404860029080826
2.34,0.5730836071776383,0.027413915025400984,-0.09895644579074861,2.6123704062658444,0.5235987901687622,-0.04948481700887608,-0.11773035992694882,0.3388511979685142,-0.02840347948330768
2.35,0.573347968163965,0.0264360986326719,-0.0977816392729085,2.614576177641511,0.5235987901687622,-0.04974917799520284,-0.11810996274941869,0.33835634979842544,-0.02741391502539825
2.36,0.5736026677852282,0.02546996212631274,-0.09661365063591584,2.6167358139059442,0.5235987901687622,-0.050003877616465964,-0.11847758953321673,0.33785885801847343,-0.026436098632676153
2.37,0.5738478221570027,0.02451543717745716,-0.09545249488555799,2.6188497949953065,0.5235987901687622,-0.05024903198824049,-0.11883337548237008,0.33735881924230876,-0.02546996212631214
2.38,0.5740835467101348,0.02357245531320944,-0.09429818642477203,2.620918597567333,0.5235987901687622,-0.05048475654137263,-0.11917745515276529,0.33685632892242634,-0.024515437177452526
2.39,0.5743099561893614,0.02264094792265333,-0.09315073905561114,2.6229426950242556,0.5235987901687622,-0.05071116602059922,-0.1195099624469331,0.3363514813570126,-0.02357245531321439
2.4,0.5745271646519898,0.02172084626284115,-0.0920101659812179,2.6249225575354878,0.5235987901687622,-0.05092837448322762,-0.11983103060897646,0.3358443696968066,-0.022640947922658583
2.41,0.5747352854666373,0.02081208146475318,-0.09087647980879712,2.6268586520590627,0.5235987901687622,-0.05113649529787512,-0.12014079221958558,0.3353350859519743,-0.021720846262840432
2.42,0.5749344313120297,0.019914584539236106,-0.08974969255170728,2.6287514423637095,0.5235987901687622,-0.051335641143267496,-0.1204393791912377,0.33482372099899554,-0.020812081464749443
2.43,0.5751247141758589,0.01902828638291942,-0.08862981563166872,2.630601389050575,0.5235987901687622,-0.05152592400709666,-0.12072692276352748,0.33431036458756286,-0.01991458453923789
2.44,0.5753062453537,0.018153117784110676,-0.0875168598808745,2.6324089495747915,0.5235987901687622,-0.0517074551849378,-0.12100355349863766,0.3337951053474919,-0.019028286382916093
2.45,0.5754791354479866,0.017289009428660608,-0.08641083554500686,2.6341745782659043,0.5235987901687622,-0.05188034527922436,-0.12126940127689494,0.33327803079564255,-0.018153117784114325
2.46,0.5756434943670448,0.016435891905814567,-0.08531175228460405,2.6358987263496996,0.5235987901687622,-0.052044704198282554,-0.12152459529254499,0.3327592273428503,-0.017289009428655966
2.47,0.5757994313241851,0.015593695714028896,-0.08421961917856705,2.637581841967655,0.5235987901687622,-0.05220064115542289,-0.1217692640495438,0.33223878030086745,-0.0164358919058194
2.48,0.5759470548368528,0.014762351266776457,-0.08313444472524395,2.6392243701985683,0.5235987901687622,-0.052348264668090616,-0.12200353535760583,0.3317167738893132,-0.015593695714033462
2.49,0.576086472725836,0.013941788898318746,-0.08205623684577101,2.6408267530776897,0.5235987901687622,-0.05248768255707381,-0.12222753632826003,0.3311932912426323,-0.014762351266772722
2.5,0.5762177921145306,0.013131938869455283,-0.08098500288634623,2.6423894296166823,0.5235987901687622,-0.05261900194576841,-0.12244139337108663,0.3306684144170616,-0.01394178889831954
2.5100000000000002,0.5763411194282632,0.012332731373254384,-0.07992074962008996,2.64391283582376,0.5235987901687622,-0.05274232925950095,-0.12264523219010044,0.3301422243976039,-0.013131938869459514
2.52,0.5764565603936707,0.011544096540754832,-0.07886348324995522,2.645397404722533,0.5235987901687622,-0.05285777022490845,-0.12283917778020051,0.32961480110500885,-0.012332731373254635
2.5300000000000002,0.5765642200381371,0.01076596444664235,-0.07781320941124827,2.646843566371015,0.5235987901687622,-0.052965429869374914,-0.12302335442376174,0.3290862234027598,-0.011544096540749837
2.54,0.5766642026892861,0.009998265114901428,-0.0767699331740921,2.648251747880449,0.5235987901687622,-0.05306541252052388,-0.12319788568734771,0.32855656910406605,-0.010765964446646237
2.5500000000000003,0.5767566119745305,0.009240928524447523,-0.07573365904539053,2.649622373434403,0.5235987901687622,-0.053157821805768335,-0.12336289441856992,0.3280259149788608,-0.009998265114896654
2.56,0.5768415508206778,0.00849388461472215,-0.07470439097253728,2.6509558643058933,0.5235987901687622,-0.05324276065191558,-0.12351850274296948,0.32749433676080314,-0.009240928524445469
2.57,0.5769191214535905,0.007757063291272571,-0.07368213234495788,2.6522526388764414,0.5235987901687622,-0.05332033128482827,-0.12366483206112965,0.32696190915428397,-0.008493884614724223
2.58,0.5769894253979034,0.007030394431300711,-0.07266688599718601,2.6535131126533806,0.5235987901687622,-0.053390635229141226,-0.12380200304582141,0.3264287058414357,-0.0077570632912693505
2.59,0.5770525634767952,0.00631380788918275,-0.0716586542117961,2.654737698287076,0.5235987901687622,-0.053453773308033026,-0.12393013563926872,0.3258947994891443,-0.007030394431295495
2.6,0.5771086358118149,0.005607233501965239,-0.07065743872175113,2.6559268055885097,0.5235987901687622,-0.05350984564305272,-0.12404934905055612,0.325360261756064,-0.006313807889180012
2.61,0.5771577418227632,0.004910601094832273,-0.06966324071329662,2.6570808415461107,0.5235987901687622,-0.05355895165400104,-0.12415976175311803,0.32482516329963346,-0.005607233501969677
2.62,0.5771999802276288,0.004223840486546212,-0.06867606082860611,2.6582002103426046,0.5235987901687622,-0.053601190058866544,-0.12426149148234968,0.3242895737830934,-0.004910601094831879
2.63,0.5772354490425773,0.0035468814948541247,-0.0676958991692087,2.65928531337088,0.5235987901687622,-0.05363665887381508,-0.12435465523328403,0.32375356188250476,-0.004223840486550223
2.64,0.5772642455819961,0.0028796539418733287,-0.0667227552980796,2.6603365492509794,0.5235987901687622,-0.053665455413233865,-0.12443936925844679,0.32321719529376663,-0.0035468814948536043
2.65,0.5772864664585905,0.0022220876594394043,-0.06575662824339246,2.6613543138452194,0.5235987901687622,-0.05368767628982829,-0.12451574906572743,0.3226805407396343,-0.0028796539418785017
2.66,0.5773022075835348,0.0015741124944321238,-0.06479751650072804,2.6623390002746525,0.5235987901687622,-0.05370341741477258,-0.1245839094164371,0.32214366397673605,-0.00222208765944254
2.67,0.5773115641666754,0.0009356583140646275,-0.06384541803674963,2.6632909989338667,0.5235987901687622,-0.05371277399791319,-0.12464396432339121,0.3216066298025883,-0.0015741124944290696
2.68,0.5773146307167868,0.00030665501114362115,-0.06290033029210064,2.664210697506353,0.5235987901687622,-0.053715840548024585,-0.12469602704913475,0.3210695020626092,-0.0009356583140607277
2.69,0.5773115010418798,-0.0003129674906998711,-0.06196225018434922,2.6650984809796467,0.5235987901687622,-0.053712710873117575,-0.12474021010426643,0.32053234365712896,-0.0003066550111396893
2.7,0.5773122682495616,7.672076818622135e-05,0.03896882588860924,2.665954731659812,0.5235987901687622,-0.053713478080799404,-0.12478662439927889,0.3199952165483978,0.0003129674907009772
2.71,0.5773060005373754,-0.0006267712186220817,-0.0703491986808303,2.6566788291860757,0.5235987901687622,-0.053707210368613145,-0.12428663477591029,0.31945808176758983,-7.672076818288076e-05
2.72,0.5773028802039083,-0.0003120333467025777,0.0314737871919504,2.658405705139164,0.5235987901687622,-0.05370409003514609,-0.12437529906367546,0.3189210096639037,0.0006267712186258656
2.73,0.577302056725825,-8.23478083273949e-05,0.02296855383751828,2.6499191207511164,0.5235987901687622,-0.05370326655706281,-0.12392398002906767,0.31838396876355224,0.000312033346705487
2.74,0.5773027622500008,7.055241757605158e-05,0.015290022590344649,2.642260173492466,0.5235987901687622,-0.05370397208123856,-0.12351936033046057,0.3178469360979816,8.234780832783173e-05
2.75,0.5772943043119859,-0.0008457938014833077,-0.09163462190593594,2.6353537187835583,0.5235987901687622,-0.05369551414322371,-0.12314640708965417,0.3173098963771692,-7.055241757480957e-05
2.7600000000000002,0.577287083400552,-0.0007220911433860298,0.01237026580972779,2.6392322089399824,0.5235987901687622,-0.05368829323178981,-0.12334376028026763,0.31677294123573696,0.0008457938014849731
2.77,0.5772804478818726,-0.0006635518679362319,0.005853927544979799,2.6326985621501953,0.5235987901687622,-0.0536816577131104,-0.12299267534488854,0.31623605830341905,0.0007220911433902799
2.7800000000000002,0.5772738111775092,-0.0006636704363399789,-1.1856840374704913e-05,2.626811358811185,0.5235987901687622,-0.05367502100874699,-0.1226764005970001,0.31569924172628794,0.0006635518679409813
2.79,0.5772666460214974,-0.0007165156011836022,-0.005284516484362331,2.6215114094379404,0.5235987901687622,-0.05366785585273515,-0.12239107706426272,0.31516249151620046,0.0006636704363405244
2.8000000000000003,0.5772584792190533,-0.000816680244408817,-0.010016464322521484,2.616744727061225,0.5235987901687622,-0.05365968905029106,-0.12213321938328493,0.3146258129576731,0.0007165156011845752
2.81,0.5772488868630914,-0.0009592355961886468,-0.014255535177982975,2.612462072612879,0.5235987901687622,-0.053650096694329186,-0.12189967842286992,0.3140892160671702,0.0008166802444087295
2.82,0.5772374899685716,-0.001139689451980375,-0.018045385579172818,2.608618540020851,0.5235987901687622,-0.0536386997998094,-0.1216876079721066,0.3135527151002269,0.00095923559618738
2.83,0.5772239504881866,-0.0013539480384929616,-0.021425858651258678,2.605173177543983,0.5235987901687622,-0.053625160319424436,-0.12149443500254585,0.31301632810222885,0.0011396894519788425
2.84,0.5772079676760884,-0.0015982812098270598,-0.02443331713340982,2.6020886421810623,0.5235987901687622,-0.05360917750732619,-0.12131783307950586,0.3124800764990346,0.001353948038496089
2.85,0.5771892747692594,-0.0018692906829037821,-0.027100947307672235,2.599330884264599,0.5235987901687622,-0.0535904846004972,-0.12115569855366268,0.31194398472396134,0.0015982812098247479
2.86,0.5771676359587924,-0.002163881046706478,-0.029459036380269574,2.596868859603579,0.5235987901687622,-0.053568845790030184,-0.12100612921219932,0.3114080798779564,0.001869290682898761
2.87,0.5771428436257616,-0.002479233303071312,-0.03153522563648338,2.594674266767276,0.5235987901687622,-0.05354405345699942,-0.12086740510984022,0.31087239142005607,0.002163881046701732
2.88,0.5771147158185825,-0.002812780717913386,-0.033354741484207376,2.5927213073156317,0.5235987901687622,-0.05351592564982033,-0.12073797133564047,0.3103369508854861,0.0024792333030765334
2.89,0.5770830939507715,-0.0031621867811043067,-0.03494060631909207,2.5909864669707656,0.5235987901687622,-0.0534843037820093,-0.12061642250169104,0.30980179162898785,0.0028127807179090247
2.9,0.5770478406998633,-0.0035253250908239627,-0.0363138309719656,2.5894483159026116,0.5235987901687622,-0.05344905053110105,-0.12050148876632677,0.30926694859116777,0.003162186781102694
2.91,0.57700883808992,-0.003900260994332182,-0.03749359035082195,2.588087326455809,0.5235987901687622,-0.05341004792115778,-0.12039202322680537,0.30873245808585675,0.0035253250908251488
2.92,0.5769659857416025,-0.004285234831749319,-0.03849738374171374,2.5868857067981468,0.5235987901687622,-0.05336719557284031,-0.12028699053644336,0.30819835760664516,0.003900260994327276
2.93,0.576919199275174,-0.004678646642852463,-0.039341181110314385,2.585827249098233,0.5235987901687622,-0.05332040910641178,-0.12018545661793555,0.30766468565091676,0.004285234831746809
2.94,0.5768684088530828,-0.005079042209126542,-0.04003955662740795,2.584897190962937,0.5235987901687622,-0.05326961868432056,-0.12008657935947113,0.30713148155985265,0.0046786466428527795
2.95,0.5768135578499383,-0.005485100314452686,-0.040605810532614375,2.584082088978107,0.5235987901687622,-0.053214767681176056,-0.11998960019327609,0.30659878537300944,0.005079042209121809
2.96,0.5767546016387581,-0.005895621118009351,-0.0410520803556665,2.583369703294723,0.5235987901687622,-0.05315581146999593,-0.11989383646735495,0.3060666376961977,0.005485100314450708
2.97,0.5766915064833354,-0.006309515542263325,-0.041389442425397494,2.582748892295146,0.5235987901687622,-0.05309271631457324,-0.11979867453107765,0.3055350795814977,0.005895621118012784
2.98,0.5766242485274615,-0.006725795587396368,-0.04162800451330431,2.582209516460475,0.5235987901687622,-0.05302545835869932,-0.119703563464016,0.305004152418352,0.006309515542268773
2.99,0.5765528128725489,-0.007143565491264389,-0.04177699038680202,2.5817423506345794,0.5235987901687622,-0.052954022703786685,-0.11960800938491624,0.304473897834765,0.00672579558739228
3.0,0.5764771927359384,-0.007562013661045837,-0.041844816978144836,2.5813390039520367,0.5235987901687622,-0.05287840256717624,-0.11951157028446778,0.3039443576077271,0.007143565491263271
3.0100000000000002,0.5763973886828464,-0.007980405309199374,-0.04183916481535366,2.5809918467592348,0.5235987901687622,-0.052798598514084194,-0.11941385133132955,0.30341557358205534,0.0075620136610443645
3.02,0.5763134079255243,-0.008398075732210183,-0.04176704230108089,2.58069394392035,0.5235987901687622,-0.05271461775676212,-0.11931450060630983,0.3028875875969145,0.007980405309204741
3.0300000000000002,0.5762252636837643,-0.008814424176003885,-0.041634844379370164,2.580438993947925,0.5235987901687622,-0.05262647351500205,-0.11921320522394539,0.30236044141934687,0.008398075732207744
3.04,0.5761329746013965,-0.009228908236781127,-0.041448406077724154,2.5802212734520173,0.5235987901687622,-0.052534184432634246,-0.11910968780512499,0.3018341766841969,0.008814424176006863
3.0500000000000003,0.5760365642138912,-0.009641038750534004,-0.041213051375287704,2.5800355864401654,0.5235987901687622,-0.05243777404512895,-0.11900370326773362,0.30130883483987053,0.009228908236780242
3.06,0.5759360604626057,-0.010050375128550247,-0.040933637801624345,2.5798772180482,0.5235987901687622,-0.052337270293843496,-0.11889503590592491,0.30078445709941926,0.009641038750529685
3.0700000000000003,0.575831495251606,-0.010456521099970709,-0.04061459714204617,2.5797418923118256,0.5235987901687622,-0.05223270508284383,-0.11878349673116334,0.3002610843964808,0.01005037512854523
3.08,0.5757229040433476,-0.010859120825848799,-0.04025997258780904,2.579625733627749,0.5235987901687622,-0.052124113874585376,-0.11866892105103549,0.29973875734565236,0.01045652109996631
3.09,0.5756103254898249,-0.011257855352269915,-0.039873452642111576,2.579525231581669,0.5235987901687622,-0.05201153532106273,-0.11855116626403447,0.2992175162069065,0.010859120825845725
3.1,0.5754938010960957,-0.011652439372922825,-0.03945840206529101,2.5794372088489776,0.5235987901687622,-0.05189501092733351,-0.11843010985062288,0.2986974008536959,0.011257855352264645
3.11,0.5753733749133547,-0.012042618274097755,-0.03901789011749289,2.579358791900113,0.5235987901687622,-0.05177458474459251,-0.11830564754277152,0.29817845074442256,0.011652439372922263
3.12,0.5752490932589802,-0.01242816543745361,-0.03855471633558549,2.579287384264837,0.5235987901687622,-0.05165030309021801,-0.11817769165579162,0.29766070489697666,0.012042618274099581
3.13,0.5751210044611998,-0.01280887977803905,-0.038071434058544115,2.5792206421330675,0.5235987901687622,-0.05152221429243764,-0.11804616956789193,0.2971442018660745,0.01242816543745029
3.14,0.5749891586262296,-0.01318458349702525,-0.037570371898620045,2.5791564520874926,0.5235987901687622,-0.05139036845746736,-0.11791102233415478,0.2966289797231501,0.012808879778036797
3.15,0.5748536074259255,-0.01355512003040643,-0.037053653338117915,2.57909291078136,0.5235987901687622,-0.0512548172571633,-0.11777220342286901,0.29611507603857545,0.01318458349702789
3.16,0.57471440390416,-0.013920352176551888,-0.0365232146145458,2.579028306392468,0.5235987901687622,-0.05111561373539775,-0.11762967756333849,0.29560252786600383,0.013555120030406265
3.17,0.57457160230029,-0.014280160386989694,-0.03598082104378057,2.5789611016980727,0.5235987901687622,-0.05097281213152782,-0.11748341969522588,0.29509137172864985,0.013920352176555184
3.18,0.5744252578882283,-0.014634441206177615,-0.035428081918792084,2.5788899186279917,0.5235987901687622,-0.050826467719466084,-0.1173334140103464,0.2945816436073346,0.014280160386992424
3.19,0.5742754268297559,-0.014983105847244176,-0.03486646410665617,2.578813524168477,0.5235987901687622,-0.050676636660993646,-0.11717965307879688,0.2940733789301399,0.014634441206173854
3.2,0.5741221660408375,-0.015326078891830242,-0.03429730445860657,2.578730817497801,0.5235987901687622,-0.05052337587207534,-0.11702213705189833,0.29356661256352995,0.014983105847243827
3.21,0.5739655330698056,-0.015663297103201537,-0.03372182113712961,2.5786408182456464,0.5235987901687622,-0.05036674290104337,-0.11686087293514529,0.2930613788048092,0.015326078891830797
3.22,0.5738055859863782,-0.01599470834273433,-0.03314112395327928,2.578542655779521,0.5235987901687622,-0.050206795817616,-0.11669587392505604,0.2925577113757988,0.015663297103196694
3.23,0.5736423832805707,-0.016320270580751667,-0.03255622380173348,2.578435559427436,0.5235987901687622,-0.050043593111808504,-0.1165271588042391,0.29205564341762263,0.015994708342736974
3.24,0.5734759837706359,-0.016639950993481648,-0.031968041272998196,2.5783188495544573,0.5235987901687622,-0.049877193601873704,-0.11635475138952098,0.29155520748650454,0.016320270580749696
3.25,0.5733064465192499,-0.01695372513860397,-0.03137741451223218,2.578191929420922,0.5235987901687622,-0.04970765635048768,-0.11617868002859551,0.2910564355504858,0.016639950993480035
3.2600000000000002,0.5731338307572245,-0.017261576202540072,-0.030785106393610054,2.578054277750953,0.5235987901687622,-0.049535040588462254,-0.11599897714077513,0.29055935898698093,0.01695372513860205
3.27,0.5729581958140924,-0.017563494313214474,-0.03019181106744029,2.5779054419517706,0.5235987901687622,-0.049359405645330146,-0.11581567879810817,0.2900640085810963,0.017261576202542983
3.2800000000000002,0.5727796010549665,-0.01785947591257996,-0.029598159936548366,2.5777450319252364,0.5235987901687622,-0.049180810886204296,-0.11562882434323654,0.289570414524643,0.017563494313210803
3.29,0.5725981058231296,-0.018149523183680478,-0.02900472711005185,2.577572714421616,0.5235987901687622,-0.04899931565436744,-0.1154384560408674,0.2890786064157809,0.017859475912584966
3.3000000000000003,0.5724137693878546,-0.018433643527508658,-0.02841203438281817,2.577388207885557,0.5235987901687622,-0.04881497921909239,-0.11524461875978131,0.28858861325923724,0.0181495231836859
3.31,0.5722266508970016,-0.01871184908529594,-0.027820555778728176,2.5771912777545847,0.5235987901687622,-0.048627860728239436,-0.11504735968287871,0.2881004634670463,0.01843364352750454
3.3200000000000003,0.5720368093339788,-0.01898415630227829,-0.02723072169823526,2.5769817321682007,0.5235987901687622,-0.04843801916521662,-0.11484672804269333,0.2876141848597639,0.01871184908529555
3.33,0.5718443034786855,-0.019250585529325594,-0.026642922704730412,2.576759418051771,0.5235987901687622,-0.04824551330992333,-0.11464277488015157,0.2871298046681118,0.018984156302281896
3.34,0.5716491918720943,-0.01951116065912094,-0.02605751297953457,2.5765242175441823,0.5235987901687622,-0.04805040170333208,-0.11443555282463895,0.28664734953501253,0.019250585529329012
3.35,0.5714515327841555,-0.019765908793880828,-0.02547481347598854,2.576276044737719,0.5235987901687622,-0.047852742615393296,-0.11422511589343799,0.2861668455179792,0.019511160659124727
3.36,0.5712513841847369,-0.020014859941867896,-0.02489511479870668,2.5760148427031035,0.5235987901687622,-0.04765259401597466,-0.11401151930886011,0.28568831809182527,0.019765908793878406
3.37,0.571048803717335,-0.020258046740180276,-0.024318679831238102,2.5757405807755456,0.5235987901687622,-0.04745001354857281,-0.11379481933157,0.28521179215166553,0.020014859941863694
3.38,0.5708438486753197,-0.020495504201532243,-0.023745746135196685,2.575453252077917,0.5235987901687622,-0.04724505850655747,-0.11357507310863715,0.2847372920161798,0.02025804674018472
3.39,0.5706365759804903,-0.020727269482934838,-0.023176528140259403,2.5751528712609097,0.5235987901687622,-0.04703778581172813,-0.11335233853506142,0.28426484143111425,0.02049550420153423
3.4,0.5704270421637467,-0.02095338167435955,-0.02261121914247119,2.57483947244203,0.5235987901687622,-0.04682825199498453,-0.11312667412764361,0.283794463572997,0.02072726948293413
3.41,0.5702153033476902,-0.02117388160565411,-0.022049993129455867,2.5745131073242273,0.5235987901687622,-0.04661651317892801,-0.11289813891003275,0.28332618105304713,0.020953381674360116
3.42,0.570001415230989,-0.02138881167011698,-0.021493006446287072,2.574173843479816,0.5235987901687622,-0.04640262506222681,-0.11266679230804795,0.28286001592125787,0.0211738816056517
3.43,0.5697854330743563,-0.021598215663276025,-0.020940399315904648,2.573821762785288,0.5235987901687622,-0.046186642905594044,-0.11243269405438555,0.2823959896706356,0.021388811670119967
3.44,0.5695674116880007,-0.02180213863555601,-0.020392297227998277,2.5734569599926225,0.5235987901687622,-0.04596862151923853,-0.1121959041018323,0.2819341232415797,0.021598215663276576
3.45,0.5693474054204246,-0.022000626757616097,-0.0198488122060088,2.5730795414270036,0.5235987901687622,-0.045748615251662406,-0.11195648254434212,0.2814744370263873,0.021802138635551582
3.46,0.569125468148452,-0.022193727197261967,-0.019310043964586895,2.5726896237982055,0.5235987901687622,-0.04552667797968979,-0.11171448954520623,0.2810169508738707,0.022000626757612274
3.47,0.5689016532683827,-0.022381488006925493,-0.01877608096635265,2.5722873331164564,0.5235987901687622,-0.045302863099620505,-0.11146998527173962,0.2805616840940738,0.022193727197261648
3.48,0.5686760136881748,-0.02256395802079087,-0.018247001386537787,2.5718728037038545,0.5235987901687622,-0.04507722351941257,-0.11122302983592938,0.28010865546307756,0.022381488006928407
3.49,0.5684486018205674,-0.022741186760729896,-0.017722873993902474,2.571446177292646,0.5235987901687622,-0.04484981165180524,-0.11097368324051014,0.27965788322788343,0.022563958020793695
3.5,0.5682194695770646,-0.02291322435028085,-0.017203758955095197,2.5710076022029313,0.5235987901687622,-0.04462067940830239,-0.11072200533000517,0.2792093851113654,0.022741186760733
3.5100000000000002,0.5679886683627049,-0.02308012143597431,-0.016689708569346054,2.5705572325926496,0.5235987901687622,-0.04438987819394269,-0.11046805574629201,0.27876317831728237,0.022913224350284978
3.52,0.5677562490715512,-0.02324192911536837,-0.01618076793940597,2.5700952277737024,0.5235987901687622,-0.04415745890278899,-0.11021189388830958,0.27831927953534297,0.023080121435969936
3.5300000000000002,0.5675222620828392,-0.023398698871206238,-0.015676975583786834,2.569621751588957,0.5235987901687622,-0.04392347191407697,-0.10995357887557683,0.2778777049463151,0.023241929115369597
3.54,0.5672867572577274,-0.023550482511178687,-0.015178363997244773,2.569136971842994,0.5235987901687622,-0.04368796708896516,-0.10969316951509755,0.2774384702271743,0.02339869887120205
3.5500000000000003,0.5670497839365994,-0.023697332112787992,-0.014684960160930502,2.5686410597850045,0.5235987901687622,-0.04345099376783723,-0.1094307242715208,0.27700159055628465,0.02355048251118097
3.56,0.5668113909368705,-0.02383929997289057,-0.014196786010257978,2.5681341896356216,0.5235987901687622,-0.04321260076810829,-0.1091663012400856,0.2765670806186063,0.023697332112793124
3.5700000000000003,0.5665716265512555,-0.023976438561499877,-0.013713858860930642,2.567616538157112,0.5235987901687622,-0.042972836382493274,-0.10889995812227848,0.2761349546109252,0.023839299972894246
3.58,0.5663305385464606,-0.024108800479488136,-0.013236191798825944,2.5670882842610854,0.5235987901687622,-0.04273174837769844,-0.10863175220386423,0.27570522624710025,0.023976438561501556
3.59,0.5660881741622621,-0.02423643841985083,-0.012763794036269246,2.56654960865108,0.5235987901687622,-0.042489383993499885,-0.10836174033511728,0.27527790876332325,0.02410880047948316
3.6,0.5658445801109399,-0.02435940513222245,-0.012296671237162021,2.5660006934974406,0.5235987901687622,-0.04224578994217765,-0.10808997891308951,0.27485301492338826,0.024236438419855677
3.61,0.5655998025770361,-0.02447775339037482,-0.011834825815237156,2.5654417221401262,0.5235987901687622,-0.04200101240827392,-0.10781652386565792,0.27443055702396646,0.024359405132223788
3.62,0.5653538872174119,-0.024591535962424412,-0.01137825720495906,2.5648728788198265,0.5235987901687622,-0.04175509704864966,-0.1075414306373457,0.27401054689988374,0.024477753390372836
3.63,0.5651068791615765,-0.024700805583530903,-0.01092696211064912,2.564294348431736,0.5235987901687622,-0.04150808899281433,-0.10726475417660024,0.27359299592939723,0.024591535962426025
3.64,0.5648588230122679,-0.024805614930869538,-0.010480934733863266,2.563706316301877,0.5235987901687622,-0.041260032843505656,-0.10698654892449916,0.2731779150394691,0.024700805583532937
3.65,0.5646097628462611,-0.02490601660067915,-0.010040166980960927,2.5631089679839567,0.5235987901687622,-0.04101097267749887,-0.10670686880475962,0.27276531471103405,0.024805614930867304
3.66,0.564359742215389,-0.025002063087211007,-0.009604648653185999,2.5625024890743893,0.5235987901687622,-0.040760952046626775,-0.10642576721490979,0.2723552049842591,0.024906016600678704
3.67,0.5641088041477548,-0.02509380676342019,-0.009174367620918271,2.561887065043755,0.5235987901687622,-0.040510013978992565,-0.10614329701851548,0.2719475954637928,0.025002063087209425
3.68,0.5638569911491224,-0.025181299863244477,-0.008749309982428635,2.561262881084313,0.5235987901687622,-0.04025820098036015,-0.10585951053842613,0.2715424953240029,0.02509380676342099
3.69,0.5636043452044689,-0.025264594465343026,-0.008329460209854908,2.5606301219708083,0.5235987901687622,-0.040005555035706686,-0.10557445955088256,0.2711399133141993,0.02518129986324169
3.7,0.5633509077796872,-0.025343742478164007,-0.007914801282098122,2.5599889719348177,0.5235987901687622,-0.03975211761092501,-0.10528819528048665,0.27073985776384224,0.025264594465346235
3.71,0.5630967198234248,-0.025418795626238964,-0.007505314807495694,2.5593396145497573,0.5235987901687622,-0.03949792965466259,-0.10500076839587069,0.270342336587733,0.02534374247816773
3.72,0.5628418217690488,-0.02548980543759005,-0.007100981135108493,2.558682232627657,0.5235987901687622,-0.03924303160028664,-0.10471222900611239,0.26994735729118635,0.02541879562624194
3.73,0.5625862535367272,-0.025556823232163853,-0.006701779457380375,2.55801700812492,0.5235987901687622,-0.03898746336796499,-0.10442262665774238,0.26955492697518346,0.02548980543759516
3.74,0.5623300545356151,-0.025619900111205664,-0.006307687904180903,2.5573441220570334,0.5235987901687622,-0.038731264366852924,-0.10413201033233123,0.2691650523415038,0.02555682323216457
3.75,0.5620732636661402,-0.025679086947490937,-0.005918683628527363,2.5566637544218906,0.5235987901687622,-0.03847447349737798,-0.10384042844463082,0.26877773969783525,0.02561990011120674
3.7600000000000002,0.5618159193223767,-0.025734434376350174,-0.005534742885923753,2.555976084129778,0.5235987901687622,-0.038217129153614526,-0.10354792884116114,0.26839299496286145,0.025679086947494323
3.77,0.5615580593945025,-0.025785992787417576,-0.0051558411067402915,2.555281288940562,0.5235987901687622,-0.03795926922574033,-0.10325455879926176,0.2680108236713253,0.025734434376345483
3.7800000000000002,0.5612997212713321,-0.02583381231703996,-0.004781952962238371,2.554579545407469,0.5235987901687622,-0.03770093110256989,-0.10296036502657102,0.2676312309790679,0.025785992787419332
3.79,0.5610409418429191,-0.02587794284130498,-0.0044130524265020565,2.5538710288251663,0.5235987901687622,-0.037442151674156876,-0.10266539366080771,0.2672542216680422,0.02583381231704429
3.8000000000000003,0.5607817575032228,-0.0259184339696245,-0.004049112831951876,2.553155913184452,0.5235987901687622,-0.03718296733446058,-0.10236969026996734,0.26687980015130064,0.025877942841301405
3.81,0.5605222041528345,-0.02595533503883178,-0.0036901069207281104,2.552434371131249,0.5235987901687622,-0.036923413984072284,-0.10207329985281102,0.26650797047795605,0.02591843396962945
3.8200000000000003,0.5602623172017569,-0.02598869510776296,-0.0033360068931179224,2.551706573928728,0.5235987901687622,-0.03666352703299469,-0.10177626683957897,0.2661387363381153,0.02595533503882974
3.83,0.5600021315722342,-0.02601856295226342,-0.002986784450045854,2.5509726914254993,0.5235987901687622,-0.03640334140347201,-0.10147863509307668,0.26577210106778537,0.025988695107759252
3.84,0.5597416817016282,-0.026044987060603934,-0.002642410834051534,2.550232892025466,0.5235987901687622,-0.036142891532865984,-0.1011804479099027,0.26540806765375063,0.02601856295226801
3.85,0.5594810015453355,-0.026068015629268707,-0.0023028568664772778,2.549487342661588,0.5235987901687622,-0.035882211376573325,-0.10088174802192863,0.265046638738422,0.026044987060602764
3.86,0.5592201245797448,-0.02608769655907794,-0.001968092980923354,2.5487362087734877,0.5235987901687622,-0.035621334410982586,-0.10058257759802486,0.26468781662465624,0.02606801562926586
3.87,0.5589590838052285,-0.02610407745163289,-0.0016380892554951065,2.5479796542863773,0.5235987901687622,-0.03536029363646631,-0.10028297824589917,0.2643316032805464,0.026087696559073947
3.88,0.558697911749168,-0.026117205606049833,-0.001312815441694315,2.547217841593429,0.5235987901687622,-0.035099121580405845,-0.0999829910141534,0.26397800034418173,0.02610407745162746
3.89,0.5584366404690084,-0.026127128015963515,-0.0009922409913680139,2.5464509315401838,0.5235987901687622,-0.03483785030024622,-0.09968265639448329,0.26362700912837767,0.02611720560604658
3.9,0.5581753015553406,-0.02613389136678127,-0.0006763350817755032,2.545679083410915,0.5235987901687622,-0.03457651138657836,-0.09938201432401468,0.2632786306253752,0.02612712801596251
3.91,0.5579139261350089,-0.026137542033166816,-0.0003650666385545051,2.5449024549171737,0.5235987901687622,-0.03431513596624669,-0.0990811041877848,0.2629328655115094,0.026133891366786344
3.92,0.5576525448742415,-0.026138126076740972,-5.8404357415692276e-05,2.544121202187669,0.5235987901687622,-0.03405375470547933,-0.09877996482132244,0.26258971415184695,0.02613754203316665
3.93,0.5573911879818018,-0.026135689243976593,0.00024368327643790877,2.543335479760485,0.5235987901687622,-0.033792397813039554,-0.09847863451337678,0.26224917660479213,0.026138126076735713
3.94,0.557129885212159,-0.026130276964281253,0.0005412279695338681,2.542545440576001,0.5235987901687622,-0.0335310950433968,-0.09817715100870915,0.26191125262666176,0.02613568924397791
3.95,0.5568686658686764,-0.026121934348255656,0.0008342616025596855,2.5417512359710672,0.5235987901687622,-0.03326987569991424,-0.09787555151097282,0.2615759416762278,0.026130276964275723
3.96,0.5566075588068155,-0.026110706186103012,0.0011228162152645271,2.540953015675699,0.5235987901687622,-0.03300876863805324,-0.09757387268574508,0.2612432429192286,0.026121934348255493
3.97,0.5563465924373535,-0.026096636946198088,0.0014069239904924077,2.5401509278089476,0.5235987901687622,-0.03274780226859131,-0.09727215066353778,0.2609131552328481,0.026110706186099897
3.98,0.5560857947296156,-0.026079770773787644,0.0016866172410445537,2.5393451188776437,0.5235987901687622,-0.032487004560853405,-0.09697042104297417,0.2605856772101622,0.026096636946193463
3.99,0.5558251932147174,-0.02606015148982483,0.001961928396281426,2.5385357337749053,0.5235987901687622,-0.03222640304595514,-0.0966687188939718,0.26026080716455363,0.02607977077379031
4.0,0.555564814988818,-0.02603782258992798,0.0022328899896848914,2.5377229157796517,0.5235987901687622,-0.03196602482005584,-0.09636707876099283,0.2599385431340941,0.02606015148982621
4.01,0.5553046867163836,-0.026012827243448316,0.0024995346479663033,2.536906806557681,0.5235987901687622,-0.03170589654762135,-0.09606553466638947,0.2596188828858935,0.02603782258993048
4.0200000000000005,0.5550448346334571,-0.02598520829264993,0.0027618950798385944,2.5360875461624492,0.5235987901687622,-0.0314460444646949,-0.09576412011374764,0.2593018239204173,0.026012827243449
4.03,0.5547852845509372,-0.025955008251988643,0.0030200040661288174,2.5352652730372025,0.5235987901687622,-0.031186494382175023,-0.0954628680913124,0.25898736347577034,0.025985208292644835
4.04,0.5545260618578624,-0.02592226930748502,0.003273894450362358,2.534440124017613,0.5235987901687622,-0.030927271689100144,-0.09516181107545033,0.2586754985319486,0.02595500825198771
4.05,0.5542671915247004,-0.02588703331619127,0.0035235991293748395,2.533612234334453,0.5235987901687622,-0.03066840135593818,-0.09486098103412428,0.2583662258150576,0.025922269307487866
4.0600000000000005,0.554008698106643,-0.02584934180573932,0.0037691510451950336,2.5327817376175648,0.5235987901687622,-0.030409907937880787,-0.09456040943044308,0.2580595418014982,0.02588703331619646
4.07,0.5537506057469033,-0.02580923597397061,0.004010583176871051,2.531948765899779,0.5235987901687622,-0.03015181557814106,-0.09426012722621677,0.2577554427221194,0.02584934180573928
4.08,0.5534929381800169,-0.025766756688639245,0.0042479285331364774,2.5311134496216954,0.5235987901687622,-0.029894148011254673,-0.09396016488556332,0.25745392456633803,0.025809235973972555
4.09,0.553235718735145,-0.02572194448719221,0.004481220144703313,2.530275917636096,0.5235987901687622,-0.02963692856638278,-0.09366055237850286,0.2571549830862255,0.025766756688638814
4.1,0.5529789703393788,-0.025674839576613505,0.004710491057870393,2.529436297213681,0.5235987901687622,-0.02938018017061661,-0.09336131918462447,0.25685861380056163,0.02572194448718923
4.11,0.5527227155210455,-0.025625481833334778,0.0049357743278726635,2.5285947140485594,0.5235987901687622,-0.029123925352283253,-0.09306249429674561,0.25656481199885545,0.025674839576617092
4.12,0.5524669764130133,-0.02557391080321139,0.0051571030123388276,2.5277512922638508,0.5235987901687622,-0.028868186244251137,-0.09276410622458058,0.25627357274533263,0.025625481833335684
4.13,0.5522117747559978,-0.025520165701551696,0.005374510165969619,2.526906154418506,0.5235987901687622,-0.0286129845872356,-0.09246618299847426,0.2559848908828901,0.025573910803211586
4.14,0.5519571319018657,-0.02546428541320739,0.00558802883443054,2.5260594215133576,0.5235987901687622,-0.028358341733103476,-0.09216875217309907,0.2556987610370178,0.025520165701553577
4.15,0.5517030688169385,-0.025406308492716946,0.005797692049044678,2.525211212997958,0.5235987901687622,-0.02810427864817633,-0.09187184083119374,0.25541517761968674,0.02546428541321255
4.16,0.5514496060852935,-0.025346273164502078,0.0060035328214868705,2.524361646777434,0.5235987901687622,-0.02785081591653127,-0.09157547558730339,0.25513413483320496,0.025406308492714746
4.17,0.5511967639120624,-0.025284217323109082,0.0062055841392994054,2.523510839220144,0.5235987901687622,-0.027597973743300197,-0.0912796825915614,0.25485562667403966,0.025346273164505995
4.18,0.5509445621267274,-0.025220178533507137,0.006403878960194495,2.5226589051641364,0.5235987901687622,-0.02734577195796517,-0.09098448753340962,0.2545796469366067,0.02528421732310715
4.19,0.5506930201864132,-0.02515419403142305,0.0065984502084088376,2.521805957925645,0.5235987901687622,-0.02709423001765099,-0.09068991564542117,0.254306189217027,0.02522017853350267
4.2,0.5504421571791759,-0.025086300723726543,0.006789330769650492,2.520952109306177,0.5235987901687622,-0.026843367010413677,-0.0903959917070503,0.25403524691685053,0.025154194031418164
4.21,0.5501919918272873,-0.025016535188855618,0.0069765534870926335,2.520097469600639,0.5235987901687622,-0.02659320165852508,-0.09010274004843337,0.2537668132467464,0.025086300723731192
4.22,0.5499425424905144,-0.02494493367728694,0.007160151156867724,2.5192421476049587,0.5235987901687622,-0.026343752321752234,-0.08981018455416084,0.2535008812301611,0.025016535188859823
4.23,0.5496938271693941,-0.02487153211204072,0.007340156524622263,2.5183862506247583,0.5235987901687622,-0.02609503700063187,-0.08951834866709975,0.2532374437069436,0.024944933677284453
4.24,0.5494458635085018,-0.02479636608922597,0.007516602281474952,2.5175298844834173,0.5235987901687622,-0.025847073339739568,-0.0892272553921817,0.2529764933369373,0.0248715321120363
4.25,0.5491986687997156,-0.024719470878624486,0.007689521060148613,2.516673153530306,0.5235987901687622,-0.025599878630953365,-0.08893692730019565,0.25271802260353987,0.024796366089230304
4.26,0.5489522599854725,-0.024640881424313785,0.007858945431069957,2.5158161606489724,0.5235987901687622,-0.025353469816710272,-0.088647386531573,0.2524620238172303,0.024719470878620253
4.2700000000000005,0.5487066536620193,-0.02456063234531598,0.008024907899780678,2.514959007266623,0.5235987901687622,-0.02510786349325711,-0.0883586548002335,0.25220848911906324,0.024640881424309313
4.28,0.5484618660826565,-0.02447875793628949,0.008187440902648932,2.514101793361898,0.5235987901687622,-0.02486307591389425,-0.08807075339733947,0.2519574104841307,0.024560632345316247
4.29,0.5482179131609739,-0.024395292168251606,0.008346576803788565,2.513244617473834,0.5235987901687622,-0.024619122992211695,-0.08778370319510366,0.2517087797249917,0.024478757936285955
4.3,0.5479748104740806,-0.024310268689328653,0.008502347892295432,2.5123875767111343,0.5235987901687622,-0.02437602030531838,-0.08749752465060659,0.2514625884950696,0.024395292168255533
4.3100000000000005,0.5477325732658251,-0.02422372082554499,0.008654786378366038,2.5115307667602957,0.5235987901687622,-0.024133783097062933,-0.08721223780954915,0.2512188282920164,0.024310268689331505
4.32,0.5474912164500088,-0.02413568158163535,0.008803924390964099,2.5106742818952754,0.5235987901687622,-0.023892426281246548,-0.08692786231007553,0.2509774904610458,0.024223720825544692
4.33,0.5472507546135899,-0.02404618364188931,0.008949793974604027,2.5098182149862525,0.5235987901687622,-0.023651964444827644,-0.08664441738654316,0.2507385661982333,0.02413568158163848
4.34,0.5470112020198796,-0.02395525937102686,0.00909242708624499,2.508962657508478,0.5235987901687622,-0.02341241185111742,-0.08636192187328898,0.25050204655378505,0.024046183641890373
4.3500000000000005,0.5467725726117286,-0.02386294081509822,0.00923185559286406,2.508107699551789,0.5235987901687622,-0.023173782442966417,-0.08608039420842042,0.2502679224352739,0.023955259371022386
4.36,0.5465348800147045,-0.023769259702411075,0.009368111268714702,2.507253429829782,0.5235987901687622,-0.02293608984594231,-0.08579985243758116,0.25003618461084426,0.02386294081510032
4.37,0.5462981375402596,-0.023674247444489593,0.009501225792148273,2.506399935688534,0.5235987901687622,-0.02269934737149737,-0.0855203142176843,0.24980682371238483,0.02376925970241084
4.38,0.546062358188889,-0.023577935137051514,0.009631230743807971,2.5055473031166646,0.5235987901687622,-0.022463568020126834,-0.08524179682070407,0.24957983023866986,0.02367424744449398
4.39,0.5458275546532788,-0.023480353561017575,0.009758157603394026,2.504695616753953,0.5235987901687622,-0.022228764484516605,-0.08496431713738462,0.2493551945584686,0.02357793513705353
4.4,0.5455937393214434,-0.023381533183539575,0.00988203774780004,2.503844959901297,0.5235987901687622,-0.021994949152681187,-0.08468789168100649,0.24913290691362344,0.02348035356102285
4.41,0.5453609242798528,-0.023281504159057855,0.010002902448171987,2.5029954145295727,0.5235987901687622,-0.021762134111090625,-0.08441253659108722,0.24891295742209663,0.02338153318354186
4.42,0.545129121316549,-0.023180296330377693,0.010120782868016001,2.502147061289513,0.5235987901687622,-0.021530331147786796,-0.0841382676371222,0.2486953360809857,0.023281504159056166
4.43,0.5448983419242514,-0.023077939229769834,0.010235710060785823,2.5012999795210393,0.5235987901687622,-0.021299551755489143,-0.08386510022228776,0.24848003276950784,0.023180296330382877
4.44,0.5446685973034504,-0.022974462080097954,0.01034771496718797,2.500454247262291,0.5235987901687622,-0.0210698071346882,-0.08359304938711638,0.24826703725195295,0.02307793922976531
4.45,0.5444398983654908,-0.022869893795957972,0.010456828413998198,2.499609941260121,0.5235987901687622,-0.020841108196728575,-0.08332212981323506,0.24805633918060607,0.022974462080094238
4.46,0.5442122557356424,-0.0227642629848477,0.010563081111027266,2.4987671369787283,0.5235987901687622,-0.02061346556688015,-0.0830523558269981,0.2478479280986388,0.022869893795962604
4.47,0.5439856797561587,-0.022657597948356117,0.01066650364915827,2.497925908609322,0.5235987901687622,-0.02038688958739654,-0.0827837414031584,0.24764179344297,0.022764262984842354
4.48,0.5437601804893251,-0.02254992668336373,0.010767126499238507,2.4970863290806067,0.5235987901687622,-0.020161390320562855,-0.08251630016856887,0.24743792454709604,0.022657597948361197
4.49,0.5435357677204923,-0.022441276883276903,0.010864980008682787,2.4962484700669596,0.5235987901687622,-0.019936977551730073,-0.0822500454057546,0.2472363106438904,0.022549926683368415
4.5,0.5433124509610996,-0.022331675939269605,0.010960094400729585,2.4954124019992125,0.5235987901687622,-0.019713660792337384,-0.08198499005660244,0.2470369408683731,0.02244127688327824
4.51,0.5430902394516841,-0.022221150941548615,0.011052499772099128,2.4945781940738123,0.5235987901687622,-0.019491449282921902,-0.08172114672595669,0.24683980426044974,0.02233167593926888
4.5200000000000005,0.5428691421648777,-0.022109728680636875,0.01114222609117399,2.493745914262468,0.5235987901687622,-0.019270351996115487,-0.08145852768522534,0.24664488976762053,0.022221150941548196
4.53,0.5426491678083909,-0.021997435648674107,0.011229303196276845,2.492915629321854,0.5235987901687622,-0.01905037763962869,-0.08119714487597558,0.24645218624765938,0.02210972868064154
4.54,0.5424303248279836,-0.0218842980407361,0.01131376079380083,2.49208740480314,0.5235987901687622,-0.018831534659221383,-0.08093700991350662,0.2462616824712631,0.02199743564867962
4.55,0.5422126214104219,-0.021770341756169452,0.011395628456664579,2.4912613050618027,0.5235987901687622,-0.018613831241659717,-0.08067813409042225,0.24607336712467087,0.021884298040730776
4.5600000000000005,0.5419960654864225,-0.02165559239993965,0.011474935622980215,2.490437393267611,0.5235987901687622,-0.018397275317660333,-0.08042052838019827,0.24588722881225428,0.021770341756166545
4.57,0.5417806647335826,-0.021540075284002647,0.011551711593700359,2.489615731413558,0.5235987901687622,-0.018181874564820344,-0.08016420344068223,0.24570325605907767,0.021655592399938417
4.58,0.5415664265792957,-0.021423815428686724,0.01162598553159222,2.4887963803260806,0.5235987901687622,-0.01796763641053345,-0.079909169617643,0.24552143731342946,0.021540075283998927
4.59,0.5413533582036548,-0.021306837564088958,0.011697786459776614,2.487979399674801,0.5235987901687622,-0.017754568034892615,-0.07965543694828144,0.2453417609493241,0.02142381542868943
4.6000000000000005,0.5411414665423399,-0.02118916613149198,0.011767143259697806,2.487164847981661,0.5235987901687622,-0.017542676373577648,-0.07940301516469538,0.2451642152689752,0.02130683756408347
4.61,0.540930758289492,-0.021070825284785353,0.011834084670662534,2.4863527826315845,0.5235987901687622,-0.01733196812072979,-0.0791519136974062,0.24498878850523942,0.021189166131496684
4.62,0.5407212399005729,-0.02095183889191376,0.011898639287159535,2.485543259880881,0.5235987901687622,-0.01712244973181065,-0.07890214167875638,0.24481546882403213,0.021070825284785766
4.63,0.5405129175952096,-0.020832230536326286,0.011960835558747218,2.484736334868172,0.5235987901687622,-0.01691412742644738,-0.07865370794641766,0.24464424432671403,0.020951838891913876
4.64,0.5403057973600252,-0.020712023518446684,0.012020701787959963,2.483932061623295,0.5235987901687622,-0.016707007191262946,-0.07840662104678271,0.24447510305244954,0.020832230536327323
4.65,0.5400998849514536,-0.02059124085715445,0.012078266129223657,2.483130493077172,0.5235987901687622,-0.01650109478269135,-0.07816088923838818,0.2443080329805369,0.020712023518443257
4.66,0.5398951858985408,-0.020469905291275264,0.012133556587918481,2.4823316810717824,0.5235987901687622,-0.01629639572977859,-0.07791652049532782,0.24414302203271,0.020591240857159576
4.67,0.5396917055057299,-0.02034803928109081,0.01218660101844559,2.4815356763690963,0.5235987901687622,-0.01609291533696766,-0.07767352251059653,0.2439800580754122,0.020469905291276014
4.68,0.5394894488556313,-0.020225665009850697,0.012237427124011296,2.4807425286616773,0.5235987901687622,-0.01589065868686912,-0.07743190269950154,0.24381912892204252,0.020348039281092856
4.69,0.5392884208117783,-0.02010280438530309,0.012286062454760764,2.4799522865815895,0.5235987901687622,-0.015689630643016095,-0.0771916682029728,0.24366022233517384,0.020225665009854232
4.7,0.539088626021366,-0.01997947904123357,0.01233253440695184,2.4791649977103,0.5235987901687622,-0.015489835852603773,-0.07695282589090566,0.2435033260287437,0.02010280438530243
4.71,0.5388900689179759,-0.01985571033901297,0.012376870222060007,2.4783807085884613,0.5235987901687622,-0.015291278749213655,-0.07671538236548116,0.24334842767021767,0.019979479041232207
4.72,0.5386927537242843,-0.019731519369158297,0.012419096985467247,2.4775994647252366,0.5235987901687622,-0.01509396355552206,-0.07647934396444647,0.24319551488272553,0.01985571033901179
4.73,0.5384966844547553,-0.019606926952901716,0.012459241625657994,2.4768213106080768,0.5235987901687622,-0.014897894285993085,-0.07624471676440073,0.24304457524717032,0.0197315193691594
4.74,0.5383018649183176,-0.019481953643770616,0.012497330913109936,2.4760462897121487,0.5235987901687622,-0.014703074749555345,-0.07601150658404611,0.2428955963043104,0.019606926952897563
4.75,0.5381082987210258,-0.019356619729172495,0.012533391459812089,2.4752744445103354,0.5235987901687622,-0.014509508552263628,-0.07577971898745046,0.24274856555681484,0.01948195364377403
4.76,0.5379159892687059,-0.0192309452319966,0.012567449717589649,2.4745058164820026,0.5235987901687622,-0.014317199099943667,-0.07554935928723079,0.24260347047129222,0.019356619729171687
4.7700000000000005,0.5377249397695837,-0.019104949912214834,0.01259953197817621,2.4737404461234522,0.5235987901687622,-0.01412614960082148,-0.0753204325478032,0.24246029848029277,0.01923094523199609
4.78,0.5375351532368987,-0.018978653268497084,0.012629664371775172,2.4729783729568178,0.5235987901687622,-0.013936363068136504,-0.0750929435885379,0.24231903698428456,0.01910494991221867
4.79,0.5373466324915004,-0.018852074539833563,0.012657872866352123,2.472219635539644,0.5235987901687622,-0.01374784232273818,-0.07486689698693035,0.2421796733536032,0.01897865326849768
4.8,0.5371593801644288,-0.018725232707161355,0.012684183267220726,2.4714642714747,0.5235987901687622,-0.013560589995666561,-0.0746422970817662,0.2420421949303758,0.018852074539832397
4.8100000000000005,0.5369733986994788,-0.01859814649500107,0.01270862121602847,2.470712317419144,0.5235987901687622,-0.013374608530716592,-0.07441914797623642,0.24190658903041912,0.018725232707161865
4.82,0.5367886903557478,-0.018470834373100785,0.012731212190028637,2.4699638090939224,0.5235987901687622,-0.013189900186985626,-0.07419745354104565,0.24177284294511195,0.018598146494996914
4.83,0.536605257210167,-0.018343314558083076,0.012751981501770857,2.469218781293531,0.5235987901687622,-0.013006467041404846,-0.07397721741752092,0.2416409439432421,0.0184708343730966
4.84,0.536423101160016,-0.018215605015102276,0.012770954298080082,2.468477267895012,0.5235987901687622,-0.012824310991253807,-0.0737584430206641,0.24151087927282805,0.018343314558078028
4.8500000000000005,0.536242223925421,-0.018087723459504348,0.012788155559792867,2.4677393018676557,0.5235987901687622,-0.012643433756658773,-0.07354113354222136,0.2413826361629155,0.018215605015103886
4.86,0.536062627051836,-0.017959687358496512,0.012803610100783402,2.467004915281935,0.5235987901687622,-0.012463836883073842,-0.07332529195369612,0.2412562018253489,0.01808772345950338
4.87,0.5358843119125078,-0.01783151393281671,0.012817342567980367,2.466274139319374,0.5235987901687622,-0.012285521743745642,-0.07311092100938998,0.24113156345651818,0.01795968735849307
4.88,0.5357072797109237,-0.017703220158411033,0.012829377440567516,2.4655470042815506,0.5235987901687622,-0.012108489542161482,-0.07289802324938274,0.24100870823908072,0.01783151393282001
4.89,0.5355315314832425,-0.017574822768118187,0.012839739029284612,2.464823539599136,0.5235987901687622,-0.0119327413144803,-0.07268660100249576,0.2408876233436591,0.017703220158415967
4.9,0.5353570681007089,-0.01744633825335452,0.012848451476366658,2.464103773841523,0.5235987901687622,-0.011758277931946726,-0.07247665638926554,0.2407682959305143,0.01757482276811828
4.91,0.5351838902720509,-0.017317782865803037,0.01285553875514845,2.463387734726055,0.5235987901687622,-0.011585100103288726,-0.07226819132487977,0.24065071315119482,0.017446338253357396
4.92,0.5350119985458598,-0.017189172619111126,0.012861024669191187,2.4626754491267318,0.5235987901687622,-0.011413208377097583,-0.07206120752206842,0.24053486215016193,0.01731778286579999
4.93,0.534841393312954,-0.01706052329058469,0.012864932852643653,2.461966943084076,0.5235987901687622,-0.011242603144191787,-0.07185570649403424,0.24042073006639095,0.017189172619114235
4.94,0.534672074808725,-0.01693185042289456,0.012867286769012741,2.461262241813368,0.5235987901687622,-0.011073284639962822,-0.07165168955728324,0.24030830403494902,0.01706052329057961
4.95,0.5345040431154673,-0.016803169325775007,0.01286810971195538,2.4605613697148314,0.5235987901687622,-0.01090525294670508,-0.07144915783453375,0.2401975711885494,0.016931850422896577
4.96,0.5343372981646899,-0.016674495077736818,0.012867424803819014,2.4598643503815145,0.5235987901687622,-0.010738507995927682,-0.07124811225749249,0.24008851865908235,0.016803169325774192
4.97,0.5341718397394122,-0.0165458425277726,0.012865254996421764,2.4591712066093514,0.5235987901687622,-0.010573049570649973,-0.07104855356971986,0.23998113357912307,0.01667449507773977
4.98,0.5340076674764415,-0.016417226297072166,0.012861623070043474,2.458481960405375,0.5235987901687622,-0.010408877307679254,-0.07085048232938511,0.23987540308341657,0.016545842527770915
4.99,0.5338447808686341,-0.01628866078073345,0.012856551633871657,2.457796632997324,0.5235987901687622,-0.010245990699871865,-0.07065389891207172,0.23977131431033977,0.016417226297071874
5.0,0.5336831792671393,-0.01616016014948009,0.012850063125335959,2.4571152448420808,0.5235987901687622,-0.010084389098377056,-0.0704588035135067,0.23966885440334104,0.016288660780738873
5.01,0.5335228618836254,-0.016031738351380036,0.01284217981000544,2.4564378156346116,0.5235987901687622,-0.009924071714863203,-0.07026519615229519,0.23956801051235727,0.016160160149480962
5.0200000000000005,0.5333638277924898,-0.015903409113560543,0.012832923781949217,2.4557643643173073,0.5235987901687622,-0.009765037623727602,-0.07007307667265691,0.23946876979520865,0.016031738351385272
5.03,0.5332060759330505,-0.01577518594393187,0.012822316962867397,2.4550949090880394,0.5235987901687622,-0.009607285764288265,-0.06988244474707993,0.23937111941897138,0.01590340911356014
5.04,0.5330496051117214,-0.015647082132903705,0.012810381102816404,2.4544294674097396,0.5235987901687622,-0.009450814942959185,-0.06969329987903103,0.2392750465613285,0.01577518594393368
5.05,0.5328944140041703,-0.015519110755108928,0.012797137779477746,2.453768056018477,0.5235987901687622,-0.009295623835408051,-0.06950564140557365,0.2391805384118989,0.015647082132907997
5.0600000000000005,0.532740501157459,-0.015391284671124238,0.012782608398468967,2.453110690932501,0.5235987901687622,-0.00914171098869676,-0.06931946850001391,0.2390875821735448,0.015519110755113363
5.07,0.532587864992167,-0.015263616529191004,0.012766814193323407,2.4524573874609015,0.5235987901687622,-0.00898907482340483,-0.06913478017450989,0.23899616506365784,0.015391284671129046
5.08,0.5324365038044977,-0.015136118766937113,0.01274977622538917,2.4518081602121207,0.5235987901687622,-0.008837713635735489,-0.06895157528265425,0.2389062743154238,0.015263616529193058
5.09,0.5322864157683668,-0.01500880361309741,0.01273151538397025,2.4511630231026507,0.5235987901687622,-0.008687625599604565,-0.06876985252204772,0.23881789717906646,0.015136118766934104
5.1000000000000005,0.5321375989374745,-0.014881683089233544,0.012712052386386632,2.4505219893655825,0.5235987901687622,-0.00853880876871227,-0.06858961043684636,0.23873102092307041,0.015008803613092425
5.11,0.53199005124736,-0.014754769011454123,0.012691407777942004,2.449885071559006,0.5235987901687622,-0.008391261078597778,-0.06841084742028312,0.2386456328353833,0.014881683089229547
5.12,0.5318437705174387,-0.014628072992133742,0.012669601932038047,2.449252281574487,0.5235987901687622,-0.00824498034867649,-0.06823356171717425,0.23856172022459732,0.01475476901144912
5.13,0.5316987544530224,-0.014501606441629466,0.012646655050427613,2.4486236306456295,0.5235987901687622,-0.008099964284260186,-0.06805775142641143,0.23847927042111056,0.014628072992128871
5.14,0.5315550006473224,-0.01437538056999665,0.012622587163281553,2.447999129356381,0.5235987901687622,-0.00795621047856021,-0.06788341450342272,0.23839827077826795,0.014501606441630344
5.15,0.5314125065834354,-0.014249406388704939,0.012597418129171124,2.4473787876491966,0.5235987901687622,-0.00781371641467321,-0.06771054876260815,0.23831870867348234,0.014375380569997542
5.16,0.5312712696363119,-0.01412369471234955,0.0125711676355389,2.4467626148336237,0.5235987901687622,-0.0076724794675496755,-0.06753915187977672,0.2382405715093356,0.014249406388699981
5.17,0.5311312870747082,-0.013998256160359714,0.012543855198983607,2.44615061959464,0.5235987901687622,-0.00753249690594604,-0.06736922139455398,0.23816384671466012,0.01412369471235353
5.18,0.5309925560631211,-0.013873101158711765,0.012515500164794989,2.4455428100001817,0.5235987901687622,-0.007393765894358917,-0.06720075471273051,0.23808852174560066,0.013998256160363542
5.19,0.5308550736637048,-0.01374823994163184,0.012486121707992473,2.4449391935101046,0.5235987901687622,-0.007256283494942561,-0.06703374910866246,0.23801458408665707,0.01387310115871232
5.2,0.5307188368381718,-0.013623682553299014,0.012455738833282694,2.4443397769840063,0.5235987901687622,-0.007120046669409574,-0.06686820172759811,0.23794202125170766,0.013748239941635543
5.21,0.5305838424496763,-0.013499438849548443,0.012424370375057045,2.443744566689027,0.5235987901687622,-0.006985052280914061,-0.06670410958798471,0.23787082078501356,0.01362368255329871
5.22,0.5304500872646806,-0.013375518499566174,0.012392034998226838,2.4431535683084165,0.5235987901687622,-0.006851297095918363,-0.06654146958379498,0.23780097026220443,0.013499438849551293
5.23,0.5303175679548047,-0.013251930987586372,0.012358751197980168,2.4425667869489676,0.5235987901687622,-0.0067187777860424625,-0.0663802784867794,0.23773245729124523,0.01337551849956986
5.24,0.5301862810986588,-0.013128685614581557,0.012324537300481476,2.441984227149324,0.5235987901687622,-0.006587490929896633,-0.0662205329487434,0.23766526951338482,0.013251930987590033
5.25,0.5300562231836593,-0.013005791499950898,0.012289411463065877,2.441405892887721,0.5235987901687622,-0.006457433014897096,-0.06606222950377855,0.23759939460408586,0.013128685614582913
5.26,0.5299273906078272,-0.01288325758320382,0.012253391674707743,2.440831787589935,0.5235987901687622,-0.006328600439065024,-0.06590536457048575,0.23753482027393688,0.013005791499953734
5.2700000000000005,0.5297997796815708,-0.012761092625641828,0.012216495756199278,2.440261914136884,0.5235987901687622,-0.0062009895128085635,-0.06574993445416365,0.23747153426954623,0.012883257583207186
5.28,0.5296733866294504,-0.012639305212034565,0.012178741360726365,2.4396962748725564,0.5235987901687622,-0.0060745964606881975,-0.06559593534899472,0.23740952437441815,0.012761092625646064
5.29,0.5295482075919274,-0.01251790375229292,0.012140145974164553,2.4391348716115964,0.5235987901687622,-0.0059494174231652375,-0.06544336334019678,0.23734877840981125,0.0126393052120366
5.3,0.5294242386270961,-0.012396896483136459,0.012100726915645996,2.438577705647104,0.5235987901687622,-0.005825448458333882,-0.06529221440616724,0.2372892842355796,0.012517903752296
5.3100000000000005,0.5293014757123985,-0.01227629146975902,0.012060501337743994,2.4380247777579793,0.5235987901687622,-0.005702685543636288,-0.06514248442058698,0.23723102975099628,0.012396896483135578
5.32,0.5291799147463236,-0.012156096607486247,0.012019486227277255,2.4374760882168296,0.5235987901687622,-0.005581124577561436,-0.06499416915453433,0.2371740028955599,0.012276291469759393
5.33,0.5290595515500893,-0.012036319623432387,0.011977698405385935,2.4369316367970804,0.5235987901687622,-0.005460761381327117,-0.06484726427854216,0.2371181916497843,0.012156096607485178
5.34,0.5289403818693078,-0.011916968078149006,0.011935154528338161,2.436391422780758,0.5235987901687622,-0.0053415917005456,-0.06470176536467025,0.23706358403597103,0.01203631962343188
5.3500000000000005,0.5288224013756351,-0.011798049367270498,0.011891871087850753,2.435855444965717,0.5235987901687622,-0.005223611206872869,-0.06455766788853305,0.23701016811896558,0.01191696807815168
5.36,0.5287056056684035,-0.011679570723154795,0.011847864411570402,2.435323701672971,0.5235987901687622,-0.005106815499641315,-0.06441496723131501,0.23695793200689685,0.011798049367273133
5.37,0.5285899902762383,-0.011561539216517359,0.011803150663743607,2.4347961907541453,0.5235987901687622,-0.0049912001074761125,-0.06427365868177412,0.23690686385190043,0.011679570723155397
5.38,0.5284755506586577,-0.011443961758060143,0.011757745845721534,2.434272909598698,0.5235987901687622,-0.004876760489895493,-0.06413373743821732,0.23685695185082567,0.011561539216520256
5.39,0.5283622822076567,-0.01132684510009704,0.011711665796310333,2.4337538551409317,0.5235987901687622,-0.004763492038894479,-0.06399519861044788,0.23680818424592673,0.011443961758061949
5.4,0.528250180249275,-0.011210195838170678,0.011664926192636225,2.433239023867447,0.5235987901687622,-0.004651390080512741,-0.06385803722171753,0.23676054932553778,0.011326845100101401
5.41,0.5281392400451482,-0.01109402041266663,0.011617542550404897,2.4327284118239376,0.5235987901687622,-0.004540449876386021,-0.06372224821062912,0.23671403542473266,0.011210195838173842
5.42,0.528029456794044,-0.010978325110418682,0.011569530224794775,2.432222014622547,0.5235987901687622,-0.004430666625281798,-0.06358782643304965,0.2366686309259688,0.011094020412671934
5.43,0.5279208256333809,-0.0108631160663112,0.011520904410748087,2.4317198274485645,0.5235987901687622,-0.004322035464618734,-0.06345476666397418,0.23662432425971597,0.010978325110422293
5.44,0.5278133416407322,-0.010748399264873431,0.011471680143776856,2.4312218450675744,0.5235987901687622,-0.0042145514719700294,-0.0633230635993946,0.23658110390506978,0.01086311606630641
5.45,0.5277069998353136,-0.010634180541866083,0.011421872300734694,2.430728061832505,0.5235987901687622,-0.0041082096665513435,-0.06319271185814722,0.23653895839035008,0.010748399264870478
5.46,0.5276017951794549,-0.0105204655858662,0.011371495599988332,2.4302384716900187,0.5235987901687622,-0.004003005010692728,-0.06306370598371125,0.23649787629368457,0.010634180541868599
5.47,0.5274977225800564,-0.010407259939844036,0.011320564602216518,2.4297530681874644,0.5235987901687622,-0.0038989324112942425,-0.06293604044601767,0.23645784624357766,0.010520465585861505
5.48,0.5273947768900292,-0.010294569002727696,0.011269093711633926,2.4292718444801906,0.5235987901687622,-0.0037959867212670195,-0.06280970964325984,0.2364188569194647,0.01040725993984859
5.49,0.5272929529097194,-0.010182398030972855,0.011217097175484192,2.4287947933370733,0.5235987901687622,-0.003694162740957241,-0.06268470790359966,0.23638089705225204,0.010294569002722298
5.5,0.5271922453883183,-0.010070752140110942,0.011164589086191237,2.428321907148631,0.5235987901687622,-0.0035934552195561187,-0.06256102948698442,0.23634395542484246,0.010182398030977868
5.51,0.5270926490252552,-0.009959636306306384,0.01111158338045587,2.42785317793203,0.5235987901687622,-0.003493858856493004,-0.06243866858679492,0.2363080208726469,0.010070752140112216
5.5200000000000005,0.5269941584715763,-0.009849055367893048,0.011058093841333501,2.4273885973390046,0.5235987901687622,-0.0033953683028140613,-0.0623176193316199,0.23627308228408198,0.00995963630631147
5.53,0.5268967683313072,-0.009739014026913722,0.011004134097932605,2.4269281566613405,0.5235987901687622,-0.0032979781625449567,-0.0621978757868953,0.23623912860105384,0.009849055367894266
5.54,0.5268004731628007,-0.009629516850646133,0.010949717626758844,2.4264718468379387,0.5235987901687622,-0.003201682994038446,-0.06207943195660439,0.2362061488194284,0.009739014026910464
5.55,0.5267052674800694,-0.009520568273123704,0.01089485775224288,2.426019658461006,0.5235987901687622,-0.0031064773113071986,-0.061962281784920005,0.236174131989488,0.009629516850651054
5.5600000000000005,0.5266111457541028,-0.00941217259665359,0.010839567647011515,2.425571581781925,0.5235987901687622,-0.0030123555853406314,-0.06184641915781432,0.23614306721637493,0.009520568273124752
5.57,0.5265181024141696,-0.009304333993318877,0.010783860333471208,2.425127606718376,0.5235987901687622,-0.002919312245407424,-0.061731837904714454,0.23611294366052152,0.00941217259665672
5.58,0.5264261318491048,-0.009197056506480878,0.010727748683799769,2.4246877228598076,0.5235987901687622,-0.002827341680342599,-0.06161853180006177,0.23608375053806743,0.009304333993320757
5.59,0.5263352284085822,-0.009090344052269592,0.010671245421128649,2.424251919474039,0.5235987901687622,-0.0027364382398199494,-0.06150649456491057,0.236055477121264,0.009197056506482504
5.6000000000000005,0.5262453864043715,-0.008984200421069235,0.010614363120035698,2.423820185513108,0.5235987901687622,-0.0026465962356092554,-0.06139571986847444,0.23602811273886581,0.009090344052264943
5.61,0.5261566001115815,-0.008878629278992509,0.010557114207672524,2.4233925096196987,0.5235987901687622,-0.002557809942819289,-0.06128620132968578,0.23600164677650973,0.0089842004210694
5.62,0.5260688637698879,-0.008773634169352746,0.01049951096397627,2.422968880132589,0.5235987901687622,-0.002470073601125722,-0.06117793251869198,0.23597606867708154,0.00887862927899663
5.63,0.5259821715847467,-0.008669218514124284,0.01044156552284626,2.4225492850930124,0.5235987901687622,-0.002383381415984487,-0.06107090695838078,0.23595136794107027,0.008773634169356725
5.64,0.5258965177285927,-0.008565385615395597,0.010383289872868663,2.4221337122504947,0.5235987901687622,-0.002297727559830487,-0.060965118125864845,0.23592753412691042,0.0086692185141235
5.65,0.5258118963420245,-0.008462138656813483,0.010324695858211462,2.421722149068816,0.5235987901687622,-0.0022131061732623136,-0.060860559453957803,0.23590455685131212,0.00856538561539999
5.66,0.5257283015349743,-0.0083594807050239,0.010265795178958446,2.4213145827313447,0.5235987901687622,-0.002129511366212089,-0.06075722433260441,0.2358824257895795,0.00846213865681733
5.67,0.5256457273878633,-0.008257414711099828,0.010206599392407083,2.4209110001472776,0.5235987901687622,-0.002046937219101097,-0.060655106110339724,0.23586113067591738,0.00835948070502246
5.68,0.5255641679527436,-0.008155943511961973,0.010147119913785495,2.4205113879572444,0.5235987901687622,-0.0019653777839814257,-0.06055419809570305,0.23584066130372636,0.008257414711099198
5.69,0.5254836172544257,-0.008055069831793578,0.010087368016839515,2.4201157325387226,0.5235987901687622,-0.0018848270856635096,-0.060454493558627885,0.23582100752588656,0.008155943511967134
5.7,0.5254040692915912,-0.007954796283447483,0.010027354834609634,2.4197240200115804,0.5235987901687622,-0.0018052791228290177,-0.060355985731822964,0.23580215925502993,0.008055069831791606
5.71,0.5253255180378928,-0.007855125369838935,0.009967091360854725,2.4193362362442183,0.5235987901687622,-0.0017267278691306398,-0.06025866781216862,0.23578410646380163,0.007954796283449195
5.72,0.5252479574430394,-0.007756059485338856,0.009906588450007872,2.4189523668581745,0.5235987901687622,-0.001649167274277219,-0.0601625329620236,0.23576683918511032,0.00785512536983779
5.73,0.5251713814338679,-0.007657600917151101,0.00984585681877545,2.418572397234324,0.5235987901687622,-0.0015725912651056717,-0.060067574310595326,0.23575034751236754,0.007756059485342082
5.74,0.525095783915401,-0.0075597518466874025,0.009784907046369848,2.4181963125176553,0.5235987901687622,-0.0014969937466388084,-0.05997378495522665,0.23573462159971648,0.007657600917154728
5.75,0.5250211587718917,-0.007462514350930057,0.009723749575734582,2.417824097622976,0.5235987901687622,-0.001422368603129498,-0.05988115796271352,0.2357196516622501,0.007559751846686336
5.76,0.5249474998678538,-0.007365890403786008,0.00966239471440486,2.4174557372402035,0.5235987901687622,-0.0013487096990916214,-0.05978968637058882,0.2357054279762188,0.007462514350931038
5.7700000000000005,0.5248748010490795,-0.007269881877435954,0.009600852635005333,2.417091215839239,0.5235987901687622,-0.0012760108803172576,-0.05969936318837188,0.23569194087922787,0.007365890403787656
5.78,0.5248030561436428,-0.007174490543671876,0.009539133376407799,2.416730517675438,0.5235987901687622,-0.0012042659748805473,-0.059610181398833006,0.2356791807704247,0.007269881877436379
5.79,0.5247322589628904,-0.007079718075226659,0.009477246844521711,2.416373626794664,0.5235987901687622,-0.001133468794128234,-0.059522133959224226,0.2356671381106759,0.0071744905436710305
5.8,0.5246624033024195,-0.006985566047094922,0.0094152028131737,2.416020527038377,0.5235987901687622,-0.0010636131336573262,-0.0594352138024983,0.23565580342273462,0.007079718075231334
5.8100000000000005,0.5245934829430411,-0.006892035937848556,0.009353010924636626,2.4156712020483146,0.5235987901687622,-0.0009946927742788825,-0.05934941383849374,0.23564516729139806,0.006985566047090774
5.82,0.5245254916517317,-0.006799129130936068,0.009290680691248873,2.4153256352722074,0.5235987901687622,-0.000926701482969472,-0.05926472695515734,0.23563522036365528,0.006892035937844376
5.83,0.5244584231825719,-0.006706846915980443,0.009228221495562475,2.4149838099679717,0.5235987901687622,-0.0008596330138096464,-0.0591811460196794,0.23562595334882558,0.006799129130941051
5.84,0.5243922712776712,-0.006615190490067996,0.009165642591244721,2.414645709208604,0.5235987901687622,-0.0007934811089089777,-0.05909866387964942,0.2356173570186875,0.006706846915982556
5.8500000000000005,0.524327029668081,-0.006524160959022714,0.009102953104528202,2.414311315887563,0.5235987901687622,-0.0007282394993187724,-0.05901727336422235,0.2356094222075984,0.006615190490066869
5.86,0.5242626920746942,-0.00643375933867648,0.009040162034623385,2.41398061272307,0.5235987901687622,-0.0006639019059320184,-0.05893696728521974,0.23560213981260522,0.006524160959020531
5.87,0.5241992522091329,-0.006343986556129733,0.008977278254674717,2.413653582262893,0.5235987901687622,-0.0006004620403706751,-0.058857738438241054,0.2355955007935459,0.006433759338675404
5.88,0.5241367037746228,-0.006254843451002797,0.00891431051269359,2.413330206889059,0.5235987901687622,-0.0005379136058606404,-0.05877957960375912,0.2355894961731422,0.006343986556134329
5.89,0.524075040466856,-0.0061663307766803704,0.008851267432242627,2.4130104688222644,0.5235987901687622,-0.0004762502980938388,-0.05870248354818753,0.2355841170370836,0.006254843451003467
5.9,0.5240142559748406,-0.0060784492015425835,0.008788157513778684,2.4126943501268903,0.5235987901687622,-0.00041546580607843,-0.0586264430249653,0.23557935453410267,0.006166330776680162
5.91,0.5239543439817387,-0.005991199310191897,0.008724989135068605,2.4123818327150435,0.5235987901687622,-0.00035555381297647237,-0.05855145077558157,0.2355751998760419,0.006078449201540881
5.92,0.523895298165692,-0.005904581604668102,0.008661770552379502,2.4120728983513144,0.5235987901687622,-0.0002965079969298179,-0.058477499530622847,0.23557164433791214,0.005991199310195761
5.93,0.5238371122006354,-0.005818596505658484,0.008598509900961782,2.4117675286567843,0.5235987901687622,-0.0002383220318732393,-0.05840458201077107,0.23556867925794284,0.005904581604665449
5.94,0.5237797797570986,-0.005733244353692035,0.008535215196644928,2.411465705114087,0.5235987901687622,-0.00018098958833634438,-0.058332690927840956,0.2355662960376241,0.005818596505657858
5.95,0.5237232945029953,-0.005648525410332585,0.008471894335944967,2.4111674090709387,0.5235987901687622,-0.0001245043342330554,-0.058261818985731004,0.23556448614174075,0.005733244353689493
5.96,0.5236676501044016,-0.0055644398593575626,0.008408555097502261,2.4108726217449425,0.5235987901687622,-6.885993563943149e-05,-0.05819195888142371,0.2355632410983984,0.005648525410328897
5.97,0.5236128402263224,-0.005480987807929346,0.008345205142821582,2.4105813242276497,0.5235987901687622,-1.4050057560166529e-05,-0.05812310330593882,0.235562552499042,0.005564439859362391
5.98,0.5235588585334447,-0.005398169287761684,0.008281852016766254,2.410293497488327,0.5235987901687622,3.993163531745836e-05,-0.05813510821589425,0.23556241199846642,0.005480987807926496
5.99,0.523505698690882,-0.005315984256267883,0.008218503149380094,2.4100091223789954,0.5235987901687622,9.309147788016947e-05,-0.058174559437068535,0.2355628113148196,0.005398169287762489
6.0,0.5234533543649049,-0.005234432597710094,0.008155165855778877,2.4097281796374963,0.5235987901687622,0.0001454358038572856,-0.058213362200532325,0.2355637422295984,0.005315984256271111
6.01,0.5234018192236616,-0.005153514124334181,0.008091847337591301,2.409450649892059,0.5235987901687622,0.0001969709451006274,-0.05825152184646111,0.23556519658763697,0.0052344325977116135
6.0200000000000005,0.5233510869378866,-0.0050732285774960665,0.008028554683811431,2.409176513665228,0.5235987901687622,0.00024770323087563995,-0.05828904370848527,0.235567166297088,0.00515351412433418
6.03,0.5233011511815988,-0.004993575628779653,0.00796529487164143,2.4089057513777363,0.5235987901687622,0.00029763898716339554,-0.05832593311316832,0.23556964332939676,0.005073228577501254
6.04,0.5232520056327877,-0.004914554881108876,0.00790207476707764,2.4086383433520733,0.5235987901687622,0.0003467845359744759,-0.05836219537948236,0.23557261971926838,0.0049935756287755595
6.05,0.5232036439740892,-0.004836165869842893,0.007838901126598283,2.408374269817106,0.5235987901687622,0.0003951461946729573,-0.05839783581834406,0.2355760875646281,0.004914554881108035
6.0600000000000005,0.5231560598934505,-0.004758408063871353,0.007775780597153989,2.4081135109109595,0.5235987901687622,0.00044273027531172016,-0.0584328597320781,0.23558003902657484,0.004836165869848141
6.07,0.5231092470847836,-0.004681280866696687,0.007712719717466586,2.4078560466851595,0.5235987901687622,0.0004895430839786385,-0.05846727241395204,0.23558446632932797,0.004758408063876285
6.08,0.5230631992486084,-0.0046047836175068455,0.007649724918984191,2.407601857108382,0.5235987901687622,0.0005355909201537612,-0.05850107914770323,0.23558936176016776,0.004681280866691839
6.09,0.5230179100926861,-0.004528915592236547,0.0075868025270298955,2.4073509220703535,0.5235987901687622,0.0005808800760761512,-0.058534285207082405,0.2355947176693693,0.004604783617512265
6.1000000000000005,0.5229733733326397,-0.004453676004629573,0.007523958760697384,2.4071032213844523,0.5235987901687622,0.0006254168361224943,-0.058566895855346524,0.23560052647013005,0.004528915592239002
6.11,0.522929582692567,-0.0043790640072799685,0.007461199734960441,2.406858734792481,0.5235987901687622,0.0006692074761952549,-0.05859891634486545,0.23560678063849128,0.0044536760046343105
6.12,0.5228865319056402,-0.004305078692673583,0.007398531460638527,2.4066174419672457,0.5235987901687622,0.0007122582631220453,-0.058630351916634287,0.23561347271325322,0.004379064007276057
6.13,0.522844214714698,-0.004231719094212369,0.007335959846121419,2.4063793225168553,0.5235987901687622,0.0007545754540642102,-0.0586612077998775,0.23562059529588444,0.004305078692679043
6.140000000000001,0.5228026248728256,-0.004158984187240606,0.007273490697176303,2.406144355987058,0.5235987901687622,0.0007961652959366239,-0.05869148921156983,0.2356281410504251,0.004231719094216491
6.15,0.5227617561439251,-0.004086872890052129,0.007211129718847624,2.4059125218656243,0.5235987901687622,0.0008370340248371466,-0.058721201356065254,0.23563610270338445,0.004158984187241366
6.16,0.5227216023032761,-0.00401538406489326,0.007148882515886912,2.4056837995852223,0.5235987901687622,0.0008771878654860732,-0.05875034942466318,0.2356444730436328,0.004086872890052273
6.17,0.5226821571380865,-0.00394451651895722,0.007086754593603993,2.405458168526664,0.5235987901687622,0.0009166330306756842,-0.05877893859520278,0.23565324492228767,0.0040153840648926575
6.18,0.5226434144480329,-0.003874269005368119,0.0070247513589101335,2.405235608022312,0.5235987901687622,0.0009553757207293456,-0.05880697403167428,0.23566241125259443,0.003944516518961105
6.19,0.5226053680457913,-0.003804640224159105,0.006962878120901399,2.4050160973589723,0.5235987901687622,0.0009934221229709328,-0.058834460883815984,0.23567196500980173,0.0038742690053661377
6.2,0.522568011757559,-0.0037356288232361294,0.006901140092297586,2.404799615781611,0.5235987901687622,0.001030778411203248,-0.0588614042867598,0.23568189923103144,0.0038046402241587174
6.21,0.5225313394235656,-0.0036672333993397485,0.006839542389638104,2.4045861424957824,0.5235987901687622,0.001067450745196652,-0.058887809360624925,0.23569220701514348,0.0037356288232315293
6.22,0.5224953448985756,-0.003599452498991858,0.006778090034789026,2.404375656671325,0.5235987901687622,0.001103445270186576,-0.05891368121018152,0.23570288152259544,0.003667233399340386
6.23,0.5224600220523812,-0.0035322846194399357,0.006716787955192274,2.404168137444763,0.5235987901687622,0.0011387681163810282,-0.05893902492446187,0.2357139159752973,0.003599452498992406
6.24,0.5224253647702853,-0.0034657282095867455,0.006655640985318997,2.403963563922874,0.5235987901687622,0.0011734253984768683,-0.058963845576436545,0.23572530365646113,0.003532284619445214
6.25,0.5223913669535761,-0.0033997816709169042,0.0065946538669841084,2.4037619151850675,0.5235987901687622,0.0012074232151860764,-0.058988148222643325,0.2357370379104459,0.003465728209584018
6.26,0.5223580225199921,-0.00333444335840722,0.0065338312509684165,2.403563170287046,0.5235987901687622,0.0012407676487701247,-0.05901193790288579,0.23574911214259775,0.0033997816709208095
6.2700000000000005,0.5223253254041776,-0.0032697115814389038,0.006473177696831617,2.403367308262604,0.5235987901687622,0.0012734647645845643,-0.05903521963985274,0.23576151981908544,0.003334443358404826
6.28,0.5222932695581307,-0.0032055846046896612,0.006412697674924257,2.403174308127598,0.5235987901687622,0.0013055206106314943,-0.05905799843884975,0.23577425446673128,0.003269711581443957
6.29,0.5222618489516404,-0.0031420606490281697,0.006352395566149152,2.402984148881621,0.5235987901687622,0.001336941217121801,-0.059080279287430204,0.2357873096728376,0.0032055846046930014
6.3,0.5222310575727165,-0.0030791378923912165,0.006292275663695321,2.402796809511613,0.5235987901687622,0.0013677325960457232,-0.059102067155127745,0.23580067908500882,0.0031420606490306646
6.3100000000000005,0.5222008894280099,-0.003016814470657126,0.006232342173409032,2.4026122689940723,0.5235987901687622,0.0013979007407523003,-0.05912336699313029,0.2358143564109693,0.0030791378923922252
6.32,0.5221713385432248,-0.0029550884785090863,0.006172599214803967,2.4024305062978684,0.5235987901687622,0.0014274516255373682,-0.05914418373399161,0.2358283354183768,0.003016814470657714
6.33,0.5221423989635219,-0.002893957970290879,0.006113050821820752,2.4022515003867637,0.5235987901687622,0.001456391205240326,-0.05916452229133763,0.23584260993463219,0.0029550884785067844
6.34,0.5221140647539133,-0.0028334209608519697,0.006053700943890926,2.402075230222207,0.5235987901687622,0.0014847254148488975,-0.05918438755959394,0.2358571738466846,0.0028939579702957907
6.3500000000000005,0.5220863299996494,-0.002773475426388958,0.005994553446301169,2.401901674765391,0.5235987901687622,0.0015124601691127726,-0.05920378441368662,0.23587202110083308,0.002833420960857147
6.36,0.5220591888065967,-0.0027141193052736597,0.005935612111529813,2.4017308129802446,0.5235987901687622,0.0015396013621654658,-0.059222717708796536,0.2358871457025242,0.002773475426387506
6.37,0.522032635301608,-0.002655350498873609,0.005876880640005078,2.4015626238358063,0.5235987901687622,0.001566154867154168,-0.05924119228009167,0.23590254171614586,0.0027141193052693247
6.38,0.5220066636328844,-0.0025971668723665372,0.005818362650707197,2.401397086308418,0.5235987901687622,0.0015921265358778136,-0.05925921294245917,0.2359182032648174,0.0026553504988702237
6.390000000000001,0.521981267970329,-0.0025395662555457036,0.005760061682083366,2.4012341793841854,0.5235987901687622,0.0016175221984332522,-0.05927678449025844,0.23593412453017618,0.0025971668723645536
6.4,0.5219564425058928,-0.0024825464436164313,0.0057019811929272315,2.401073882061376,0.5235987901687622,0.0016423476628694145,-0.059293911697079135,0.2359502997521605,0.002539566255543857
6.41,0.521932181453913,-0.002426105197984132,0.0056441245632299145,2.4009161733527487,0.5235987901687622,0.0016666087148492492,-0.05931059931550375,0.2359667232287892,0.0024825464436162292
6.42,0.5219084790514426,-0.0023702402470353132,0.00558649509488187,2.400761032287704,0.5235987901687622,0.0016903111173196539,-0.05932685207686971,0.23598338931593768,0.0024261051979834747
6.43,0.5218853295585735,-0.002314949286908464,0.00552909601268492,2.40060843791471,0.5235987901687622,0.0017134606101887329,-0.05934267469105198,0.23600029242711087,0.002370240247040467
6.44,0.5218627272587508,-0.0022602299822608272,0.0054719304647637,2.400458369303094,0.5235987901687622,0.0017360629100113822,-0.059358071846223645,0.23601742703321277,0.002314949286907897
6.45,0.5218406664590807,-0.0022060799670201347,0.005415001524069256,2.400310805545892,0.5235987901687622,0.001758123709681536,-0.05937304820867404,0.2360347876623129,0.0022602299822649385
6.46,0.5218191414906292,-0.002152496845137369,0.005358312188276523,2.4001657257610662,0.5235987901687622,0.0017796486781329612,-0.059387608422557095,0.2360523688994097,0.002206079967015384
6.47,0.521798146708716,-0.0020994781913206847,0.005301865381668436,2.400023109094665,0.5235987901687622,0.0018006434600461585,-0.05940175710973905,0.23607016538619102,0.0021524968451425153
6.48,0.5217776764931983,-0.002047021551774383,0.005245663954630164,2.3998829347215738,0.5235987901687622,0.0018211136755639235,-0.05941549886953949,0.23608817182079148,0.002099478191319726
6.49,0.5217577252487491,-0.001995124444916467,0.005189710685791632,2.3997451818488753,0.5235987901687622,0.0018410649200131246,-0.059428838278603596,0.23610638295754713,0.0020470215517764956
6.5,0.5217382874051281,-0.0019437843620985034,0.005134008281796366,2.399609829716805,0.5235987901687622,0.001860502763634142,-0.05944177989066693,0.23612479360674726,0.0019951244449201155
6.51,0.5217193574174449,-0.0018929987683126578,0.005078559378584556,2.3994768576011944,0.5235987901687622,0.0018794327513173004,-0.05945432823639867,0.2361433986343836,0.0019437843621017414
6.5200000000000005,0.521700929766416,-0.0018427651028916968,0.005023366542096092,2.399346244815299,0.5235987901687622,0.0018978604023461854,-0.05946648782322218,0.23616219296189678,0.0018929987683158345
6.53,0.521682998958614,-0.0017930807802024643,0.00496843226892324,2.3992179707115495,0.5235987901687622,0.0019157912101481767,-0.05947826313513932,0.23618117156592025,0.0018427651028884995
6.54,0.5216655595267108,-0.0017439431903286237,0.004913758987384068,2.3990920146836903,0.5235987901687622,0.00193323064205142,-0.059489658632579746,0.23620032947802172,0.00179308078019913
6.55,0.5216486060297133,-0.0016953496997497678,0.004859349057885598,2.39896835616818,0.5235987901687622,0.001950184139048905,-0.0595006787522221,0.23621966178444223,0.0017439431903243374
6.5600000000000005,0.5216321330531932,-0.0016472976520095388,0.004805204774022881,2.3988469746463013,0.5235987901687622,0.0019666571155689816,-0.05951132790685566,0.23623916362583272,0.001695349699748494
6.57,0.5216161352095094,-0.0015997843683786264,0.0047513283630912576,2.3987278496456503,0.5235987901687622,0.001982654959252761,-0.05952161048521925,0.2362588301969884,0.001647297652007662
6.58,0.5216006071380244,-0.0015528071485074813,0.004697721987114517,2.398610960742116,0.5235987901687622,0.0019981830307378434,-0.05953153085187006,0.23627865674658094,0.0015997843683779323
6.59,0.5215855435053136,-0.0015063632710736274,0.004644387743385374,2.3984962875613443,0.5235987901687622,0.002013246663448598,-0.05954109334703441,0.23629863857688832,0.0015528071485082506
6.6000000000000005,0.5215709390053694,-0.0014604499944206029,0.004591327665302458,2.3983838097804684,0.5235987901687622,0.0020278511633927687,-0.059550302286477695,0.2363187710435228,0.0015063632710754504
6.61,0.5215567883597976,-0.0014150645571899992,0.0045385437230603745,2.398273507129666,0.5235987901687622,0.002042001808964633,-0.059559161961372606,0.23633904955515672,0.001460449994417079
6.62,0.5215430863180082,-0.001370204178943775,0.004486037824622403,2.3981653593939742,0.5235987901687622,0.0020557038507540426,-0.05956767663818583,0.23635946957324636,0.0014150645571864295
6.63,0.5215298276574003,-0.0013258660607826747,0.0044338118161100434,2.398059346414489,0.5235987901687622,0.002068962511361905,-0.05957585055854158,0.2363800266117539,0.0013702041789409591
6.640000000000001,0.5215170071835408,-0.0012820473859546208,0.004381867482805384,2.397955448090156,0.5235987901687622,0.0020817829852214365,-0.05958368793911955,0.2364007162368675,0.0013258660607862183
6.65,0.5215046197303361,-0.001238745320458988,0.00433020654956328,2.3978536443789435,0.5235987901687622,0.0020941704384260795,-0.05959119297152986,0.23642153406671973,0.0012820473859531667
6.66,0.5214926601601998,-0.001195957013637179,0.004278830682180913,2.397753915299944,0.5235987901687622,0.0021061300085624124,-0.059598369822237714,0.236442475771104,0.0012387453204643073
6.67,0.5214811233642122,-0.0011536795987655056,0.0042277414871673274,2.397656240933853,0.5235987901687622,0.0021176668045500557,-0.05960522263241721,0.2364635370711896,0.0011959570136332864
6.68,0.5214700042622759,-0.001111910193629653,0.004176940513585269,2.3975606014254947,0.5235987901687622,0.0021287859064863524,-0.05961175551790843,0.2364847137392351,0.0011536795987643345
6.69,0.5214592978032648,-0.0010706459011023367,0.004126429252731614,2.39746697698416,0.5235987901687622,0.002139492365497375,-0.05961797256907568,0.23650600159829996,0.0011119101936296616
6.7,0.5214489989651677,-0.0010298838097079063,0.004076209139443031,2.397375347885546,0.5235987901687622,0.0021497912035944866,-0.05962387785074858,0.23652739652195492,0.001070645901102285
6.71,0.5214391027552259,-0.0009896209941809332,0.004026281552697318,2.3972856944729655,0.5235987901687622,0.0021596874135363375,-0.059629475402133335,0.23654889443399088,0.0010298838097111407
6.72,0.5214296042100657,-0.0009498545160193686,0.003976647816156462,2.3971979971584765,0.5235987901687622,0.002169185958696529,-0.05963476923672624,0.23657049130812624,0.000989620994185092
6.73,0.5214204983958254,-0.0009105814240292225,0.003927309199014607,2.397112236424289,0.5235987901687622,0.0021782917729368245,-0.05963976334224591,0.23659218316771322,0.0009498545160191441
6.74,0.5214117804082767,-0.0008717987548613826,0.0038782669167839803,2.3970283928240894,0.5235987901687622,0.00218700976048547,-0.05964446168056691,0.23661396608544258,0.0009105814240295551
6.75,0.5214034453729413,-0.0008335035335442511,0.003829522131713149,2.3969464469839745,0.5235987901687622,0.0021953447958209527,-0.059648868187640085,0.23663583618304743,0.000871798754864539
6.76,0.5213954884452011,-0.0007956927740082944,0.0037810759535956695,2.3968663796037486,0.5235987901687622,0.0022033017235610908,-0.05965298677343589,0.23665778963100564,0.0008335035335482743
6.7700000000000005,0.5213879048104051,-0.0007583634796029365,0.0037329294405357843,2.3967881714581614,0.5235987901687622,0.0022108853583571175,-0.059656821321889854,0.23667982264824125,0.000795692774013812
6.78,0.521380689683969,-0.0007215126436085036,0.0036850835994432923,2.396711803397846,0.5235987901687622,0.002218100484793206,-0.05966037569083925,0.2367019315018248,0.000758363479602675
6.79,0.5213738383114717,-0.0006851372497381396,0.003637539387036405,2.3966372563507483,0.5235987901687622,0.002224951857290547,-0.05966365371198802,0.23672411250667275,0.0007215126436088681
6.8,0.5213673459687452,-0.0006492342726379897,0.0035902977100149905,2.3965645113227025,0.5235987901687622,0.0022314442000169743,-0.05966665919083636,0.23674636202524565,0.0006851372497340691
6.8100000000000005,0.5213612079619615,-0.0006138006783749469,0.0035433594263042795,2.3964935493990556,0.5235987901687622,0.0022375822068007034,-0.05966939590666481,0.23676867646724584,0.0006492342726427403
6.82,0.5213554196277123,-0.0005788334249259266,0.0034967253449020227,2.3964243517448747,0.5235987901687622,0.0022433705410499494,-0.05967186761245651,0.23679105228931385,0.0006138006783729111
6.83,0.5213499763330858,-0.0005443294626501187,0.003450396227580789,2.396356899606989,0.5235987901687622,0.002248813835676433,-0.0596740780349112,0.23681348599472435,0.0005788334249245963
6.84,0.5213448734757381,-0.0005102857347637249,0.0034043727886393857,2.396291174314059,0.5235987901687622,0.002253916693024105,-0.05967603087437015,0.2368359741330811,0.0005443294626483741
6.8500000000000005,0.5213401064839601,-0.0004766991778031723,0.003358655696055257,2.3962271572780267,0.5235987901687622,0.0022586836848020875,-0.05967772980481153,0.23685851330001134,0.0005102857347671907
6.86,0.5213356708167393,-0.00044356672208632335,0.0033132455716848933,2.3961648299945972,0.5235987901687622,0.0022631193520229465,-0.05967917847380475,0.23688110013685937,0.00047669917779824544
6.87,0.5213315619638177,-0.0004108852921597724,0.0032681429926550987,2.3961041740448845,0.5235987901687622,0.002267228204944516,-0.05968038050252442,0.2369037313303796,0.0004435667220858974
6.88,0.5213277754457452,-0.0003786518072496164,0.003223348491015597,2.396045171095305,0.5235987901687622,0.0022710147230170508,-0.05968133948568554,0.23692640361242903,0.00041088529215693725
6.890000000000001,0.5213243068139282,-0.0003468631816972316,0.0031788625552384847,2.395987802899297,0.5235987901687622,0.002274483354834045,-0.05968205899157013,0.2369491137596592,0.0003786518072534939
6.9,0.5213211516506742,-0.0003155163253961631,0.003134685630106847,2.39593205129741,0.5235987901687622,0.002277638518088043,-0.059682542561980745,0.23697185859320755,0.00034686318169940833
6.91,0.521318305569232,-0.00028460814421624663,0.0030908181179916464,2.395877898218763,0.5235987901687622,0.0022804845995302303,-0.0596827937122636,0.23699463497838844,0.0003155163253998339
6.92,0.5213157642138277,-0.0002541355404265455,0.0030472603789701153,2.3958253256813267,0.5235987901687622,0.002283025954934459,-0.059682815931279685,0.23701743982438372,0.00028460814421871206
6.93,0.5213135232596966,-0.00022409541310996044,0.003004012731658505,2.395774315792904,0.5235987901687622,0.0022852669090656086,-0.05968261268141394,0.23704027008393308,0.0002541355404228618
6.94,0.5213115784131109,-0.00019448465856995102,0.0029610754540009415,2.395724850752043,0.5235987901687622,0.002287211755651275,-0.05968218739858455,0.23706312275302374,0.0002240954131149664
6.95,0.5213099254114035,-0.00016530017073894596,0.002918448783100505,2.395676912847981,0.5235987901687622,0.0022888647573586773,-0.059681543492211164,0.23708599487058024,0.00019448465856664043
6.96,0.5213085600229879,-0.0001365388415688527,0.002876132917009326,2.395630484462527,0.5235987901687622,0.0022902301457743413,-0.059680684345278824,0.23710888351815382,0.00016530017074023462
6.97,0.5213074780473735,-0.00010819756142771756,0.002834128014113514,2.3955855480695227,0.5235987901687622,0.0022913121213886667,-0.05967961331429094,0.23713178581961156,0.0001365388415663915
6.98,0.5213066753151787,-8.027321948069963e-05,0.0027924341947017928,2.3955420862364667,0.5235987901687622,0.0022921148535834934,-0.05967833372932892,0.23715469894082544,0.00010819756143254367
6.99,0.521306147688138,-5.2762704073936354e-05,0.0027510515406763275,2.395500081624274,0.5235987901687622,0.0022926424806242185,-0.05967684889402717,0.23717762008936127,8.027321948267385e-05
7.0,0.521305891059107,-2.5662903104951522e-05,0.002709980096898483,2.3954595169886423,0.5235987901687622,0.0022928991096552442,-0.05967516208562843,0.23720054651416753,5.2762704072506494e-05
7.01,0.521305901352063,1.0292956084887302e-06,0.002669219871344025,2.395420375180219,0.5235987901687622,0.002292888816699201,-0.05967327655498567,0.23722347550526407,2.5662903102574575e-05
7.0200000000000005,0.5212961745221026,-0.0009726829960338319,-0.09737122916423206,2.39538263914526,0.5235987901687622,0.002302615646659567,-0.05968119647195688,0.23724640439343106,-1.0292956043045365e-06
7.03,0.5212877309089131,-0.0008443613189480031,0.012832167708582878,2.405447291925938,0.5235987901687622,0.002311059259849091,-0.06017282671513342,0.23726943054989766,0.000972682996036589
7.04,0.521280476053298,-0.0007254855615158903,0.011887575743211275,2.404479617212976,0.5235987901687622,0.0023183141154642373,-0.06013353693772014,0.23729254114249615,0.0008443613189523802
7.05,0.5212743234146062,-0.0006152638691767464,0.011022169233914386,2.4035952396062967,0.5235987901687622,0.002324466754155985,-0.06009716789128613,0.2373157242836508,0.0007254855615146383
7.0600000000000005,0.5212691936832821,-0.0005129731324186299,0.010229073675811655,2.402786995745231,0.5235987901687622,0.0023295964854801454,-0.06006345021784551,0.23733896895119236,0.0006152638691747647
7.07,0.5212650141533345,-0.00041795299476293525,0.009502013765569466,2.4020483453394337,0.5235987901687622,0.0023337760154277243,-0.06003213872359154,0.23736226491604717,0.0005129731324160502
7.08,0.5212617181495033,-0.0003296003831247101,0.008835261163822515,2.4013733168638707,0.5235987901687622,0.0023370720192589234,-0.06000301019735321,0.23738560267620146,0.0004179529947578864
7.09,0.5212592445043532,-0.00024736451500934455,0.008223586811536558,2.400756457987729,0.5235987901687622,0.0023395456644089707,-0.05997586143129604,0.23740897339639405,0.00032960038311991013
7.1000000000000005,0.5212575370809435,-0.00017074234097685242,0.007662217403249211,2.4001927903245184,0.5235987901687622,0.00234125308781874,-0.05995050742422966,0.23743236885303814,0.0002473645150047332
7.11,0.5212565443370992,-9.927438442457491e-05,0.0071467956552277515,2.3996777681271197,0.5235987901687622,0.0023422458316629813,-0.05992677974995393,0.23745578138391632,0.00017074234097691487
7.12,0.5212562189276587,-3.254094405428475e-05,0.0066733440370290165,2.399207240583201,0.5235987901687622,0.002342571241103486,-0.05990452507483097,0.23747920384223295,9.927438442414172e-05
7.13,0.5212565173413847,2.9841372599249537e-05,0.006238231665353429,2.3987774173979792,0.5235987901687622,0.002342272827377534,-0.05988360381045323,0.237502629554644,3.254094405047425e-05
7.140000000000001,0.521247399569519,-0.0009117771865632034,-0.09416185591624529,2.3983848373770007,0.5235987901687622,0.002351390599243164,-0.05987388971217983,0.23752605228291776,-2.984137259520736e-05
7.15,0.5212398531568184,-0.0007546412700601396,0.01571359165030637,2.408127339747163,0.5235987901687622,0.0023589370119437847,-0.060349710425804726,0.23754956618891018,0.0009117771865629898
7.16,0.5212337537417463,-0.000609941507210577,0.014469976284956262,2.406867338410355,0.5235987901687622,0.0023650364270159097,-0.06029514064611002,0.2375731555590296,0.0007546412700620841
7.17,0.5212289875217904,-0.000476621995590548,0.013331951162002906,2.4057178385752813,0.5235987901687622,0.0023698026469718414,-0.0602445860625336,0.23759680592329976,0.000609941507212497
7.18,0.5212254503358729,-0.00035371859174558823,0.012290340384495974,2.404669285923345,0.5235987901687622,0.002373339832889343,-0.060197683704637094,0.2376205039497695,0.00047662199559317386
7.19,0.5212230468267385,-0.0002403509134406479,0.011336767830494032,2.403712957727379,0.5235987901687622,0.0023757433420237284,-0.060154103231257326,0.2376442373480984,0.00035371859175015175
7.2,0.5212216896763471,-0.0001357150391351964,0.010463587430545152,2.402840890369809,0.5235987901687622,0.0023771004924151296,-0.060113543955165466,0.23766799478151862,0.0002403509134385473
7.21,0.5212212989079081,-3.907684389318362e-05,0.009663819524201277,2.40204581317998,0.5235987901687622,0.00237749126085407,-0.06007573214853579,0.23769176578644277,0.0001357150391401163
7.22,0.5212218012487456,5.0234083744841743e-05,0.008931092763802537,2.4013210880379945,0.5235987901687622,0.0023769889200165872,-0.06004041860109982,0.23771554069905132,3.907684389403698e-05
7.23,0.5212131295486916,-0.0008671700054080167,-0.09174040891528584,2.400660654245198,0.5235987901687622,0.0023856606200706176,-0.06001737714046424,0.23773931058825148,-5.023408374826843e-05
7.24,0.5212062466028483,-0.0006882945843244503,0.01788754210835665,2.4101599781992586,0.5235987901687622,0.002392543565913896,-0.06048125524479784,0.2377631671944522,0.0008671700054030396
7.25,0.521201005483222,-0.0005241119626339178,0.01641826216905324,2.4086793078035305,0.5235987901687622,0.002397784685540194,-0.060415145038642495,0.23778709263011133,0.0006882945843278421
7.26,0.5211972718137549,-0.00037336694671534,0.015074501591857782,2.407329671251367,0.5235987901687622,0.0024015183550073482,-0.06035387995528239,0.23781107047696673,0.000524111962629803
7.2700000000000005,0.5211949226790351,-0.00023491347197828133,0.013845347473705867,2.4060997096223957,0.5235987901687622,0.002403867489727096,-0.06029702567136121,0.2378350856605168,0.00037336694671541437
7.28,0.5211938456281224,-0.00010770509126472116,0.012720838071356017,2.40497905297116,0.5235987901687622,0.002404944540639775,-0.06024418700454074,0.2378591243354141,0.00023491347197479584
7.29,0.5211939377651981,9.213707565047861e-06,0.011691879882976902,2.403958234127282,0.5235987901687622,0.0024048524035641394,-0.06019500431793262,0.2378831737808205,0.00010770509126789563
7.3,0.5211851049194695,-0.0008832845728630711,-0.0892498280428119,2.403028610008567,0.5235987901687622,0.002413685249292752,-0.06015915103468145,0.23790722230485614,-9.213707563571205e-06
7.3100000000000005,0.5211782852411706,-0.0006819678298854855,0.02013167429775856,2.41228328979503,0.5235987901687622,0.0024205049275916046,-0.06061161209491506,0.23793135915734906,0.0008832845728612426
7.32,0.521173309326053,-0.0004975915117558837,0.018437631812960188,2.4105803696410186,0.5235987901687622,0.0024254808427092156,-0.06053445827529283,0.23795556420662498,0.0006819678298852772
7.33,0.521170022301406,-0.00032870246469710924,0.016888904705877443,2.4090289136952237,0.5235987901687622,0.0024287678673562407,-0.06046297104559745,0.23797981901505208,0.0004975915117610974
7.34,0.5211682825622281,-0.00017397391778308592,0.015472854691402332,2.407615770257844,0.5235987901687622,0.0024305076065340714,-0.060396644608743714,0.23800410669372565,0.00032870246470251274
7.3500000000000005,0.5211679606175527,-3.219446754605459e-05,0.014177945023703134,2.4063289329410815,0.5235987901687622,0.0024308295512095457,-0.06033501888733967,0.238028411769791,0.0001739739177830657
7.36,0.521168938037324,9.774197712893537e-05,0.012993644467498996,2.4051574408406005,0.5235987901687622,0.0024298521314382038,-0.06027767529330076,0.2380527200653031,3.2194467547430605e-05
7.37,0.5211611064910594,-0.0007831546264605905,-0.08808966035895259,2.404091287409215,0.5235987901687622,0.0024376836777028066,-0.06023423347300294,0.23807701858661748,-9.774197713419142e-05
7.38,0.5211553912241031,-0.0005715266956221545,0.0211627930838436,2.4132223372755757,0.5235987901687622,0.0024433989446590587,-0.06067981976255974,0.2381013954233945,0.0007831546264602807
7.390000000000001,0.5211516110726775,-0.00037801514256937936,0.01935115530527752,2.411407550531254,0.5235987901687622,0.0024471790960847173,-0.06059604298657159,0.2381258294128411,0.000571526695625213
7.4,0.5211496004500716,-0.00020106226058378367,0.017695288198559568,2.409754954424525,0.5235987901687622,0.00244918971869057,-0.06051837916285205,0.23815030120380196,0.00037801514256585733
7.41,0.5211492079916825,-3.9245838909539825e-05,0.016181642167424383,2.4082504508026465,0.5235987901687622,0.00244958217707969,-0.060446284516531425,0.23817479310098885,0.00020106226058524967
7.42,0.5211502953181503,0.00010873264677873325,0.014797848568827307,2.406881169387514,0.5235987901687622,0.0024484948506119375,-0.060379264497956796,0.23819928892275966,3.9245838912016495e-05
7.43,0.5211427359062942,-0.0007559411855997784,-0.08646738323785116,2.405635360751025,0.5235987901687622,0.002456054262467977,-0.060326869722872184,0.23822377387126578,-0.00010873264677524475
7.44,0.5211374384123045,-0.0005297493989655164,0.022619178663426207,2.4146032986196238,0.5235987901687622,0.002461351756457675,-0.06076444293413978,0.23824833441389046,0.0007559411856039588
7.45,0.5211342065469743,-0.0003231865330285932,0.020656286593692317,2.4126404908688244,0.5235987901687622,0.002464583621787919,-0.06067292510803507,0.23827294793145504,0.0005297493989697699
7.46,0.5211328609343078,-0.0001345612666562852,0.0188625266372308,2.410853639224853,0.5235987901687622,0.0024659292344544337,-0.06058808195019834,0.23829759376767293,0.00032318653302443323
7.47,0.5211332376400994,3.7670579165130415e-05,0.01722318458214156,2.4092274356112338,0.5235987901687622,0.002465552528662762,-0.06050932089510065,0.23832225306001747,0.00013456126665145618
7.48,0.5211251868287581,-0.0008050811341374257,-0.08427517133025561,2.407747905347997,0.5235987901687622,0.002473603340004127,-0.060446103745236436,0.2383469085853041,-3.767057916714833e-05
7.49,0.5211195958910921,-0.0005590937665993975,0.024598736753802808,2.416503290928447,0.5235987901687622,0.0024791942776700715,-0.06087407614093607,0.23837164461870414,0.000805081134136465
7.5,0.521116249141078,-0.00033467500140804316,0.022441876519135436,2.4143472460574538,0.5235987901687622,0.002482541027684193,-0.06077326738514366,0.23839643656148085,0.0005590937665944651
7.51,0.521114949511606,-0.00012996294720804078,0.02047120542000024,2.4123847800085407,0.5235987901687622,0.0024838406571562333,-0.060679843942215164,0.2384212619717577,0.00033467500141215467
7.5200000000000005,0.5211155169343906,5.674227846870269e-05,0.018670522567674347,2.410599039826895,0.5235987901687622,0.0024832732343715858,-0.06059315054573476,0.23844610037832925,0.0001299629472040209
7.53,0.5211077868610859,-0.0007730073304728067,-0.08297496089415093,2.408974640665798,0.5235987901687622,0.002491003307676265,-0.0605225920989257,0.23847093311067297,-5.6742278464749774e-05
7.54,0.5211026332672308,-0.0005153593855061209,0.02576479449666858,2.4175985378189395,0.5235987901687622,0.0024961569015313767,-0.06094398406776942,0.23849584314374972,0.000773007330467923
7.55,0.5210998282358805,-0.0002805031350335737,0.023485625047254717,2.415323209998076,0.5235987901687622,0.0024989619328816826,-0.0608368240991178,0.23852080471276504,0.0005153593855111716
7.5600000000000005,0.5210991635501235,-6.646857569546347e-05,0.021403455933811023,2.413252594000061,0.5235987901687622,0.002499626618638673,-0.06073750744753698,0.23854579433209386,0.0002805031350305853
7.57,0.5211004489787624,0.0001285428638826114,0.019501143957807488,2.4113688579261794,0.5235987901687622,0.0024983411899998087,-0.06064533889628514,0.23857079059828024,6.64685756990302e-05
7.58,0.5210935107114087,-0.0006938267353607333,-0.08223695992433447,2.4096557233629365,0.5235987901687622,0.00250527945735346,-0.06056968699010657,0.23859577401018023,-0.00012854286388641611
7.59,0.5210892142839428,-0.0004296427465923464,0.026418398876838688,2.4181993299747235,0.5235987901687622,0.0025095758848193706,-0.060986456064314284,0.23862082680475377,0.0006938267353651106
7.6000000000000005,0.5210873240904185,-0.00018901935243490793,0.024062339415743848,2.4158514119501238,0.5235987901687622,0.002511466078343738,-0.06087484656028612,0.23864592256360195,0.0004296427465910746
7.61,0.5210876249101499,3.008197314279394e-05,0.021910132557770187,2.413715226551659,0.5235987901687622,0.00251116525861228,-0.060771377208390466,0.2386710372243854,0.00018901935243675894
7.62,0.5210799201336624,-0.000770477648749763,-0.08005596218925569,2.41177232162438,0.5235987901687622,0.002518870035099763,-0.06068532794227009,0.23869614887697152,-3.00819731458013e-05
7.63,0.52107505449727,-0.0004865636392458036,0.028391400950395936,2.4201068526117058,0.5235987901687622,0.002523735671492222,-0.06109290768881776,0.23872133757732253,0.000770477648748269
7.640000000000001,0.5210727734206697,-0.00022810766002385877,0.025845597922194485,2.417568742447756,0.5235987901687622,0.0025260167480924967,-0.06097240304472984,0.23874657493403745,0.0004865636392459294
7.65,0.5210728443749444,7.095427462907748e-06,0.023520308748676652,2.415259595096383,0.5235987901687622,0.0025259457938178187,-0.06086073491091961,0.23877183510151836,0.00022810766002745453
7.66,0.521065054963295,-0.0007789411649413626,-0.07860365924042703,2.4131594492580657,0.5235987901687622,0.0025337352054671802,-0.060767121087651435,0.23879709455945655,-7.095427467795901e-06
7.67,0.5210602355230947,-0.0004819440200341682,0.029699714490719432,2.421351082819146,0.5235987901687622,0.0025385546456675456,-0.06116796554063208,0.23882243191151123,0.0007789411649361533
7.68,0.5210581183424329,-0.00021171806617992033,0.027022595385424786,2.4186831612367197,0.5235987901687622,0.0025406718263293326,-0.061040954215654385,0.2388478174579679,0.0004819440200365399
7.69,0.5210584589176585,3.405752255904393e-05,0.024577558873896423,2.416256140687392,0.5235987901687622,0.0025403312511037557,-0.06092326862635898,0.2388732241762312,0.00021171806617870104
7.7,0.521051033933281,-0.0007424984377492154,-0.07765559603082593,2.4140490121728826,0.5235987901687622,0.0025477562354812022,-0.06082408311851384,0.23889862748874222,-3.405752255769556e-05
7.71,0.5210466637720149,-0.00043701612661204944,0.030548231113716597,2.422143597243229,0.5235987901687622,0.0025521263967472896,-0.061219922644394076,0.23892410505109704,0.0007424984377446542
7.72,0.521045071647259,-0.00015921247558688958,0.027780365102515983,2.419387688384205,0.5235987901687622,0.002553718521503212,-0.0610880864139025,0.2389496263150645,0.0004370161266087358
7.73,0.5210460047839419,9.331366829000128e-05,0.025252614387689085,2.41688094497375,0.5235987901687622,0.0025527853848202886,-0.06096592041529979,0.23897516350027953,0.00015921247559225193
7.74,0.5210392323284095,-0.000677245553240505,-0.07705592215305063,2.4146016307065565,0.5235987901687622,0.0025595578403526664,-0.060862568649121825,0.23900069135412774,-9.331366829234966e-05
7.75,0.5210355677945864,-0.0003664533823153889,0.03107921709251161,2.4226309032612177,0.5235987901687622,0.002563222374175833,-0.061254627442826545,0.23902628693253128,0.0006772455532377819
7.76,0.5210347281380749,-8.396565114120923e-05,0.028248773117417966,2.4198159491276554,0.5235987901687622,0.002564062030687264,-0.06111915431426325,0.23905191915627302,0.00036645338231666713
7.7700000000000005,0.5210364548837443,0.00017267456692849427,0.02566402180697035,2.417255874584103,0.5235987901687622,0.002562335285017925,-0.060993594946947984,0.2390775597765799,8.396565114310306e-05
7.78,0.5210305119870017,-0.0005942896742607031,-0.07669642411891972,2.414928438475141,0.5235987901687622,0.0025682781817605305,-0.06088707216450057,0.23910318312943007,-0.00017267456693392802
7.79,0.5210277082355961,-0.0002803751405611481,0.031391453369955497,2.4229143376726876,0.5235987901687622,0.0025710819331661305,-0.06127622088877514,0.23912886591124768,0.0005942896742605619
7.8,0.521027756283175,4.804757893525353e-06,0.028517989845467346,2.4200603380430548,0.5235987901687622,0.002571033885587215,-0.061137954283300947,0.23915457673057935,0.00028037514056000745
7.8100000000000005,0.5210203937398922,-0.0007362543282818869,-0.07410590861754122,2.4174651619713092,0.5235987901687622,0.0025783964288700334,-0.06101977506439016,0.23918028706943523,-4.804757891552214e-06
7.82,0.5210164053540722,-0.0003988385819955004,0.03374157462863865,2.425207217908758,0.5235987901687622,0.0025823848146899753,-0.06139868547172957,0.23920607103372393,0.0007362543282818379
7.83,0.521015481844772,-9.235093002114527e-05,0.030648765197435514,2.42213118278555,0.5235987901687622,0.00258330832399023,-0.0612505029987402,0.23923189488187083,0.00039883858199418754
7.84,0.5210173408089326,0.0001858964160585353,0.027824734607968055,2.419333872191264,0.5235987901687622,0.002581449359829624,-0.06111321324570686,0.23925772796511072,9.235093002546435e-05
7.8500000000000005,0.5210117243814282,-0.0005616427504367991,-0.07475391664953343,2.4167909540247807,0.5235987901687622,0.002587065787334031,-0.06099585125733671,0.239283542458709,-0.0001858964160605936
7.86,0.5210094214532308,-0.00023029281973928356,0.03313499306975155,2.4245812165435705,0.5235987901687622,0.0025893687155313927,-0.06137530952472518,0.23930941311658235,0.0005616427504406829
7.87,0.5210101265372347,7.050840038593659e-05,0.030080122012522015,2.4215496833900523,0.5235987901687622,0.0025886636315275435,-0.06122769232776361,0.23933530680373766,0.00023029281973618865
7.88,0.5210035607058037,-0.0006565831431023292,-0.07270915434882658,2.4187934867119556,0.5235987901687622,0.002595229462958537,-0.061100849207661755,0.23936119344005294,-7.050840038491657e-05
7.890000000000001,0.5210004936327568,-0.0003067073046860485,0.03498758384162807,2.426389583407404,0.5235987901687622,0.0025982965360054067,-0.06147196073475433,0.23938714573468253,0.0006565831430993541
7.9,0.5210006022983327,1.086655758279748e-05,0.0317573862268846,2.4231813254073495,0.5235987901687622,0.002598187870429536,-0.06131626522857681,0.23941312870004258,0.0003067073046869595
7.91,0.5209935917799148,-0.0007010518417896088,-0.07119183993724063,2.420264318915893,0.5235987901687622,0.0026051983888474295,-0.061181992614495244,0.23943911057874687,-1.0866557587085879e-05
7.92,0.5209902171600181,-0.00033746198965892095,0.03635898521306878,2.4277141279327212,0.5235987901687622,0.002608573008744064,-0.061546531992265986,0.23946516256263534,0.0007010518417893685
7.930000000000001,0.5209901421088843,-7.505113383870967e-06,0.032995687627504995,2.4243728329113026,0.5235987901687622,0.002608648059877927,-0.061384484389518,0.23949124829272278,0.00033746198966344565
7.94,0.5209930595635284,0.00029174546441411317,0.029925057779798415,2.4213348794658582,0.5235987901687622,0.002605730605233836,-0.06123435667552868,0.23951733477332157,7.5051133863190955e-06
7.95,0.5209886891795648,-0.0004370383963593301,-0.07287838607734433,2.418573772201986,0.5235987901687622,0.0026101009891974503,-0.061105092096033466,0.23954339207937392,-0.0002917454644091322
7.96,0.5209877993593511,-8.89820213601177e-05,0.034805637499921244,2.4261663247482477,0.5235987901687622,0.0026109908094110734,-0.06147382117075307,0.2395694930892659,0.00043703839636144437
7.97,0.5209900659442281,0.00022665848770422962,0.03156405090643473,2.4229557582813337,0.5235987901687622,0.0026087242245340647,-0.061315870341794865,0.23959560299736002,8.898202136231603e-05
7.98,0.5209851929936793,-0.000487295054887925,-0.07139535425921546,2.4200375597643857,0.5235987901687622,0.0026135971750829157,-0.06117941531924302,0.23962169023960536,-0.00022665848770087038
7.99,0.5209839346827768,-0.0001258310902448619,0.036146396464306306,2.427487184413242,0.5235987901687622,0.00261485548598539,-0.061541795806724156,0.2396478262113562,0.00048729505488509517
8.0,0.5209859538750994,0.00020191923225567693,0.03277503225005388,2.4241466134244885,0.5235987901687622,0.0026128362936628236,-0.061377704368208365,0.23967397476621605,0.00012583109024744132
8.01,0.5209809427929768,-0.0005011082122549327,-0.07030274445106097,2.421110201905589,0.5235987901687622,0.0026178473757854093,-0.06123559372460806,0.2397001031291527,-0.0002019192322566532
8.02,0.5209796448155257,-0.00012979774511176565,0.037131046714316704,2.428452371909545,0.5235987901687622,0.002619145353236485,-0.061592954596414895,0.23972628160291054,0.0005011082122585719
8.03,0.5209817129607988,0.00020681452730718608,0.03366122724189517,2.4250141615478698,0.5235987901687622,0.0026170772079634474,-0.06142401408781288,0.2397524730564429,0.0001297977451075738
8.040000000000001,0.5209768304731848,-0.00048824876140291965,-0.06950632887101058,2.4218890650918223,0.5235987901687622,0.002621959695577436,-0.0612774263700777,0.23977864382852254,-0.00020681452730375582
8.05,0.5209757325458291,-0.00010979273556675583,0.03784560258361638,2.429150718824546,0.5235987901687622,0.0026230576229331337,-0.06163078978264567,0.23980486342547833,0.0004882487613988573
8.06,0.5209780647337374,0.0002332187908314832,0.034301152639823904,2.4256394436021056,0.5235987901687622,0.0026207254350247844,-0.06145799259299912,0.23983109400170766,0.0001097927355697692
8.07,0.5209735034781587,-0.00045612555786701033,-0.06893443486984935,2.4224480790024776,0.5235987901687622,0.0026252866906034678,-0.06130783385328193,0.2398573012560579,-0.00023321879083493258
8.08,0.5209727777714903,-7.257066683930339e-05,0.038355489102770694,2.4296496637143568,0.5235987901687622,0.002626012397271893,-0.06165798728641126,0.23988355412296392,0.00045612555786833653
8.09,0.5209755275178588,0.00027497463684767544,0.034754530368697883,2.4260839731105106,0.5235987901687622,0.002623262650903402,-0.061482097172351265,0.23990981424693664,7.257066684251967e-05
8.1,0.5209714240095693,-0.0004103508289474707,-0.06853254657951462,2.4228433488749994,0.5235987901687622,0.002627366159192901,-0.06132906525945893,0.23993604687344566,-0.0002749746368491124
8.11,0.5209711915482589,-2.324613103756333e-05,0.038710469790990736,2.430000375231804,0.5235987901687622,0.002627598620503324,-0.06167661685731078,0.2399623205350376,0.0004103508289499125
8.120000000000001,0.5209744657655259,0.0003274217266990911,0.03506678577366544,2.4263944127278827,0.5235987901687622,0.0026243244032363444,-0.0614982229716122,0.23998859652124263,2.3246131042320428e-05
8.13,0.520970914062917,-0.00035517026089268373,-0.06825919875917748,2.423117424418134,0.5235987901687622,0.0026278761058452504,-0.061342856757178876,0.240014839765275,-0.000327421726697974
8.14,0.5209712571997971,3.4313688017603185e-05,0.03894839489102869,2.430241648930693,0.5235987901687622,0.0026275329689651183,-0.061688277692116274,0.24004111852633345,0.00035517026089060266
8.15,0.5209651275835906,-0.0006129616206490092,-0.06472753086666123,2.4266061313697502,0.5235987901687622,0.0026336625851716144,-0.06151783612890622,0.2400673938560231,-3.431368801321e-05
8.16,0.5209632140363186,-0.00019135472719935935,0.04216068934496498,2.433403546876961,0.5235987901687622,0.0026355761324435845,-0.06185010438859395,0.24009373048187482,0.0006129616206496102
8.17,0.520965119818408,0.0001905782089362298,0.038193293613558915,2.429470171028399,0.5235987901687622,0.0026336703503542225,-0.06165692350584185,0.24012008624319925,0.00019135472719700175
8.18,0.5209604827977375,-0.00046370206704715524,-0.0654280275983385,2.425895150881208,0.5235987901687622,0.002638307371024662,-0.06148798041673387,0.2401464229467028,-0.00019057820893619848
8.19,0.5209599967902102,-4.860075273631294e-05,0.04151013143108423,2.432748154584816,0.5235987901687622,0.0026387933785519957,-0.06182142921727232,0.24017280602041305,0.00046370206704393624
8.2,0.5209632696242025,0.0003272833992312833,0.03758841519675962,2.42886588085484,0.5235987901687622,0.002635520544559733,-0.06162941532348172,0.24019919395419856,4.860075273338538e-05
8.21,0.5209599433467282,-0.00033262774742306306,-0.06599111466543463,2.4253378630497764,0.5235987901687622,0.002638846822033969,-0.06146148443210375,0.24022554915964417,-0.0003272833992262747
8.22,0.520960715597892,7.722511637521501e-05,0.040985286379827804,2.4322341219732206,0.5235987901687622,0.0026380745708701747,-0.061795702817742326,0.2402519376278645,0.00033262774742359724
8.23,0.5209551977062562,-0.0005517891635792434,-0.06290142799544583,2.42839167828064,0.5235987901687622,0.002643592462506006,-0.061614454198403924,0.24027831837357322,-7.72251163794202e-05
8.24,0.5209540592775456,-0.00011384287106291858,0.04379462925163248,2.4350013592428743,0.5235987901687622,0.00264473089121664,-0.0619370470993233,0.24030475429819828,0.0005517891635831162
8.25,0.5209568860560668,0.00028267785212297413,0.03965207231858927,2.4308977536939054,0.5235987901687622,0.0026419041126953813,-0.0617345430817429,0.24033120160711044,0.00011384287106341873
8.26,0.5209532999455494,-0.0003586110517461664,-0.06412889038691405,2.427168469088069,0.5235987901687622,0.0026454902232128097,-0.06155695812516789,0.2403576206482374,-0.0002826778521258788
8.27,0.5209539802144463,6.802688968875849e-05,0.04266379414349249,2.4338817682542517,0.5235987901687622,0.00264480995431593,-0.06188261457734802,0.24038407555046953,0.0003586110517428409
8.28,0.5209485214368587,-0.000545877758759098,-0.06139046484478564,2.4298730671464064,0.5235987901687622,0.002650268731903549,-0.06169310025432092,0.2404105236500127,-6.802688968798876e-05
8.290000000000001,0.5209475779402921,-9.434965665936493e-05,0.04515281020997331,2.4363317282799724,0.5235987901687622,0.00265121222847009,-0.06200833513960872,0.24043702633733174,0.0005458777587619146
8.3,0.5209507215383778,0.00031435980856990656,0.04087094652292715,2.4320910034474066,0.5235987901687622,0.0026480686303843592,-0.06179873521970458,0.24046353845961643,9.434965665411355e-05
8.31,0.5209475614342514,-0.00031601041265156665,-0.06303702212214732,2.4282372796773153,0.5235987901687622,0.0026512287345108465,-0.061614591698520314,0.24049001914592028,-0.00031435980857308365
8.32,0.5209487653186426,0.0001203884391255136,0.043639885177708025,2.4348377058042496,0.5235987901687622,0.002650024850119559,-0.061934371400673954,0.24051653143326537,0.0003160104126487262
8.33,0.5209439172129021,-0.0004848105740547914,-0.0605199013180305,2.430726680927574,0.5235987901687622,0.002654872955860088,-0.06173919516463318,0.24054303168176658,-0.00012038843912876018
8.34,0.5209436618274197,-2.55385482417721e-05,0.04592720258130193,2.4370926394123815,0.5235987901687622,0.0026551283413425164,-0.06204933367277482,0.24056958041132517,0.0004848105740529185
8.35,0.5209475622127682,0.0003900385348487901,0.04155770830905622,2.4327679858432396,0.5235987901687622,0.00265122795599404,-0.06183482883756183,0.2405961316947386,2.5538548242831638e-05
8.36,0.5209452195886287,-0.0002342624139403977,-0.062430094878918777,2.4288383339544493,0.5235987901687622,0.002653570580133491,-0.06164612715987862,0.24062264397429853,-0.0003900385348476476
8.370000000000001,0.5209472943739227,0.0002074785293968093,0.0441740943337207,2.435370126741784,0.5235987901687622,0.0026514957948394757,-0.06196177238014975,0.24064917968009986,0.0002342624139450855
8.38,0.5209433639677847,-0.00039304061380204884,-0.06005191431988581,2.431197119034862,0.5235987901687622,0.002655426200977473,-0.061762620671492525,0.24067569463804825,-0.0002074785294015058
8.39,0.5209440670513488,7.030835640151398e-05,0.04633489702035628,2.4375071571483526,0.5235987901687622,0.002654723117413438,-0.06206913453385115,0.24070224890005804,0.0003930406137997444
8.4,0.5209389611871861,-0.0005105864162682147,-0.05808947726697287,2.4331321089224205,0.5235987901687622,0.002659828981576129,-0.06186114783696727,0.24072879613123216,-7.030835640353672e-05
8.41,0.5209386669553877,-2.9423179834514514e-05,0.04811632364337002,2.4392580981889314,0.5235987901687622,0.002660123213374499,-0.06215992391004305,0.24075539442104793,0.0005105864162691098
8.42,0.5209427254017257,0.0004058446338018911,0.04352678136364056,2.434715420463932,0.5235987901687622,0.0026560647670365034,-0.061934456718194975,0.24078199565318167,2.942317983700704e-05
8.43,0.520940717681301,-0.0002007720424637763,-0.060661667626566745,2.43058776434089,0.5235987901687622,0.002658072487461194,-0.06173564132940708,0.24080855630085204,-0.00040584463379955693
8.44,0.5209432859195579,0.0002568238256785267,0.0457595868142303,2.4369398155565687,0.5235987901687622,0.0026555042492043546,-0.06204226096161166,0.24083513702572665,0.000200772042469044
8.45,0.5209399908388537,-0.00032950807042061563,-0.05863318960991423,2.4326037249173913,0.5235987901687622,0.0026587993299085344,-0.061834408263303775,0.2408616920682187,-0.00025682382568392725
8.46,0.5209414559193223,0.00014650804685812133,0.047601611727873694,2.438765874618443,0.5235987901687622,0.0026573342494399244,-0.062133124182939134,0.24088828006151777,0.00032950807041798313
8.47,0.5209372248696494,-0.0004231049672806832,-0.05696130141388045,2.4342567960659105,0.5235987901687622,0.002661565299112767,-0.0619176269700613,0.24091485340401217,-0.00014650804686100471
8.48,0.5209379056457238,6.807760743833953e-05,0.04911825747190228,2.440261393234003,0.5235987901687622,0.002660884523038365,-0.06220964120075651,0.2409414690570033,0.00042310496728426017
8.49,0.520933027791587,-0.00048778541368123626,-0.05558630211195758,2.435608848178319,0.5235987901687622,0.002665762377175196,-0.061987667228354984,0.2409680779022337,-6.807760744020896e-05
8.5,0.5209331863395885,1.585480014982399e-05,0.05036402138310602,2.441482833168638,0.5235987901687622,0.0026656038291736905,-0.06227398807599665,0.24099473552600545,0.00048778541368310613
8.51,0.5209278990431504,-0.0005287296438170929,-0.054458444396691674,2.4367114059332033,0.5235987901687622,0.0026708911256118073,-0.062046516163216534,0.2410213915642972,-1.585480015053875e-05
8.52,0.5209277501781873,-1.4886496316768695e-05,0.05138431475003241,2.4424772124497682,0.5235987901687622,0.0026710399905749416,-0.062327989324160456,0.2410481004755533,0.0005287296438116762
8.53,0.520932247685718,0.0004497507530691494,0.04646372493859181,2.4376073736234742,0.5235987901687622,0.0026665424830442097,-0.06208583976475527,0.24107481087545907,1.4886496313426534e-05
8.540000000000001,0.5209309425366253,-0.00013051490927281392,-0.05802656623419633,2.433182680302605,0.5235987901687622,0.0026678476321368993,-0.06187162720641673,0.2411014763002895,-0.0004497507530731859
8.55,0.5209344493381136,0.0003506801488349291,0.0481195058107743,2.4392651731801673,0.5235987901687622,0.0026643408306485927,-0.06216448680452187,0.24112815477661087,0.00013051490926896392
8.56,0.5209323037278553,-0.00021456102583675715,-0.05652411746716862,2.434684588667353,0.5235987901687622,0.0026664864409069455,-0.06194337694988655,0.24115479818491736,-0.0003506801488306621
8.57,0.5209351063227347,0.0002802594879360373,0.04948205137727945,2.4406251051606866,0.5235987901687622,0.0026636838460275536,-0.06223019296397906,0.24118146304932644,0.00021456102583528036
8.58,0.5209323799959473,-0.000272632678736966,-0.05528921666730033,2.4359152424587505,0.5235987901687622,0.0026664101728148815,-0.06200324093157219,0.24120809988778671,-0.000280259487939194
8.59,0.5209347137188919,0.00023337229445447613,0.05060049731914422,2.441738068410625,0.5235987901687622,0.002664076449870323,-0.06228492445158946,0.24123476398951485,0.00027263267873278707
8.6,0.5209316197407335,-0.00030939781583921085,-0.0542770110293687,2.4369210890942803,0.5235987901687622,0.0026671704280286646,-0.06205301446848021,0.24126140475401356,-0.00023337229445585805
8.61,0.520933677341261,0.00020576005274268634,0.051515786858189715,2.4426464470215663,0.5235987901687622,0.0026651128275012592,-0.06233032952130927,0.24128807645829384,0.00030939781583416703
8.620000000000001,0.5209303899291736,-0.00032874120873451146,-0.053450126147719774,2.4377408036132957,0.5235987901687622,0.0026684002395885864,-0.062094202603671336,0.24131472758656886,-0.00020576005274053344
8.63,0.52093232872075,0.0001938791576371943,0.05226203663717058,2.4433855303728604,0.5235987901687622,0.0026664614480121918,-0.06236778998595596,0.24134141158896474,0.00032874120873271906
8.64,0.5209289897704071,-0.00033389503429105715,-0.052777419192825144,2.4384065849381757,0.5235987901687622,0.002669800398355071,-0.06212806724453954,0.24136807620344486,-0.00019387915763946495
8.65,0.5209309375875505,0.00019478171433487694,0.05286767486259341,2.4439846964007144,0.5235987901687622,0.002667852581211716,-0.06239846458156056,0.24139477420742841,0.0003338950342879343
8.66,0.5209276621106963,-0.00032754768541842056,-0.05223293997532975,2.4389452360011674,0.5235987901687622,0.002671128058065908,-0.062155666807481295,0.24142145273324053,-0.0001947817143355124
8.67,0.5209297222728102,0.00020601621138723156,0.05335638968056521,2.444468397573063,0.5235987901687622,0.0026690678959520042,-0.062423325405728876,0.2414481640138212,0.000327547685419205
8.68,0.5209266029284003,-0.0003119344409866823,-0.05179506523739139,2.439379063773423,0.5235987901687622,0.0026721872403618896,-0.062177889505426014,0.2414748546927807,-0.00020601621139038073
8.69,0.520928858375933,0.00022554475326046338,0.05374791942471457,2.444856982465348,0.5235987901687622,0.002669931792829261,-0.06244318849079535,0.24150157656518434,0.0003119344409885372
8.700000000000001,0.5209259692457369,-0.00028891301961061133,-0.05144577728710747,2.43972662922679,0.5235987901687622,0.002672820923025343,-0.062195481260079226,0.24152827588311263,-0.00022554475326286294
8.71,0.520928485986651,0.0002516740914146876,0.05405871110252989,2.445167380349764,0.5235987901687622,0.0026703041821112272,-0.062458739424716365,0.24155500409234287,0.0002889130196082057
8.72,0.5209258857212741,-0.00026002653769158603,-0.05117006291062736,2.4400033722486363,0.5235987901687622,0.0026729044474881336,-0.06220906908094911,0.241581707134164,-0.00025167409141158004
8.73,0.5209287157028061,0.00028299815319614014,0.05430246908877262,2.4454136716381765,0.5235987901687622,0.0026700744659561293,-0.062470554800393166,0.24160843617863886,0.00026002653769063855
8.74,0.5209264501430874,-0.00022655597186953388,-0.050955412506567405,2.4402221323605415,0.5235987901687622,0.0026723400256748464,-0.06221918062962473,0.24163513692329844,-0.0002829981532004311
8.75,0.5209296336446019,0.00031835015145303405,0.05449061233225679,2.4456075632110172,0.5235987901687622,0.002669156524160332,-0.06247912015785645,0.2416618603235552,0.0002265559718717114
8.76,0.5209277380058432,-0.0001895638758590268,-0.05079140273120609,2.440393582615057,0.5235987901687622,0.002671052162918963,-0.062226260579540955,0.2416885518887968,-0.00031835015145142975
8.77,0.5209313056326178,0.00035676267745150304,0.054632655331052986,2.4457587844920807,0.5235987901687622,0.0026674845361444044,-0.06248484498262582,0.24171526241042599,0.00018956387586310797
8.78,0.5209298063245191,-0.000149930809871732,-0.0506693487323235,2.44052659114476,0.5235987901687622,0.002668983844243078,-0.06223068428756895,0.24174193725578744,-0.00035676267745587964
8.790000000000001,0.520933780668979,0.00039743444599193295,0.0547365255863665,2.445875417483403,0.5235987901687622,0.0026650094997832108,-0.062488075236233454,0.24176862709422986,0.00014993080986736018
8.8,0.5209326968120024,-0.00010838569765821604,-0.050582014365014895,2.4406285224302415,0.5235987901687622,0.0026660933567598244,-0.062232769213507524,0.2417952771892277,-0.00039743444598672184
8.81,0.5209370938378385,0.0004397025836135795,0.054808828127179555,2.4459641717721645,0.5235987901687622,0.002661696330923724,-0.06248910382019299,0.2418219381227953,0.00010838569766136175
8.82,0.5209364385266021,-6.553112364216028e-05,-0.05052337072557398,2.4407054883341823,0.5235987901687622,0.00266235164216011,-0.06223278445430044,0.24184855508610453,-0.00043970258361003545
8.83,0.5209412687219587,0.00048301953565237836,0.05485506592945386,2.4460306136832486,0.5235987901687622,0.0026575214468035346,-0.062488179310867906,0.24187517860252614,6.553112363860691e-05
8.84,0.5209410500778209,-2.186441377634101e-05,-0.05048839494287194,2.440762557281402,0.5235987901687622,0.0026577400909413296,-0.06223095870168787,0.24190175381699416,-0.0004830195356575473
8.85,0.5209463194160419,0.0005269338220958453,0.054879823587218636,2.446079357226244,0.5235987901687622,0.0026524707527203484,-0.062485513248863145,0.24192833121790358,2.186441377949322e-05
8.86,0.5209465414640111,2.220479691931673e-05,-0.05047290251765286,2.4408039285605305,0.5235987901687622,0.0026522487047511145,-0.06222748688200936,0.24195485592543078,-0.000526933822098119
8.870000000000001,0.5209422522040161,-0.0004289259994923772,-0.04511307964116939,2.44611422320306,0.5235987901687622,0.002656537964746075,-0.0624912860782867,0.2419813784124783,-2.2204796923386283e-05
8.88,0.5209439399576022,0.00016877535860956172,0.05977013581019389,2.450934077563679,0.5235987901687622,0.0026548502111599648,-0.06272562876527431,0.24200794379212576,0.0004289259994960659
8.89,0.5209410251891163,-0.00029147684859456906,-0.046025220720413075,2.4452056714678623,0.5235987901687622,0.0026577649796458713,-0.06244807282239062,0.24203449229423735,-0.00016877535861103965
8.9,0.5209440034857516,0.0002978296635315476,0.058930651212611665,2.450103117722703,0.5235987901687622,0.002654786683010557,-0.06268483964645817,0.2420610699440338,0.0002914768485906549
8.91,0.5209423019504283,-0.00017015353233198268,-0.04679831958635303,2.4444457483034308,0.5235987901687622,0.0026564882183338634,-0.06240963841127328,0.2420876178108639,-0.0002978296635314237
8.92,0.5209464222364848,0.0004120286056483654,0.05821821379803481,2.4494082444371177,0.5235987901687622,0.0026523679322774107,-0.06264837558121021,0.24211418269304724,0.00017015353233063024
8.93,0.5209457969904413,-6.252460435284685e-05,-0.047455321000121224,2.4438104569900214,0.5235987901687622,0.002652993178320906,-0.062375088679168,0.24214070637237,-0.0004120286056452649
8.94,0.520950932932219,0.0005135941777638529,0.05761187821166998,2.448827540868236,0.5235987901687622,0.0026478572365432607,-0.06261542074946996,0.2421672363041532,6.252460434952312e-05
8.950000000000001,0.5209512673394743,3.344072553014039e-05,-0.04801534522337125,2.4432797793529737,0.5235987901687622,0.0026475228292879294,-0.062343683632357365,0.24219371487651864,-0.0005135941777645314
8.96,0.520947311165747,-0.0003956173727231128,-0.04290580982532532,2.448342722085663,0.5235987901687622,0.0026514790030152113,-0.06259530000742666,0.24222019010481152,-3.344072553312927e-05
8.97,0.5209495299137701,0.00022187480230834384,0.061749217503145666,2.452938012705851,0.5235987901687622,0.002649260254992125,-0.06281830924599385,0.24224670489484168,0.0003956173727281964
8.98,0.5209473232463705,-0.00022066673996365687,-0.04425415422720007,2.447005829500751,0.5235987901687622,0.0026514669223917098,-0.06252984226719212,0.2422731974973916,-0.00022187480230861922
8.99,0.5209511677906337,0.0003844544263220083,0.060512116628566516,2.4517184582896565,0.5235987901687622,0.0026476223781285446,-0.06275685651311586,0.2422997121666155,0.00022066673995846386
9.0,0.5209504733702623,-6.944203712875706e-05,-0.045389646345076536,2.4458935634220884,0.5235987901687622,0.0026483167984998612,-0.06247227003921808,0.2423261883903968,-0.00038445442631651616
9.01,0.5209557258937026,0.0005252523440250571,0.05946943811538141,2.450704303940133,0.5235987901687622,0.002643064275059559,-0.06270258040445649,0.2423526715583818,6.944203713166175e-05
9.02,0.5209563436631529,6.177694502391062e-05,-0.04634753990011464,2.444969141321617,0.5235987901687622,0.002642446505609297,-0.062421187529575345,0.2423791022011324,-0.0005252523440302248
9.03,0.5209528203326428,-0.0003523330510132286,-0.04141099960371392,2.4498619622677165,0.5235987901687622,0.0026459698361194217,-0.06266420630192025,0.2424055266661885,-6.17769450261818e-05
9.040000000000001,0.5209556056352364,0.0002785302593544516,0.06308633103676801,2.4543028925168158,0.5235987901687622,0.0026431845335258553,-0.06287921149326905,0.24243198636454968,0.0003523330510124545
9.05,0.5209540848605745,-0.00015207746619040396,-0.04306077255448555,2.448230724840542,0.5235987901687622,0.0026447053081877225,-0.06258304215184773,0.24245841820988495,-0.0002785302593566463
9.06,0.5209587215372745,0.00046366767000027,0.0615745136190674,2.452816480373413,0.5235987901687622,0.002640068631487691,-0.06280315571038957,0.24248486526296684,0.00015207746618672857
9.07,0.5209589135541678,1.9201689324401157e-05,-0.044446598067586884,2.446876669107662,0.5235987901687622,0.0026398766145944164,-0.06251193095319721,0.2425112659492817,-0.000463667670003165
9.08,0.520955135946954,-0.0003777607213800932,-0.03969624107044943,2.451583396406946,0.5235987901687622,0.0026436542218082337,-0.06274626585989355,0.24253766471542765,-1.9201689327452698e-05
9.09,0.5209578214689319,0.00026855219778918767,0.06463129191692808,2.455855162008357,0.5235987901687622,0.002640968699830326,-0.06295321453958155,0.24256410125764574,0.0003777607213817369
9.1,0.5209563399257111,-0.00014815432207458906,-0.04167065198637767,2.449629274466836,0.5235987901687622,0.0026424502430510977,-0.06264928608824999,0.24259051094464404,-0.0002685521977907612
9.11,0.5209611407272181,0.0004800801507012294,0.06282344727758185,2.454075400122028,0.5235987901687622,0.0026376494415440987,-0.06286251036686198,0.24261693544707455,0.00014815432207715418
9.120000000000001,0.5209616088899164,4.681626982368719e-05,-0.04332638808775422,2.448008812323342,0.5235987901687622,0.0026371812788458238,-0.06256465273316499,0.24264331194149,-0.00048008015069989085
9.13,0.5209582077148048,-0.0003401175111600822,-0.03869337809837694,2.4526004876329672,0.5235987901687622,0.002640582453957374,-0.06279307408901198,0.24266968375427844,-4.681626982749876e-05
9.14,0.5209613592589677,0.0003151544162888217,0.0655271927448904,2.456767895439304,0.5235987901687622,0.0026374309097945137,-0.06299451592972949,0.24269608957881803,0.00034011751115503586
9.15,0.5209604235797581,-9.356792095976442e-05,-0.04087223372485861,2.4504474038142443,0.5235987901687622,0.002638366589004071,-0.06268529138635873,0.24272246388791596,-0.00031515441628604535
9.16,0.5209658412041487,0.0005417624390500085,0.06353303600097729,2.454807820637658,0.5235987901687622,0.002632948964613524,-0.06289376362075814,0.242748847553806,9.35679209557172e-05
9.17,0.520966989055519,0.00011478513702619698,-0.04269773020238115,2.4486636356901097,0.5235987901687622,0.0026318011132432373,-0.06259133713392992,0.24277517704345214,-0.0005417624390546827
9.18,0.5209643230627738,-0.0002665992745087775,-0.038138441153497446,2.4531851103079916,0.5235987901687622,0.0026344671059883584,-0.06281563903143186,0.24280149505458457,-0.00011478513702867232
9.19,0.5209682585690255,0.0003935506251676753,0.06601498996764528,2.457289061061449,0.5235987901687622,0.0026305315997366963,-0.06301322705074137,0.24282783972564445,0.00026659927451211374
9.200000000000001,0.5209681495184042,-1.0905062135759067e-05,-0.04044556873034343,2.4509112601621226,0.5235987901687622,0.002630640650358007,-0.06270030070237177,0.24285414504164182,-0.00039355062516621686
9.21,0.5209744308730044,0.0006281354600215179,0.06390405221572769,2.455219971606345,0.5235987901687622,0.002624359295757772,-0.06290541078005855,0.2428804514481454,1.0905062131083554e-05
9.22,0.5209764744918707,0.0002043618866230198,-0.042377357339849805,2.449029188768373,0.5235987901687622,0.002622315676891529,-0.06259975539305006,0.242906695041103,-0.0006281354600234934
9.23,0.5209747316964386,-0.00017427954321146382,-0.03786414298344836,2.453508719881391,0.5235987901687622,0.0026240584723236093,-0.0628211088880372,0.2429329181978719,-0.00020436188662431576
9.24,0.5209796136393652,0.00048819429266363406,0.06624738358750978,2.4575749679812677,0.5235987901687622,0.002619176529397027,-0.06301592400021198,0.24295915878259514,0.00017427954320803352
9.25,0.5209804704549886,8.568156234491759e-05,-0.04025127303187165,2.451163327846279,0.5235987901687622,0.002618319713773576,-0.06270033631889936,0.2429853505478891,-0.00048819429265822833
9.26,0.5209777336430361,-0.0002736811952463035,-0.03593627575912211,2.455441718964553,0.5235987901687622,0.0026210565257260843,-0.06291299695294347,0.24301153374502685,-8.568156234511903e-05
9.27,0.5209817962715824,0.0004062628546274001,0.06799440498737036,2.4593248203126103,0.5235987901687622,0.0026169938971798423,-0.06309977978028589,0.2430377443102841,0.0002736811952508411
9.28,0.5209819919760983,1.957045159698426e-05,-0.038669240303041585,2.4527464529181158,0.5235987901687622,0.002616798192663916,-0.0627764498160709,0.2430639142492559,-0.0004062628546241953
9.290000000000001,0.5209787372049307,-0.00032547711676110975,-0.0345047568358094,2.4568730997225385,0.5235987901687622,0.0026200529638314984,-0.0629823073511692,0.24309008223118256,-1.957045159262094e-05
9.3,0.5209824112960891,0.0003674091158476931,0.06928862326088028,2.460618128414106,0.5235987901687622,0.0026163788726730752,-0.06316279474646394,0.24311628276082087,0.00032547711675823265
9.31,0.520982335361122,-7.5934967131271384e-06,-0.037500261256082024,2.453914163063783,0.5235987901687622,0.0026164548076401672,-0.06283340200454811,0.2431424465495476,-0.00036740911584232094
9.32,0.5209889144254557,0.0006579064333666102,0.06654999300797372,2.4579265940197335,0.5235987901687622,0.002609875743306511,-0.06302390759204186,0.243168611097624,7.59349670920173e-06
9.33,0.5209914930549562,0.0002578629500501639,-0.040004348331644624,2.4514667916499793,0.5235987901687622,0.0026072971138060286,-0.06270419148592575,0.24319470985505706,-0.0006579064333656071
9.34,0.520990497690873,-9.953640831500453e-05,-0.03573993583651684,2.4557021698995287,0.5235987901687622,0.0026082924778891847,-0.06291302396028922,0.2432207828261951,-0.0002578629500482599
9.35,0.5209963168082984,0.0005819117425353089,0.06814481508503134,2.459546946371788,0.5235987901687622,0.0026024733604638195,-0.06309618551315296,0.243246865750974,9.953640831561472e-05
9.36,0.5209982798746298,0.0001963066331371401,-0.03856051093981688,2.4529345210250595,0.5235987901687622,0.002600510294132441,-0.06276938797703312,0.24327289048457865,-0.0005819117425365228
9.370000000000001,0.5209967995579325,-0.0001480316697180704,-0.03443383028552105,2.4570309924851457,0.5235987901687622,0.002601990610829663,-0.06297200361306844,0.24329889558751996,-0.0001963066331378549
9.38,0.5210022517698748,0.0005452211942215423,0.06932528639396128,2.4607493777418012,0.5235987901687622,0.0025965383988874047,-0.06314941369672017,0.24332491549362825,0.00014803166972221504
9.39,0.5210039545187477,0.00017027488729373007,-0.03749463069278122,2.4540219808227866,0.5235987901687622,0.0025948356500145042,-0.06281707450262199,0.24335088087761714,-0.0005452211942258423
9.4,0.5210023100215445,-0.0001644497203185444,-0.033472460761227445,2.4580138999684173,0.5235987901687622,0.0025964801472176946,-0.0630148034986409,0.24337682923411727,-0.00017027488729004503
9.41,0.5210076846590206,0.0005374637476056415,0.07019134679241859,2.461637239031262,0.5235987901687622,0.0025911055097416202,-0.06318768476446344,0.24340279403558945,0.0001644497203190376
9.42,0.5210093877485118,0.0001703089491205495,-0.0367154798485092,2.4548234685282107,0.5235987901687622,0.0025894024202504085,-0.06285098506562428,0.24342870509068687,-0.0005374637476074362
9.43,0.5210078135827723,-0.0001574165739586992,-0.03277255230792487,2.458736925860186,0.5235987901687622,0.002590976585989946,-0.0630448493166539,0.24345459911488937,-0.00017030894912117844
9.44,0.5210133213181922,0.0005507735419973808,0.07081901159560801,2.4622890204069297,0.5235987901687622,0.002585468850569983,-0.06321414135408665,0.24348050888074926,0.0001574165739537392
9.450000000000001,0.5210152136866135,0.00018923684213445913,-0.03615366998629217,2.4554105887782867,0.5235987901687622,0.002583576482148686,-0.06287398811280459,0.24350636356925495,-0.0005507735419962856
9.46,0.5210138789784521,-0.00013347081614034422,-0.032270765827480334,2.4592653897409544,0.5235987901687622,0.002584911190310124,-0.06306477377990187,0.24353219933407644,-0.00018923684212968084
9.47,0.5210196708800715,0.0005791901619410549,0.07126609780813992,2.4627643045243346,0.5235987901687622,0.002579119288690701,-0.06323119982054423,0.24355804844597953,0.00013347081614378808
9.48,0.5210218871392001,0.00022162591285947766,-0.035756424908157725,2.4558376876561487,0.5235987901687622,0.0025769030295621498,-0.06288829055980319,0.24358383963886643,-0.0005791901619423001
9.49,0.5210209115056679,-9.756335322386352e-05,-0.03191892660833412,2.4596488578586904,0.5235987901687622,0.002577878663094335,-0.06307660371226853,0.24360960866916204,-0.0002216259128551279
9.5,0.521027093530104,0.0006182024436087163,0.07157657968325798,2.4631082947210583,0.5235987901687622,0.002571696638658194,-0.06324072173606926,0.24363538745579297,9.756335321853271e-05
9.51,0.5210297271940665,0.0002633663962453749,-0.035483604736334134,2.4561459861722366,0.5235987901687622,0.002569062974695724,-0.06289559409795746,0.24366110442217956,-0.000618202443614102
9.52,0.5210291928185302,-5.343755362308128e-05,-0.03168039498684562,2.459924916303752,0.5235987901687622,0.002569597350231989,-0.06308190329160779,0.2436867950519265,-0.0002633663962470223
9.53,0.5210358368331647,0.0006644014634427304,0.07178390170658117,2.4633552592928734,0.5235987901687622,0.0025629533355975287,-0.06324414511188543,0.24371249102542883,5.343755362652303e-05
9.540000000000001,0.5210389503796281,0.00031135464634654656,-0.03530468170961838,2.4563667243093628,0.5235987901687622,0.0025598397891340996,-0.06289721472901891,0.2437381205587848,-0.0006644014634460405
9.55,0.5210389111955165,-3.918411158635403e-06,-0.031527305750518195,2.4601220409946736,0.5235987901687622,0.0025598789732457217,-0.06308188353913906,0.24376371895667615,-0.00031135464634290955
9.56,0.5210460633612611,0.0007152165744672228,0.07191349856258582,2.4635311513081652,0.5235987901687622,0.002552726807501071,-0.06324258465369316,0.2437893177464086,3.918411162207036e-06
9.57,0.521049695883019,0.00036325217577840333,-0.03519643986888194,2.456523552475196,0.5235987901687622,0.0025490942857432364,-0.06289417405634895,0.2438148450144836,-0.0007152165744650496
9.58,0.5210501845579437,4.8867492472693666e-05,-0.031438468330570964,2.460261780673008,0.5235987901687622,0.0025486056108184885,-0.06307748590760973,0.24384033595734103,-0.00036325217578347946
9.59,0.5210478717040599,-0.00023128538838049662,-0.02801528808531903,2.463655601317929,0.5235987901687622,0.0025509184647023453,-0.06324690773724734,0.24386582201344922,-4.886749247479116e-05
9.6,0.5210530690817256,0.0005197377665656756,0.07510231549461721,2.4667353505118426,0.5235987901687622,0.0025457210870366564,-0.06339355425181183,0.24389133119809625,0.00023128538838568247
9.61,0.5210550362063758,0.0001967124650310984,-0.032302530153457715,2.4594277172943437,0.5235987901687622,0.0025437539623863747,-0.06303160096703883,0.2439167884089666,-0.000519737766568884
9.620000000000001,0.5210541219671494,-9.142392264181672e-05,-0.02881363876729151,2.4628926744594866,0.5235987901687622,0.0025446682016128097,-0.06320307146903316,0.24394222594859047,-0.0001967124650281704
9.63,0.5210606441316438,0.0006522164494369544,0.07436403720787711,2.466037647548629,0.5235987901687622,0.0025381460371184383,-0.06335156325377649,0.2439676726306066,9.142392264349652e-05
9.64,0.5210638677078022,0.0003223576158423387,-0.032985883359461565,2.4587898367865906,0.5235987901687622,0.0025349224609599874,-0.06299139717972471,0.24399305409097777,-0.0006522164494371374
9.65,0.5210641466073659,2.7889956365352814e-05,-0.02944676594769859,2.4623096816070227,0.5235987901687622,0.0025346435613963214,-0.06316433324353093,0.24401840331558736,-0.0003223576158450925
9.66,0.5210618031915614,-0.000234341580447004,-0.026223153681235678,2.4655050335623105,0.5235987901687622,0.002536986977200839,-0.06332413773732772,0.24404374975120133,-2.7889956366600188e-05
9.67,0.5210671310244297,0.0005327832868311391,0.07671248672781432,2.4684044817862594,0.5235987901687622,0.00253165914433251,-0.06346186628521545,0.24406911962097333,0.000234341580451769
9.68,0.5210693730321233,0.0002242007693586326,-0.030858251747250653,2.4609331206991625,0.5235987901687622,0.0025294171366389007,-0.06309133543244608,0.24409443621241667,-0.0005327832868329274
9.69,0.5210688629813879,-5.1005073545356346e-05,-0.027520584290398893,2.4642494675106104,0.5235987901687622,0.0025299271873743256,-0.06325518157123912,0.24411973038378307,-0.00022420076936091604
9.700000000000001,0.5210759048564252,0.0007041875037325939,0.07551925772779502,2.4672596191657368,0.5235987901687622,0.00252288531233702,-0.06339658609187564,0.24414502965565682,5.100507354249828e-05
9.71,0.5210797511040707,0.0003846247645436957,-0.031956273918889826,2.459889563173866,0.5235987901687622,0.0025190390646915306,-0.06302960584274488,0.24417025850878019,-0.00070418750373058
9.72,0.5210807441906309,9.930865602492302e-05,-0.028531610851877266,2.4632986319956967,0.5235987901687622,0.0025180459781313225,-0.06319644749191224,0.2441954488994271,-0.00038462476454892425
9.73,0.521079196050288,-0.00015481403428961393,-0.025412269031453695,2.466393666813189,0.5235987901687622,0.0025195941184742443,-0.06335057133940372,0.2442206293592084,-9.93086560208134e-05
9.74,0.5210853907496225,0.0006194699334467341,0.0774283967736348,2.4692023345315954,0.5235987901687622,0.00251339941913975,-0.06348300149144555,0.24424582530039315,0.00015481403429218332
9.75,0.5210885625658886,0.000317181626622938,-0.030228830682379606,2.461648887802749,0.5235987901687622,0.0025102276028735604,-0.06310738017168284,0.24427095929458456,-0.0006194699334494125
9.76,0.5210890373914452,4.748255565734891e-05,-0.026969907096558908,2.464891075468679,0.5235987901687622,0.0025097527773170203,-0.06326663291882303,0.2442960615706133,-0.00031718162661897864
9.77,0.5210871120430653,-0.0001925348379837372,-0.024001739364108612,2.4678342932004944,0.5235987901687622,0.002511678125696859,-0.06341373914973036,0.24432115909838645,-4.748255565401038e-05
9.78,0.5210930567994893,0.0005944756423914232,0.07870104803751604,2.4705048884332412,0.5235987901687622,0.0025057333692729555,-0.06353967776039966,0.24434627587964342,0.00019253483798387094
9.790000000000001,0.5210960933638134,0.00030365643240614005,-0.02908192099852831,2.462825909402188,0.5235987901687622,0.0025026968049488563,-0.06315781149738321,0.24437133321333615,-0.0005944756423903463
9.8,0.5210965361620941,4.4279828076395744e-05,-0.025937660432974432,2.4659540055392455,0.5235987901687622,0.0025022540066681476,-0.06331154558297936,0.24439636018138564,-0.0003036564324099267
9.81,0.5210946715560782,-0.000186460601580542,-0.023074042965693774,2.468793569000496,0.5235987901687622,0.0025041186126839587,-0.06345353551083358,0.2444213827214523,-4.427982807087005e-05
9.82,0.5211007602925917,0.000608873651344592,0.07953342529251341,2.4713700312184423,0.5235987901687622,0.0024980298761705377,-0.06357472855894411,0.24444642390757915,0.00018646060158111766
9.83,0.5211040153854678,0.00032550928761033456,-0.02833643637342574,2.463605604311693,0.5235987901687622,0.0024947747832944067,-0.06318830062521053,0.24447140420634086,-0.0006088736513421011
9.84,0.5211047433406641,7.279551963728596e-05,-0.02527137679730486,2.466656174498551,0.5235987901687622,0.002494046828098062,-0.06333797366531553,0.2444963519541738,-0.0003255092876131016
9.85,0.5211032233019304,-0.00015200387337626478,-0.022479939301355074,2.4694254373091837,0.5235987901687622,0.002495566866831833,-0.06347618679423356,0.24452129242245477,-7.279551963446096e-05
9.86,0.5211097094389792,0.0006486137048821231,0.08006175782583878,2.4719381883133202,0.5235987901687622,0.002489080729783044,-0.06359386521890019,0.24454624809112308,0.00015200387337710453
9.870000000000001,0.521113408773554,0.0003699334574884458,-0.02786802473936773,2.4641160592332505,0.5235987901687622,0.0024853813952081527,-0.06320406106577096,0.24457113889842091,-0.0006486137048788976
9.88,0.521114622353509,0.00012135799549538334,-0.024857546199306246,2.46711440650092,0.5235987901687622,0.00248416781525318,-0.06335070277762482,0.244595992712373,-0.00036993345748914663
9.89,0.5211136243519098,-9.98001599235689e-05,-0.022115815541895224,2.4698364421028143,0.5235987901687622,0.0024851658168524304,-0.0634860863342034,0.24462083439052554,-0.00012135799549728432
9.9,0.5211206644126964,0.0007040060786722059,0.08038062385957748,2.4723065202547154,0.5235987901687622,0.0024781257560657632,-0.0636011215526301,0.24464568604869405,9.980015992505642e-05
9.91,0.5211249454379739,0.00042810252775031977,-0.027590355092188608,2.4644458698365375,0.5235987901687622,0.002473844730788266,-0.06320877936760372,0.24467046730625472,-0.000704006078666719
9.92,0.5211267647266394,0.00018192886654489079,-0.0246173661205429,2.4674094795660118,0.5235987901687622,0.0024720254421227716,-0.06335312087374306,0.2446952057535626,-0.0004281025277497186
9.93,0.521126393041148,-3.7168549141588695e-05,-0.021909741568647948,2.470100225835572,0.5235987901687622,0.0024723971276141565,-0.06348634838572509,0.24471992600798384,-0.00018192886654944118
9.94,0.5211340769236579,0.0007683882509796794,0.0805556800121268,2.4725421565601264,0.5235987901687622,0.002464713245104333,-0.06359936099519485,0.24474464997926,3.716854913848877e-05
9.950000000000001,0.5211390164564071,0.0004939532749311348,-0.027443497604854452,2.46465622105833,0.5235987901687622,0.0024597737123550623,-0.06320507683636019,0.24476929711171103,-0.0007683882509823547
9.96,0.521141506375708,0.0002489919300891171,-0.024496134484201768,2.4675971528626257,0.5235987901687622,0.00245728379305421,-0.06334764094320856,0.24479389484883457,-0.0004939532749270725
9.97,0.5211418151162578,3.087405497735954e-05,-0.021811787511175757,2.470267595497341,0.5235987901687622,0.0024569750525044176,-0.06347919498709978,0.2448184676867651,-0.00024899193008520726
9.98,0.5211401871067861,-0.00016280094716615665,-0.01936750021435162,2.4726913843481526,0.5235987901687622,0.0024586030619760946,-0.06360062991077607,0.24484303743729013,-3.087405497925744e-05
9.99,0.5211468448656192,0.0006657758833140536,0.08285768304802102,2.4748902747705364,0.5235987901687622,0.002451945303142966,-0.06370276446793831,0.24486762346790988,0.0001628009471676961
10.0,0.521150966559733,0.0004121694113746257,-0.02536064719394279,2.4667831234077147,0.5235987901687622,0.002447823609029176,-0.06329801355820401,0.2448921429209413,-0.0006657758833128469
