time,angle,velocity,acceleration,torque,target,error,reward,pid_integral,pid_derivative
0.01,0.001,0.1,10.0,10.0,0.5235987901687622,0.5225987901687622,-1.5226087901687624,0.005235987901687622,52.35987901687622
0.02,0.00299350950008175,0.199350950008175,9.9350950008175,10.0,0.5235987901687622,0.5206052806686805,-1.5206450214699496,0.010461975803375243,-0.10000000000000009
0.03,0.005978557176446582,0.29850476763648315,9.915381762830819,10.0,0.5235987901687622,0.5176202329923156,-1.5177093380886173,0.01566802861006205,-0.19935095000817027
0.04,0.009952687340309328,0.3974130163862745,9.890824874979138,10.0,0.5235987901687622,0.5136461028284529,-1.5138040399340462,0.020844230939985206,-0.29850476763648714
0.05,0.014912961661462528,0.49602743211531997,9.861441572904544,10.0,0.5235987901687622,0.5086858285072997,-1.5089318717207105,0.025980691968269735,-0.39741301638627213
0.06,0.020855961171727794,0.5942999510265266,9.827251891120653,10.0,0.5235987901687622,0.5027428289970344,-1.5030960214288245,0.03106755025334273,-0.4960274321153202
0.07,0.027777788575126736,0.6921827403398942,9.788278931336768,10.0,0.5235987901687622,0.49582100159363546,-1.49630011853966,0.036094978543313075,-0.5942999510265334
0.08,0.03567407089794684,0.7896282322820103,9.744549194211599,10.0,0.5235987901687622,0.4879247192708154,-1.4885482320160321,0.04105318855924943,-0.6921827403398917
0.09,0.04453996251790098,0.8865891619954142,9.696092971340388,10.0,0.5235987901687622,0.4790588276508612,-1.479844867993029,0.04593243575195758,-0.7896282322820081
0.1,0.05437014861723114,0.9830186099330158,9.642944793760165,10.0,0.5235987901687622,0.46922864155153104,-1.4701949671390055,0.05072302402846619,-0.8865891619954158
0.11,0.06515884910983535,1.0788700492604215,9.58514393274056,10.0,0.5235987901687622,0.4584399410589268,-1.459603901642118,0.05541531044398151,-0.9830186099330174
0.12,0.07689982309725095,1.174097398741559,9.522734948113763,10.0,0.5235987901687622,0.44669896707151124,-1.448077471773243,0.059999709854570774,-1.078870049260422
0.13,0.0895863739125555,1.2686550815304547,9.455768278889563,10.0,0.5235987901687622,0.4340124162562067,-1.4356219019720997,0.06446669952528589,-1.1740973987415582
0.14,0.10321135481490037,1.3624980902344879,9.384300870403324,10.0,0.5235987901687622,0.4203874353538618,-1.4222438363997543,0.06880682368784795,-1.2686550815304565
0.15,0.11776717540042134,1.4555820585520967,9.308396831760877,10.0,0.5235987901687622,0.40583161476834084,-1.4079503338975194,0.07301069804138657,-1.3624980902344874
0.16,0.13324580879763032,1.5478633397208972,9.228128116880047,10.0,0.5235987901687622,0.3903529813711319,-1.3927488622895838,0.07706901418906999,-1.4555820585520962
0.17,0.14952757539531064,1.6281766597680327,8.031332004713546,8.887756782723095,0.5235987901687622,0.37407121477345157,-1.1666443802972686,0.08097254400278131,-1.5478633397208952
0.18,0.16628406203718996,1.6756486641879302,4.747200441989745,5.690720843489665,0.5235987901687622,0.3573147281315723,-0.6839655637626443,0.08471325615051582,-1.6281766597680325
0.19,0.183247741568769,1.6963679531579048,2.0719288969974605,3.1013635637169656,0.5235987901687622,0.3403510485999932,-0.43941327237600636,0.08828640343183154,-1.6756486641879287
0.2,0.2002025410945677,1.6954799525798705,-0.08880005780342513,1.0246449360194987,0.5235987901687622,0.3233962490741945,-0.3367698737928988,0.09168991391783148,-1.6963679531579068
0.21,0.21697576761198284,1.677322651741514,-1.8157300838356432,-0.6207353800922206,0.5235987901687622,0.30662302255677937,-0.3132895579558069,0.09492387640857342,-1.6954799525798703
0.22,0.23343120242137208,1.6455434809389236,-3.1779170802590566,-1.9042497128109304,0.5235987901687622,0.29016758774739015,-0.32913707078245585,0.0979901066341412,-1.677322651741514
0.23,0.2494632014950303,1.6031999073658212,-4.2343573573102455,-2.8851930189232604,0.5235987901687622,0.2741355886737319,-0.35994922618114483,0.10089178251161511,-1.6455434809389213
0.24,0.26499166126979384,1.5528459774763559,-5.035392988946524,-3.614107895959819,0.5235987901687622,0.25860712889896836,-0.39163621836512397,0.10363313839835243,-1.6031999073658265
0.25,0.27995772857985446,1.4966067310060598,-5.62392464702961,-4.134014562756796,0.5235987901687622,0.24364106158890775,-0.416781657347053,0.10621920968734212,-1.5528459774763526
0.26,0.2943201500779355,1.4362421498081042,-6.036458119795565,-4.481472258198146,0.5235987901687622,0.2292786400908267,-0.432177367613708,0.1086556203032312,-1.4966067310060616
0.27,0.30805217086031406,1.3732020782378584,-6.304007157024576,-4.687494920038002,0.5235987901687622,0.21554661930844815,-0.43715838950994573,0.11094840670413947,-1.4362421498081035
0.28,0.32113890442271853,1.3086733562404447,-6.452872199741384,-4.77834090494007,0.5235987901687622,0.20245988574604368,-0.43249792973761214,0.11310387289722396,-1.3732020782378562
0.29,0.33357510679662744,1.2436202373908922,-6.505311884955255,-4.776193832657736,0.5235987901687622,0.19002368337213477,-0.41969054993816085,0.1151284717546844,-1.3086733562404473
0.3,0.34536329697926926,1.17881901826418,-6.480121912671224,-4.69974932472029,0.5235987901687622,0.17823549318949294,-0.4005015446194025,0.11702870858840574,-1.2436202373908911
0.31,0.35651217377439526,1.1148876795126001,-6.393133875157981,-4.5647204111313435,0.5235987901687622,0.16708661639436695,-0.37669631525028696,0.11881106352030067,-1.1788190182641822
0.32,0.36703528607606345,1.0523112301668174,-6.2576449345782725,-4.38427265397285,0.5235987901687622,0.15656350409269876,-0.34988933006157535,0.12048192968424434,-1.1148876795125995
0.33,0.3769499196020276,0.991463352596418,-6.084787757039938,-4.169398546814794,0.5235987901687622,0.1466488705667346,-0.32147071256808946,0.12204756472517134,-1.0523112301668192
0.34,0.38627616824437955,0.9326248642351905,-5.8838488361227546,-3.929239460946487,0.5235987901687622,0.13732262192438266,-0.2925816384763628,0.12351405343083868,-0.9914633525964167
0.35000000000000003,0.3950361626628671,0.875999441848757,-5.662542238643358,-3.671362295764771,0.5235987901687622,0.1285626275058951,-0.26411901359564616,0.1248872796500825,-0.9326248642351931
0.36,0.4032534325958201,0.8217269932952973,-5.427244855345965,-3.401997027134218,0.5235987901687622,0.12034535757294212,-0.23675643055075285,0.12617290592514147,-0.8759994418487571
0.37,0.41095238268693485,0.7698950091114769,-5.183198418382038,-3.1262405136030065,0.5235987901687622,0.11264640748182736,-0.21097294329581004,0.1273763595008709,-0.8217269932952964
0.38,0.4181578644942667,0.7205481807331825,-4.934682837829445,-2.848231198289902,0.5235987901687622,0.10544092567449553,-0.18708432494437274,0.12850282357568918,-0.7698950091114765
0.39,0.42489482982202675,0.6736965327760065,-4.685164795717594,-2.571298718889757,0.5235987901687622,0.09870396034673545,-0.1652735983826509,0.12955723283243414,-0.7205481807331826
0.4,0.4311880526493024,0.6293222827275631,-4.437425004844347,-2.2980918964876,0.5235987901687622,0.09241073751945983,-0.145619047702017,0.1305442724359015,-0.673696532776008
0.41000000000000003,0.4370619087685981,0.5873856119295723,-4.193667079799077,-2.0306881044943044,0.5235987901687622,0.08653688140016413,-0.12811884503461274,0.1314683798110961,-0.6293222827275624
0.42,0.4425402038309597,0.5478295062361624,-3.9556105693409815,-1.770686612323999,0.5235987901687622,0.0810585863378025,-0.11271201429633985,0.13233374862509775,-0.5873856119295695
0.43,0.4476460418578923,0.5105838026932612,-3.724570354290125,-1.519288146058269,0.5235987901687622,0.0759527483108699,-0.09929580883797433,0.1331443344884758,-0.5478295062361638
0.44,0.45240172745320384,0.4755685595311538,-3.50152431621074,-1.2773626030623593,0.5235987901687622,0.07119706271555837,-0.08773978036739537,0.1339038619715845,-0.5105838026932596
0.45,0.45682869595619263,0.4426968502988809,-3.2871709232272877,-1.0455065930798249,0.5235987901687622,0.06677009421256958,-0.07789691507556795,0.13461583259874008,-0.4755685595311532
0.46,0.46094746664368347,0.41187706874908153,-3.0819781549799337,-0.8240922493119704,0.5235987901687622,0.06265132352507874,-0.0696122465986007,0.13528353354086578,-0.4426968502988793
0.47000000000000003,0.4647776148317329,0.38301481880494387,-2.8862249944137655,-0.6133085547126313,0.5235987901687622,0.0588211753370293,-0.06272934952129045,0.13591004677611657,-0.4118770687490836
0.48,0.46833775936520256,0.356014453346963,-2.7000365457980866,-0.4131962571010872,0.5235987901687622,0.05526103080355965,-0.057095088563375064,0.13649825852948685,-0.38301481880494426
0.49,0.47164556252940576,0.3307803164203195,-2.5234136926643513,-0.22367729820809945,0.5235987901687622,0.05195322763935645,-0.05256295859442432,0.13705086883752246,-0.35601445334696447
0.5,0.47471773988528687,0.3072177355881139,-2.3562580832205633,-0.04457955333160424,0.5235987901687622,0.048881050283475336,-0.04899530638628768,0.13757040111391602,-0.33078031642032046
0.51,0.47757007792900064,0.28523380437137663,-2.1983931216737242,0.12434243275281798,0.5235987901687622,0.04602871223976157,-0.046264680968746634,0.13805921161675078,-0.30721773558811116
0.52,0.4802174578177646,0.26473798887639705,-2.0495815494979603,0.2833901239401122,0.5235987901687622,0.043381332350997615,-0.044254518177219856,0.1385194987391484,-0.28523380437137646
0.53,0.4826738836946204,0.24564258768557912,-1.9095401190817942,0.43290657819843137,0.5235987901687622,0.04092490647414182,-0.042859327809501434,0.13895331206265837,-0.26473798887639566
0.54,0.4849525143923089,0.22786306976885318,-1.7779517916725947,0.5732645049765912,0.5235987901687622,0.0386462757764533,-0.041984519281678345,0.13936256112739978,-0.24564258768557945
0.55,0.4870656975069352,0.21131831146262442,-1.6544758306228757,0.7048564211199295,0.5235987901687622,0.03653309266182703,-0.0415459738345264,0.1397490238851643,-0.22786306976885218
0.56,0.48902500501072454,0.19593075037893767,-1.5387561083686736,0.8280865850479859,0.5235987901687622,0.03457378515803766,-0.04146944794034607,0.14011435481178258,-0.21131831146262714
0.5700000000000001,0.49084126972449404,0.18162647137695045,-1.4304279001987221,0.9433644348586663,0.5235987901687622,0.03275752044426816,-0.04168987318893512,0.14046009266336296,-0.19593075037893648
0.58,0.4925246220983876,0.16833523738935735,-1.3291233987593105,1.051099295565873,0.5235987901687622,0.031074168070374608,-0.04215060211391228,0.14078766786780564,-0.18162647137694998
0.59,0.49408452685732923,0.1559904758941629,-1.234476149519446,1.151696154735446,0.5235987901687622,0.029514263311432976,-0.04280263666832679,0.14109840954850938,-0.1683352373893554
0.6,0.4955298191584316,0.14452923011023705,-1.146124578392586,1.245552335076269,0.5235987901687622,0.028068971010330623,-0.04360386590282635,0.14139355218162372,-0.15599047589416326
0.61,0.4968687399837627,0.13389208253311002,-1.0637147577127015,1.3330549177456277,0.5235987901687622,0.02673005018499952,-0.0445183314120226,0.14167424189172703,-0.14452923011023522
0.62,0.4981089705555666,0.1240230571803883,-0.9869025352721726,1.4145787917735175,0.5235987901687622,0.02548981961319563,-0.04551553291326225,0.14194154239357704,-0.13389208253311025
0.63,0.49925766561410573,0.11486950585391621,-0.9153551326472086,1.490485223608871,0.5235987901687622,0.02434112455465648,-0.046569781575995464,0.14219644058970898,-0.12402305718038908
0.64,0.5003214854423276,0.10638198282218979,-0.8487523031726427,1.561120856739902,0.5235987901687622,0.023277304726434633,-0.04765960514618707,0.14243985183525554,-0.11486950585391509
0.65,0.501306626557919,0.09851411155914638,-0.7867871263043398,1.6268170650249703,0.5235987901687622,0.022292163610843185,-0.048767206271584054,0.1426726248825199,-0.10638198282218458
0.66,0.5022188510231673,0.09122244652483484,-0.7291665034311542,1.6878895950877055,0.5235987901687622,0.021379939145594884,-0.04987797353239825,0.14289554651862832,-0.0985141115591448
0.67,0.5030635143473966,0.08446633242293136,-0.6756114101903474,1.744638443163728,0.5235987901687622,0.020535275821365606,-0.05098004335632616,0.14310934591008426,-0.09122244652483014
0.68,0.503845591976448,0.0782077629051382,-0.6258569517793159,1.7973479203609841,0.5235987901687622,0.019753198192314247,-0.05206391011475242,0.1433146986682979,-0.08446633242292778
0.6900000000000001,0.5045697043794568,0.07241124030088306,-0.5796522604255141,1.8462868676309179,0.5235987901687622,0.0190290857893054,-0.053122081152891173,0.14351223065022106,-0.07820776290513587
0.7000000000000001,0.5052401407556729,0.06704363762160911,-0.5367602679273942,1.8917089879939861,0.5235987901687622,0.01835864941308929,-0.05414877321500714,0.1437025215081141,-0.07241124030088475
0.71,0.5058608813938055,0.062074063813260486,-0.49695738083486307,1.933853268899158,0.5235987901687622,0.017737908774956734,-0.05513964662067462,0.143886108002245,-0.06704363762161103
0.72,0.5064356187238088,0.05747373300033845,-0.46003308129220377,1.9729444721305085,0.5235987901687622,0.017163171444953385,-0.056091573576041685,0.14406348708999456,-0.06207406381325553
0.73,0.506967777106543,0.05321583827341438,-0.4257894726924066,2.0091936725330797,0.5235987901687622,0.016631013062219258,-0.05700243712513204,0.1442351188044441,-0.05747373300033498
0.74,0.507460531410677,0.04927543041340613,-0.3940407860008249,2.0427988301043345,0.5235987901687622,0.016138258758085167,-0.05787095742888397,0.14440142893506627,-0.0532158382734127
0.75,0.5079168244288292,0.045629301815219354,-0.36461285981867786,2.073945382766806,0.5235987901687622,0.015681965739932968,-0.058696542280114644,0.14456281152264713,-0.049275430413409094
0.76,0.5083393831864929,0.04225587576635706,-0.33734260488622925,2.1028068494893644,0.5235987901687622,0.015259406982269352,-0.059479159003899995,0.14471963118004647,-0.04562930181521985
0.77,0.5087307341979832,0.039135101149032035,-0.3120774617325021,2.129545435398395,0.5235987901687622,0.014868055970779004,-0.060219225141182345,0.14487222524986915,-0.042255875766361584
0.78,0.5090932177236249,0.03624835256416767,-0.2886748584864368,2.1543126321929726,0.5235987901687622,0.014505572445137283,-0.060917515560463036,0.14502090580957694,-0.039135101149034845
0.79,0.5094290010818213,0.03357833581963611,-0.26700167445315576,2.1772498085705685,0.5235987901687622,0.014169789086940887,-0.061575083880783074,0.1451659615340283,-0.03624835256417214
0.8,0.5097400910686317,0.031108998681035026,-0.24693371386010826,2.198488786550275,0.5235987901687622,0.01385869910013049,-0.06219319631580243,0.1453076594248977,-0.03357833581963954
0.81,0.5100283455361231,0.02882544674914111,-0.2283551931893914,2.2181524005512436,0.5235987901687622,0.013570444632639123,-0.06277327625973185,0.145446246415899,-0.03110899868103978
0.8200000000000001,0.5102954841791469,0.026713864302381457,-0.2111582446759656,2.236355036903433,0.5235987901687622,0.013303305989615266,-0.06331685813099477,0.1455819508622254,-0.028825446749136674
0.8300000000000001,0.510543098578384,0.024761439923703055,-0.19524243786784012,2.253203152135029,0.5235987901687622,0.013055691590378227,-0.06382554916719763,0.14571498392212154,-0.026713864302385648
0.84,0.5107726615455644,0.022956296718047466,-0.18051432056555894,2.268795768943997,0.5235987901687622,0.012826128623197763,-0.06430099802653859,0.1458455408380253,-0.024761439923703943
0.85,0.5109855358147446,0.02128742691801467,-0.16688698000327956,2.2832249492014225,0.5235987901687622,0.012613254354017611,-0.06474486919512078,0.14597380212425728,-0.022956296718046332
0.86,0.5111829821214513,0.019744630670669085,-0.15427962473455847,2.2965762437194313,0.5235987901687622,0.012415808047310906,-0.06515882232991574,0.14609993466779747,-0.021287426918015218
0.87,0.5113661667094191,0.01831845879678137,-0.14261718738877163,2.308929118800385,0.5235987901687622,0.012232623459343062,-0.06554449578171899,0.14622409274827058,-0.01974463067067056
0.88,0.5115361683025661,0.017000159314697276,-0.1318299482084092,2.320357359827258,0.5235987901687622,0.01206262186619611,-0.06590349364465808,0.14634641898286402,-0.018318458796784398
0.89,0.5116939845778051,0.015781627523898716,-0.121853179079856,2.3309294523409685,0.5235987901687622,0.01190480559095708,-0.06623737576863006,0.14646704520152598,-0.017000159314695118
0.9,0.5118405381722824,0.014655359447721877,-0.11262680761768391,2.340708941192001,0.5235987901687622,0.01175825199647984,-0.06654765024980216,0.14658609325743555,-0.015781627523903108
0.91,0.5119766822566858,0.01361440844033892,-0.10409510073829573,2.3497547684675095,0.5235987901687622,0.011622107912076407,-0.06683576798355159,0.14670367577740034,-0.014655359447723892
0.92,0.5121032057043814,0.012652344769556933,-0.0962063670781987,2.358121590965985,0.5235987901687622,0.011495584464380815,-0.06710311892400847,0.1468198968565211,-0.01361440844034334
0.93,0.5122208378843234,0.011763217994195357,-0.08891267753615767,2.365860078058546,0.5235987901687622,0.01137795228443883,-0.06735102974724831,0.1469348527011649,-0.012652344769559232
0.9400000000000001,0.5123302531039468,0.010941521962335861,-0.08216960318594967,2.3730171908000073,0.5235987901687622,0.011268537064815454,-0.06758076266004188,0.1470486322240093,-0.011763217994198438
0.9500000000000001,0.5124320747265931,0.01018216226463516,-0.07593596977007011,2.379636443181367,0.5235987901687622,0.011166715442169073,-0.06779351513576612,0.14716131759465745,-0.010941521962337664
0.96,0.5125268789864417,0.009480425984857098,-0.07017362797780635,2.385758146414937,0.5235987901687622,0.011071911182320537,-0.06799042039264977,0.14727298474907913,-0.010182162264638084
0.97,0.5126151985224199,0.008831953597821116,-0.0648472387035982,2.391419637144006,0.5235987901687622,0.010983591646342328,-0.06817254845892638,0.14738370386090233,-0.009480425984853547
0.98,0.5126975256511488,0.008232712872894456,-0.05992407249266593,2.3966554904514714,0.5235987901687622,0.010901264517613418,-0.0683409076942865,0.14749353977736576,-0.008831953597820963
0.99,0.512774315397639,0.007678974649015354,-0.05537382238791019,2.4014977185289417,0.5235987901687622,0.01082447477112325,-0.06849644665877203,0.1476025524225419,-0.008232712872890957
1.0,0.5128459883011871,0.007167290354816859,-0.05116842941984959,2.405975955834518,0.5235987901687622,0.010752801867575101,-0.06864005623816437,0.14771079717025312,-0.007678974649016901
1.01,0.512912933012736,0.0066944711548847955,-0.047281919993206356,2.410117631550503,0.5235987901687622,0.010685857156026213,-0.0687725719510763,0.14781832518892887,-0.0071672903548147815
1.02,0.5129755086988387,0.00625756861026945,-0.04369025446153452,2.4139481301097354,0.5235987901687622,0.010623281469923529,-0.06889477637569132,0.14792518376048913,-0.006694471154888859
1.03,0.5130340472663216,0.0058538567482971674,-0.040371186197228306,2.417490940538869,0.5235987901687622,0.010564742902440583,-0.06900740164595447,0.14803141657518837,-0.0062575686102683825
1.04,0.5130888554207539,0.00548081544322936,-0.037304130506780706,2.4207677953202933,0.5235987901687622,0.01050993474800832,-0.06911113197594497,0.14813706400421278,-0.005853856748294639
1.05,0.5131402165709104,0.005136115015644435,-0.03447004275849258,2.4237987994532366,0.5235987901687622,0.01045857359785185,-0.06920660617983883,0.14824216335169285,-0.005480815443226206
1.06,0.5131883925905536,0.004817601964325149,-0.0318513051319286,2.426602550348958,0.5235987901687622,0.010410397578208608,-0.06929442016109796,0.14834674908767137,-0.005136115015647036
1.07,0.5132336254480547,0.00452328575011349,-0.029431621421165892,2.4291962491689105,0.5235987901687622,0.010365164720707476,-0.0693751293505845,0.14845085306345346,-0.004817601964324236
1.08,0.5132761387136198,0.0042513265565084606,-0.027195919360502908,2.4315958041750894,0.5235987901687622,0.01032265145514244,-0.06944925107773893,0.14855450471066053,-0.004523285750113182
1.09,0.5133161389531885,0.004000023956868849,-0.02513025996396112,2.4338159266362913,0.5235987901687622,0.010282651215573702,-0.06951726686325005,0.14865773122521195,-0.004251326556503621
1.1,0.5133538170174164,0.0037678064227915017,-0.02322175340773471,2.4358702197935704,0.5235987901687622,0.01024497315134576,-0.06957962462448276,0.14876055773736768,-0.004000023956873822
1.11,0.5133893492335441,0.003553221612761484,-0.021458481003001764,2.437771261367504,0.5235987901687622,0.01020944093521814,-0.0696367407880951,0.14886300746888115,-0.003767806422794173
1.12,0.5134228985073872,0.0033549273843091823,-0.01982942284523016,2.439530680048906,0.5235987901687622,0.010175891661375003,-0.06968900230591155,0.14896510187823334,-0.0035532216127620586
1.1300000000000001,0.5134546153421564,0.003171683476919533,-0.018324390738964927,2.441159226399698,0.5235987901687622,0.01014417482660579,-0.06973676857254558,0.14906686079484707,-0.003354927384313644
1.1400000000000001,0.5134846387803224,0.0030023438165943726,-0.016933966032516068,2.442666838553284,0.5235987901687622,0.010114151388439852,-0.06978037324418722,0.14916830254311314,-0.0031716834769213165
1.1500000000000001,0.5135130972742866,0.0028458493964255344,-0.0156494420168838,2.4440627030820843,0.5235987901687622,0.010085692894475584,-0.06982012595930341,0.14926944405699755,-0.003002343816593811
1.16,0.5135401094911946,0.002701221690795289,-0.014462770563024537,2.4453553113784467,0.5235987901687622,0.010058680677567655,-0.06985631396303407,0.1493703009859423,-0.002845849396426736
1.17,0.5135657850568328,0.002567556563824104,-0.013366512697118499,2.4465525118680875,0.5235987901687622,0.010033005111929394,-0.06988920363755659,0.149470887792718,-0.0027012216907928988
1.18,0.5135902252431878,0.002444018635499165,-0.012353792832493916,2.44766155835479,0.5235987901687622,0.010008564925574448,-0.06991904194127953,0.14957121784383728,-0.0025675565638261233
1.19,0.5136135236039036,0.0023298360715775287,-0.011418256392163623,2.4486891547784833,0.5235987901687622,0.009985266564858652,-0.0699460577602924,0.14967130349309302,-0.0024440186354945936
1.2,0.5136357665615612,0.00222429576575899,-0.01055403058185387,2.44964149664169,0.5235987901687622,0.009963023607201027,-0.06997046317538207,0.1497711561587416,-0.0023298360715795496
1.21,0.513657033950411,0.002126738884972789,-0.009755688078620088,2.450524309352988,0.5235987901687622,0.00994175621835125,-0.06999245464866892,0.1498707863948136,-0.0022242957657625517
1.22,0.5136773995179177,0.0020365567506757712,-0.009018213429701792,2.451342883705542,0.5235987901687622,0.00992139065084452,-0.07001221413334595,0.14997020395699712,-0.002126738884977719
1.23,0.5136969313882287,0.0019531870310955093,-0.008336971958026192,2.452102108706047,0.5235987901687622,0.009901858780533512,-0.07002991011067951,0.15006941786350556,-0.0020365567506730464
1.24,0.5137156924904401,0.001876110221147075,-0.0077076809948434175,2.4528065019444463,0.5235987901687622,0.009883097678322073,-0.07004569855792113,0.1501684364513109,-0.0019531870311007005
1.25,0.5137337409543252,0.0018048463885101005,-0.00712638326369746,2.453460237690269,0.5235987901687622,0.009865049214436983,-0.07005972385117938,0.15026726742809413,-0.0018761102211439784
1.26,0.5137511304759839,0.0017389521658632459,-0.0065894222646854655,2.4540671728759036,0.5235987901687622,0.009847659692778343,-0.07007211960660427,0.15036591792023848,-0.0018048463885089738
1.27,0.5137679106556923,0.0016780179708414979,-0.0060934195021747906,2.454630871132218,0.5235987901687622,0.009830879513069934,-0.07008300946396734,0.15046439451716626,-0.0017389521658639495
1.28,0.513784127310058,0.0016216654365687855,-0.005635253427271246,2.4551546250131455,0.5235987901687622,0.009814662858704248,-0.07009250781573742,0.15056270331229696,-0.0016780179708408838
1.29,0.5137998227604272,0.0015695450369314914,-0.00521203996372941,2.4556414765478927,0.5235987901687622,0.009798967408334969,-0.07010072048522972,0.150660849940884,-0.001621665436568609
1.3,0.5138150360993465,0.0015213338919294731,-0.004821114500201819,2.4560942362446108,0.5235987901687622,0.009783754069415673,-0.07010774535701246,0.15075883961496733,-0.0015695450369279662
1.31,0.5138298034367417,0.0014767337395189969,-0.004460015241047617,2.456515500659591,0.5235987901687622,0.009768986732020535,-0.07011367296257148,0.15085667715566148,-0.0015213338919295438
1.32,0.5138441581273557,0.0014354690614004721,-0.004126467811852469,2.4569076686415934,0.5235987901687622,0.009754632041406475,-0.07011858702427659,0.15095436702298168,-0.001476733739513847
1.33,0.5138581309808667,0.0013972853511020642,-0.0038183710298407975,2.4572729563464843,0.5235987901687622,0.009740659187895462,-0.07012256496021972,0.15105191334339574,-0.001435469061406014
1.34,0.5138717504560032,0.0013619475136419073,-0.0035337837460156854,2.4576134111202674,0.5235987901687622,0.009727039712759011,-0.070125678352842,0.1511493199352747,-0.001397285351101285
1.35,0.5138850428398709,0.001329238386771033,-0.0032709126870874364,2.457930924327023,0.5235987901687622,0.009713747328891298,-0.07012799338339694,0.1512465903324023,-0.0013619475136450454
1.36,0.5138980324136173,0.0012989573746457208,-0.0030281012125311993,2.4582272432106147,0.5235987901687622,0.009700757755144895,-0.07012957123506375,0.1513437278056912,-0.0013292383867713475
1.37,0.5139107416054711,0.0012709191853784304,-0.0028038189267290473,2.4585039818541112,0.5235987901687622,0.009688048563291085,-0.07013046846645186,0.15144073538324265,-0.0012989573746402527
1.3800000000000001,0.5139231911321173,0.0012449526646137025,-0.0025966520764727843,2.4587626313102438,0.5235987901687622,0.009675599036644944,-0.0701307373578288,0.15153761586887557,-0.0012709191853810253
1.3900000000000001,0.5139354001292958,0.0012208997178596271,-0.0024052946754075377,2.4590045689646325,0.5235987901687622,0.009663390039466369,-0.07013042623195187,0.15163437185924203,-0.0012449526646141074
1.4000000000000001,0.513947386272444,0.0011986143148153257,-0.002228540304430149,2.459231067185853,0.5235987901687622,0.009651403896318245,-0.07012957975111522,0.1517310057596367,-0.0012208997178575487
1.41,0.513959165888139,0.0011779615694989403,-0.0020652745316385446,2.4594433013215755,0.5235987901687622,0.00963962428062326,-0.07012823919237242,0.15182751979859987,-0.0011986143148123851
1.42,0.5139707540570431,0.001158816890410839,-0.0019144679088101205,2.459642357086418,0.5235987901687622,0.00962803611171914,-0.07012644270231203,0.15192391604140612,-0.0011779615694984535
1.43,0.5139821647089973,0.0011410651954164217,-0.001775169499441745,2.4598292373889077,0.5235987901687622,0.009616625459764938,-0.07012422553292767,0.15202019640252332,-0.0011588168904119733
1.44,0.5139934107108616,0.0011246001864280305,-0.0016465008988391303,2.460004868639299,0.5235987901687622,0.009605379457900631,-0.07012162025991674,0.15211636265712097,-0.0011410651954202322
1.45,0.5140045039476551,0.0011093236793468812,-0.0015276507081149193,2.4601701065784494,0.5235987901687622,0.00959428622110714,-0.07011865698472836,0.15221241645169997,-0.0011246001864306798
1.46,0.5140154553975056,0.0010951449850576309,-0.0014178694289250365,2.460325741662842,0.5235987901687622,0.009583334771256613,-0.07011536352148728,0.15230835931391104,-0.001109323679349128
1.47,0.5140262752008816,0.0010819803376015099,-0.0013164647456120962,2.4604725040408435,0.5235987901687622,0.009572514967880585,-0.07011176556997223,0.1524041926616236,-0.0010951449850526984
1.48,0.5140369727245409,0.0010697523659259401,-0.001222797167556966,2.460611068149028,0.5235987901687622,0.009561817444221354,-0.07010788687556649,0.15249991781130243,-0.0010819803376027615
1.49,0.5140475566206001,0.001058389605919081,-0.0011362760006859082,2.4607420569611196,0.5235987901687622,0.009551233548162119,-0.0701037493773231,0.15259553598574463,-0.0010697523659231045
1.5,0.5140580348810964,0.001047826049628209,-0.001056355629087194,2.460866045910004,0.5235987901687622,0.009540755287665847,-0.07009937334473267,0.15269104832122626,-0.0010583896059235265
1.51,0.5140684148883851,0.0010380007288708266,-0.0009825320757382364,2.4609835665150706,0.5235987901687622,0.009530375280377146,-0.07009477750439502,0.15278645587410292,-0.0010478260496271652
1.52,0.5140787034616908,0.0010288573305802145,-0.0009143398290612156,2.4610951097293783,0.5235987901687622,0.009520086707071385,-0.0700899791569574,0.1528817596269067,-0.0010380007288701698
1.53,0.5140889069001059,0.001020343841503857,-0.000851348907635753,2.4612011290353903,0.5235987901687622,0.009509883268656316,-0.07008499428540867,0.1529769604939774,-0.0010288573305761162
1.54,0.5140990310223058,0.0010124122199914646,-0.0007931621512392503,2.4613020433021346,0.5235987901687622,0.009499759146456399,-0.07007983765506753,0.15307205932666398,-0.0010203438415068433
1.55,0.5141090812032342,0.0010050180928330187,-0.0007394127158445868,2.461398239427091,0.5235987901687622,0.009489708965528032,-0.07007452290613723,0.15316705691812854,-0.0010124122199917096
1.56,0.5141190624079863,0.0009981204752097246,-0.0006897617623294119,2.4614900747739075,0.5235987901687622,0.00947972776077588,-0.07006906263912493,0.15326195400778383,-0.001005018092836707
1.57,0.5141289792231066,0.000991681512025152,-0.0006438963184572585,2.4615778794272,0.5235987901687622,0.009469810945655577,-0.0700634684939409,0.15335675128539158,-0.0009981204752151918
1.58,0.5141388358854962,0.0009856662389666293,-0.0006015273058522716,2.4616619582734325,0.5235987901687622,0.009459954283265959,-0.0700577512229098,0.15345144939484814,-0.000991681512030329
1.59,0.5141486363091142,0.000980042361802962,-0.0005623877163667412,2.461742592924168,0.5235987901687622,0.00945015385964798,-0.07005192075830108,0.1535460489376808,-0.000985666238961791
1.6,0.5141583841096394,0.0009747800525174119,-0.0005262309285549993,2.461820043491614,0.5235987901687622,0.009440406059122775,-0.07004598627468946,0.15364055047627728,-0.0009800423617978282
1.61,0.5141680826272496,0.0009698517610101687,-0.0004928291507243221,2.46189455023055,0.5235987901687622,0.00943070754151265,-0.0700399562466739,0.1537349545368685,-0.0009747800525206074
1.62,0.5141777349476613,0.0009652320411710972,-0.0004619719839071418,2.4619663350538534,0.5235987901687622,0.009421055221100927,-0.07003383850215884,0.15382926161228364,-0.0009698517610123858
1.6300000000000001,0.5141873439215635,0.0009608973902183992,-0.00043346509526980687,2.4620356029315915,0.5235987901687622,0.009411446247198696,-0.07002764027154974,0.15392347216449465,-0.0009652320411723814
1.6400000000000001,0.5141969121825666,0.0009568261003082074,-0.0004071289910191761,2.462102543185074,0.5235987901687622,0.009401877986195628,-0.07002136823329591,0.15401758662696663,-0.0009608973902230922
1.6500000000000001,0.5142064421637813,0.000952998121474254,-0.0003827978833953402,2.462167330681713,0.5235987901687622,0.0093923480049809,-0.07001502855594945,0.15411160540682858,-0.0009568261003067846
1.6600000000000001,0.5142159361131315,0.0009493949350202665,-0.0003603186453987467,2.4622301269374165,0.5235987901687622,0.009382854055630663,-0.07000862693696387,0.15420552888687838,-0.00095299812147287
1.67,0.5142253961074974,0.0009459994365882531,-0.00033954984320134357,2.4622910811369403,0.5235987901687622,0.009373394061264806,-0.07000216863864496,0.1542993574274347,-0.0009493949350236619
1.68,0.5142348240657789,0.0009427958281530193,-0.00032036084352337485,2.4623503310752404,0.5235987901687622,0.00936396610298329,-0.06999565852131072,0.15439309136804735,-0.0009459994365856872
1.69,0.5142442217609614,0.0009397695182525182,-0.0003026309900501095,2.4624080040260687,0.5235987901687622,0.0093545684078008,-0.06998910107388402,0.15448673102907717,-0.0009427958281515991
1.7,0.5142535908312599,0.0009369070298493225,-0.00028624884031956677,2.4624642175466533,0.5235987901687622,0.00934519933750233,-0.06998250044227362,0.1545802767131552,-0.000939769518248923
1.71,0.514262932790412,0.0009341959152170861,-0.0002711114632236375,2.462519080218594,0.5235987901687622,0.009335857378350187,-0.06997586045547849,0.1546737287065302,-0.0009369070298470561
1.72,0.5142722490371854,0.0009316246773324583,-0.0002571237884627861,2.462572692333871,0.5235987901687622,0.009326541131576827,-0.06996918464978627,0.15476708728031371,-0.0009341959152142643
1.73,0.514281540864158,0.0009291826972635521,-0.0002441980068906141,2.4626251465272553,0.5235987901687622,0.009317249304604203,-0.06996247629106854,0.15486035269162948,-0.0009316246773360959
1.74,0.5142908094658292,0.0009268601671121073,-0.00023225301514447766,2.4626765283619276,0.5235987901687622,0.009307980702933039,-0.06995573839545037,0.15495352518467553,-0.0009291826972623873
1.75,0.5143000559461098,0.0009246480280616705,-0.00022121390504367677,2.462726916868024,0.5235987901687622,0.009298734222652372,-0.06994897374828919,0.15504660499170486,-0.0009268601671164056
1.76,0.5143092813252416,0.0009225379131735218,-0.00021101148881487453,2.462776385043217,0.5235987901687622,0.009289508843520644,-0.0699421849218622,0.15513959233393138,-0.000924648028066688
1.77,0.514318486546187,0.0009205220945398543,-0.00020158186336675238,2.462825000312275,0.5235987901687622,0.009280303622575259,-0.06993537429156776,0.1552324874223666,-0.0009225379131727607
1.78,0.5143276724805317,0.0009185934344729434,-0.00019286600669108506,2.4628728249526786,0.5235987901687622,0.009271117688230524,-0.0699285440509483,0.15532529045859234,-0.0009205220945385229
1.79,0.514336839933936,0.000916745340428095,-0.00018480940448484945,2.462919916488328,0.5235987901687622,0.009261950234826233,-0.06992169622559699,0.15541800163547465,-0.0009185934344735358
1.8,0.5143459896511696,0.0009149717233660212,-0.00017736170620738512,2.462966328052271,0.5235987901687622,0.009252800517592585,-0.0699148326859587,0.1555106211378229,-0.0009167453404290704
1.81,0.5143551223207625,0.0009132669592943054,-0.00017047640717157697,2.463012108721952,0.5235987901687622,0.009243667847999681,-0.06990795515916577,0.15560314914299883,-0.0009149717233647436
1.82,0.5143642385793,0.0009116258537459974,-0.0001641105548308014,2.4630573038289487,0.5235987901687622,0.009234551589462181,-0.06990106523997518,0.15569558582147883,-0.000913266959290393
1.83,0.5143733390153897,0.0009100436089700424,-0.0001582244775955033,2.4631019552449516,0.5235987901687622,0.009225451153372477,-0.06989416440086689,0.15578793133737345,-0.0009116258537500421
1.84,0.5143824241733261,0.000908515793636539,-0.0001527815333503338,2.4631461016469114,0.5235987901687622,0.009216365995436071,-0.06988725400142078,0.15588018584890717,-0.0009100436089704012
1.85,0.5143914945564745,0.0009070383148394695,-0.0001477478797069498,2.4631897787594106,0.5235987901687622,0.009207295612287725,-0.06988033529685457,0.15597234950886152,-0.0009085157936405963
1.86,0.514400550630397,0.0009056073922554714,-0.00014309225839981288,2.463233019581924,0.5235987901687622,0.009198239538365183,-0.06987340944607676,0.1560644224649844,-0.0009070383148346295
1.87,0.5144095928257396,0.0009042195342578804,-0.00013878579975909466,2.463275854595115,0.5235987901687622,0.009189197343022593,-0.06986647751894849,0.15615640486036805,-0.0009056073922542041
1.8800000000000001,0.5144186215408983,0.0009028715158735912,-0.00013480183842891347,2.463318311955062,0.5235987901687622,0.00918016862786386,-0.06985954050317218,0.1562482968337983,-0.0009042195342590098
1.8900000000000001,0.5144276371444825,0.0009015603584124321,-0.00013111574611590626,2.4633604176696915,0.5235987901687622,0.009171153024279732,-0.06985259931050879,0.15634009852007694,-0.0009028715158732048
1.9000000000000001,0.514436639977589,0.0009002833106529926,-0.00012770477594395424,2.4634021957629137,0.5235987901687622,0.009162150191173168,-0.06984565478257866,0.15643181005031973,-0.0009015603584128229
1.9100000000000001,0.5144456303559037,0.000899037831468972,-0.00012454791840205842,2.4634436684265033,0.5235987901687622,0.009153159812858469,-0.06983870769623376,0.15652343155223145,-0.0009002833106563912
1.92,0.5144546085716416,0.0008978215737826062,-0.00012162576863658514,2.4634848561600484,0.5235987901687622,0.009144181597120604,-0.06983175876850313,0.15661496315036003,-0.0008990378314699399
1.93,0.514463574895339,0.0008966323697381899,-0.00011892040444162755,2.463525777899643,0.5235987901687622,0.009135215273423203,-0.06982480866113322,0.15670640496633123,-0.0008978215737864836
1.94,0.5144725295775092,0.00089546821701673,-0.0001164152721459949,2.4635664511381723,0.5235987901687622,0.009126260591252988,-0.0698178579848516,0.15679775711906546,-0.0008966323697401357
1.95,0.5144814728501711,0.000894327266186923,-0.00011409508298070026,2.463606892034649,0.5235987901687622,0.009117317318591112,-0.06981090730321861,0.15688901972497798,-0.0008954682170214667
1.96,0.5144904049282614,0.0008932078090313236,-0.00011194571555993987,2.4636471155169968,0.5235987901687622,0.009108385240500838,-0.06980395713627321,0.1569801928981639,-0.0008943272661876556
1.97,0.514499326010939,0.0008921082677556137,-0.00010995412757099782,2.463687135375226,0.5235987901687622,0.009099464157823256,-0.06979700796381427,0.1570712767505689,-0.0008932078090273521
1.98,0.5145082362827892,0.0008910271850249472,-0.00010810827306665521,2.463726964348633,0.5235987901687622,0.009090553885973018,-0.06979006022848777,0.15716227139214714,-0.0008921082677582071
1.99,0.5145171359149369,0.0008899632147697757,-0.00010639702551714508,2.4637666142068952,0.5235987901687622,0.009081654253825344,-0.06978311433866494,0.15725317693100688,-0.0008910271850237628
2.0,0.5145260250660737,0.0008889151136789701,-0.00010481010908056088,2.4638060958226373,0.5235987901687622,0.009072765102688507,-0.06977617067098645,0.15734399347354514,-0.0008899632147674197
2.0100000000000002,0.5145349038834072,0.0008878817333522304,-0.00010333803267396913,2.4638454192408963,0.5235987901687622,0.009063886285355038,-0.06976922957283249,0.15743472112457202,-0.0008889151136837192
2.02,0.5145437725035378,0.0008868620130568133,-0.0001019720295417012,2.463884593742822,0.5235987901687622,0.00905501766522443,-0.06976229136458098,0.15752535998742556,-0.0008878817333468625
2.0300000000000002,0.514552631053268,0.0008858549730172999,-0.00010070400395133933,2.4639236279020036,0.5235987901687622,0.009046159115494223,-0.06975535634157097,0.1576159101640778,-0.000886862013060874
2.04,0.5145614796503505,0.0008848597082461884,-9.95264771111587e-05,2.4639625296413374,0.5235987901687622,0.009037310518411723,-0.0697484247761538,0.15770637175523275,-0.0008858549730206278
2.05,0.5145703184041787,0.0008838753828218591,-9.843254243293437e-05,2.4640013062803403,0.5235987901687622,0.009028471764583546,-0.06974149691933146,0.15779674486041687,-0.0008848597082500298
2.06,0.5145791474164249,0.0008829012246174878,-9.741582043713143e-05,2.4640399645826263,0.5235987901687622,0.009019642752337353,-0.06973457300245543,0.1578870295780627,-0.0008838753828177559
2.07,0.5145879667816291,0.0008819365204210676,-9.647041964200992e-05,2.464078510797212,0.5235987901687622,0.009010823387133104,-0.06972765323867118,0.15797722600558606,-0.0008829012246192036
2.08,0.5145967765877435,0.0008809806114438447,-9.559089772228496e-05,2.4641169506993865,0.5235987901687622,0.009002013581018709,-0.069720737824386,0.1580673342394574,-0.0008819365204248975
2.09,0.5146055769166351,0.0008800328891604278,-9.477222834169269e-05,2.464155289625755,0.5235987901687622,0.008993213252127097,-0.06971382694049086,0.1581573543752676,-0.0008809806114395968
2.1,0.5146143678445497,0.0008790927914629562,-9.400976974715397e-05,2.464193532507375,0.5235987901687622,0.008984422324212482,-0.06970692075352837,0.15824728650778885,-0.0008800328891611642
2.11,0.514623149442541,0.0008781597991249944,-9.329923379618882e-05,2.4642316839023284,0.5235987901687622,0.008975640726221257,-0.06970001941686693,0.15833713073103098,-0.0008790927914614777
2.12,0.5146319217768661,0.0008772334325195297,-9.263666054646486e-05,2.4642697480226072,0.5235987901687622,0.008966868391896088,-0.06969312307162862,0.1584268871382932,-0.0008781597991225354
2.13,0.5146406849093521,0.0008763132485961022,-9.20183923427409e-05,2.4643077287613924,0.5235987901687622,0.008958105259410098,-0.06968623184766633,0.15851655582221216,-0.0008772334325168885
2.14,0.514649438897733,0.0008753988380857545,-9.144105103476435e-05,2.464345629717094,0.5235987901687622,0.008949351271029249,-0.06967934586440978,0.15860613687480626,-0.0008763132485989367
2.15,0.5146581837959622,0.000874489822924755,-9.090151609995184e-05,2.4643834542163914,0.5235987901687622,0.00894060637280003,-0.0696724652316876,0.15869563038751655,-0.000875398838084962
2.16,0.5146669196545008,0.0008735858538653321,-9.0396905942286e-05,2.464421205334012,0.5235987901687622,0.008931870514261364,-0.06966559005041308,0.15878503645124456,-0.0008744898229218201
2.17,0.5146756465205836,0.0008726866082759376,-8.992455893946233e-05,2.4644588859126753,0.5235987901687622,0.008923143648178589,-0.06965872041329996,0.15887435515638718,-0.0008735858538666541
2.18,0.5146843644384648,0.0008717917881114187,-8.94820164518903e-05,2.4644964985809974,0.5235987901687622,0.008914425730297437,-0.06965185640549833,0.15896358659286897,-0.0008726866082775508
2.19,0.5146930734496451,0.0008709011180313713,-8.9067008004734e-05,2.4645340457691605,0.5235987901687622,0.008905716719117107,-0.06964499810513894,0.15905273085017194,-0.0008717917881151394
2.2,0.5147017735930818,0.0008700143436683976,-8.867743629738245e-05,2.4645715297246817,0.5235987901687622,0.008897016575680428,-0.06963814558389995,0.15914178801736312,-0.0008709011180330073
2.21,0.514710464905382,0.0008691312300238123,-8.83113644585265e-05,2.4646089525258827,0.5235987901687622,0.008888325263380237,-0.06963129890747662,0.1592307581831199,-0.0008700143436679575
2.22,0.5147191474209819,0.0008682515599895885,-8.796700342238173e-05,2.4646463160951795,0.5235987901687622,0.008879642747780303,-0.06962445813605646,0.15931964143575372,-0.0008691312300190823
2.23,0.5147278211723116,0.0008673751329780902,-8.764270114982459e-05,2.464683622210478,0.5235987901687622,0.008870968996450568,-0.06961762332471581,0.15940843786323153,-0.0008682515599933716
2.24,0.5147364861899484,0.0008665017636698697,-8.733693082205174e-05,2.4647208725175465,0.5235987901687622,0.008862303978813824,-0.06961079452387568,0.15949714755319602,-0.0008673751329735246
2.25,0.5147451425027567,0.0008656312808333489,-8.704828365208028e-05,2.4647580685377353,0.5235987901687622,0.008853647666005493,-0.06960397177954168,0.15958577059298415,-0.000866501763674421
2.2600000000000002,0.5147537901380194,0.000864763526263245,-8.677545701039902e-05,2.4647952116803302,0.5235987901687622,0.008845000030742844,-0.06959715513378165,0.1596743070696442,-0.0008656312808330568
2.27,0.5147624291215571,0.0008638983537739653,-8.651724892796281e-05,2.4648323032485036,0.5235987901687622,0.008836361047205088,-0.06959034462489869,0.15976275706995163,-0.0008647635262648556
2.2800000000000002,0.51477105947784,0.0008630356282880812,-8.627254858840916e-05,2.4648693444492324,0.5235987901687622,0.008827730690922242,-0.06958354028780862,0.15985112068042368,-0.0008638983537756495
2.29,0.5147796812300899,0.0008621752249865924,-8.60403301488899e-05,2.464906336399861,0.5235987901687622,0.008819108938672326,-0.0695767421542603,0.1599393979873329,-0.000863035628284603
2.3000000000000003,0.5147882944003751,0.0008613170285206151,-8.581964659772762e-05,2.464943280134598,0.5235987901687622,0.008810495768387105,-0.06956995025306124,0.16002758907671963,-0.000862175224991546
2.31,0.514796899009698,0.0008604609322977116,-8.560962229035157e-05,2.4649801766123036,0.5235987901687622,0.008801891159064157,-0.0695631646103734,0.1601156940344035,-0.0008613170285221017
2.32,0.514805495078076,0.0008596068378048855,-8.540944928261268e-05,2.46501702672046,0.5235987901687622,0.00879329509068616,-0.06955638524982785,0.16020371294599414,-0.0008604609322948598
2.33,0.514814082624616,0.0008587546539933836,-8.521838115019276e-05,2.4650538312816312,0.5235987901687622,0.008784707544146175,-0.06954961219276821,0.160291645896901,-0.0008596068377997312
2.34,0.5148226616675831,0.0008579042967070563,-8.503572863272774e-05,2.4650905910580736,0.5235987901687622,0.008776128501179148,-0.06954284545840936,0.16037949297234247,-0.0008587546539984281
2.35,0.5148312322244647,0.0008570556881650202,-8.486085420361666e-05,2.4651273067574024,0.5235987901687622,0.00876755794429751,-0.06953608506405201,0.16046725425735425,-0.0008579042967027384
2.36,0.5148397943120293,0.0008562087564606336,-8.469317043865998e-05,2.4651639790344486,0.5235987901687622,0.008758995856732898,-0.06952933102511588,0.16055492983679723,-0.0008570556881637437
2.37,0.5148483479463806,0.0008553634351230532,-8.453213375804458e-05,2.4652006084977116,0.5235987901687622,0.008750442222381638,-0.06952258335540312,0.16064251979536456,-0.0008562087564611964
2.38,0.5148568931430075,0.000854519662698533,-8.437724245202033e-05,2.465237195711527,0.5235987901687622,0.008741897025754675,-0.06951584206715487,0.1607300242175884,-0.0008553634351260442
2.39,0.5148654299168313,0.0008536773823693837,-8.422803291492642e-05,2.4652737412,0.5235987901687622,0.008733360251930944,-0.06950910717119846,0.16081744318784594,-0.0008545196626963403
2.4,0.5148739582822472,0.0008528365415940831,-8.408407753005692e-05,2.4653102454492855,0.5235987901687622,0.008724831886514961,-0.06950237867701728,0.16090477679036524,-0.0008536773823730748
2.41,0.5148824782531651,0.0008519970917884204,-8.394498056627647e-05,2.4653467089118344,0.5235987901687622,0.008716311915597075,-0.06949565659292026,0.16099202510923039,-0.0008528365415982897
2.42,0.5148909898430454,0.0008511589880193047,-8.381037691156806e-05,2.4653831320077986,0.5235987901687622,0.00870780032571683,-0.06948894092607427,0.16107918822838635,-0.0008519970917886255
2.43,0.5148994930649327,0.0008503221887233057,-8.367992959990023e-05,2.4654195151276292,0.5235987901687622,0.00869929710382955,-0.06948223168259891,0.1611662662316435,-0.0008511589880244586
2.44,0.5149079879314872,0.0008494866554554019,-8.355332679037958e-05,2.4654558586352144,0.5235987901687622,0.00869080223727503,-0.06947552886768964,0.1612532592026818,-0.0008503221887279366
2.45,0.5149164744550137,0.0008486523526479635,-8.343028074383335e-05,2.4654921628690074,0.5235987901687622,0.008682315713748556,-0.06946883248564435,0.16134016722505454,-0.0008494866554520364
2.46,0.5149249526474875,0.0008478192473867192,-8.331052612443879e-05,2.4655284281438274,0.5235987901687622,0.008673837521274708,-0.06946214253992591,0.16142699038219202,-0.0008486523526474166
2.47,0.5149334225205796,0.0008469873092154425,-8.319381712765944e-05,2.4655646547538215,0.5235987901687622,0.008665367648182598,-0.0694554590332834,0.16151372875740477,-0.0008478192473848623
2.48,0.5149418840856791,0.0008461565099442243,-8.307992712183049e-05,2.465600842972907,0.5235987901687622,0.008656906083083116,-0.06944878196775105,0.1616003824338866,-0.0008469873092109559
2.49,0.5149503373539138,0.00084532682347445,-8.296864697743267e-05,2.4656369930565214,0.5235987901687622,0.008648452814848384,-0.06944211134471387,0.16168695149471743,-0.0008461565099482371
2.5,0.5149587823361703,0.000844498225647193,-8.285978272568745e-05,2.4656731052440346,0.5235987901687622,0.00864000783259189,-0.06943544716500674,0.16177343602286592,-0.0008453268234731581
2.5100000000000002,0.5149672190431112,0.0008436706940846053,-8.27531562587816e-05,2.465709179758118,0.5235987901687622,0.00863157112565105,-0.06942878942886581,0.16185983610119184,-0.0008444982256494704
2.52,0.5149756474851918,0.0008428442080623777,-8.264860222275544e-05,2.4657452168079086,0.5235987901687622,0.00862314268357045,-0.06942213813606762,0.16194615181244834,-0.0008436706940839755
2.5300000000000002,0.5149840676726756,0.0008420187483783693,-8.254596840083506e-05,2.465781216588687,0.5235987901687622,0.008614722496086635,-0.06941549328589806,0.16203238323928404,-0.0008428442080599119
2.54,0.514992479615648,0.0008411942972367762,-8.244511415931438e-05,2.465817179283482,0.5235987901687622,0.008606310553114227,-0.06940885487721755,0.1621185304642449,-0.0008420187483815234
2.5500000000000003,0.5150008833240294,0.0008403708381447753,-8.234590920008777e-05,2.465853105064366,0.5235987901687622,0.008597906844732828,-0.06940222290851174,0.16220459356977604,-0.0008411942972408326
2.56,0.5150092788075875,0.0008395483558113462,-8.224823334290754e-05,2.465888994092718,0.5235987901687622,0.008589511361174695,-0.06939559737789211,0.16229057263822336,-0.0008403708381399255
2.57,0.515017666075948,0.0008387268360489911,-8.215197623550469e-05,2.465924846519556,0.5235987901687622,0.008581124092814196,-0.06938897828310187,0.1623764677518351,-0.0008395483558132355
2.58,0.5150260451386051,0.0008379062657002628,-8.205703487283028e-05,2.4659606624880537,0.5235987901687622,0.008572745030157147,-0.06938236562162928,0.16246227899276322,-0.0008387268360499078
2.59,0.5150344160049306,0.0008370866325511584,-8.196331491044234e-05,2.4659964421322647,0.5235987901687622,0.0085643741638316,-0.0693757593906355,0.1625480064430648,-0.0008379062657049019
2.6,0.5150427786841832,0.0008362679252639577,-8.187072872006818e-05,2.466032185579098,0.5235987901687622,0.008556011484578963,-0.06936915958704323,0.1626336501847031,-0.0008370866325546622
2.61,0.5150511331855163,0.0008354501333076644,-8.177919562932234e-05,2.466067892948109,0.5235987901687622,0.008547656983245888,-0.06936256620751807,0.1627192102995489,-0.0008362679252638117
2.62,0.5150594795179853,0.0008346332468957107,-8.168864119537794e-05,2.4661035643522533,0.5235987901687622,0.008539310650776955,-0.06935597924849848,0.16280468686938135,-0.000835450133307436
2.63,0.5150678176905545,0.0008338172569317217,-8.159899639889612e-05,2.466139199898719,0.5235987901687622,0.008530972478207666,-0.06934939870622982,0.1628900799758891,-0.0008346332468933682
2.64,0.5150761477121041,0.000833002154954785,-8.151019769366691e-05,2.4661747996889005,0.5235987901687622,0.008522642456658125,-0.06934282457675661,0.16297538970067119,-0.0008338172569288815
2.65,0.515084469591435,0.0008321879330916035,-8.142218631815301e-05,2.4662103638191084,0.5235987901687622,0.008514320577327261,-0.0693362568559518,0.16306061612523776,-0.0008330021549540767
2.66,0.515092783337275,0.0008313745840138348,-8.133490777687685e-05,2.4662458923811093,0.5235987901687622,0.008506006831487167,-0.0693296955395378,0.16314575933101103,-0.0008321879330863702
2.67,0.515101088958284,0.0008305621008918804,-8.124831219542827e-05,2.466281385461788,0.5235987901687622,0.008497701210478215,-0.06932314062306479,0.1632308193993259,-0.0008313745840093922
2.68,0.5151093864630576,0.0008297504773592293,-8.116235326511428e-05,2.466316843144223,0.5235987901687622,0.008489403705704612,-0.06931659210195931,0.16331579641143068,-0.0008305621008952713
2.69,0.5151176758601324,0.0008289397074811649,-8.107698780643324e-05,2.4663522655081342,0.5235987901687622,0.008481114308629856,-0.06931004997154196,0.16340069044848773,-0.0008297504773602249
2.7,0.5151259571579895,0.000828129785716578,-8.099217645868989e-05,2.466387652629213,0.5235987901687622,0.008472833010772729,-0.06930351422699008,0.16348550159157405,-0.0008289397074756621
2.71,0.5151342303650583,0.0008273207068868058,-8.090788297722418e-05,2.466423004579837,0.5235987901687622,0.008464559803703864,-0.06929698486336973,0.16357022992168177,-0.0008281297857126724
2.72,0.5151424954897199,0.0008265124661520928,-8.08240734713056e-05,2.466458321429844,0.5235987901687622,0.008456294679042298,-0.06929046187567038,0.1636548755197188,-0.000827320706886514
2.73,0.5151507525403097,0.0008257050589845354,-8.074071675574085e-05,2.4664936032461897,0.5235987901687622,0.008448037628452476,-0.06928394525878505,0.16373943846650924,-0.0008265124661566148
2.74,0.5151590015251212,0.0008248984811468093,-8.065778377261412e-05,2.466528850093542,0.5235987901687622,0.008439788643641033,-0.06927743500753625,0.16382391884279376,-0.0008257050589821624
2.75,0.5151672424524079,0.0008240927286631991,-8.057524836101171e-05,2.4665640620335187,0.5235987901687622,0.008431547716354348,-0.06927093111663608,0.16390831672923017,-0.0008248984811443094
2.7600000000000002,0.5151754753303859,0.0008232877978037099,-8.049308594891558e-05,2.466599239126003,0.5235987901687622,0.008423314838376328,-0.0692644335807489,0.1639926322063937,-0.0008240927286684574
2.77,0.5151837001672366,0.0008224836850703029,-8.041127334069975e-05,2.4666343814293663,0.5235987901687622,0.008415090001525627,-0.06925794239449938,0.16407686535477747,-0.0008232877978020525
2.7800000000000002,0.5151919169711082,0.0008216803871692456,-8.032979010572788e-05,2.466669488999088,0.5235987901687622,0.008406873197653986,-0.06925145755240286,0.16416101625479274,-0.0008224836850700967
2.79,0.5152001257501183,0.0008208779010039399,-8.024861653058157e-05,2.4667045618898085,0.5235987901687622,0.008398664418643897,-0.06924497904896433,0.16424508498676926,-0.0008216803871641254
2.8000000000000003,0.5152083265123548,0.0008200762236520626,-8.016773518773612e-05,2.4667396001537703,0.5235987901687622,0.008390463656407388,-0.06923850687860023,0.1643290716309557,-0.0008208779010088207
2.81,0.5152165192658784,0.0008192753523636775,-8.008712883850883e-05,2.4667746038429166,0.5235987901687622,0.008382270902883793,-0.06923204103573967,0.16441297626751977,-0.0008200762236509895
2.82,0.5152247040187238,0.0008184752845370908,-8.000678265866756e-05,2.466809573006676,0.5235987901687622,0.008374086150038429,-0.06922558151471402,0.16449679897654862,-0.0008192753523594831
2.83,0.5152328807789008,0.000817676017711109,-7.992668259818037e-05,2.4668445076936054,0.5235987901687622,0.00836590938986137,-0.06921912830983651,0.16458053983804902,-0.0008184752845363796
2.84,0.5152410495543964,0.0008168775495582992,-7.984681528098309e-05,2.4668794079514957,0.5235987901687622,0.008357740614365783,-0.06921268141540594,0.16466419893194764,-0.0008176760177058817
2.85,0.5152492103531751,0.0008160798778676423,-7.976716906568648e-05,2.466914273826317,0.5235987901687622,0.00834957981558715,-0.06920624082565376,0.1647477763380913,-0.0008168775495587255
2.86,0.5152573631831805,0.0008152830005441905,-7.968773234517945e-05,2.466949105363919,0.5235987901687622,0.008341426985581712,-0.06919980653482649,0.16483127213624715,-0.0008160798778633627
2.87,0.5152655080523364,0.0008144869155915959,-7.960849525946029e-05,2.4669839026083276,0.5235987901687622,0.00833328211642581,-0.06919337853710089,0.16491468640610296,-0.0008152830005436762
2.88,0.5152736449685476,0.000813691621111701,-7.952944798949452e-05,2.46701866560345,0.5235987901687622,0.008325145200214656,-0.06918695682666699,0.16499801922726723,-0.0008144869155901624
2.89,0.5152817739397004,0.0008128971152918241,-7.945058198768895e-05,2.4670533943918507,0.5235987901687622,0.00831701622906178,-0.06918054139766702,0.16508127067926937,-0.0008136916211154421
2.9,0.5152898949736645,0.000812103396404776,-7.937188870481282e-05,2.467088089016025,0.5235987901687622,0.008308895195097699,-0.06917413224425706,0.16516444084155998,-0.0008128971152876474
2.91,0.5152980080782924,0.000811310462792001,-7.929336127750208e-05,2.467122749516717,0.5235987901687622,0.008300782090469805,-0.06916772936052373,0.16524752979351096,-0.000812103396408137
2.92,0.5153061132614211,0.000810518312871027,-7.921499209739835e-05,2.46715737593535,0.5235987901687622,0.008292676907341145,-0.06916133274060308,0.16533053761441566,-0.0008113104627893719
2.93,0.5153142105308722,0.0008097269451194688,-7.91367751558289e-05,2.4671919683116865,0.5235987901687622,0.008284579637889977,-0.06915494237856463,0.16541346438348906,-0.0008105183128659377
2.94,0.515322299894453,0.0008089363580741326,-7.905870453361885e-05,2.467226526685341,0.5235987901687622,0.008276490274309212,-0.06914855826848536,0.16549631017986796,-0.0008097269451168287
2.95,0.5153303813599562,0.0008081465503273428,-7.898077467898695e-05,2.467261051095501,0.5235987901687622,0.008268408808805972,-0.06914218040443558,0.16557907508261105,-0.0008089363580765507
2.96,0.5153384549351615,0.000807357520525016,-7.89029802326785e-05,2.467295541581108,0.5235987901687622,0.008260335233600702,-0.06913580878048699,0.1656617591706991,-0.0008081465503240182
2.97,0.515346520627835,0.0008065692673550085,-7.882531700074968e-05,2.467329998179882,0.5235987901687622,0.00825226954092717,-0.06912944339066453,0.16574436252303512,-0.0008073575205269634
2.98,0.5153545784457305,0.0008057817895531713,-7.874778018372025e-05,2.4673644209300987,0.5235987901687622,0.008244211723031691,-0.0691230842290332,0.16582688521844438,-0.0008065692673531188
2.99,0.5153626283965894,0.0008049950858931103,-7.867036600610333e-05,2.4673988098689574,0.5235987901687622,0.00823616177217279,-0.06911673128961734,0.1659093273356747,-0.0008057817895479324
3.0,0.5153706704881412,0.0008042091551844966,-7.859307086136719e-05,2.46743316503344,0.5235987901687622,0.008228119680620982,-0.06911038456644274,0.16599168895339644,-0.0008049950858901589
3.0100000000000002,0.515378704728104,0.0008034239962733681,-7.85158911128514e-05,2.4674674864605093,0.5235987901687622,0.00822008544065822,-0.06910404405354577,0.16607397015020264,-0.0008042091551807573
3.02,0.5153867311241843,0.0008026396080352005,-7.843882381675799e-05,2.46750177418639,0.5235987901687622,0.00821205904457789,-0.06909770974493806,0.16615617100460922,-0.000803423996276198
3.0300000000000002,0.5153947496840781,0.0008018559893791103,-7.836186560901404e-05,2.4675360282476797,0.5235987901687622,0.00820404048468415,-0.06909138163466051,0.166238291595055,-0.0008026396080329512
3.04,0.5154027604154704,0.0008010731392380423,-7.828501410679645e-05,2.467570248679951,0.5235987901687622,0.008196029753291811,-0.06908505971671436,0.16632033199990182,-0.0008018559893741006
3.0500000000000003,0.5154107633260361,0.000800291056569967,-7.820826680753762e-05,2.467604435518852,0.5235987901687622,0.008188026842726126,-0.06907874398511502,0.16640229229743472,-0.0008010731392338322
3.06,0.5154187584234396,0.0007995097403566207,-7.813162133462476e-05,2.4676385887998618,0.5235987901687622,0.008180031745322558,-0.06907243443388011,0.16648417256586198,-0.0008002910565685362
3.0700000000000003,0.5154267457153356,0.0007987291896020392,-7.80550754581541e-05,2.467672708558272,0.5235987901687622,0.008172044453426563,-0.06906613105702807,0.1665659728833152,-0.0007995097403568074
3.08,0.515434725209369,0.0007979494033308826,-7.797862711566433e-05,2.467706794829162,0.5235987901687622,0.008164064959393258,-0.06905983384857667,0.16664769332784948,-0.0007987291895994453
3.09,0.5154426969131748,0.0007971703805841697,-7.790227467129734e-05,2.467740847647149,0.5235987901687622,0.008156093255587415,-0.06905354280253073,0.1667293339774434,-0.0007979494033305556
3.1,0.515450660834379,0.0007963921204217262,-7.78260162443492e-05,2.4677748670470496,0.5235987901687622,0.008148129334383247,-0.0690472579129145,0.16681089490999929,-0.0007971703805842445
3.11,0.5154586169805981,0.0007956146219199367,-7.774985017895003e-05,2.4678088530634197,0.5235987901687622,0.008140173188164068,-0.0690409791737486,0.16689237620334313,-0.0007963921204168223
3.12,0.5154665653594398,0.0007948378841669497,-7.76737752987075e-05,2.4678428057302964,0.5235987901687622,0.008132224809322408,-0.06903470657903749,0.16697377793522478,-0.0007956146219179061
3.13,0.5154745059785024,0.0007940619062669153,-7.759779000343636e-05,2.4678767250821005,0.5235987901687622,0.00812428419025979,-0.06902844012281363,0.167055100183318,-0.0007948378841660109
3.14,0.5154824388453758,0.0007932866873372967,-7.752189296186124e-05,2.4679106111529476,0.5235987901687622,0.008116351323386395,-0.06902217979910331,0.1671363430252206,-0.0007940619062618559
3.15,0.5154903639676408,0.0007925122265036602,-7.744608336365116e-05,2.4679444639763948,0.5235987901687622,0.0081084262011214,-0.06901592560191437,0.16721750653845446,-0.0007932866873394673
3.16,0.5154982813528699,0.0007917385229081186,-7.737035955416444e-05,2.4679782835868056,0.5235987901687622,0.008100508815892304,-0.06900967752530295,0.1672985908004657,-0.0007925122264995643
3.17,0.5155061910086268,0.0007909655756971285,-7.729472109900548e-05,2.468012070017287,0.5235987901687622,0.008092599160135383,-0.06900343556327206,0.1673795958886246,-0.0007917385229094798
3.18,0.5155140929424672,0.0007901933840319446,-7.721916651838578e-05,2.4680458233019555,0.5235987901687622,0.008084697226295012,-0.06899719970988288,0.16746052188022598,-0.0007909655756921374
3.19,0.515521987161938,0.000789421947076197,-7.714369557476619e-05,2.468079543473649,0.5235987901687622,0.00807680300682423,-0.06899096995914221,0.16754136885248894,-0.0007901933840370745
3.2,0.515529873674578,0.0007886512640084739,-7.706830677230853e-05,2.4681132305664284,0.5235987901687622,0.008068916494184175,-0.06898474630512551,0.16762213688255717,-0.000789421947078317
3.21,0.5155377524879181,0.0007878813340121374,-7.69929996336377e-05,2.4681468846132995,0.5235987901687622,0.008061037680844096,-0.06897852874186446,0.167702826047499,-0.0007886512640054022
3.22,0.5155456236094809,0.0007871121562762471,-7.691777358903584e-05,2.468180505647327,0.5235987901687622,0.008053166559281344,-0.06897231726340182,0.16778343642430746,-0.0007878813340078672
3.23,0.5155534870467808,0.0007863437299964863,-7.684262797608143e-05,2.4682140937016324,0.5235987901687622,0.008045303121981373,-0.06896611186379153,0.16786396808990028,-0.0007871121562752492
3.24,0.5155613428073246,0.000785576054376084,-7.676756204023222e-05,2.4682476488093963,0.5235987901687622,0.008037447361437633,-0.06895991253709849,0.1679444211211201,-0.0007863437299970855
3.25,0.5155691908986109,0.0007848091286244705,-7.66925751613523e-05,2.4682811710036274,0.5235987901687622,0.008029599270151344,-0.06895371927738708,0.16802479559473446,-0.0007855760543740153
3.2600000000000002,0.5155770313281304,0.0007840429519534032,-7.661766710671813e-05,2.4683146603169166,0.5235987901687622,0.008021758840631832,-0.06894753207870934,0.16810509158743597,-0.0007848091286288827
3.27,0.5155848641033662,0.0007832775235846118,-7.654283687914126e-05,2.4683481167825816,0.5235987901687622,0.008013926065395971,-0.06894135093516082,0.1681853091758423,-0.0007840429519512249
3.2800000000000002,0.5155926892317936,0.0007825128427390851,-7.646808455267357e-05,2.468381540432838,0.5235987901687622,0.00800610093696863,-0.06893517584079088,0.16826544843649624,-0.00078327752358609
3.29,0.5156005067208801,0.00078174890864682,-7.639340922650784e-05,2.46841493130084,0.5235987901687622,0.007998283447882115,-0.06892900678970278,0.16834550944586593,-0.0007825128427341177
3.3000000000000003,0.5156083165780855,0.0007809857205360034,-7.6318811081659e-05,2.46844828941863,0.5235987901687622,0.007990473590676728,-0.06892284377595302,0.16842549228034476,-0.0007817489086514584
3.31,0.5156161188108619,0.0007802232776450129,-7.624428909903946e-05,2.468481614819413,0.5235987901687622,0.007982671357900317,-0.06891668679366322,0.16850539701625153,-0.0007809857205387516
3.3200000000000003,0.515623913426654,0.0007794615792139473,-7.616984310656466e-05,2.468514907535516,0.5235987901687622,0.007974876742108172,-0.06891053583691929,0.16858522372983054,-0.0007802232776410456
3.33,0.5156317004328989,0.0007787006244827278,-7.609547312194265e-05,2.4685481675990437,0.5235987901687622,0.007967089735863353,-0.06890439089980398,0.16866497249725163,-0.000779461579214491
3.34,0.5156394798370258,0.0007779404126984222,-7.60211784305645e-05,2.4685813950427993,0.5235987901687622,0.007959310331736358,-0.06889825197644217,0.16874464339461026,-0.0007787006244819317
3.35,0.515647251646457,0.0007771809431089352,-7.594695894870551e-05,2.468614589898922,0.5235987901687622,0.007951538522305235,-0.06889211906093366,0.16882423649792763,-0.0007779404126995182
3.36,0.5156550158686066,0.0007764222149656637,-7.587281432715198e-05,2.468647752199784,0.5235987901687622,0.007943774300155582,-0.0688859921473975,0.16890375188315068,-0.0007771809431122989
3.37,0.5156627725108819,0.0007756642275239908,-7.579874416729221e-05,2.4686808819777744,0.5235987901687622,0.007936017657880323,-0.06887987122996093,0.16898318962615225,-0.0007764222149653222
3.38,0.5156705215806823,0.0007749069800390448,-7.572474849459193e-05,2.468713979264826,0.5235987901687622,0.007928268588079934,-0.06887375630273648,0.16906254980273105,-0.0007756642275258407
3.39,0.5156782630854,0.0007741504717706515,-7.565082683932967e-05,2.468747044093334,0.5235987901687622,0.007920527083362217,-0.0688676473598669,0.16914183248861187,-0.000774906980038903
3.4,0.5156859970324198,0.0007733947019791458,-7.557697915057393e-05,2.4687800764952414,0.5235987901687622,0.007912793136342411,-0.06886154439548028,0.1692210377594455,-0.0007741504717717618
3.41,0.5156937234291191,0.000772639669927947,-7.550320511988395e-05,2.4688130765027188,0.5235987901687622,0.007905066739643085,-0.06885544740372333,0.1693001656908089,-0.0007733947019805676
3.42,0.515701442282868,0.0007718853748816329,-7.542950463140102e-05,2.4688460441477105,0.5235987901687622,0.007897347885894246,-0.06884935637873926,0.16937921635820535,-0.0007726396699325733
3.43,0.5157091536010291,0.0007711318161085456,-7.535587730873178e-05,2.4688789794623887,0.5235987901687622,0.007889636567733116,-0.06884327131468986,0.1694581898370643,-0.0007718853748839294
3.44,0.5157168573909579,0.0007703789928765286,-7.528232320171135e-05,2.4689118824784684,0.5235987901687622,0.007881932777804357,-0.0688371922057219,0.16953708620274163,-0.000771131816112991
3.45,0.5157245536600025,0.000769626904457741,-7.520884187874749e-05,2.468944753228114,0.5235987901687622,0.007874236508759735,-0.06883111904601165,0.16961590553051967,-0.0007703789928759086
3.46,0.5157322424155036,0.0007688755501221084,-7.513543356326563e-05,2.4689775917428034,0.5235987901687622,0.007866547753258568,-0.0688250518297091,0.16969464789560726,-0.0007696269044621395
3.47,0.5157399236647952,0.0007681249291467252,-7.506209753831844e-05,2.4690103980549205,0.5235987901687622,0.007858866503967055,-0.06881899055101613,0.16977331337313983,-0.0007688755501167321
3.48,0.5157475974152032,0.000767375040802379,-7.498883443462362e-05,2.4690431721954735,0.5235987901687622,0.007851192753559055,-0.06881293520407439,0.16985190203817951,-0.0007681249291513481
3.49,0.5157552636740469,0.0007666258843697702,-7.491564326087691e-05,2.4690759141970577,0.5235987901687622,0.007843526494715314,-0.06880688578311094,0.1699304139657151,-0.0007673750407999336
3.5,0.5157629224486381,0.0007658774591238261,-7.484252459440816e-05,2.469108624090671,0.5235987901687622,0.007835867720124123,-0.06880084228228167,0.17000884923066226,-0.0007666258843741502
3.5100000000000002,0.5157705737462815,0.0007651297643476064,-7.476947762196512e-05,2.4691413019086665,0.5235987901687622,0.00782821642248066,-0.06879480469581646,0.1700872079078635,-0.0007658774591190465
3.52,0.5157782175742748,0.0007643827993188394,-7.469650287670465e-05,2.4691739476820236,0.5235987901687622,0.00782057259448743,-0.06878877301788477,0.1701654900720883,-0.000765129764346284
3.5300000000000002,0.515785853939908,0.0007636365633191728,-7.462359996665557e-05,2.4692065614426126,0.5235987901687622,0.007812936228854261,-0.06878274724270757,0.1702436957980332,-0.0007643827993231156
3.54,0.5157934828504643,0.0007628910556345301,-7.4550768464271e-05,2.4692391432223078,0.5235987901687622,0.007805307318297872,-0.068776727364513,0.17032182516032174,-0.0007636365633167941
3.5500000000000003,0.5158011043132198,0.0007621462755461175,-7.447800884126388e-05,2.469271693052055,0.5235987901687622,0.007797685855542413,-0.06877071337749098,0.17039987823350472,-0.0007628910556389812
3.56,0.5158087183354432,0.0007614022223420285,-7.440532040890735e-05,2.4693042109639265,0.5235987901687622,0.007790071833319034,-0.06876470527589418,0.17047785509206015,-0.0007621462755458275
3.5700000000000003,0.5158163249243962,0.0007606588953083859,-7.433270336425213e-05,2.469336696989079,0.5235987901687622,0.007782465244365988,-0.06875870305393729,0.17055575581039334,-0.0007614022223378925
3.58,0.5158239240873336,0.000759916293731716,-7.426015766698324e-05,2.469369151158876,0.5235987901687622,0.007774866081428633,-0.0687527067058525,0.170633580462837,-0.0007606588953046334
3.59,0.5158315158315026,0.0007591744168991252,-7.418768325908459e-05,2.469401573504666,0.5235987901687622,0.007767274337259655,-0.06874671622587865,0.17071132912365128,-0.0007599162937355075
3.6,0.5158391001641436,0.0007584332641031221,-7.411527960031472e-05,2.4694339640582488,0.5235987901687622,0.007759690004618625,-0.068740731608284,0.17078900186702387,-0.0007591744168977677
3.61,0.5158466770924899,0.0007576928346326997,-7.404294704223963e-05,2.4694663228505016,0.5235987901687622,0.007752113076272327,-0.06873475284729855,0.17086659876707005,-0.0007584332641030755
3.62,0.5158542466237677,0.0007569531277802754,-7.39706852424249e-05,2.469498649912965,0.5235987901687622,0.007744543544994542,-0.06872877993719215,0.17094411989783279,-0.0007576928346297862
3.63,0.515861808765196,0.0007562141428373444,-7.389849429309536e-05,2.4695309452767122,0.5235987901687622,0.007736981403566157,-0.0687228128722189,0.17102156533328272,-0.0007569531277784591
3.64,0.515869363523987,0.0007554758790968831,-7.38263740461334e-05,2.4695632089730286,0.5235987901687622,0.007729426644775161,-0.06871685164665059,0.1710989351473184,-0.0007562141428385516
3.65,0.5158769109073456,0.0007547383358535651,-7.375432433179285e-05,2.4695954410331873,0.5235987901687622,0.007721879261416653,-0.06871089625476565,0.17117622941376615,-0.0007554758790995209
3.66,0.5158844509224696,0.0007540015124039642,-7.368234496009374e-05,2.4696276414884517,0.5235987901687622,0.007714339246292612,-0.06870494669084902,0.1712534482063803,-0.0007547383358508242
3.67,0.51589198357655,0.0007532654080421111,-7.361043618531182e-05,2.469659810369611,0.5235987901687622,0.007706806592212234,-0.06869900294916964,0.17133059159884323,-0.0007540015124041233
3.68,0.5158995088767706,0.0007525300220664817,-7.353859756293463e-05,2.4696919477081214,0.5235987901687622,0.0076992812919916,-0.06869306502403638,0.17140765966476534,-0.0007532654080377732
3.69,0.5159070268303083,0.0007517953537733538,-7.346682931279325e-05,2.469724053534744,0.5235987901687622,0.007691763338453894,-0.06868713290973102,0.17148465247768527,-0.0007525300220634357
3.7,0.5159145374443329,0.0007510614024614716,-7.339513118821694e-05,2.469756127880676,0.5235987901687622,0.007684252724429297,-0.06868120660056404,0.17156157011106982,-0.0007517953537705679
3.71,0.5159220407260072,0.0007503281674299744,-7.332350314972341e-05,2.4697881707768765,0.5235987901687622,0.007676749442754982,-0.06867528609084124,0.17163841263831411,-0.0007510614024597295
3.72,0.515929536682487,0.00074959564797852,-7.325194514543054e-05,2.4698201822542853,0.5235987901687622,0.007669253486275229,-0.06866937137487476,0.17171518013274167,-0.0007503281674314799
3.73,0.5159370253209211,0.0007488638434097674,-7.31804568752728e-05,2.4698521623440617,0.5235987901687622,0.0076617648478410905,-0.06866346244699452,0.17179187266760443,-0.0007495956479752763
3.74,0.5159445066484514,0.0007481327530226492,-7.310903871182023e-05,2.46988411107666,0.5235987901687622,0.007654283520310834,-0.06865755930150287,0.17186849031608284,-0.0007488638434138828
3.75,0.5159519806722126,0.0007474023761216268,-7.30376901022442e-05,2.46991602848343,0.5235987901687622,0.007646809496549611,-0.06865166193275352,0.17194503315128595,-0.0007481327530256543
3.7600000000000002,0.5159594473993327,0.0007466727120100894,-7.296641115373675e-05,2.4699479145950307,0.5235987901687622,0.007639342769429458,-0.06864577033507302,0.17202150124625146,-0.0007474023761222526
3.77,0.5159669068369327,0.0007459437599904133,-7.289520196761268e-05,2.4699797694420966,0.5235987901687622,0.007631883331829514,-0.06863988450279394,0.17209789467394576,-0.0007466727120153394
3.7800000000000002,0.5159743589921264,0.0007452155193686875,-7.28240621725787e-05,2.4700115930557045,0.5235987901687622,0.007624431176635804,-0.06863400443027777,0.17217421350726406,-0.0007459437599943719
3.79,0.5159818038720209,0.0007444879894503628,-7.27529918324657e-05,2.4700433854664645,0.5235987901687622,0.007616986296741346,-0.06862813011187005,0.17225045781903042,-0.0007452155193710119
3.8000000000000003,0.5159892414837163,0.0007437611695426417,-7.268199077211518e-05,2.4700751467051965,0.5235987901687622,0.00760954868504593,-0.06862226154193359,0.17232662768199783,-0.000744487989445819
3.81,0.5159966718343058,0.0007430350589500261,-7.26110592615542e-05,2.4701068768022445,0.5235987901687622,0.007602118334456454,-0.06861639871481494,0.17240272316884828,-0.0007437611695415569
3.8200000000000003,0.5160040949308755,0.0007423096569813023,-7.254019687238933e-05,2.4701385757886203,0.5235987901687622,0.007594695237886695,-0.06861054162490066,0.17247874435219285,-0.0007430350589476831
3.83,0.516011510780505,0.0007415849629451745,-7.246940361277376e-05,2.470170243694869,0.5235987901687622,0.0075872793882572065,-0.06860469026656116,0.1725546913045717,-0.0007423096569758592
3.84,0.5160189193902665,0.0007408609761480722,-7.239867971024078e-05,2.4702018805512864,0.5235987901687622,0.007579870778495756,-0.06859884463416187,0.1726305640984543,-0.0007415849629488491
3.85,0.5160263207672254,0.000740137695903464,-7.232802446081876e-05,2.470233486389068,0.5235987901687622,0.007572469401536774,-0.06859300472211947,0.17270636280623924,-0.000740860976145008
3.86,0.5160337149184406,0.0007394151215206471,-7.225743828169484e-05,2.4702650612382593,0.5235987901687622,0.0075650752503215735,-0.06858717052480091,0.17278208750025462,-0.000740137695898202
3.87,0.5160411018509637,0.0007386932523093294,-7.218692113176994e-05,2.4702966051293336,0.5235987901687622,0.007557688317798461,-0.06858134203660128,0.17285773825275783,-0.0007394151215200928
3.88,0.5160484815718396,0.0007379720875820808,-7.211647272485633e-05,2.4703281180929793,0.5235987901687622,0.007550308596922628,-0.06857551925193345,0.17293331513593582,-0.0007386932523112399
3.89,0.5160558540881061,0.0007372516266522741,-7.2046092980671e-05,2.4703596001596475,0.5235987901687622,0.0075429360806561485,-0.06856970216520544,0.17300881822190506,-0.0007379720875833051
3.9,0.5160632194067944,0.000736531868834204,-7.197578180700992e-05,2.470391051359772,0.5235987901687622,0.007535570761967758,-0.06856389077083136,0.17308424758271163,-0.0007372516266479501
3.91,0.5160705775349288,0.0007358128134385877,-7.19055395616286e-05,2.470422471723308,0.5235987901687622,0.007528212633833409,-0.0685580850632089,0.1731596032903313,-0.000736531868839041
3.92,0.5160779284795266,0.0007350944597841725,-7.183536544152352e-05,2.4704538612813387,0.5235987901687622,0.007520861689235603,-0.06855228503679822,0.17323488541666965,-0.0007358128134349329
3.93,0.5160852722475985,0.0007343768071842318,-7.176525999406935e-05,2.4704852200635683,0.5235987901687622,0.007513517921163726,-0.0685464906859984,0.173310094033562,-0.0007350944597805942
3.94,0.516092608846148,0.0007336598549534009,-7.169522308309029e-05,2.4705165481003553,0.5235987901687622,0.007506181322614158,-0.06854070200524791,0.17338522921277366,-0.0007343768071876866
3.95,0.5160999382821722,0.0007329436024102022,-7.162525431986949e-05,2.4705478454222787,0.5235987901687622,0.007498851886590052,-0.068534918989003,0.1734602910259998,-0.0007336598549567697
3.96,0.5161072605626609,0.0007322280488726583,-7.155535375438782e-05,2.47057911205945,0.5235987901687622,0.0074915296061013326,-0.06852914163170386,0.1735352795448657,-0.0007329436024106073
3.97,0.5161145756945975,0.0007315131936583859,-7.148552142724474e-05,2.4706103480419612,0.5235987901687622,0.0074842144741646965,-0.06852336992779647,0.1736101948409267,-0.0007322280488719635
3.98,0.5161218836849584,0.0007307990360846802,-7.141575737056732e-05,2.470641553399881,0.5235987901687622,0.007476906483803836,-0.06851760387173285,0.17368503698566837,-0.0007315131936636021
3.99,0.5161291845407131,0.0007300855754732763,-7.134606114038433e-05,2.4706727281637257,0.5235987901687622,0.007469605628049103,-0.06851184345799392,0.1737598060505064,-0.0007307990360860828
4.0,0.5161364782688246,0.0007293728111436789,-7.12764329597465e-05,2.4707038723633135,0.5235987901687622,0.007462311899937624,-0.06850608868103304,0.1738345021067869,-0.0007300855754732716
4.01,0.5161437648762487,0.0007286607424154732,-7.12068728205631e-05,2.4707349860286665,0.5235987901687622,0.007455025292513517,-0.06850033953532075,0.17390912522578628,-0.0007293728111479325
4.0200000000000005,0.5161510443699349,0.0007279493686131309,-7.113738023423188e-05,2.4707660691902533,0.5235987901687622,0.007447745798827343,-0.06849459601535618,0.1739836754787114,-0.0007286607424106251
4.03,0.5161583167568254,0.0007272386890546623,-7.10679558468541e-05,2.470797121877383,0.5235987901687622,0.0074404734119367655,-0.06848885811558847,0.17405815293669968,-0.0007279493686174199
4.04,0.5161655820438561,0.0007265287030654258,-7.09985989236564e-05,2.470828144120712,0.5235987901687622,0.00743320812490611,-0.06848312583054009,0.17413255767081906,-0.0007272386890577742
4.05,0.5161728402379558,0.0007258194099692514,-7.092930961744015e-05,2.470859135949981,0.5235987901687622,0.007425949930806364,-0.06847739915469504,0.17420688975206813,-0.0007265287030655543
4.0600000000000005,0.5161800913460467,0.0007251108090884783,-7.086008807730831e-05,2.4708900973949057,0.5235987901687622,0.007418698822715508,-0.06847167808254326,0.1742811492513762,-0.0007258194099746262
4.07,0.5161873353750442,0.0007244028997509864,-7.079093374920409e-05,2.470921028485873,0.5235987901687622,0.007411454793717964,-0.06846596260861436,0.17435533623960334,-0.0007251108090855496
4.08,0.5161945723318571,0.0007236956812789099,-7.072184720764013e-05,2.470951929252114,0.5235987901687622,0.007404217836905147,-0.06846025272738802,0.17442945078754052,-0.000724402899754395
4.09,0.5162018022233871,0.0007229891530001155,-7.065282787944299e-05,2.4709827997239757,0.5235987901687622,0.007396987945375133,-0.06845454843340582,0.17450349296590956,-0.0007236956812817219
4.1,0.5162090250565294,0.0007222833142416003,-7.058387585151538e-05,2.4710136399311184,0.5235987901687622,0.007389765112232771,-0.06844884972118231,0.1745774628453633,-0.0007229891530013965
4.11,0.5162162408381727,0.000721578164331892,-7.051499097082692e-05,2.4710444499034097,0.5235987901687622,0.007382549330589461,-0.06844315658524895,0.17465136049648564,-0.0007222833142361829
4.12,0.5162234495751987,0.0007208737025965525,-7.044617353395288e-05,2.4710752296702405,0.5235987901687622,0.007375340593563484,-0.06843746902012071,0.17472518598979153,-0.0007215781643310493
4.13,0.5162306512744824,0.0007201699283651398,-7.037742314126849e-05,2.471105979261667,0.5235987901687622,0.007368138894279785,-0.06843178702035213,0.17479893939572716,-0.0007208737025976575
4.14,0.5162378459428921,0.0007194668409668388,-7.030873983009112e-05,2.4711366987072805,0.5235987901687622,0.007360944225870081,-0.06842611058048179,0.17487262078466995,-0.0007201699283698737
4.15,0.5162450335872895,0.0007187644397329087,-7.024012339300334e-05,2.4711673880368856,0.5235987901687622,0.007353756581472748,-0.06842043969506549,0.17494623022692865,-0.0007194668409704619
4.16,0.5162522142145294,0.0007180627239945224,-7.017157383863021e-05,2.471198047280043,0.5235987901687622,0.007346575954232826,-0.0684147743586539,0.1750197677927434,-0.0007187644397332882
4.17,0.5162593878314602,0.0007173616930828688,-7.01030911653619e-05,2.4712286764662954,0.5235987901687622,0.0073394023373020145,-0.0684091145658034,0.17509323355228573,-0.0007180627239922188
4.18,0.5162665544449235,0.0007166613463292859,-7.003467535828672e-05,2.4712592756251666,0.5235987901687622,0.007332235723838676,-0.0684034603110764,0.17516662757565876,-0.00071736169308112
4.19,0.5162737140617542,0.0007159616830653454,-6.996632639405531e-05,2.471289844786162,0.5235987901687622,0.007325076107008055,-0.06839781158904132,0.17523994993289715,-0.0007166613463338578
4.2,0.5162808666887805,0.0007152627026276525,-6.98980437692856e-05,2.4713203839792364,0.5235987901687622,0.007317923479981725,-0.06839216839429527,0.17531320069396725,-0.0007159616830620941
4.21,0.516288012332824,0.0007145644043465084,-6.98298281144108e-05,2.471350893233183,0.5235987901687622,0.007310777835938254,-0.06838653072138506,0.17538637992876707,-0.0007152627026330016
4.22,0.5162951510006996,0.0007138667875597361,-6.976167867723398e-05,2.471381372578147,0.5235987901687622,0.007303639168062648,-0.06838089856493089,0.17545948770712647,-0.00071456440434714
4.23,0.5163022826992155,0.0007131698516014686,-6.969359582674473e-05,2.471411822043124,0.5235987901687622,0.007296507469546687,-0.06837527191950307,0.1755325240988071,-0.0007138667875605798
4.24,0.5163094074351736,0.0007124735958090719,-6.962557923967383e-05,2.4714422416577726,0.5235987901687622,0.00728938273358859,-0.06836965077971117,0.17560548917350258,-0.0007131698515960849
4.25,0.5163165252153687,0.0007117780195164088,-6.955762926631054e-05,2.471472631451049,0.5235987901687622,0.007282264953393458,-0.06836403514013714,0.17567838300083846,-0.0007124735958097261
4.26,0.5163236360465894,0.0007110831220630976,-6.948974533111524e-05,2.471502991452806,0.5235987901687622,0.007275154122172833,-0.06835842499541374,0.1757512056503724,-0.0007117780195131651
4.2700000000000005,0.5163307399356172,0.0007103889027855802,-6.942192775174355e-05,2.471533321691975,0.5235987901687622,0.007268050233145029,-0.06835282034013508,0.1758239571915941,-0.0007110831220624725
4.28,0.5163378368892274,0.0007096953610240615,-6.935417615186457e-05,2.47156362219815,0.5235987901687622,0.007260953279534799,-0.06834722116893471,0.17589663769392555,-0.0007103889027804122
4.29,0.5163449269141885,0.0007090024961158005,-6.928649082611066e-05,2.471593893000228,0.5235987901687622,0.007253863254573667,-0.06834162747641842,0.1759692472267209,-0.000709695361023055
4.3,0.5163520100172626,0.0007083103074020538,-6.921887137467664e-05,2.4716241341277696,0.5235987901687622,0.007246780151499599,-0.06833603925723157,0.17604178585926664,-0.0007090024961131647
4.3100000000000005,0.5163590862052049,0.0007076187942213928,-6.91513180660977e-05,2.4716543456096396,0.5235987901687622,0.007239703963557331,-0.06833045650599186,0.17611425366078162,-0.000708310307406812
4.32,0.5163661554847641,0.0007069279559166786,-6.908383047141836e-05,2.47168452747537,0.5235987901687622,0.0072326346839981515,-0.06832487921735671,0.1761866507004172,-0.0007076187942267609
4.33,0.5163732178626823,0.0007062377918306968,-6.90164085981812e-05,2.4717146797540273,0.5235987901687622,0.007225572306079897,-0.06831930738596725,0.17625897704725718,-0.0007069279559179797
4.34,0.5163802733456954,0.0007055483013062594,-6.89490524437425e-05,2.4717448024746607,0.5235987901687622,0.007218516823066845,-0.06831374100647024,0.17633123277031798,-0.000706237791825437
4.3500000000000005,0.5163873219405322,0.0007048594836839669,-6.888176222925174e-05,2.471774895666067,0.5235987901687622,0.007211468228230045,-0.06830818007350689,0.17640341793854866,-0.0007055483013052033
4.36,0.5163943636539152,0.0007041713383092046,-6.881453747622363e-05,2.471804959357713,0.5235987901687622,0.007204426514846984,-0.06830262458175809,0.17647553262083096,-0.0007048594836800426
4.37,0.5164013984925605,0.0007034838645255081,-6.874737836964906e-05,2.4718349935783723,0.5235987901687622,0.007197391676201703,-0.06829707452587716,0.17654757688597944,-0.0007041713383060255
4.38,0.5164084264631773,0.0007027970616768695,-6.868028486387012e-05,2.471864998357023,0.5235987901687622,0.007190363705584901,-0.06829152990053425,0.17661955080274147,-0.0007034838645281205
4.39,0.5164154475724684,0.0007021109291102102,-6.861325666591978e-05,2.4718949737228595,0.5235987901687622,0.007183342596293829,-0.06828599070041694,0.1766914544397973,-0.0007027970616801937
4.4,0.5164224618271301,0.0007014254661733008,-6.854629369094228e-05,2.4719249197048407,0.5235987901687622,0.0071763283416320656,-0.06828045692020758,0.17676328786576023,-0.0007021109291072136
4.41,0.5164294692338522,0.000700740672210247,-6.84793963053737e-05,2.471954836331445,0.5235987901687622,0.007169320934909962,-0.06827492855457168,0.17683505114917655,-0.000701425466176353
4.42,0.5164364697993179,0.0007000565465707092,-6.841256395379025e-05,2.4719847236320454,0.5235987901687622,0.007162320369444308,-0.06826940559822547,0.17690674435852566,-0.000700740672210376
4.43,0.516443463530204,0.00069937308860331,-6.834579673991453e-05,2.4720145816353245,0.5235987901687622,0.007155326638558224,-0.06826388804585762,0.1769783675622201,-0.000700056546565353
4.44,0.5164504504331805,0.000698690297653336,-6.827909499740326e-05,2.47204441036971,0.5235987901687622,0.00714833973558171,-0.06825837589215113,0.17704992082860568,-0.000699373088608457
4.45,0.5164574305149112,0.0006980081730743488,-6.821245789872393e-05,2.472074209864759,0.5235987901687622,0.007141359653850987,-0.06825286913185112,0.1771214042259615,-0.0006986902976513498
4.46,0.5164644037820534,0.0006973267142146901,-6.814588596586874e-05,2.4721039801486526,0.5235987901687622,0.007134386386708824,-0.06824736775964146,0.17719281782250002,-0.0006980081730723064
4.47,0.5164713702412577,0.0006966459204243301,-6.807937903598876e-05,2.4721337212502275,0.5235987901687622,0.007127419927504541,-0.06824187177024504,0.1772641616863671,-0.0006973267142162953
4.48,0.5164783298991682,0.0006959657910550442,-6.801293692860338e-05,2.4721634331983102,0.5235987901687622,0.007120460269594009,-0.06823638115839095,0.17733543588564216,-0.0006966459204282849
4.49,0.5164852827624228,0.0006952863254606008,-6.794655944433736e-05,2.472193116021717,0.5235987901687622,0.0071135074063394255,-0.06823089591881418,0.1774066404883381,-0.0006959657910532435
4.5,0.5164922288376527,0.0006946075229923064,-6.788024682943122e-05,2.4722227697487904,0.5235987901687622,0.00710656133110954,-0.06822541604623296,0.1774777755624015,-0.0006952863254583441
4.51,0.5164991681314827,0.0006939293830036396,-6.781399886668371e-05,2.472252394408309,0.5235987901687622,0.0070996220372795404,-0.0682199415353937,0.1775488411757126,-0.0006946075229885551
4.5200000000000005,0.5165061006505312,0.0006932519048481256,-6.774781555140413e-05,2.472281990028809,0.5235987901687622,0.0070926895182310545,-0.06821447238103734,0.1776198373960854,-0.0006939293829999471
4.53,0.51651302640141,0.0006925750878794476,-6.768169686779263e-05,2.472311556638811,0.5235987901687622,0.00708576376735226,-0.06820900857791073,0.1776907642912677,-0.0006932519048485908
4.54,0.5165199453907244,0.0006918989314538761,-6.761564255715335e-05,2.4723410942670494,0.5235987901687622,0.007078844778037774,-0.06820355012077782,0.17776162192894124,-0.0006925750878794545
4.55,0.5165268576250737,0.0006912234349281874,-6.754965256887402e-05,2.4723706029420214,0.5235987901687622,0.007071932543688542,-0.06819809700439733,0.17783241037672162,-0.000691898931448609
4.5600000000000005,0.5165337631110503,0.0006905485976574297,-6.748372707577471e-05,2.4724000826919745,0.5235987901687622,0.007065027057711948,-0.06819264922352214,0.17790312970215852,-0.0006912234349232271
4.57,0.5165406618552403,0.0006898744189972782,-6.741786601514865e-05,2.4724295335453634,0.5235987901687622,0.0070581283135219275,-0.06818720677292209,0.17797377997273564,-0.0006905485976593795
4.58,0.5165475538642234,0.000689200898306513,-6.735206907652197e-05,2.4724589555308607,0.5235987901687622,0.007051236304538855,-0.06818176964738429,0.17804436125587086,-0.0006898744190020345
4.59,0.5165544391445728,0.0006885280349449281,-6.728633615848273e-05,2.4724883486769027,0.5235987901687622,0.0070443510241894325,-0.06817633784169065,0.17811487361891626,-0.0006892008983072628
4.6000000000000005,0.5165613177028555,0.000687855828271155,-6.722066737730598e-05,2.47251771301168,0.5235987901687622,0.007037472465906691,-0.06817091135061742,0.17818531712915817,-0.0006885280349422374
4.61,0.516568189545632,0.0006871842776426813,-6.715506284737244e-05,2.4725470485633587,0.5235987901687622,0.007030600623130212,-0.06816549016894621,0.17825569185381723,-0.0006878558282741309
4.62,0.5165750546794562,0.0006865133824205945,-6.708952220867842e-05,2.472576355360548,0.5235987901687622,0.0070237354893060155,-0.06816007429148717,0.17832599786004855,-0.000687184277647912
4.63,0.5165819131108759,0.0006858431419675094,-6.702404530850581e-05,2.4726056334316246,0.5235987901687622,0.007016877057886339,-0.06815466371304521,0.1783962352149416,-0.0006865133824196512
4.64,0.5165887648464323,0.0006851735556430767,-6.695863244327027e-05,2.472634882804486,0.5235987901687622,0.00701002532232986,-0.06814925842840822,0.17846640398552047,-0.0006858431419676236
4.65,0.5165956098926604,0.0006845046228085908,-6.689328344858247e-05,2.4726641035074657,0.5235987901687622,0.007003180276101806,-0.06814385843239217,0.17853650423874376,-0.0006851735556478999
4.66,0.5166024482560887,0.0006838363428295334,-6.682799790574262e-05,2.4726932955691194,0.5235987901687622,0.006996341912673509,-0.06813846371983039,0.17860653604150478,-0.0006845046228054485
4.67,0.5166092799432394,0.0006831687150665227,-6.676277630107696e-05,2.4727224590170733,0.5235987901687622,0.006989510225522855,-0.06813307428551676,0.17867649946063152,-0.0006838363428296468
4.68,0.5166161049606282,0.0006825017388845109,-6.669761820116832e-05,2.4727515938798437,0.5235987901687622,0.006982685208134054,-0.06812769012429575,0.17874639456288674,-0.0006831687150654631
4.69,0.5166229233147647,0.0006818354136484374,-6.663252360734895e-05,2.472780700185485,0.5235987901687622,0.006975866853997537,-0.06812231123099524,0.17881622141496809,-0.0006825017388800703
4.7,0.5166297350121519,0.0006811697387209809,-6.656749274565332e-05,2.4728097779617997,0.5235987901687622,0.006969055156610282,-0.06811693760043734,0.17888598008350806,-0.0006818354136517435
4.71,0.5166365400592866,0.0006805047134695562,-6.650252514246724e-05,2.472838827237261,0.5235987901687622,0.006962250109475598,-0.06811156922748378,0.17895567063507417,-0.0006811697387254512
4.72,0.5166433384626592,0.000679840337261989,-6.643762075671938e-05,2.472867848039882,0.5235987901687622,0.006955451706103011,-0.06810620610697986,0.17902529313616894,-0.0006805047134683662
4.73,0.5166501302287538,0.0006791766094642855,-6.637277977034062e-05,2.4728968403974254,0.5235987901687622,0.006948659940008373,-0.06810084823376493,0.17909484765322997,-0.0006798403372587636
4.74,0.5166569153640482,0.0006785135294429796,-6.630800213059534e-05,2.4729258043378617,0.5235987901687622,0.006941874804713977,-0.06809549560269519,0.17916433425263006,-0.0006791766094638163
4.75,0.5166636938750139,0.0006778510965675832,-6.624328753964542e-05,2.472954739889378,0.5235987901687622,0.006935096293748333,-0.06809014820864384,0.1792337530006772,-0.000678513529439595
4.76,0.5166704657681159,0.0006771893102061826,-6.617863614005737e-05,2.4729836470796926,0.5235987901687622,0.00692832440064628,-0.06808480604646742,0.17930310396361468,-0.0006778510965643747
4.7700000000000005,0.5166772310498132,0.0006765281697277892,-6.611404783933572e-05,2.473012525936733,0.5235987901687622,0.006921559118948983,-0.06807946911103915,0.17937238720762114,-0.0006771893102053284
4.78,0.5166839897265583,0.0006758676745024851,-6.604952253041335e-05,2.4730413764884123,0.5235987901687622,0.006914800442203939,-0.06807413739723807,0.17944160279881063,-0.0006765281697296288
4.79,0.5166907418047972,0.0006752078239015683,-6.598506009168614e-05,2.4730701987626316,0.5235987901687622,0.006908048363964969,-0.068068810899949,0.17951075080323267,-0.000675867674504449
4.8,0.5166974872909702,0.0006745486172977339,-6.592066038343947e-05,2.473098992787281,0.5235987901687622,0.006901302877792004,-0.06806348961406247,0.17957983128687233,-0.0006752078238969617
4.8100000000000005,0.5167042261915108,0.0006738900540605385,-6.585632371954725e-05,2.473127758589772,0.5235987901687622,0.006894563977251411,-0.06805817353445193,0.17964884431565026,-0.0006745486172965443
4.82,0.5167109585128464,0.0006732321335633619,-6.579204971765562e-05,2.4731564961981833,0.5235987901687622,0.006887831655915777,-0.06805286265603003,0.17971778995542279,-0.0006738900540592674
4.83,0.5167176842613982,0.0006725748551790385,-6.572783843234592e-05,2.473185205640129,0.5235987901687622,0.006881105907364016,-0.06804755697369301,0.17978666827198195,-0.0006732321335634062
4.84,0.5167244034435811,0.0006719182182822418,-6.566368967966807e-05,2.4732138869434346,0.5235987901687622,0.0068743867251811475,-0.06804225648235375,0.17985547933105558,-0.0006725748551761335
4.8500000000000005,0.5167311160658035,0.0006712622222450068,-6.559960372348739e-05,2.473242540135452,0.5235987901687622,0.006867674102958743,-0.06803696117690834,0.1799242231983074,-0.0006719182182868266
4.86,0.516737822134468,0.0006706068664460629,-6.553557989438796e-05,2.473271165244435,0.5235987901687622,0.006860968034294257,-0.06803167105230348,0.17999289993933698,-0.0006712622222404541
4.87,0.5167445216559705,0.0006699521502572022,-6.547161888607184e-05,2.473299762297253,0.5235987901687622,0.006854268512791695,-0.06802638610342406,0.18006150961967993,-0.0006706068664485976
4.88,0.516751214636701,0.0006692980730570932,-6.540772001090156e-05,2.473328331322123,0.5235987901687622,0.0068475755320611675,-0.06802110632522786,0.18013005230480783,-0.0006699521502562256
4.89,0.5167579010830433,0.0006686446342223568,-6.534388347363002e-05,2.473356872346347,0.5235987901687622,0.006840889085718893,-0.06801583171263359,0.18019852806012845,-0.0006692980730527154
4.9,0.5167645810013746,0.0006679918331275508,-6.528010948059909e-05,2.4733853853971968,0.5235987901687622,0.006834209167387639,-0.06801056226056514,0.18026693695098564,-0.0006686446342274444
4.91,0.5167712543980661,0.000667339669154533,-6.521639730178858e-05,2.473413870502852,0.5235987901687622,0.006827535770696058,-0.06800529796399729,0.18033527904265953,-0.0006679918331253809
4.92,0.516777921279483,0.000666688141678869,-6.515274756639655e-05,2.4734423276901083,0.5235987901687622,0.006820868889279241,-0.06800003881784293,0.18040355440036648,-0.0006673396691581068
4.93,0.5167845816519838,0.0006660372500813455,-6.508915975234758e-05,2.473470756986883,0.5235987901687622,0.006814208516778386,-0.06799478481707663,0.18047176308925927,-0.0006666881416816928
4.94,0.5167912355219212,0.0006653869937412766,-6.502563400688499e-05,2.473499158420399,0.5235987901687622,0.006807554646841019,-0.06798953595664509,0.18053990517442706,-0.0006660372500855161
4.95,0.5167978828956415,0.0006647373720412218,-6.496217000547672e-05,2.4735275320183217,0.5235987901687622,0.00680090727312066,-0.06798429223152293,0.18060798072089546,-0.0006653869937367496
4.96,0.5168045237794852,0.0006640883843602191,-6.489876810027856e-05,2.473555877807615,0.5235987901687622,0.006794266389277048,-0.06797905363665645,0.18067598979362667,-0.0006647373720358729
4.97,0.516811158179786,0.0006634400300783891,-6.483542818300214e-05,2.473584195815676,0.5235987901687622,0.00678763198897625,-0.06797382016701976,0.18074393245751944,-0.0006640883843611611
4.98,0.5168177861028718,0.0006627923085794211,-6.477214989679403e-05,2.473612486070121,0.5235987901687622,0.006781004065890439,-0.06796859181760413,0.1808118087774092,-0.0006634400300797871
4.99,0.5168244075550642,0.0006621452192461732,-6.470893332478217e-05,2.4736407485981022,0.5235987901687622,0.0067743826136980045,-0.06796336858338409,0.1808796188180681,-0.0006627923085811283
5.0,0.5168310225426789,0.0006614987614630665,-6.464577831067492e-05,2.473668983426982,0.5235987901687622,0.006767767626083332,-0.06795815045935072,0.18094736264420508,-0.0006621452192434596
5.01,0.516837631072025,0.0006608529346115803,-6.458268514862586e-05,2.473697190583647,0.5235987901687622,0.006761159096737246,-0.06795293744047813,0.18101504032046592,-0.0006614987614672607
5.0200000000000005,0.5168442331494058,0.0006602077380795502,-6.45196532030115e-05,2.4737253700958854,0.5235987901687622,0.006754557019356455,-0.06794772952179096,0.1810826519114333,-0.0006608529346086023
5.03,0.5168508287811182,0.0006595631712498995,-6.445668296507084e-05,2.473753521990333,0.5235987901687622,0.006747961387643997,-0.06794252669826334,0.18115019748162686,-0.0006602077380790661
5.04,0.5168574179734533,0.0006589192335098279,-6.439377400716678e-05,2.4737816462945164,0.5235987901687622,0.006741372195308903,-0.06793732896491952,0.1812176770955033,-0.000659563171245825
5.05,0.5168640007326958,0.0006582759242441147,-6.433092657132794e-05,2.4738097430352672,0.5235987901687622,0.006734789436066424,-0.06793213631675576,0.1812850908174564,-0.0006589192335093585
5.0600000000000005,0.5168705770651242,0.0006576332428397752,-6.426814043394152e-05,2.473837812239854,0.5235987901687622,0.0067282131036380255,-0.06792694874879618,0.18135243871181705,-0.0006582759242479419
5.07,0.516877146977011,0.0006569911886862678,-6.420541535074459e-05,2.47386585393554,0.5235987901687622,0.00672164319175117,-0.06792176625607077,0.18141972084285343,-0.0006576332428398501
5.08,0.5168837104746228,0.0006563497611710231,-6.41427515244708e-05,2.473893868149115,0.5235987901687622,0.006715079694139425,-0.06791658883359236,0.18148693727477094,-0.0006569911886855628
5.09,0.5168902675642196,0.0006557089596817825,-6.40801489240686e-05,2.4739218549075765,0.5235987901687622,0.006708522604542577,-0.06791141647639026,0.18155408807171233,-0.0006563497611744573
5.1000000000000005,0.5168968182520557,0.0006550687836090534,-6.401760727291206e-05,2.4739498142381393,0.5235987901687622,0.006701971916706517,-0.06790624917951087,0.18162117329775776,-0.0006557089596848087
5.11,0.5169033625443791,0.0006544292323439927,-6.395512650607393e-05,2.47397774616778,0.5235987901687622,0.006695427624383132,-0.06790108693799483,0.18168819301692482,-0.0006550687836059943
5.12,0.5169099004474318,0.0006537903052762079,-6.389270677848585e-05,2.47400565072323,0.5235987901687622,0.0066888897213304155,-0.0678959297468769,0.18175514729316866,-0.0006544292323384937
5.13,0.5169164319674497,0.0006531520017960944,-6.383034801134974e-05,2.4740335279314274,0.5235987901687622,0.006682358201312466,-0.06789077760120825,0.18182203619038195,-0.0006537903052716842
5.14,0.5169229571106627,0.0006525143212949904,-6.376805011040071e-05,2.4740613778192984,0.5235987901687622,0.00667583305809949,-0.06788563049604568,0.18188885977239508,-0.0006531520017949433
5.15,0.5169294758832944,0.000651877263165309,-6.370581296813449e-05,2.474089200413757,0.5235987901687622,0.006669314285467798,-0.0678804884264516,0.18195561810297609,-0.0006525143212976481
5.16,0.5169359882915624,0.0006512408268006883,-6.364363646206572e-05,2.4741169957417037,0.5235987901687622,0.006662801877199809,-0.06787535138749397,0.18202231124583076,-0.000651877263169176
5.17,0.5169424943416784,0.0006506050115961409,-6.358152045474186e-05,2.4741447638300302,0.5235987901687622,0.006656295827083825,-0.06787021937424625,0.18208893926460276,-0.0006512408267989045
5.18,0.5169489940398478,0.0006499698169435585,-6.351946525823965e-05,2.47417250470515,0.5235987901687622,0.006649796128914365,-0.06786509238176469,0.1821555022228736,-0.0006506050115984152
5.19,0.5169554873922703,0.0006493352422386472,-6.34574704911281e-05,2.4742002183941443,0.5235987901687622,0.006643302776491944,-0.0678599704051445,0.18222200018416274,-0.0006499698169459833
5.2,0.516961974405139,0.0006487012868765363,-6.339553621109717e-05,2.4742279049236293,0.5235987901687622,0.006636815763623183,-0.06785485343946426,0.18228843321192764,-0.0006493352422420884
5.21,0.5169684550846416,0.0006480679502541898,-6.333366223465475e-05,2.4742555643204347,0.5235987901687622,0.006630335084120587,-0.06784974147981898,0.18235480136956386,-0.0006487012868761077
5.22,0.5169749294369593,0.0006474352317659107,-6.327184882790049e-05,2.4742831966109167,0.5235987901687622,0.0066238607318028775,-0.06784463452128663,0.18242110472040507,-0.0006480679502596232
5.23,0.5169813974682674,0.0006468031308103252,-6.321009555855517e-05,2.4743108018221003,0.5235987901687622,0.006617392700494773,-0.06783953255898431,0.1824873433277231,-0.0006474352317709098
5.24,0.5169878591847353,0.0006461716467860031,-6.314840243221154e-05,2.4743383799805487,0.5235987901687622,0.006610930984026875,-0.06783443558801233,0.18255351725472804,-0.0006468031308104472
5.25,0.5169943145925262,0.0006455407790892248,-6.308676967783228e-05,2.4743659311125743,0.5235987901687622,0.006604475576236002,-0.06782934360346486,0.18261962656456832,-0.0006461716467898171
5.26,0.5170007636977975,0.0006449105271209511,-6.302519682736818e-05,2.4743934552451607,0.5235987901687622,0.006598026470964746,-0.0678242566004752,0.18268567132033067,-0.0006455407790872947
5.2700000000000005,0.5170072065067003,0.0006442808902778303,-6.296368431207844e-05,2.4744209524043663,0.5235987901687622,0.006591583662061917,-0.0678191745741371,0.1827516515850403,-0.000644910527125564
5.28,0.5170136430253799,0.000643651867961404,-6.290223164263226e-05,2.474448422617143,0.5235987901687622,0.0065851471433823194,-0.0678140975195947,0.18281756742166091,-0.0006442808902829
5.29,0.5170200732599757,0.0006430234595737765,-6.284083876274132e-05,2.4744758659099837,0.5235987901687622,0.0065787169087865305,-0.06780902543197534,0.18288341889309473,-0.0006436518679597825
5.3,0.5170264972166209,0.0006423956645130718,-6.277950607047611e-05,2.474503282308901,0.5235987901687622,0.006572292952141345,-0.06780395830638879,0.1829492060621826,-0.0006430234595788953
5.3100000000000005,0.5170329149014427,0.000641768482182656,-6.271823304157542e-05,2.4745306718408044,0.5235987901687622,0.006565875267319554,-0.06779889613799538,0.18301492899170402,-0.0006423956645185136
5.32,0.5170393263205625,0.0006411419119868387,-6.265701958172581e-05,2.474558034532145,0.5235987901687622,0.00655946384819972,-0.0677938389219386,0.18308058774437722,-0.000641768482179117
5.33,0.5170457314800958,0.0006405159533263239,-6.259586605147915e-05,2.4745853704088963,0.5235987901687622,0.006553058688666402,-0.06778878665334442,0.1831461823828592,-0.0006411419119833894
5.34,0.5170521303861518,0.0006398906056028014,-6.253477235226151e-05,2.4746126794974628,0.5235987901687622,0.006546659782610376,-0.0677837393273665,0.18321171296974587,-0.0006405159533318106
5.3500000000000005,0.517058523044834,0.000639265868223768,-6.247373790332911e-05,2.474639961824704,0.5235987901687622,0.0065402671239281895,-0.06777869693918678,0.18327717956757197,-0.0006398906056026554
5.36,0.5170649094622399,0.0006386417405935612,-6.24127630206861e-05,2.4746672174165596,0.5235987901687622,0.006533880706522277,-0.06777365948394773,0.18334258223881125,-0.0006392658682186081
5.37,0.5170712896444611,0.0006380182221156214,-6.2351847793983e-05,2.4746944462991673,0.5235987901687622,0.006527500524301066,-0.06776862695680774,0.18340792104587647,-0.0006386417405912503
5.38,0.5170776635975831,0.0006373953121948828,-6.229099207386013e-05,2.47472164849888,0.5235987901687622,0.006521126571179092,-0.06776359935294202,0.18347319605111947,-0.0006380182221210617
5.39,0.5170840313276855,0.0006367730102402899,-6.223019545929104e-05,2.4747488240422735,0.5235987901687622,0.006514758841076662,-0.06775857666754269,0.18353840731683127,-0.0006373953121974196
5.4,0.5170903928408421,0.0006361513156580652,-6.21694582224816e-05,2.4747759729552268,0.5235987901687622,0.006508397327920079,-0.06775355889577346,0.18360355490524205,-0.000636773010243008
5.41,0.5170967481431207,0.0006355302278563304,-6.21087801734796e-05,2.474803095264054,0.5235987901687622,0.00650204202564153,-0.06774854603282562,0.18366863887852125,-0.0006361513156583065
5.42,0.5171030972405831,0.0006349097462429868,-6.204816133436458e-05,2.474830190994832,0.5235987901687622,0.0064956929281790865,-0.06774353807388464,0.18373365929877766,-0.0006355302278548969
5.43,0.5171094401392854,0.0006342898702257593,-6.198760172275442e-05,2.474857260173616,0.5235987901687622,0.006489350029476815,-0.06773853501414102,0.18379861622805946,-0.0006349097462443609
5.44,0.5171157768452775,0.0006336705992146392,-6.192710111201094e-05,2.47488430282668,0.5235987901687622,0.006483013323484665,-0.06773353684880211,0.18386350972835422,-0.0006342898702271782
5.45,0.5171221073646037,0.0006330519326197594,-6.186665948797188e-05,2.474911318980059,0.5235987901687622,0.006476682804158473,-0.06772854357306937,0.18392833986158907,-0.0006336705992149305
5.46,0.5171284317033022,0.0006324338698514654,-6.18062768294042e-05,2.4749383086597696,0.5235987901687622,0.006470358465459958,-0.06772355518214937,0.18399310668963065,-0.0006330519326191997
5.47,0.5171347498674055,0.0006318164103204433,-6.174595310221714e-05,2.4749652718918167,0.5235987901687622,0.006464040301356722,-0.06771857167125404,0.18405781027428525,-0.0006324338698515675
5.48,0.5171410618629398,0.0006311995534378221,-6.168568826211973e-05,2.4749922087021883,0.5235987901687622,0.006457728305822363,-0.06771359303560061,0.18412245067729882,-0.0006318164103236157
5.49,0.5171473676959261,0.0006305832986176157,-6.162548202064827e-05,2.47501911911709,0.5235987901687622,0.0064514224728361436,-0.0677086192704228,0.18418702796035705,-0.0006311995534358239
5.5,0.5171536673723788,0.0006299676452699562,-6.156533476594367e-05,2.4750460031620287,0.5235987901687622,0.006445122796383429,-0.06770365037092599,0.1842515421850854,-0.0006305832986219784
5.51,0.5171599608983068,0.0006293525928103399,-6.150524596162943e-05,2.4750728608634063,0.5235987901687622,0.00643882927045536,-0.06769868633236571,0.18431599341304924,-0.0006299676452714564
5.5200000000000005,0.5171662482797134,0.0006287381406529599,-6.144521573799716e-05,2.475099692246935,0.5235987901687622,0.006432541889048848,-0.06769372714996921,0.1843803817057538,-0.0006293525928069421
5.53,0.5171725295225955,0.0006281242882107567,-6.138524422031472e-05,2.475126497338305,0.5235987901687622,0.006426260646166693,-0.06768877281896869,0.18444470712464428,-0.0006287381406511194
5.54,0.5171788046329445,0.0006275110348977687,-6.132533129880186e-05,2.475153276163417,0.5235987901687622,0.006419985535817685,-0.06768382333461276,0.18450896973110595,-0.0006281242882155702
5.55,0.5171850736167458,0.0006268983801316176,-6.126547661510634e-05,2.4751800287483943,0.5235987901687622,0.006413716552016391,-0.06767887869216699,0.18457316958646414,-0.000627511034900774
5.5600000000000005,0.5171913364799791,0.0006262863233290999,-6.120568025176631e-05,2.4752067551188937,0.5235987901687622,0.006407453688783149,-0.06767393888687974,0.1846373067519843,-0.0006268983801294148
5.57,0.5171975932286181,0.0006256748639062542,-6.114594228457532e-05,2.475233455300553,0.5235987901687622,0.006401196940144072,-0.06766900391400425,0.18470138128887215,-0.0006262863233241767
5.58,0.5172038438686309,0.0006250640012783794,-6.108626278748114e-05,2.475260129318988,0.5235987901687622,0.006394946300131266,-0.06766407376879881,0.1847653932582736,-0.0006256748639077436
5.59,0.5172100884059796,0.0006244537348648055,-6.1026641357389555e-05,2.475286777200264,0.5235987901687622,0.0063887017627826115,-0.06765914844654977,0.1848293427212749,-0.0006250640012805952
5.6000000000000005,0.5172163268466204,0.0006238440640844794,-6.09670780326102e-05,2.4753133989699805,0.5235987901687622,0.006382463322141763,-0.06765422794252636,0.18489322973890274,-0.0006244537348654156
5.61,0.517222559196504,0.0006232349883560497,-6.090757284296644e-05,2.4753399946537202,0.5235987901687622,0.006376230972258257,-0.06764931225200291,0.18495705437212415,-0.0006238440640848886
5.62,0.5172287854615749,0.0006226265071002741,-6.084812557755753e-05,2.475366564277281,0.5235987901687622,0.006370004707187293,-0.06764440137027017,0.18502081668184672,-0.0006232349883505961
5.63,0.5172350056477723,0.0006220186197355409,-6.078873647332589e-05,2.4753931078659885,0.5235987901687622,0.006363784520989957,-0.06763949529260148,0.1850845167289186,-0.0006226265070963244
5.64,0.5172412197610291,0.0006214113256825339,-6.07294053006982e-05,2.475419625445608,0.5235987901687622,0.006357570407733104,-0.06763459401429787,0.1851481545741285,-0.0006220186197336552
5.65,0.5172474278072727,0.000620804624362059,-6.067013204748978e-05,2.4754461170416633,0.5235987901687622,0.0063513623614894765,-0.06762969753065434,0.18521173027820584,-0.0006214113256852727
5.66,0.5172536297924247,0.0006201985151975263,-6.061091645326311e-05,2.4754725826799,0.5235987901687622,0.0063451603763374775,-0.0676248058369826,0.18527524390182074,-0.0006208046243627585
5.67,0.5172598257224008,0.000619592997610458,-6.0551758706839376e-05,2.475499022385591,0.5235987901687622,0.006338964446361395,-0.06761991892857704,0.1853386955055841,-0.000620198515199899
5.68,0.517266015603111,0.0006189880710251837,-6.04926585274293e-05,2.4755254361844514,0.5235987901687622,0.006332774565651178,-0.06761503680075959,0.18540208515004772,-0.0006195929976082759
5.69,0.5172721994404597,0.0006183837348643707,-6.0433616081302655e-05,2.4755518241017267,0.5235987901687622,0.00632659072830255,-0.06761015944883486,0.18546541289570423,-0.0006189880710216755
5.7,0.5172783772403452,0.0006177799885513879,-6.037463129827253e-05,2.4755781861628723,0.5235987901687622,0.006320412928417007,-0.06760528686812368,0.18552867880298726,-0.0006183837348627819
5.71,0.5172845490086603,0.0006171768315104209,-6.031570409670284e-05,2.4756045223933296,0.5235987901687622,0.00631424116010193,-0.06760041905395223,0.18559188293227144,-0.000617779988554279
5.72,0.517290714751292,0.000616574263168953,-6.025683414679489e-05,2.4756308328187626,0.5235987901687622,0.006308075417470249,-0.06759555600166327,0.18565502534387246,-0.0006171768315077486
5.73,0.5172968744741214,0.0006159722829509901,-6.019802179629136e-05,2.4756571174641353,0.5235987901687622,0.006301915694640781,-0.06759069770657095,0.18571810609804718,-0.0006165742631680793
5.74,0.5173030281830243,0.0006153708902839962,-6.013926669938552e-05,2.475683376355077,0.5235987901687622,0.006295761985737891,-0.06758584416402796,0.18578112525499357,-0.0006159722829468528
5.75,0.5173091758838703,0.00061477008459214,-6.0080569185619326e-05,2.4757096095165196,0.5235987901687622,0.006289614284891942,-0.06758099536935858,0.18584408287485096,-0.0006153708902889576
5.76,0.5173153175825234,0.0006141698653055792,-6.002192865608297e-05,2.4757358169742956,0.5235987901687622,0.006283472586238847,-0.06757615131793732,0.18590697901769987,-0.0006147700845948734
5.7700000000000005,0.5173214532848419,0.0006135702318514931,-5.996334540860071e-05,2.4757619987533177,0.5235987901687622,0.0062773368839202925,-0.06757131200509894,0.18596981374356225,-0.0006141698653094885
5.78,0.5173275829966785,0.0006129711836586911,-5.990481928019875e-05,2.475788154878934,0.5235987901687622,0.006271207172083737,-0.06756647742620578,0.18603258711240145,-0.000613570231855487
5.79,0.51733370672388,0.0006123727201577925,-5.9846350089869105e-05,2.4758142853764857,0.5235987901687622,0.006265083444882191,-0.06756164757662533,0.1860952991841223,-0.0006129711836555529
5.8,0.5173398244722878,0.0006117748407767174,-5.978793810751393e-05,2.4758403902708386,0.5235987901687622,0.006258965696474439,-0.06755682245170747,0.1861579500185711,-0.0006123727201545748
5.8100000000000005,0.5173459362477372,0.0006111775449453393,-5.972958313781723e-05,2.475866469587298,0.5235987901687622,0.006252853921025037,-0.06755200204682972,0.18622053967553584,-0.0006117748407752366
5.82,0.5173520420560581,0.0006105808320956382,-5.96712849701142e-05,2.4758925233511597,0.5235987901687622,0.0062467481127040925,-0.06754718635737478,0.18628306821474608,-0.0006111775449402224
5.83,0.5173581419030747,0.0006099847016572578,-5.9613043838030455e-05,2.475918551587252,0.5235987901687622,0.006240648265687487,-0.06754237537870798,0.18634553569587312,-0.0006105808320944206
5.84,0.5173642357946053,0.0006093891530621223,-5.955485951355394e-05,2.4759445543208383,0.5235987901687622,0.006234554374156875,-0.06753756910622216,0.18640794217853,-0.0006099847016605153
5.8500000000000005,0.5173703237364627,0.0006087941857446553,-5.949673174670406e-05,2.4759705315771794,0.5235987901687622,0.006228466432299462,-0.06753276753531562,0.18647028772227156,-0.0006093891530611906
5.86,0.5173764057344541,0.0006081997991373014,-5.9438660735391946e-05,2.475996483381065,0.5235987901687622,0.006222384434308115,-0.0675279706613691,0.18653257238659454,-0.0006087941857413348
5.87,0.5173824817943808,0.000607605992672873,-5.938064644283453e-05,2.4760224097574928,0.5235987901687622,0.006216308374381363,-0.06752317847977943,0.1865947962309376,-0.0006081997991347343
5.88,0.5173885519220387,0.0006070127657846521,-5.9322688822090186e-05,2.4760483107314473,0.5235987901687622,0.0062102382467235095,-0.06751839098594854,0.18665695931468143,-0.0006076059926751753
5.89,0.5173946161232178,0.0006064201179088277,-5.926478758244702e-05,2.476074186328131,0.5235987901687622,0.006204174045544408,-0.06751360817529492,0.18671906169714866,-0.0006070127657853419
5.9,0.5174006744037026,0.0006058280484800563,-5.9206942877136626e-05,2.476100036572279,0.5235987901687622,0.006198115765059575,-0.06750883004321964,0.1867811034376041,-0.0006064201179101225
5.91,0.517406726769272,0.000605236556933831,-5.914915462253839e-05,2.476125861488838,0.5235987901687622,0.006192063399490189,-0.06750405658513989,0.1868430845952547,-0.0006058280484833034
5.92,0.5174127732256991,0.0006046456427065864,-5.9091422724449894e-05,2.476151661102741,0.5235987901687622,0.0061860169430630885,-0.0674992877964781,0.1869050052292496,-0.0006052365569386708
5.93,0.5174188137787514,0.0006040553052358452,-5.903374707411785e-05,2.476177435438911,0.5235987901687622,0.006179976390010777,-0.06749452367266182,0.18696686539868024,-0.0006046456427100111
5.94,0.517424848434191,0.0006034655439603585,-5.897612754866832e-05,2.4762031845222587,0.5235987901687622,0.006173941734571198,-0.06748976420912361,0.18702866516258035,-0.0006040553052311104
5.95,0.5174308771977741,0.000602876358315575,-5.891856447835103e-05,2.4762289083772213,0.5235987901687622,0.006167912970988065,-0.06748500940127841,0.18709040457992607,-0.0006034655439579595
5.96,0.5174369000752516,0.0006022877477405768,-5.8861057499831615e-05,2.4762546070289013,0.5235987901687622,0.006161890093510647,-0.06748025924457977,0.18715208370963596,-0.0006028763583132424
5.97,0.5174429170723683,0.0006016997116736831,-5.8803606689361576e-05,2.4762802805019386,0.5235987901687622,0.006155873096393871,-0.06747551373446402,0.18721370261057108,-0.0006022877477418476
5.98,0.5174489281948639,0.0006011122495548234,-5.8746211885965516e-05,2.476305928821186,0.5235987901687622,0.0061498619738983296,-0.06747077286638384,0.18727526134153502,-0.0006016997116775613
5.99,0.5174549334484722,0.0006005253608257172,-5.868887291062691e-05,2.4763315520114895,0.5235987901687622,0.006143856720290053,-0.06746603663579707,0.187336759961274,-0.0006011122495541699
6.0,0.5174609328389214,0.0005999390449253778,-5.863159003392793e-05,2.476357150097221,0.5235987901687622,0.006137857329840846,-0.067461305038144,0.1873981985284769,-0.0006005253608276639
6.01,0.5174669263719344,0.0005993533012970572,-5.8574362832054805e-05,2.476382723103423,0.5235987901687622,0.006131863796827841,-0.06745657806890347,0.1874595771017753,-0.0005999390449207276
6.0200000000000005,0.5174729140532282,0.0005987681293792126,-5.8517191784464295e-05,2.476408271054211,0.5235987901687622,0.006125876115534057,-0.06745185572351438,0.18752089573974356,-0.0005993533013004537
6.03,0.5174788958885144,0.000598183528617031,-5.846007621816002e-05,2.4764337939748264,0.5235987901687622,0.0061198942802478395,-0.06744713799747691,0.1875821545008989,-0.0005987681293784242
6.04,0.5174848718834989,0.0005975994984511828,-5.840301658481539e-05,2.4764592918893635,0.5235987901687622,0.006113918285263309,-0.06744242488624015,0.1876433534437014,-0.0005981835286217319
6.05,0.5174908420438822,0.0005970160383270056,-5.834601241771348e-05,2.47648476482281,0.5235987901687622,0.006107948124880025,-0.06743771638530306,0.18770449262655403,-0.0005975994984530608
6.0600000000000005,0.5174968063753591,0.0005964331476878294,-5.828906391762423e-05,2.4765102127994627,0.5235987901687622,0.0061019837934030985,-0.067433012490136,0.18776557210780284,-0.0005970160383284018
6.07,0.5175027648836189,0.0005958508259773008,-5.8232171052864656e-05,2.4765356358438257,0.5235987901687622,0.006096025285143303,-0.06742831319622535,0.18782659194573686,-0.0005964331476926432
6.08,0.5175087175743454,0.0005952690726418167,-5.81753335484117e-05,2.476561033980622,0.5235987901687622,0.006090072594416851,-0.0674236184990738,0.1878875521985883,-0.0005958508259795714
6.09,0.5175146644532166,0.0005946878871260715,-5.811855157451806e-05,2.476586407234106,0.5235987901687622,0.0060841257155456185,-0.06741892839416669,0.18794845292453247,-0.000595269072645177
6.1000000000000005,0.5175206055259054,0.0005941072688777398,-5.806182483316519e-05,2.4766117556289764,0.5235987901687622,0.00607818464285681,-0.06741424287701667,0.18800929418168794,-0.0005946878871232464
6.11,0.5175265407980788,0.0005935272173406965,-5.8005153704333845e-05,2.4766370791892287,0.5235987901687622,0.006072249370683402,-0.0674095619431075,0.1880700760281165,-0.0005941072688808724
6.12,0.5175324702753984,0.0005929477319642485,-5.794853764479885e-05,2.4766623779397587,0.5235987901687622,0.006066319893363814,-0.06740488558797303,0.18813079852182335,-0.0005935272173407391
6.13,0.5175383939635203,0.0005923688121965171,-5.7891976773138953e-05,2.4766876519047747,0.5235987901687622,0.0060603962052419025,-0.06740021380711858,0.188191461720757,-0.0005929477319588372
6.140000000000001,0.5175443118680951,0.0005917904574844214,-5.78354712095705e-05,2.476712901108461,0.5235987901687622,0.006054478300667077,-0.06739554659605393,0.18825206568280942,-0.0005923688121911574
6.15,0.5175502239947679,0.0005912126672760641,-5.777902083572983e-05,2.476738125575217,0.5235987901687622,0.006048566173994296,-0.06739088395030511,0.1883126104658161,-0.0005917904574825883
6.16,0.5175561303491781,0.0005906354410208813,-5.772262551827223e-05,2.4767633253294297,0.5235987901687622,0.006042659819584073,-0.06738622586540324,0.18837309612755604,-0.0005912126672780182
6.17,0.5175620309369598,0.0005900587781697837,-5.7666285109760074e-05,2.4767885003954793,0.5235987901687622,0.006036759231802358,-0.06738157233688459,0.18843352272575187,-0.0005906354410223358
6.18,0.5175679257637416,0.0005894826781729873,-5.760999967963781e-05,2.4768136507975043,0.5235987901687622,0.006030864405020653,-0.06737692336027909,0.1884938903180699,-0.0005900587781715316
6.19,0.5175738148351464,0.0005889071404823861,-5.7553769060122995e-05,2.4768387765598563,0.5235987901687622,0.00602497533361579,-0.06737227893113266,0.1885541989621201,-0.0005894826781704943
6.2,0.5175796981567918,0.0005883321645470691,-5.749759353169265e-05,2.4768638777064154,0.5235987901687622,0.006019092011970373,-0.06736763904497371,0.18861444871545627,-0.0005889071404863166
6.21,0.5175855757342901,0.0005877577498225962,-5.744147244729492e-05,2.4768889542619634,0.5235987901687622,0.006013214434472114,-0.06736300369738052,0.18867463963557596,-0.0005883321645416828
6.22,0.5175914475732477,0.0005871838957573932,-5.7385406520303606e-05,2.4769140062499004,0.5235987901687622,0.006007342595514498,-0.06735837288386874,0.18873477177992068,-0.0005877577498258901
6.23,0.5175973136792658,0.0005866106018064905,-5.7329395090267854e-05,2.4769390336949755,0.5235987901687622,0.006001476489496449,-0.06735374660002645,0.18879484520587583,-0.0005871838957616227
6.24,0.51760317405794,0.0005860378674249528,-5.727343815376679e-05,2.4769640366212555,0.5235987901687622,0.005995616110822222,-0.06734912484141325,0.1888548599707708,-0.0005866106018048711
6.25,0.5176090287148606,0.0005854656920656009,-5.7217535935197295e-05,2.476989015052558,0.5235987901687622,0.005989761453901621,-0.06734450760358211,0.18891481613187902,-0.0005860378674227285
6.26,0.5176148776556124,0.0005848940751836721,-5.71616881928777e-05,2.4770139690131407,0.5235987901687622,0.0059839125131497806,-0.06733989488211319,0.18897471374641803,-0.0005854656920600831
6.2700000000000005,0.5176207208857747,0.0005843230162323465,-5.710589513256009e-05,2.477038898526793,0.5235987901687622,0.005978069282987497,-0.06733528667256916,0.18903455287154952,-0.0005848940751840281
6.28,0.5176265584109214,0.0005837525146697472,-5.70501562599246e-05,2.477063803617977,0.5235987901687622,0.005972231757840785,-0.06733068297055136,0.1890943335643794,-0.0005843230162283497
6.29,0.5176323902366209,0.0005831825699499255,-5.699447198218022e-05,2.4770886843102318,0.5235987901687622,0.00596639993214132,-0.06732608377162118,0.18915405588195783,-0.000583752514671243
6.3,0.5176382163684362,0.0005826131815320744,-5.693884178511327e-05,2.4771135406279945,0.5235987901687622,0.005960573800325997,-0.06732148907138971,0.18921371988127925,-0.0005831825699464943
6.3100000000000005,0.517644036811925,0.0005820443488715404,-5.688326605340216e-05,2.4771383725947786,0.5235987901687622,0.005954753356837261,-0.06731689886542797,0.1892733256192825,-0.0005826131815322988
6.32,0.5176498515726392,0.0005814760714267148,-5.6827744482547404e-05,2.477163180234764,0.5235987901687622,0.005948938596122999,-0.06731231314934552,0.18933287315285088,-0.000582044348873545
6.33,0.5176556606561258,0.0005809083486569439,-5.677227697709758e-05,2.4771879635718967,0.5235987901687622,0.005943129512636425,-0.06730773191874574,0.18939236253881211,-0.0005814760714262235
6.34,0.517661464067926,0.0005803411800203067,-5.6716863663729133e-05,2.477212722629879,0.5235987901687622,0.005937326100836193,-0.06730315516922544,0.18945179383393848,-0.0005809083486574274
6.3500000000000005,0.5176672618135758,0.0005797745649759926,-5.6661504431405885e-05,2.477237457432625,0.5235987901687622,0.0059315283551863995,-0.06729858289639751,0.18951116709494684,-0.0005803411800231473
6.36,0.5176730538986056,0.0005792085029844293,-5.660619915632409e-05,2.4772621680040396,0.5235987901687622,0.0059257362701565786,-0.0672940150958798,0.1895704823784987,-0.000579774564979374
6.37,0.5176788403285407,0.0005786429935074321,-5.6550947699712806e-05,2.4772868543680184,0.5235987901687622,0.005919949840221483,-0.06728945176329511,0.18962973974120026,-0.0005792085029820981
6.38,0.5176846211089008,0.0005780780360036777,-5.649575037544596e-05,2.477311516547983,0.5235987901687622,0.005914169059861418,-0.0672848928942483,0.18968893923960248,-0.000578642993509515
6.390000000000001,0.5176903962452002,0.0005775136299356521,-5.644060680255053e-05,2.4773361545680226,0.5235987901687622,0.005908393923562016,-0.06728033848438278,0.1897480809302011,-0.000578078036006513
6.4,0.5176961657429479,0.000576949774765247,-5.638551704052058e-05,2.4773607684517653,0.5235987901687622,0.005902624425814351,-0.06727578852932461,0.18980716486943672,-0.0005775136299401851
6.41,0.5177019296076474,0.000576386469956135,-5.633048091119308e-05,2.477385358223053,0.5235987901687622,0.005896860561114825,-0.06727124302471583,0.18986619111369485,-0.000576949774766522
6.42,0.5177076878447971,0.000575823714971633,-5.6275498450199246e-05,2.47740992390549,0.5235987901687622,0.005891102323965058,-0.06726670196619207,0.18992515971930599,-0.0005763864699526167
6.43,0.5177134404598899,0.0005752615092724191,-5.622056992139052e-05,2.477434465522429,0.5235987901687622,0.005885349708872334,-0.06726216534938217,0.18998407074254564,-0.0005758237149766643
6.44,0.5177191874584132,0.0005746998523258213,-5.616569465978494e-05,2.477458983098128,0.5235987901687622,0.005879602710349041,-0.06725763316996508,0.19004292423963437,-0.0005752615092724511
6.45,0.5177249288458491,0.0005741387435945666,-5.6110873125458927e-05,2.4774834766556975,0.5235987901687622,0.005873861322913121,-0.06725310542356844,0.19010172026673786,-0.0005746998523292746
6.46,0.5177306646276746,0.0005735781825459608,-5.6056104860584266e-05,2.4775079462191414,0.5235987901687622,0.005868125541087621,-0.06724858210586944,0.190160458879967,-0.0005741387435920231
6.47,0.5177363948093611,0.0005730181686428727,-5.6001390308813015e-05,2.4775323918115406,0.5235987901687622,0.00586239535940114,-0.06724406321250509,0.19021914013537786,-0.0005735781825499942
6.48,0.5177421193963746,0.0005724587013529449,-5.594672899277703e-05,2.4775568134568715,0.5235987901687622,0.005856670772387607,-0.06723954873916226,0.19027776408897187,-0.0005730181686480762
6.49,0.517747838394176,0.0005718997801442193,-5.589212087256379e-05,2.4775812111786513,0.5235987901687622,0.005850951774586166,-0.06723503868151025,0.19033633079669576,-0.0005724587013533622
6.5,0.5177535518082209,0.0005713414044829203,-5.583756612989599e-05,2.477605585000152,0.5235987901687622,0.005845238360541294,-0.06723053303521175,0.19039484031444162,-0.0005718997801440473
6.51,0.5177592596439593,0.0005707835738357752,-5.578306471451522e-05,2.477629934944855,0.5235987901687622,0.005839530524802905,-0.06722603179594527,0.19045329269804703,-0.0005713414044872245
6.5200000000000005,0.5177649619068361,0.0005702262876724735,-5.5728616330165404e-05,2.477654261036464,0.5235987901687622,0.005833828261926133,-0.06722153495940561,0.19051168800329507,-0.0005707835738388845
6.53,0.5177706586022907,0.0005696695454612012,-5.5674221127219314e-05,2.477678563298212,0.5235987901687622,0.0058281315664715505,-0.06721704252126988,0.19057002628591432,-0.0005702262876772224
6.54,0.5177763497357574,0.0005691133466733454,-5.5619878785585775e-05,2.4777028417537807,0.5235987901687622,0.0058224404330048385,-0.06721255447724245,0.19062830760157903,-0.000569669545458229
6.55,0.5177820353126651,0.0005685576907767091,-5.556558966363784e-05,2.4777270964261504,0.5235987901687622,0.005816754856097117,-0.0672080708229986,0.19068653200590907,-0.0005691133466712017
6.5600000000000005,0.5177877153384375,0.0005680025772424386,-5.551135342704572e-05,2.4777513273389697,0.5235987901687622,0.005811074830324725,-0.06720359155425192,0.19074469955447004,-0.0005685576907721313
6.57,0.5177933898184929,0.0005674480055405796,-5.5457170185901905e-05,2.477775534515421,0.5235987901687622,0.00580540035026933,-0.06719911666669837,0.1908028103027733,-0.0005680025772392128
6.58,0.5177990587582443,0.0005668939751424668,-5.540303981128175e-05,2.477799717978902,0.5235987901687622,0.005799731410517928,-0.06719464615604999,0.190860864306276,-0.0005674480055395392
6.59,0.5178047221630995,0.0005663404855208475,-5.534896216193713e-05,2.4778238777528006,0.5235987901687622,0.005794068005662734,-0.06719018001802354,0.1909188616203812,-0.0005668939751402036
6.6000000000000005,0.5178103800384609,0.0005657875361477171,-5.5294937313037085e-05,2.4778480138602634,0.5235987901687622,0.005788410130301291,-0.06718571824832935,0.19097680230043781,-0.000566340485519401
6.61,0.5178160323897258,0.0005652351264966829,-5.52409651034258e-05,2.4778721263246526,0.5235987901687622,0.005782757779036363,-0.06718126084269367,0.19103468640174082,-0.0005657875361442244
6.62,0.5178216792222863,0.0005646832560408123,-5.5187045587053174e-05,2.477896215169091,0.5235987901687622,0.005777110946475927,-0.06717680779683616,0.19109251397953117,-0.000565235126492869
6.63,0.5178273205415288,0.0005641319242526566,-5.5133178815579276e-05,2.477920280416681,0.5235987901687622,0.005771469627233405,-0.06717235910648107,0.19115028508899592,-0.00056468325604353
6.640000000000001,0.5178329563528349,0.0005635811306090065,-5.507936436500299e-05,2.477944322090979,0.5235987901687622,0.005765833815927324,-0.06716791476738024,0.19120799978526826,-0.000564131924252198
6.65,0.5178385866615808,0.0005630308745841745,-5.502560248320243e-05,2.4779683402148445,0.5235987901687622,0.005760203507181427,-0.06716347477525632,0.19126565812342752,-0.0005635811306081706
6.66,0.5178442114731373,0.00056248115565227,-5.49718931904461e-05,2.4779923348113435,0.5235987901687622,0.005754578695624901,-0.0671590391258477,0.19132326015849935,-0.0005630308745896428
6.67,0.5178498307928703,0.0005619319732919609,-5.4918236030911116e-05,2.478016305903994,0.5235987901687622,0.005748959375891927,-0.06715460781492023,0.1913808059454556,-0.0005624811556526055
6.68,0.5178554446261401,0.0005613833269774358,-5.4864631452510026e-05,2.4780402535153887,0.5235987901687622,0.005743345542622125,-0.06715018083819949,0.19143829553921451,-0.0005619319732974581
6.69,0.517861052978302,0.0005608352161875971,-5.4811078983876826e-05,2.478064177669016,0.5235987901687622,0.005737737190460224,-0.06714575819146053,0.19149572899464073,-0.0005613833269801916
6.7,0.5178666558547059,0.0005602876403993722,-5.4757578822492436e-05,2.4780880783876738,0.5235987901687622,0.005732134314056281,-0.06714133987044965,0.19155310636654535,-0.0005608352161901031
6.71,0.5178722532606969,0.0005597405990923834,-5.470413069887797e-05,2.478111955694602,0.5235987901687622,0.005726536908065349,-0.06713692587094014,0.19161042770968592,-0.0005602876403942858
6.72,0.5178778452016143,0.0005591940917421237,-5.465073502596701e-05,2.478135809612338,0.5235987901687622,0.005720944967147923,-0.06713251618867594,0.19166769307876658,-0.0005597405990931392
6.73,0.5178834316827926,0.0005586481178292026,-5.459739129211327e-05,2.4781596401643196,0.5235987901687622,0.005715358485969602,-0.06712811081945082,0.19172490252843805,-0.0005591940917426541
6.74,0.5178890127095609,0.0005581026768326704,-5.4544099653219824e-05,2.478183447373295,0.5235987901687622,0.005709777459201315,-0.06712370975902979,0.19178205611329774,-0.0005586481178321279
6.75,0.5178945882872432,0.0005575577682346921,-5.449085979783441e-05,2.4782072312624557,0.5235987901687622,0.005704201881518989,-0.06711931300320492,0.19183915388788975,-0.0005581026768286534
6.76,0.5179001584211583,0.0005570133915137715,-5.443767209206696e-05,2.4782309918542955,0.5235987901687622,0.005698631747603877,-0.06711492054773903,0.19189619590670492,-0.0005575577682326305
6.7700000000000005,0.5179057231166199,0.0005564695461516561,-5.438453621153805e-05,2.478254729171974,0.5235987901687622,0.005693067052142342,-0.06711053238843324,0.19195318222418095,-0.0005570133915111519
6.78,0.5179112823789361,0.0005559262316289199,-5.4331452273619074e-05,2.478278443238188,0.5235987901687622,0.005687507789826074,-0.06710614852107101,0.19201011289470238,-0.0005564695461535152
6.79,0.5179168362134104,0.000555383447429636,-5.4278419928388555e-05,2.4783021340760776,0.5235987901687622,0.0056819539553517595,-0.06710176894146294,0.19206698797260063,-0.0005559262316268132
6.8,0.5179223846253408,0.0005548411930346497,-5.422543949862302e-05,2.4783258017080887,0.5235987901687622,0.0056764055434214145,-0.06709739364539057,0.19212380751215416,-0.0005553834474314456
6.8100000000000005,0.51792792762002,0.0005542994679284921,-5.4172510615763114e-05,2.478349446157335,0.5235987901687622,0.0056708625487421616,-0.06709302262867375,0.1921805715675884,-0.0005548411930345054
6.82,0.517933465202736,0.000553758271594966,-5.411963335261172e-05,2.4783730674464683,0.5235987901687622,0.005665324966026231,-0.06708865588711461,0.19223728019307582,-0.00055429946792529
6.83,0.5179389973787711,0.0005532176035171959,-5.4066807777010395e-05,2.4783966655981216,0.5235987901687622,0.005659792789991069,-0.06708429341651966,0.19229393344273607,-0.0005537582715930967
6.84,0.517944524153403,0.0005526774631800223,-5.40140337173603e-05,2.4784202406351445,0.5235987901687622,0.005654266015359233,-0.06707993521271129,0.19235053137063599,-0.0005532176035161207
6.8500000000000005,0.5179500455319036,0.0005521378500678104,-5.3961311221192854e-05,2.478443792580146,0.5235987901687622,0.005648744636858605,-0.06707558127150538,0.19240707403078958,-0.0005526774631836595
6.86,0.5179555615195403,0.0005515987636691937,-5.390863986166894e-05,2.478467321456186,0.5235987901687622,0.005643228649221954,-0.06707123158874516,0.19246356147715815,-0.000552137850062806
6.87,0.5179610721215749,0.000551060203468019,-5.385602011746815e-05,2.478490827285398,0.5235987901687622,0.005637718047187268,-0.06706688616023317,0.19251999376365037,-0.0005515987636650621
6.88,0.5179665773432645,0.0005505221689501993,-5.3803451781971046e-05,2.478514310090577,0.5235987901687622,0.005632212825497751,-0.0670625449818101,0.19257637094412225,-0.0005510602034686229
6.890000000000001,0.5179720771898605,0.0005499846596038801,-5.375093463192565e-05,2.4785377698945137,0.5235987901687622,0.005626712978901716,-0.06705820804932153,0.19263269307237724,-0.0005505221689516837
6.9,0.5179775716666096,0.0005494476749173191,-5.36984686560979e-05,2.478561206719763,0.5235987901687622,0.005621218502152581,-0.06705387535860662,0.19268896020216625,-0.0005499846596035418
6.91,0.5179830607787534,0.0005489112143789572,-5.364605383618298e-05,2.478584620588866,0.5235987901687622,0.005615729390008761,-0.06704954690550882,0.19274517238718777,-0.0005494476749134947
6.92,0.5179885445315282,0.0005483752774751668,-5.359369037904321e-05,2.4786080115241163,0.5235987901687622,0.0056102456372340015,-0.06704522268586478,0.19280132968108787,-0.0005489112143819419
6.93,0.5179940229301652,0.0005478398636972436,-5.354137779232937e-05,2.4786313795484824,0.5235987901687622,0.0056047672385970415,-0.0670409026955497,0.1928574321374602,-0.0005483752774759765
6.94,0.5179994959798905,0.0005473049725347358,-5.348911625077668e-05,2.478654724684246,0.5235987901687622,0.0055992941888717285,-0.06703658693040983,0.1929134798098462,-0.000547839863695998
6.95,0.5180049636859253,0.0005467706034777424,-5.343690569933196e-05,2.478678046953896,0.5235987901687622,0.0055938264828369055,-0.0670322753863068,0.1929694727517349,-0.000547304972531304
6.96,0.5180104260534855,0.0005462367560147096,-5.33847463032866e-05,2.478701346379677,0.5235987901687622,0.005588364115276745,-0.06702796805909557,0.19302541101656326,-0.0005467706034822939
6.97,0.5180158830877819,0.0005457034296394308,-5.333263752787393e-05,2.4787246229845135,0.5235987901687622,0.005582907080980304,-0.06702366494466973,0.19308129465771603,-0.0005462367560160608
6.98,0.5180213347940203,0.0005451706238420406,-5.328057973901651e-05,2.4787478767904068,0.5235987901687622,0.005577455374741858,-0.06701936603888237,0.19313712372852584,-0.0005457034296441066
6.99,0.5180267811774015,0.0005446383381159233,-5.322857261173125e-05,2.478771107820026,0.5235987901687622,0.005572008991360677,-0.06701507133762477,0.19319289828227326,-0.0005451706238446263
7.0,0.5180322222431211,0.0005441065719532822,-5.317661626411119e-05,2.478794316095576,0.5235987901687622,0.0055665679256411416,-0.06701078083677045,0.19324861837218688,-0.0005446383381180198
7.01,0.5180376579963696,0.0005435753248474945,-5.312471057876411e-05,2.478817501639475,0.5235987901687622,0.005561132172392624,-0.06700649453220844,0.1933042840514433,-0.0005441065719535843
7.0200000000000005,0.5180430884423325,0.0005430445962909211,-5.307285565734482e-05,2.4788406644739003,0.5235987901687622,0.005555701726429718,-0.06700221241982124,0.19335989537316722,-0.0005435753248517194
7.03,0.5180485135861903,0.000542514385779592,-5.3021051132903785e-05,2.4788638046214744,0.5235987901687622,0.0055502765825719,-0.06699793449551826,0.1934154523904315,-0.0005430445962906205
7.04,0.5180539334331183,0.0005419846928064711,-5.2969297312091546e-05,2.4788869221041265,0.5235987901687622,0.005544856735643866,-0.06699366075517997,0.19347095515625723,-0.0005425143857817893
7.05,0.518059347988287,0.0005414555168683819,-5.291759380891825e-05,2.4789100169444547,0.5235987901687622,0.005539442180475196,-0.06698939119472484,0.19352640372361365,-0.0005419846928034211
7.0600000000000005,0.5180647572568616,0.0005409268574592806,-5.286594091012675e-05,2.4789330891643635,0.5235987901687622,0.005534032911900577,-0.06698512581004218,0.1935817981454184,-0.0005414555168670176
7.07,0.5180701612440024,0.0005403987140748508,-5.281433844298716e-05,2.4789561387861943,0.5235987901687622,0.005528628924759804,-0.06698086459704815,0.1936371384745374,-0.0005409268574618764
7.08,0.5180755599548645,0.0005398710862126878,-5.2762786216291324e-05,2.4789791658322846,0.5235987901687622,0.0055232302138976674,-0.06697660755166375,0.19369242476378498,-0.0005403987140772948
7.09,0.5180809533945983,0.0005393439733701082,-5.2711284257961344e-05,2.479002170324733,0.5235987901687622,0.005517836774163953,-0.06697235466980324,0.19374765706592395,-0.0005398710862136724
7.1000000000000005,0.5180863415683487,0.0005388173750442515,-5.2659832585670585e-05,2.4790251522856233,0.5235987901687622,0.005512448600413555,-0.0669681059473853,0.19380283543366558,-0.0005393439733714089
7.11,0.518091724481256,0.0005382912907344432,-5.260843098083001e-05,2.4790481117372565,0.5235987901687622,0.005507065687506252,-0.06696386138034434,0.19385795991966973,-0.0005388173750398018
7.12,0.5180971021384553,0.0005377657199377473,-5.2557079669592055e-05,2.479071048701466,0.5235987901687622,0.005501688030306928,-0.06695962096459679,0.1939130305765448,-0.0005382912907303528
7.13,0.5181024745450769,0.0005372406621535736,-5.250577841736659e-05,2.4790939632005244,0.5235987901687622,0.005496315623685355,-0.06695538469608571,0.19396804745684787,-0.0005377657199323593
7.140000000000001,0.5181078417062457,0.0005367161168792126,-5.245452743610213e-05,2.479116855256236,0.5235987901687622,0.005490948462516521,-0.06695115257073639,0.19402301061308472,-0.0005372406621573234
7.15,0.5181132036270819,0.000536192083616836,-5.240332623766136e-05,2.4791397248910823,0.5235987901687622,0.0054855865416802985,-0.06694692458451257,0.19407792009770988,-0.00053671611688344
7.16,0.5181185603127005,0.0005356685618667775,-5.2352175005855595e-05,2.4791625721268526,0.5235987901687622,0.005480229856061669,-0.06694270073334879,0.1941327759631267,-0.0005361920836222112
7.17,0.5181239117682118,0.0005351455511322108,-5.2301073456668956e-05,2.4791853969857813,0.5235987901687622,0.005474878400550387,-0.06693848101320661,0.1941875782616873,-0.0005356685618629342
7.18,0.5181292579987209,0.0005346230509123523,-5.225002198586126e-05,2.4792081994894026,0.5235987901687622,0.0054695321700413135,-0.06693426542001799,0.1942423270456928,-0.0005351455511282133
7.19,0.518134599009328,0.0005341010607093436,-5.219902030086099e-05,2.4792309796599166,0.5235987901687622,0.005464191159434195,-0.06693005394975284,0.1942970223673932,-0.0005346230509073457
7.2,0.5181399348051282,0.0005335795800238218,-5.214806855217968e-05,2.479253737519058,0.5235987901687622,0.0054588553636339965,-0.06692584659836337,0.19435166427898756,-0.0005341010607118335
7.21,0.5181452653912119,0.000533058608361919,-5.2097166190277766e-05,2.479276473089241,0.5235987901687622,0.005453524777550345,-0.06692164336184009,0.19440625283262392,-0.0005335795800198717
7.22,0.5181505907726641,0.0005325381452239286,-5.2046313799035404e-05,2.4792991863917253,0.5235987901687622,0.005448199396098086,-0.06691744423612168,0.19446078808039943,-0.0005330586083651667
7.23,0.5181559109545653,0.0005320181901157863,-5.199551081423032e-05,2.4793218774488945,0.5235987901687622,0.0054428792141969495,-0.06691324921720741,0.19451527007436042,-0.0005325381452259137
7.24,0.5181612259419907,0.0005314987425423985,-5.194475733878018e-05,2.4793445462824466,0.5235987901687622,0.005437564226771552,-0.06690905830106758,0.19456969886650238,-0.0005320181901136145
7.25,0.5181665357400107,0.0005309798020076835,-5.189405347150178e-05,2.4793671929140606,0.5235987901687622,0.005432254428751504,-0.06690487148367655,0.1946240745087701,-0.000531498742539771
7.26,0.5181718403536909,0.0005304613680169438,-5.184339907396418e-05,2.479389817365631,0.5235987901687622,0.0054269498150713025,-0.06690068876102433,0.19467839705305762,-0.0005309798020047829
7.2700000000000005,0.5181771397880917,0.0005299434400746534,-5.17927942290386e-05,2.4794124196588108,0.5235987901687622,0.005421650380670551,-0.06689651012909417,0.19473266655120833,-0.000530461368020152
7.28,0.5181824340482686,0.0005294260176891791,-5.17422385474392e-05,2.4794349998157017,0.5235987901687622,0.005416356120493626,-0.06689233558389643,0.19478688305501504,-0.0005299434400751757
7.29,0.5181877231392722,0.0005289091003660482,-5.1691732313084715e-05,2.4794575578577134,0.5235987901687622,0.005411067029490013,-0.06688816512141221,0.19484104661621998,-0.0005294260176924581
7.3,0.5181930070661483,0.0005283926876148758,-5.1641275117239593e-05,2.479480093806924,0.5235987901687622,0.005405783102613859,-0.06688399873766063,0.19489515728651488,-0.0005289091003612967
7.3100000000000005,0.5181982858339378,0.000527876778940318,-5.159086745577801e-05,2.479502607684488,0.5235987901687622,0.005400504334824419,-0.06687983642862008,0.194949215117541,-0.0005283926876153977
7.32,0.5182035594476763,0.0005273613738512301,-5.1540508908792804e-05,2.479525099512453,0.5235987901687622,0.005395230721085942,-0.06687567819031837,0.19500322016088925,-0.0005278767789440586
7.33,0.5182088279123949,0.0005268464718586327,-5.149019925974191e-05,2.4795475693126416,0.5235987901687622,0.005389962256367342,-0.06687152401877684,0.19505717246810012,-0.000527361373847679
7.34,0.5182140912331196,0.0005263320724688705,-5.143993897620963e-05,2.4795700171061728,0.5235987901687622,0.00538469893564264,-0.06686737390998714,0.19511107209066378,-0.0005268464718599652
7.3500000000000005,0.5182193494148715,0.0005258181751928146,-5.138972760559274e-05,2.4795924429150618,0.5235987901687622,0.005379440753890741,-0.06686322785999033,0.1951649190800202,-0.0005263320724702147
7.36,0.5182246024626669,0.0005253047795414829,-5.133956513317384e-05,2.4796148467608665,0.5235987901687622,0.005374187706095324,-0.06685908586480958,0.19521871348755912,-0.0005258181751899293
7.37,0.5182298503815171,0.0005247918850238022,-5.128945176807037e-05,2.479637228664899,0.5235987901687622,0.005368939787245064,-0.06685494792046098,0.19527245536462007,-0.0005253047795417132
7.38,0.5182350931764287,0.0005242794911512244,-5.123938725778293e-05,2.4796595886489126,0.5235987901687622,0.005363696992333522,-0.06685081402298745,0.19532614476249252,-0.0005247918850259659
7.390000000000001,0.5182403308524031,0.0005237675974356144,-5.118937156100428e-05,2.479681926734427,0.5235987901687622,0.005358459316359143,-0.06684668416842526,0.19537978173241585,-0.0005242794911541893
7.4,0.518245563414437,0.0005232562033893428,-5.113940462714989e-05,2.479704242942951,0.5235987901687622,0.005353226754325258,-0.06684255835281504,0.19543336632557945,-0.0005237675974378853
7.41,0.5182507908675222,0.0005227453085253971,-5.108948639457461e-05,2.479726537295982,0.5235987901687622,0.00534799930123997,-0.06683843657220184,0.1954868985931227,-0.0005232562033885557
7.42,0.5182560132166458,0.0005222349123551241,-5.103961702730003e-05,2.479748809814772,0.5235987901687622,0.005342776952116379,-0.06683431882262346,0.1955403785861351,-0.0005227453085288047
7.43,0.5182612304667897,0.0005217250143929263,-5.0989796219771955e-05,2.4797710605210197,0.5235987901687622,0.005337559701972472,-0.0668302051001449,0.19559380635565626,-0.000522234912359032
7.44,0.5182664426229313,0.0005212156141541316,-5.094002387946717e-05,2.4797932894361923,0.5235987901687622,0.0053323475458308955,-0.06682609540082432,0.195647181952676,-0.0005217250143907393
7.45,0.5182716496900428,0.000520706711150458,-5.089030036736775e-05,2.47981549658128,0.5235987901687622,0.0053271404787194054,-0.06682198972070148,0.1957005054281343,-0.000521215614157633
7.46,0.5182768516730918,0.0005201983048992363,-5.084062512216575e-05,2.479837681978175,0.5235987901687622,0.00532193849567042,-0.06681788805586558,0.1957537768329215,-0.0005207067111490105
7.47,0.518282048577041,0.0005196903949144479,-5.079099847884322e-05,2.4798598456478524,0.5235987901687622,0.005316741591721241,-0.06681379040236526,0.1958069962178782,-0.0005201983048985781
7.48,0.518287240406848,0.0005191829807112792,-5.074142031686463e-05,2.4798819876117215,0.5235987901687622,0.005311549761914169,-0.06680969675627577,0.1958601636337954,-0.0005196903949178378
7.49,0.5182924271674662,0.0005186760618086081,-5.0691890267108575e-05,2.479904107891419,0.5235987901687622,0.005306363001296055,-0.06680560711368824,0.19591327913141454,-0.000519182980707189
7.5,0.5182976088638434,0.0005181696377199137,-5.0642408869434885e-05,2.4799262065076517,0.5235987901687622,0.005301181304918856,-0.06680152147065295,0.1959663427614275,-0.0005186760618114405
7.51,0.518302785500923,0.0005176637079647573,-5.059297551564257e-05,2.4799482834822544,0.5235987901687622,0.005296004667839194,-0.06679743982328071,0.19601935457447667,-0.0005181696377198897
7.5200000000000005,0.5183079570836436,0.0005171582720598363,-5.054359049209284e-05,2.479970338836145,0.5235987901687622,0.005290833085118574,-0.06679336216764191,0.19607231462115507,-0.0005176637079662427
7.53,0.5183131236169388,0.0005166533295235709,-5.049425362654153e-05,2.4799923725906803,0.5235987901687622,0.005285666551823387,-0.06678928849983357,0.19612522295200627,-0.0005171582720620016
7.54,0.5183182851057376,0.0005161488798762658,-5.044496473050747e-05,2.4800143847672107,0.5235987901687622,0.0052805050630245765,-0.06678521881595711,0.1961780796175245,-0.0005166533295186682
7.55,0.518323441554964,0.00051564492263327,-5.0395724299580336e-05,2.4800363753863843,0.5235987901687622,0.005275348613798192,-0.06678115311208423,0.19623088466815475,-0.000516148879881051
7.5600000000000005,0.5183285929695371,0.0005151414573165011,-5.034653167689668e-05,2.4800583444699775,0.5235987901687622,0.005270197199225057,-0.06677709138434745,0.19628363815429273,-0.0005156449226384474
7.57,0.5183337393543717,0.0005146384834478216,-5.029738686794516e-05,2.4800802920390863,0.5235987901687622,0.005265050814390548,-0.0667730336288501,0.19633634012628498,-0.0005151414573134616
7.58,0.5183388807143771,0.0005141360005444477,-5.0248290337381873e-05,2.4801022181143257,0.5235987901687622,0.005259909454385148,-0.06676897984167696,0.19638899063442888,-0.0005146384834509021
7.59,0.5183440170544583,0.0005136340081304645,-5.019924139832571e-05,2.4801241227174406,0.5235987901687622,0.00525477311430389,-0.06676493001897334,0.19644158972897274,-0.0005141360005400664
7.6000000000000005,0.5183491483795156,0.0005131325057255786,-5.0150240488586184e-05,2.480146005869032,0.5235987901687622,0.005249641789246584,-0.06676088415683268,0.1964941374601158,-0.0005136340081257629
7.61,0.5183542746944442,0.0005126314928496132,-5.0101287596540645e-05,2.480167867590129,0.5235987901687622,0.0052445154743180344,-0.06675684225137475,0.19654663387800825,-0.0005131325057305958
7.62,0.5183593960041345,0.0005121309690273079,-5.0052382230526826e-05,2.4801897079022184,0.5235987901687622,0.005239394164627709,-0.06675280429874675,0.19659907903275142,-0.0005126314928549647
7.63,0.5183645123134724,0.0005116309337815996,-5.000352457083801e-05,2.4802115268260962,0.5235987901687622,0.005234277855289848,-0.06674877029506641,0.1966514729743977,-0.0005121309690325759
7.640000000000001,0.5183696236273387,0.0005111313866359463,-4.9954714565328406e-05,2.48023332438277,0.5235987901687622,0.005229166541423469,-0.06674474023646684,0.1967038157529506,-0.0005116309337860336
7.65,0.5183747299506098,0.0005106323271144294,-4.990595215168675e-05,2.4802551005932365,0.5235987901687622,0.00522406021815236,-0.06674071411908539,0.19675610741836483,-0.0005111313866379419
7.66,0.5183798312881572,0.0005101337547418593,-4.985723725701302e-05,2.4802768554784818,0.5235987901687622,0.005218958880604974,-0.06673669193906367,0.19680834802054636,-0.0005106323271109048
7.67,0.5183849276448477,0.0005096356690415407,-4.980857003184652e-05,2.480298589059249,0.5235987901687622,0.005213862523914536,-0.06673267369253606,0.1968605376093524,-0.0005101337547386287
7.68,0.518390019025543,0.0005091380695376242,-4.975995039165765e-05,2.4803203013564947,0.5235987901687622,0.00520877114321916,-0.06672865937565246,0.19691267623459155,-0.0005096356690437176
7.69,0.5183951054351006,0.0005086409557575511,-4.9711378007306906e-05,2.4803419923914,0.5235987901687622,0.005203684733661618,-0.06672464898457862,0.19696476394602375,-0.0005091380695376735
7.7,0.5184001868783729,0.0005081443272276236,-4.966285299275175e-05,2.4803636621846814,0.5235987901687622,0.0051986032903893475,-0.06672064251546204,0.19701680079336037,-0.0005086409557542027
7.71,0.5184052633602075,0.0005076481834730053,-4.9614375461824733e-05,2.480385310757037,0.5235987901687622,0.0051935268085546715,-0.06671663996445419,0.19706878682626428,-0.0005081443272270114
7.72,0.5184103348854477,0.0005071525240224302,-4.956594505750589e-05,2.4804069381296134,0.5235987901687622,0.005188455283314464,-0.0667126413277334,0.19712072209434983,-0.0005076481834676017
7.73,0.5184154014589317,0.0005066573484014308,-4.9517562099934964e-05,2.4804285443228604,0.5235987901687622,0.005183388709830483,-0.0667086466014484,0.19717260664718297,-0.0005071525240207819
7.74,0.5184204630854932,0.0005061626561392782,-4.946922621525823e-05,2.4804501293579,0.5235987901687622,0.005178327083269041,-0.0667046557817859,0.1972244405342813,-0.0005066573483980541
7.75,0.5184255197699608,0.0005056684467622148,-4.9420937706344537e-05,2.4804716932551596,0.5235987901687622,0.005173270398801444,-0.06670066886490321,0.19727622380511398,-0.0005061626561442267
7.76,0.5184305715171588,0.0005051747198027298,-4.9372695948499135e-05,2.4804932360359704,0.5235987901687622,0.00516821865160344,-0.06669668584700694,0.19732795650910198,-0.0005056684467596995
7.7700000000000005,0.5184356183319067,0.0005046814747882689,-4.932450144609635e-05,2.4805147577205164,0.5235987901687622,0.005163171836855551,-0.06669270672425168,0.197379638695618,-0.0005051747198003831
7.78,0.5184406602190191,0.0005041887112480514,-4.927635402175029e-05,2.480536258329643,0.5235987901687622,0.005158129949743073,-0.06668873149282957,0.19743127041398656,-0.0005046814747888817
7.79,0.5184456971833062,0.0005036964287132462,-4.922825348051274e-05,2.480557737884191,0.5235987901687622,0.005153092985455965,-0.06668476014893741,0.19748285171348398,-0.0005041887112477994
7.8,0.5184507292295734,0.0005032046267147896,-4.918019984565675e-05,2.480579196404765,0.5235987901687622,0.005148060939188848,-0.06668079268876484,0.19753438264333853,-0.0005036964287108425
7.8100000000000005,0.5184557563626212,0.0005027133047834695,-4.913219313200379e-05,2.480600633911955,0.5235987901687622,0.005143033806141006,-0.0666768291085056,0.19758586325273042,-0.0005032046267117174
7.82,0.5184607785872457,0.0005022224624499613,-4.908423335081569e-05,2.4806220504263363,0.5235987901687622,0.0051380115815164995,-0.06667286940435752,0.19763729359079182,-0.0005027133047841303
7.83,0.5184657959082382,0.0005017320992472615,-4.9036320269979505e-05,2.480643445968706,0.5235987901687622,0.005132994260524049,-0.06666891357253413,0.19768867370660698,-0.0005022224624506855
7.84,0.5184708083303853,0.000501242214708514,-4.898845387475009e-05,2.480664820559625,0.5235987901687622,0.005127981838376927,-0.06666496160924186,0.1977400036492122,-0.0005017320992450891
7.8500000000000005,0.5184758158584689,0.0005007528083647759,-4.8940634373814684e-05,2.4806861742194095,0.5235987901687622,0.005122974310293293,-0.06666101351067998,0.19779128346759597,-0.0005012422147121498
7.86,0.5184808184972665,0.0005002638797519831,-4.889286127927883e-05,2.480707506969051,0.5235987901687622,0.005117971671495747,-0.06665706927308573,0.1978425132106989,-0.0005007528083633694
7.87,0.5184858162515504,0.000499775428401926,-4.884513500571369e-05,2.48072881882862,0.5235987901687622,0.005112973917211772,-0.06665312889265565,0.19789369292741385,-0.0005002638797546588
7.88,0.5184908091260889,0.0004992874538514504,-4.879745504755839e-05,2.4807501098190867,0.5235987901687622,0.005107981042673293,-0.06664919236563537,0.19794482266658597,-0.0004997754283975198
7.890000000000001,0.5184957971256452,0.0004987999556334469,-4.87498218003507e-05,2.4807713799604993,0.5235987901687622,0.00510299304311701,-0.06664525968822961,0.1979959024770127,-0.0004992874538478631
7.9,0.518500780254978,0.0004983129332837244,-4.870223497224768e-05,2.480792629273574,0.5235987901687622,0.005098009913784174,-0.06664133085668086,0.19804693240744387,-0.0004987999556282929
7.91,0.5185057585188414,0.0004978263863365753,-4.86546947149058e-05,2.4808138577785623,0.5235987901687622,0.0050930316499208095,-0.06663740586721345,0.1980979125065817,-0.0004983129332836178
7.92,0.5185107319219847,0.0004973403143294269,-4.8607200714839705e-05,2.4808350654961613,0.5235987901687622,0.005088058246777494,-0.06663348471607831,0.19814884282308093,-0.0004978263863364418
7.930000000000001,0.5185157004691527,0.0004968547167984059,-4.8559753102105085e-05,2.480856252446605,0.5235987901687622,0.0050830896996094665,-0.0666295673995082,0.1981997234055487,-0.0004973403143315736
7.94,0.5185206641650856,0.0004963695932806756,-4.851235177302793e-05,2.48087741865034,0.5235987901687622,0.005078126003676631,-0.06662565391375116,0.1982505543025448,-0.0004968547168027193
7.95,0.5185256230145188,0.000495884943314573,-4.84649966102646e-05,2.480898564127807,0.5235987901687622,0.005073167154243441,-0.06662174425505947,0.19830133556258156,-0.0004963695932835854
7.96,0.5185305770221832,0.0004954007664373865,-4.841768771864097e-05,2.4809196888992044,0.5235987901687622,0.005068213146579015,-0.06661783841967818,0.198352067234124,-0.0004958849433189805
7.97,0.5185355261928051,0.0004949170621877202,-4.83704249666303e-05,2.480940792984947,0.5235987901687622,0.005063263975957133,-0.06661393640386781,0.19840274936558977,-0.0004954007664426108
7.98,0.5185404705311061,0.0004944338301056254,-4.832320820948727e-05,2.480961876405443,0.5235987901687622,0.005058319637656128,-0.06661003820389311,0.19845338200534934,-0.0004949170621881827
7.99,0.5185454100418034,0.0004939510697304273,-4.827603751980658e-05,2.480982939180862,0.5235987901687622,0.005053380126958773,-0.06660614381601151,0.19850396520172592,-0.0004944338301005047
8.0,0.5185503447296094,0.0004934687805983862,-4.822891320411388e-05,2.4810039813311224,0.5235987901687622,0.005048445439152838,-0.06660225323647308,0.19855449900299552,-0.0004939510697354876
8.01,0.5185552745992319,0.0004929869622543393,-4.818183440469248e-05,2.481025002877284,0.5235987901687622,0.00504351556953031,-0.06659836646158873,0.19860498345738706,-0.0004934687805935312
8.02,0.5185601996553743,0.0004925056142358119,-4.8134801852735276e-05,2.4810460038387996,0.5235987901687622,0.005038590513387953,-0.0665944834875945,0.19865541861308236,-0.0004929869622527505
8.03,0.5185651199027351,0.0004920247360844335,-4.808781513784138e-05,2.4810669842362425,0.5235987901687622,0.005033670266027079,-0.06659060431078664,0.19870580451821623,-0.0004925056142357498
8.040000000000001,0.5185700353460085,0.0004915443273415235,-4.80408742909999e-05,2.481087944089726,0.5235987901687622,0.005028754822753667,-0.06658672892744331,0.1987561412208765,-0.0004920247360873375
8.05,0.5185749459898841,0.0004910643875505031,-4.7993979102031736e-05,2.4811088834195827,0.5235987901687622,0.005023844178878134,-0.06658285733385805,0.19880642876910404,-0.0004915443273412201
8.06,0.5185798518390466,0.0004905849162523725,-4.794712981305571e-05,2.4811298022456754,0.5235987901687622,0.005018938329715561,-0.06657898952630577,0.19885666721089282,-0.0004910643875533083
8.07,0.5185847528981765,0.0004901059129903496,-4.790032620229784e-05,2.4811507005883096,0.5235987901687622,0.005014037270585692,-0.0665751255010881,0.19890685659418997,-0.0004905849162573084
8.08,0.5185896491719496,0.0004896273773100538,-4.7853568029575244e-05,2.481171578467789,0.5235987901687622,0.0050091409968126,-0.06657126525451097,0.19895699696689584,-0.0004901059129869267
8.09,0.5185945406650372,0.0004891493087526698,-4.780685573840121e-05,2.481192435903716,0.5235987901687622,0.005004249503725022,-0.06656740878285022,0.19900708837686396,-0.0004896273773091764
8.1,0.5185994273821058,0.0004886717068618439,-4.776018908259766e-05,2.481213272916359,0.5235987901687622,0.004999362786656358,-0.06656355608241951,0.19905713087190122,-0.0004891493087577636
8.11,0.5186043093278176,0.00048819457118382355,-4.77135678020324e-05,2.4812340895259855,0.5235987901687622,0.00499448084094456,-0.06655970714953696,0.19910712449976778,-0.0004886717068663948
8.120000000000001,0.5186091865068303,0.0004877179012653767,-4.7666991844684536e-05,2.4812548857526306,0.5235987901687622,0.004989603661931907,-0.06655586198051366,0.19915706930817723,-0.0004881945711798785
8.13,0.5186140589237968,0.0004872416966491815,-4.7620461619518606e-05,2.4812756616158516,0.5235987901687622,0.004984731244965457,-0.06655202057164174,0.19920696534479654,-0.00048771790126522774
8.14,0.5186189265833656,0.00048676595688304075,-4.7573976614076474e-05,2.4812964171361065,0.5235987901687622,0.004979863585396593,-0.06654818291926247,0.19925681265724618,-0.0004872416966450466
8.15,0.5186237894901807,0.0004862906815108752,-4.752753721655456e-05,2.4813171523329336,0.5235987901687622,0.004975000678581476,-0.06654434901967629,0.19930661129310015,-0.00048676595688634805
8.16,0.5186286476488815,0.00048581587008194655,-4.74811428928662e-05,2.4813378672267725,0.5235987901687622,0.004970142519880705,-0.06654051886923283,0.19935636129988596,-0.00048629068151173627
8.17,0.518633501064103,0.00048534152214417764,-4.7434793776890416e-05,2.481358561837376,0.5235987901687622,0.00496528910465921,-0.0665366924642521,0.19940606272508477,-0.000485815870077122
8.18,0.5186383497404754,0.00048486763724180895,-4.7388490236867364e-05,2.481379236184244,0.5235987901687622,0.004960440428286805,-0.06653286980104646,0.19945571561613135,-0.0004853415221495183
8.19,0.5186431936826247,0.0004843942149269929,-4.734223148160355e-05,2.481399890288014,0.5235987901687622,0.004955596486137526,-0.06652905087598897,0.1995053200204142,-0.00048486763724042703
8.2,0.5186480328951721,0.0004839212547462236,-4.729601807693107e-05,2.481420524167949,0.5235987901687622,0.004950757273590067,-0.06652523568538923,0.19955487598527558,-0.0004843942149279634
8.21,0.5186528673827346,0.00048344875624947725,-4.7249849674635414e-05,2.4814411378442047,0.5235987901687622,0.004945922786027568,-0.06652142422560568,0.19960438355801147,-0.0004839212547458338
8.22,0.5186576971499245,0.0004829767189857813,-4.720372636959208e-05,2.4814617313364753,0.5235987901687622,0.004941093018837717,-0.06651761649297841,0.19965384278587175,-0.000483448756249949
8.23,0.5186625222013496,0.0004825051425055689,-4.7157648021239895e-05,2.4814823046646706,0.5235987901687622,0.004936267967412644,-0.0665138124838627,0.19970325371606013,-0.0004829767189851175
8.24,0.5186673425416132,0.00048203402635847936,-4.7111614708952865e-05,2.481502857848462,0.5235987901687622,0.004931447627149033,-0.06651001219460667,0.19975261639573424,-0.0004825051425072502
8.25,0.5186721581753141,0.0004815633700957437,-4.706562627356664e-05,2.4815233909077374,0.5235987901687622,0.004926631993448116,-0.06650621562157374,0.19980193087200573,-0.00048203402636115555
8.26,0.5186769691070467,0.00048109317327032055,-4.701968254231664e-05,2.4815439038623808,0.5235987901687622,0.004921821061715459,-0.06650242276113155,0.19985119719194022,-0.0004815633700916422
8.27,0.518681775341401,0.0004806234354323827,-4.6973783793785584e-05,2.4815643967318053,0.5235987901687622,0.004917014827361177,-0.06649863360962896,0.19990041540255737,-0.0004810931732657231
8.28,0.5186865768829624,0.00048015415613390723,-4.6927929847548344e-05,2.4815848695358635,0.5235987901687622,0.004912213285799827,-0.06649484816344113,0.19994958555083098,-0.00048062343542820685
8.290000000000001,0.5186913737363117,0.0004796853349265199,-4.6882120738736544e-05,2.4816053222941723,0.5235987901687622,0.004907416432450518,-0.06649106641893616,0.19999870768368896,-0.00048015415613500423
8.3,0.5186961659060253,0.00047921697136387565,-4.683635626442223e-05,2.481625755026568,0.5235987901687622,0.00490262426273691,-0.06648728837249768,0.20004778184801347,-0.0004796853349309238
8.31,0.5187009533966753,0.00047874906500182575,-4.679063620498941e-05,2.481646167752884,0.5235987901687622,0.004897836772086883,-0.06648351402051332,0.20009680809064084,-0.0004792169713607741
8.32,0.5187057362128292,0.0004782816153915895,-4.674496102362313e-05,2.481666560492252,0.5235987901687622,0.00489305395593298,-0.06647974335934072,0.2001457864583617,-0.00047874906500267045
8.33,0.5187105143590501,0.0004778146220889474,-4.669933026421602e-05,2.481686933264702,0.5235987901687622,0.004888275809712073,-0.06647597638538649,0.20019471699792102,-0.0004782816153903191
8.34,0.5187152878398966,0.0004773480846475082,-4.665374414392076e-05,2.481707286089574,0.5235987901687622,0.0048835023288655854,-0.06647221309502756,0.20024359975601813,-0.0004778146220907331
8.35,0.5187200566599228,0.00047688200262336553,-4.66082024142625e-05,2.481727618986652,0.5235987901687622,0.0048787335088393835,-0.0664684534846674,0.20029243477930678,-0.00047734808464872103
8.36,0.5187248208236785,0.00047641637557293724,-4.6562705042829666e-05,2.481747931975486,0.5235987901687622,0.004873969345083662,-0.06646469755070225,0.20034122211439517,-0.00047688200262019365
8.370000000000001,0.518729580335709,0.0004759512030507264,-4.651725222108022e-05,2.481768225075383,0.5235987901687622,0.0048692098330531675,-0.06646094528952089,0.20038996180784602,-0.000476416375572164
8.38,0.5187343352005552,0.00047548648461395986,-4.647184367665563e-05,2.481788498306093,0.5235987901687622,0.004864454968206977,-0.06645719669753851,0.20043865390617654,-0.0004759512030494406
8.39,0.5187390854227534,0.0004750222198181223,-4.642647958375684e-05,2.481808751686903,0.5235987901687622,0.0048597047460088305,-0.06645345177115197,0.2004872984558586,-0.00047548648461903653
8.4,0.5187438310068356,0.00047455840822395234,-4.638115941699161e-05,2.481828985237777,0.5235987901687622,0.004854959161926575,-0.06644971050679599,0.20053589550331868,-0.0004750222198146581
8.41,0.5187485719573295,0.00047409504938608214,-4.633588378701731e-05,2.4818491989775264,0.5235987901687622,0.004850218211432722,-0.06644597290085275,0.20058444509493795,-0.00047455840822552275
8.42,0.5187533082787581,0.0004736321428644918,-4.629065215903255e-05,2.481869392926088,0.5235987901687622,0.004845481890004111,-0.06644223894976461,0.20063294727705228,-0.00047409504938533686
8.43,0.5187580399756403,0.0004731696882178385,-4.624546466532736e-05,2.481889567102712,0.5235987901687622,0.004840750193121912,-0.06643850864994434,0.2006814020959523,-0.00047363214286111344
8.44,0.5187627670524904,0.00047270768500344004,-4.6200321439850145e-05,2.481909721526629,0.5235987901687622,0.004836023116271848,-0.0664347819978083,0.20072980959788353,-0.0004731696882198655
8.45,0.5187674895138181,0.0004722461327819744,-4.6155222146564145e-05,2.481929856217519,0.5235987901687622,0.004831300654944082,-0.06643105898979965,0.20077816982904625,-0.0004727076850064016
8.46,0.5187722073641293,0.00047178503111537163,-4.611016666027784e-05,2.4819499711948327,0.5235987901687622,0.004826582804632884,-0.06642733962235431,0.2008264828355957,-0.0004722461327766325
8.47,0.5187769206079249,0.00047132437955992024,-4.606515554513718e-05,2.481970066477313,0.5235987901687622,0.0048218695608373,-0.06642362389187796,0.20087474866364202,-0.00047178503111977577
8.48,0.5187816292497017,0.0004708641776800931,-4.602018798271351e-05,2.481990142085065,0.5235987901687622,0.004817160919060481,-0.06641991179484798,0.2009229673592504,-0.0004713243795584354
8.49,0.5187863332939521,0.00047040442503499413,-4.597526450989681e-05,2.4820101980368214,0.5235987901687622,0.004812456874810134,-0.06641620332767828,0.200971138968441,-0.000470864177681829
8.5,0.5187910327451639,0.0004699451211875078,-4.593038474862837e-05,2.482030234352209,0.5235987901687622,0.004807757423598291,-0.06641249848683153,0.2010192635371891,-0.000470404425034765
8.51,0.5187957276078209,0.0004694862656998855,-4.588554876223255e-05,2.482050251050395,0.5235987901687622,0.004803062560941318,-0.06640879726875196,0.20106734111142507,-0.00046994512118425646
8.52,0.5188004178864022,0.00046902785813377265,-4.584075661128589e-05,2.48207024815053,0.5235987901687622,0.0047983722823600194,-0.06640509966988749,0.20111537173703448,-0.00046948626569731644
8.53,0.5188051035853827,0.0004685698980525987,-4.579600811739637e-05,2.482090225671986,0.5235987901687622,0.004793686583379531,-0.06640140568670137,0.20116335545985808,-0.0004690278581298557
8.540000000000001,0.5188097847092329,0.00046811238501938136,-4.575130332173244e-05,2.482110183633894,0.5235987901687622,0.004789005459529316,-0.06639771531564935,0.20121129232569188,-0.00046856989804888727
8.55,0.5188144612624188,0.00046765531859678934,-4.570664225920368e-05,2.482130122055375,0.5235987901687622,0.004784328906343394,-0.06639402855319121,0.20125918238028717,-0.00046811238502142416
8.56,0.5188191332494023,0.00046719869835185003,-4.566202449392959e-05,2.482150040956,0.5235987901687622,0.004779656919359887,-0.06639034539581322,0.2013070256693506,-0.00046765531859227494
8.57,0.5188238006746407,0.0004667425238469079,-4.5617450494216116e-05,2.4821699403544177,0.5235987901687622,0.004774989494121473,-0.0663866658399606,0.2013548222385442,-0.0004671986983506571
8.58,0.5188284635425873,0.0004662867946487817,-4.557291981262257e-05,2.482189820270174,0.5235987901687622,0.004770326626174937,-0.06638298988212708,0.20140257213348542,-0.00046674252384137915
8.59,0.5188331218576905,0.00046583151031972744,-4.5528432905422855e-05,2.4822096807218923,0.5235987901687622,0.004765668311071725,-0.06637931751876551,0.20145027539974716,-0.00046628679465365863
8.6,0.5188377756243948,0.0004653766704289493,-4.548398907781165e-05,2.482229521729327,0.5235987901687622,0.004761014544367392,-0.06637564874638888,0.20149793208285788,-0.00046583151032120185
8.61,0.5188424248471403,0.00046492227454135714,-4.5439588759216276e-05,2.48224934331109,0.5235987901687622,0.004756365321621936,-0.06637198356145804,0.20154554222830154,-0.0004653766704332263
8.620000000000001,0.5188470695303625,0.00046446832222439186,-4.5395231696526706e-05,2.4822691454864585,0.5235987901687622,0.004751720638399681,-0.06636832196047124,0.20159310588151777,-0.0004649222745456427
8.63,0.518851709678493,0.00046401481304590036,-4.535091784915041e-05,2.4822889282744764,0.5235987901687622,0.004747080490269173,-0.06636466393991941,0.20164062308790176,-0.0004644683222254642
8.64,0.5188563452959587,0.00046356174657189694,-4.530664740034357e-05,2.482308691693946,0.5235987901687622,0.0047424448728035085,-0.0663610094962861,0.20168809389280445,-0.00046401481305080594
8.65,0.5188609763871824,0.00046310912237352815,-4.526241983687784e-05,2.4823284357643463,0.5235987901687622,0.0047378137815797805,-0.06635735862609249,0.2017355183415325,-0.00046356174656647653
8.66,0.5188656029565826,0.00046265694001572594,-4.521823578022138e-05,2.482348160504005,0.5235987901687622,0.004733187212179635,-0.06635371132580725,0.2017828964793483,-0.00046310912237279567
8.67,0.5188702250085733,0.00046220519906863575,-4.5174094709020396e-05,2.482367865932373,0.5235987901687622,0.004728565160188936,-0.06635006759195902,0.2018302283514701,-0.0004626569400145719
8.68,0.5188748425475643,0.0004617538991009588,-4.512999676769408e-05,2.4823875520682153,0.5235987901687622,0.004723947621197877,-0.0663464274210468,0.201877514003072,-0.0004622051990699205
8.69,0.5188794555779611,0.00046130303968225833,-4.50859418700475e-05,2.4824072189305104,0.5235987901687622,0.004719334590801094,-0.0663427908095847,0.20192475347928399,-0.0004617538991058545
8.700000000000001,0.518884064104165,0.0004608526203854146,-4.504192968437376e-05,2.4824268665384635,0.5235987901687622,0.004714726064597219,-0.0663391577541021,0.20197194682519198,-0.0004613030396782847
8.71,0.5188886681305728,0.00046040264077752214,-4.4997960789244784e-05,2.482446494910351,0.5235987901687622,0.004710122038189435,-0.06633552825108689,0.20201909408583796,-0.0004608526203875307
8.72,0.5188932676615771,0.00045995310043133554,-4.495403461866193e-05,2.482466104065574,0.5235987901687622,0.004705522507185145,-0.0663319022970871,0.20206619530621986,-0.0004604026407784012
8.73,0.5188978627015662,0.00045950399891861085,-4.4910151272468946e-05,2.4824856940228512,0.5235987901687622,0.00470092746719597,-0.06632827988862107,0.2021132505312917,-0.0004599531004290114
8.74,0.5189024532549243,0.0004590553358101336,-4.4866310847727076e-05,2.482505264800884,0.5235987901687622,0.004696336913837862,-0.06632466102221075,0.20216025980596367,-0.0004595039989174765
8.75,0.5189070393260311,0.0004586071106780555,-4.48225132078095e-05,2.4825248164185902,0.5235987901687622,0.004691750842731102,-0.06632104569439314,0.20220722317510204,-0.0004590553358108096
8.76,0.518911620919262,0.0004581593230960531,-4.4778758200240965e-05,2.482544348894883,0.5235987901687622,0.004687169249500189,-0.06631743390170934,0.20225414068352934,-0.00045860711067602367
8.77,0.5189161980389884,0.00045771197263711454,-4.4735045893855296e-05,2.482563862248438,0.5235987901687622,0.004682592129773844,-0.06631382564069291,0.20230101237602435,-0.00045815932309123397
8.78,0.5189207706895771,0.0004572650588735758,-4.469137635387116e-05,2.4825833564979143,0.5235987901687622,0.004678019479185114,-0.06631022090788094,0.20234783829732209,-0.00045771197263455576
8.790000000000001,0.5189253388753909,0.00045681858137948855,-4.46477494087244e-05,2.4826028316621906,0.5235987901687622,0.004673451293371267,-0.06630661969982575,0.20239461849211393,-0.00045726505887300206
8.8,0.5189299026007882,0.00045637253972845537,-4.4604165103316606e-05,2.4826222877599093,0.5235987901687622,0.004668887567974012,-0.06630302201307237,0.20244135300504765,-0.0004568185813846881
8.81,0.5189344618701232,0.0004559269334983201,-4.45606230135287e-05,2.4826417248101644,0.5235987901687622,0.004664328298639053,-0.06629942784419231,0.2024880418807274,-0.0004563725397255247
8.82,0.5189390166877458,0.0004554817622621216,-4.451712361984439e-05,2.4826611428311267,0.5235987901687622,0.004659773481016427,-0.06629583718971563,0.20253468516371378,-0.0004559269334958316
8.83,0.5189435670580017,0.000455037025594907,-4.4473666721465965e-05,2.48268054184163,0.5235987901687622,0.004655223110760498,-0.06629225004620969,0.20258128289852395,-0.0004554817622626217
8.84,0.5189481129852325,0.00045459272307391544,-4.4430252099152134e-05,2.4826999218605073,0.5235987901687622,0.004650677183529739,-0.06628866641024597,0.20262783512963156,-0.00045503702559290815
8.85,0.5189526544737753,0.0004541488542740736,-4.438687998418317e-05,2.482719282906124,0.5235987901687622,0.0046461356949869526,-0.06628508627837713,0.20267434190146685,-0.00045459272307590837
8.86,0.5189571915279629,0.00045370541877262486,-4.434355014487634e-05,2.48273862499729,0.5235987901687622,0.0046415986407992715,-0.0662815096471822,0.2027208032584167,-0.0004541488542786354
8.870000000000001,0.5189617241521244,0.0004532624161493048,-4.43002623320074e-05,2.482757948152812,0.5235987901687622,0.004637066016637825,-0.06627793651324425,0.20276721924482471,-0.0004537054187681022
8.88,0.5189662523505841,0.00045281984597952203,-4.425701697827883e-05,2.4827772523908007,0.5235987901687622,0.004632537818178073,-0.06627436687311603,0.2028135899049911,-0.0004532624161446286
8.89,0.5189707761276625,0.0004523777078412235,-4.421381382985201e-05,2.4827965377300316,0.5235987901687622,0.004628014041099693,-0.0662708007233876,0.20285991528317288,-0.0004528198459752275
8.9,0.5189752954876756,0.00045193600131273844,-4.417065284850752e-05,2.482815804189048,0.5235987901687622,0.004623494681086582,-0.0662672380606418,0.20290619542358387,-0.00045237770783801423
8.91,0.5189798104349354,0.00045149472597287083,-4.41275339867625e-05,2.4828350517863833,0.5235987901687622,0.004618979733826856,-0.06626367888146528,0.20295243037039473,-0.000451936001311104
8.92,0.5189843209737494,0.0004510538814010014,-4.408445718694087e-05,2.4828542805405633,0.5235987901687622,0.004614469195012849,-0.06626012318244844,0.202998620167733,-0.0004514947259726121
8.93,0.5189888271084211,0.0004506134671771625,-4.404142238389336e-05,2.4828734904701033,0.5235987901687622,0.004609963060341116,-0.06625657096018554,0.20304476485968315,-0.0004510538814006537
8.94,0.5189933288432499,0.00045017348288213933,-4.399842950231908e-05,2.48289268159351,0.5235987901687622,0.004605461325512317,-0.0662530222112746,0.20309086449028657,-0.00045061346717334416
8.950000000000001,0.5189978261825309,0.0004497339280952446,-4.395547868947525e-05,2.4829118539290507,0.5235987901687622,0.004600963986231332,-0.0662494769323059,0.2031369191035417,-0.0004501734828799009
8.96,0.5190023191305548,0.00044929480239663794,-4.391256986066572e-05,2.4829310074952047,0.5235987901687622,0.004596471038207373,-0.0662459351198847,0.20318292874340402,-0.00044973392809843915
8.97,0.5190068076916086,0.00044885610536978107,-4.386970268568935e-05,2.4829501423106786,0.5235987901687622,0.004591982477153644,-0.06624239677063164,0.20322889345378609,-0.00044929480239597197
8.98,0.5190112918699745,0.00044841783659464425,-4.3826877513683526e-05,2.482969258393484,0.5235987901687622,0.0045874982987876844,-0.06623886188113713,0.20327481327855762,-0.00044885610537281906
8.99,0.5190157716699311,0.0004479799956546241,-4.378409400201261e-05,2.482988355762304,0.5235987901687622,0.004583018498831137,-0.06623533044802911,0.2033206882615455,-0.00044841783659599344
9.0,0.5190202470957523,0.0004475425821320819,-4.374135225421877e-05,2.4830074344353577,0.5235987901687622,0.004578543073009866,-0.0662318024679168,0.2033665184465338,-0.0004479799956547126
9.01,0.5190247181517085,0.0004471055956107202,-4.369865213617319e-05,2.483026494431084,0.5235987901687622,0.004574072017053732,-0.06622827793742432,0.20341230387726392,-0.00044754258212709175
9.02,0.5190291848420652,0.00044666903567102507,-4.365599396951442e-05,2.483045535767449,0.5235987901687622,0.004569605326697035,-0.06622475685315683,0.20345804459743447,-0.00044710559561345065
9.03,0.5190336471710841,0.00044623290189951554,-4.36133771509542e-05,2.4830645584633237,0.5235987901687622,0.004565142997678073,-0.06622123921176848,0.20350374065070143,-0.00044666903566970007
9.040000000000001,0.519038105143023,0.00044579719387978,-4.357080197354979e-05,2.4830835625366663,0.5235987901687622,0.004560685025739253,-0.06621772500987222,0.2035493920806782,-0.0004462329018961597
9.05,0.5190425587621349,0.00044536191119470874,-4.3528268507127266e-05,2.4831025480056406,0.5235987901687622,0.004556231406627309,-0.06621421424409557,0.2035949989309356,-0.0004457971938820471
9.06,0.5190470080326692,0.000444927053431215,-4.3485776349376504e-05,2.4831215148888623,0.5235987901687622,0.0045517821360929744,-0.06621070691109264,0.20364056124500188,-0.0004453619111943752
9.07,0.519051452958871,0.0004444926201734721,-4.344332577428667e-05,2.483140463204256,0.5235987901687622,0.0045473372098912,-0.06620720300748735,0.2036860790663628,-0.0004449270534334637
9.08,0.519055893544981,0.00044405861100754376,-4.340091659283535e-05,2.4831593929701885,0.5235987901687622,0.004542896623781156,-0.06620370252992996,0.20373155243846172,-0.00044449262017742797
9.09,0.5190603297952363,0.0004436250255215194,-4.33585486024346e-05,2.483178304205023,0.5235987901687622,0.004538460373525899,-0.0662002054750744,0.20377698140469952,-0.00044405861100438315
9.1,0.5190647617138693,0.00044319186329867366,-4.331622228457427e-05,2.483197196926423,0.5235987901687622,0.004534028454892924,-0.0661967118395444,0.20382236600843479,-0.0004436250255257512
9.11,0.5190691893051086,0.0004427591239289727,-4.3273936970095184e-05,2.4832160711531808,0.5235987901687622,0.004529600863653616,-0.06619322162002365,0.2038677062929837,-0.000443191863297443
9.120000000000001,0.5190736125731785,0.0004423268069977968,-4.323169311758884e-05,2.4832349269029463,0.5235987901687622,0.004525177595583685,-0.06618973481314351,0.20391300230162024,-0.00044275912393088035
9.13,0.5190780315222995,0.00044189491209511094,-4.318949026858865e-05,2.4832537641942674,0.5235987901687622,0.00452075864646273,-0.06618625141558383,0.20395825407757606,-0.00044232680699307636
9.14,0.5190824461566875,0.0004414634388064272,-4.31473288683773e-05,2.4832725830447706,0.5235987901687622,0.00451634401207468,-0.06618277142398313,0.20400346166404068,-0.00044189491209545295
9.15,0.5190868564805547,0.0004410323867219843,-4.310520844429122e-05,2.483291383472982,0.5235987901687622,0.004511933688207459,-0.06617929483502859,0.20404862510416144,-0.00044146343880502315
9.16,0.519091262498109,0.00044060175543002376,-4.3063129196052596e-05,2.483310165496739,0.5235987901687622,0.004507527670653211,-0.06617582164537752,0.20409374444104353,-0.00044103238672210665
9.17,0.5190956642135542,0.0004401715445214549,-4.302109085688871e-05,2.4833289291343252,0.5235987901687622,0.004503125955207965,-0.0661723518517133,0.20413881971775005,-0.0004406017554248187
9.18,0.5191000616310901,0.0004397417535830219,-4.297909384329973e-05,2.4833476744033263,0.5235987901687622,0.004498728537672081,-0.06616888545068898,0.20418385097730213,-0.0004401715445245813
9.19,0.5191044547549122,0.00043931238220651863,-4.293713765032847e-05,2.4833664013222285,0.5235987901687622,0.004494335413850026,-0.06616542243900655,0.20422883826267885,-0.0004397417535884074
9.200000000000001,0.519108843589212,0.0004388834299844179,-4.2895222210070916e-05,2.4833851099090656,0.5235987901687622,0.0044899465795501525,-0.06616196281334943,0.20427378161681733,-0.0004393123822055145
9.21,0.5191132281381771,0.0004384548965053147,-4.285334791032103e-05,2.483403800181397,0.5235987901687622,0.004485562030585144,-0.06615850657038189,0.20431868108261284,-0.00043888342998732455
9.22,0.5191176084059907,0.00043802678136311814,-4.281151421965668e-05,2.483422472157684,0.5235987901687622,0.004481181762771458,-0.06615505370681676,0.20436353670291868,-0.00043845489650085057
9.23,0.5191219843968322,0.0004375990841457218,-4.2769721739631394e-05,2.4834411258552374,0.5235987901687622,0.0044768057719299925,-0.06615160421931424,0.2044083485205464,-0.0004380267813686167
9.24,0.5191263561148767,0.00043717180444876794,-4.272796969538584e-05,2.4834597612927256,0.5235987901687622,0.004472434053885532,-0.06614815810460593,0.2044531165782657,-0.0004375990841465338
9.25,0.5191307235642953,0.00043674494186442606,-4.268625843419083e-05,2.4834783784876784,0.5235987901687622,0.004468066604466858,-0.06614471535937089,0.20449784091880455,-0.00043717180444602377
9.26,0.5191350867492552,0.0004363184959836127,-4.264458808133503e-05,2.4834969774578295,0.5235987901687622,0.00446370341950697,-0.06614127598030256,0.2045425215848492,-0.0004367449418674063
9.27,0.5191394456739192,0.0004358924664006733,-4.260295829393995e-05,2.483515558221364,0.5235987901687622,0.004459344494842976,-0.06613783996412095,0.20458715861904428,-0.0004363184959887967
9.28,0.5191438003424463,0.0004354668527112693,-4.256136894040252e-05,2.4835341207962363,0.5235987901687622,0.004454989826315869,-0.0661344073075386,0.2046317520639927,-0.00043589246639941237
9.290000000000001,0.5191481507589915,0.0004350416545078515,-4.2519820341778425e-05,2.483552665199932,0.5235987901687622,0.004450639409770751,-0.06613097800724885,0.20467630196225586,-0.0004354668527106753
9.3,0.5191524969277053,0.0004346168713842066,-4.2478312364487014e-05,2.4835711914503746,0.5235987901687622,0.004446293241056942,-0.06612755205997109,0.20472080835635356,-0.000435041654511803
9.31,0.5191568388527347,0.0004341925029379558,-4.243684462508501e-05,2.483589699565717,0.5235987901687622,0.004441951316027537,-0.06612412946243997,0.20476527128876412,-0.00043461687138091065
9.32,0.5191611765382222,0.0004337685487614427,-4.239541765131e-05,2.483608189563187,0.5235987901687622,0.0044376136305399605,-0.06612071021134844,0.2048096908019244,-0.0004341925029405225
9.33,0.5191655099883068,0.0004333450084532273,-4.2354030821541155e-05,2.483626661461141,0.5235987901687622,0.004433280180455412,-0.06611729430344945,0.2048540669382298,-0.0004337685487576515
9.34,0.5191698392071229,0.00043292188160676433,-4.231268464629373e-05,2.483645115276788,0.5235987901687622,0.004428950961639311,-0.06611388173544316,0.20489839974003435,-0.0004333450084548218
9.35,0.5191741641988011,0.00043249916781956557,-4.227137871987835e-05,2.4836635510282354,0.5235987901687622,0.004424625969961071,-0.06611047250407844,0.20494268924965073,-0.0004329218816101488
9.36,0.519178484967468,0.00043207686668879456,-4.2230113077100506e-05,2.4836819687331317,0.5235987901687622,0.004420305201294217,-0.06610706660608548,0.20498693550935035,-0.00043249916782395204
9.370000000000001,0.5191828015172462,0.0004316549778136388,-4.218888751557348e-05,2.4837003684093455,0.5235987901687622,0.004415988651516045,-0.06610366403820926,0.2050311385613633,-0.0004320768666854491
9.38,0.519187113852254,0.0004312335007884774,-4.2147702516141805e-05,2.4837187500740456,0.5235987901687622,0.004411676316508184,-0.06610026479716431,0.20507529844787845,-0.0004316549778171641
9.39,0.5191914219766062,0.00043081243521437,-4.210655741074265e-05,2.4837371137455313,0.5235987901687622,0.004407368192156036,-0.06609686887972521,0.20511941521104352,-0.0004312335007861101
9.4,0.5191957258944131,0.00043039178068778804,-4.20654526581965e-05,2.483755459440958,0.5235987901687622,0.004403064274349111,-0.06609347628261385,0.20516348889296507,-0.0004308124352148113
9.41,0.5192000256097812,0.00042997153680744075,-4.2024388034730964e-05,2.483773787178147,0.5235987901687622,0.004398764558981028,-0.0660900870025893,0.20520751953570857,-0.00043039178069248507
9.42,0.5192043211268129,0.00042955170317446345,-4.1983363297727616e-05,2.4837920969749194,0.5235987901687622,0.004394469041949289,-0.06608670103641463,0.20525150718129836,-0.000429971536808349
9.43,0.5192086124496068,0.0004291322793879214,-4.194237865420142e-05,2.483810388848631,0.5235987901687622,0.004390177719155397,-0.0660833183808338,0.20529545187171785,-0.00042955170317382496
9.44,0.5192128995822572,0.0004287132650470987,-4.1901434082274036e-05,2.483828662816849,0.5235987901687622,0.004385890586504959,-0.06607993903260538,0.2053393536489094,-0.0004291322793892327
9.450000000000001,0.5192171825288547,0.0004282946597539226,-4.186052931760831e-05,2.4838469188973646,0.5235987901687622,0.00438160763990747,-0.06607656298850312,0.20538321255477446,-0.0004287132650437897
9.46,0.5192214612934858,0.0004278764631084761,-4.181966454465391e-05,2.483865157107504,0.5235987901687622,0.0043773288752764206,-0.06607319024528154,0.20542702863117354,-0.0004282946597489179
9.47,0.5192257358802329,0.0004274586747112951,-4.177883971809987e-05,2.4838833774648066,0.5235987901687622,0.004373054288529299,-0.06606982079970997,0.2054708019199263,-0.000427876463104937
9.48,0.5192300062931745,0.0004270412941634706,-4.173805478244891e-05,2.4839015799868025,0.5235987901687622,0.004368783875587701,-0.06606645464856131,0.2055145324628116,-0.0004274586747121667
9.49,0.5192342725363852,0.0004266243210690681,-4.169730944025146e-05,2.4839197646912483,0.5235987901687622,0.004364517632376996,-0.06606309178862357,0.20555822030156748,-0.0004270412941598245
9.5,0.5192385346139355,0.0004262077550283348,-4.165660407333405e-05,2.4839379315952033,0.5235987901687622,0.004360255554826664,-0.06605973221665429,0.20560186547789125,-0.0004266243210704346
9.51,0.519242792529892,0.00042579159564456857,-4.161593837662125e-05,2.4839560807163976,0.5235987901687622,0.004355997638870179,-0.06605637592944832,0.20564546803343953,-0.0004262077550332144
9.52,0.5192470462883172,0.00042537584252199274,-4.157531225758293e-05,2.4839742120723303,0.5235987901687622,0.004351743880445014,-0.06605302292379316,0.20568902800982822,-0.0004257915956484837
9.53,0.5192512958932699,0.0004249604952658925,-4.1534725610026246e-05,2.483992325680497,0.5235987901687622,0.004347494275492303,-0.06604967319647977,0.20573254544863268,-0.00042537584251656213
9.540000000000001,0.5192555413488047,0.00042454555347568593,-4.14941790206555e-05,2.484010421557685,0.5235987901687622,0.0043432488199575126,-0.0660463267442683,0.2057760203913876,-0.00042496049527107616
9.55,0.5192597826589723,0.00042413101675872354,-4.145367169623715e-05,2.4840284997220423,0.5235987901687622,0.004339007509789883,-0.06604298356399041,0.20581945287958717,-0.0004245455534790388
9.56,0.5192640198278196,0.000423716884719076,-4.141320396475884e-05,2.4840465601905795,0.5235987901687622,0.004334770340942651,-0.06603964365242515,0.20586284295468507,-0.00042413101676297416
9.57,0.5192682528593892,0.0004233031569620845,-4.13727756991486e-05,2.484064602980746,0.5235987901687622,0.00433053730937305,-0.06603630700637753,0.20590619065809448,-0.000423716884723202
9.58,0.5192724817577201,0.0004228898330945066,-4.133238675779055e-05,2.4840826281099866,0.5235987901687622,0.00432630841104209,-0.06603297362265609,0.20594949603118823,-0.00042330315696004206
9.59,0.5192767065268473,0.0004224769127199579,-4.129203745487087e-05,2.4841006355952753,0.5235987901687622,0.004322083641914887,-0.06602964349805013,0.20599275911529866,-0.00042288983309601846
9.6,0.5192809271708018,0.0004220643954458256,-4.125172741323291e-05,2.4841186254542595,0.5235987901687622,0.004317862997960442,-0.06602631662938639,0.2060359799517178,-0.0004224769127203487
9.61,0.5192851436936106,0.0004216522808788591,-4.121145669665205e-05,2.484136597704129,0.5235987901687622,0.0043136464751516446,-0.06602299301347275,0.2060791585816974,-0.00042206439544445473
9.620000000000001,0.5192893560992968,0.0004212405686251975,-4.117122536615586e-05,2.4841545523620585,0.5235987901687622,0.004309434069465379,-0.06601967264712039,0.2061222950464489,-0.0004216522808797585
9.63,0.5192935643918798,0.00042082925829271947,-4.113103324780709e-05,2.484172489445442,0.5235987901687622,0.004305225776882415,-0.06601635552715533,0.20616538938714357,-0.00042124056862657966
9.64,0.5192977685753747,0.0004204183494888784,-4.1090880384106465e-05,2.484190408971439,0.5235987901687622,0.004301021593387522,-0.06601304165039595,0.2062084416449124,-0.0004208292582963402
9.65,0.519301968653793,0.0004200078418230526,-4.105076658258294e-05,2.4842083109574276,0.5235987901687622,0.00429682151496924,-0.06600973101367538,0.20625145186084626,-0.00042041834948935985
9.66,0.519306164631142,0.00041959773490206207,-4.1010692099052726e-05,2.48422619542032,0.5235987901687622,0.0042926255376202205,-0.06600642361380767,0.20629442007599594,-0.00042000784182816275
9.67,0.5193103565114253,0.00041918802833709024,-4.097065649718429e-05,2.484244062377704,0.5235987901687622,0.0042884336573368875,-0.06600311944764425,0.20633734633137213,-0.0004195977349019664
9.68,0.5193145442986427,0.00041877872173694703,-4.0930660014322495e-05,2.484261911846478,0.5235987901687622,0.004284245870119552,-0.06599981851200634,0.2063802306679455,-0.00041918802833329494
9.69,0.5193187279967898,0.00041836981471036734,-4.089070265796829e-05,2.484279743843751,0.5235987901687622,0.00428006217197241,-0.06599652080372945,0.2064230731266467,-0.00041877872173357034
9.700000000000001,0.5193229076098584,0.0004179613068660377,-4.0850784432965026e-05,2.4842975583866207,0.5235987901687622,0.004275882558903765,-0.06599322631965267,0.20646587374836642,-0.00041836981471421453
9.71,0.5193270831418366,0.00041755319781737466,-4.081090486630218e-05,2.484315355492642,0.5235987901687622,0.004271707026925586,-0.06598993505664158,0.20650863257395546,-0.000417961306864445
9.72,0.5193312545967084,0.0004171454871734296,-4.077106439450556e-05,2.4843331351784483,0.5235987901687622,0.004267535572053838,-0.06598664701151999,0.20655134964422472,-0.00041755319781788813
9.73,0.5193354219784538,0.00041673817454576764,-4.073126276619293e-05,2.484350897461339,0.5235987901687622,0.00426336819030837,-0.06598336218114868,0.20659402499994525,-0.00041714548717486366
9.74,0.5193395852910493,0.0004163312595463068,-4.069149994608695e-05,2.484368642358384,0.5235987901687622,0.004259204877712919,-0.06598008056238105,0.20663665868184833,-0.0004167381745467935
9.75,0.5193437445384672,0.00041592474178740193,-4.0651775890486463e-05,2.4843863698866446,0.5235987901687622,0.004255045630294996,-0.0659768021520738,0.20667925073062546,-0.00041633125954509964
9.76,0.519347899724676,0.0004155186208795796,-4.0612090782231325e-05,2.4844040800629372,0.5235987901687622,0.004250890444086219,-0.06597352694707564,0.2067218011869284,-0.0004159247417923062
9.77,0.5193520508536403,0.0004151128964385387,-4.0572444104089445e-05,2.4844217729047617,0.5235987901687622,0.004246739315121872,-0.06597025494427299,0.20676431009136925,-0.0004155186208776307
9.78,0.5193561979293211,0.0004147075680760992,-4.053283624395193e-05,2.4844394484286982,0.5235987901687622,0.004242592239441123,-0.06596698614051044,0.20680677748452048,-0.0004151128964346995
9.790000000000001,0.5193603409556752,0.0004143026354047444,-4.049326713547602e-05,2.4844571066517624,0.5235987901687622,0.0042384492130870255,-0.06596372053265817,0.2068492034069149,-0.0004147075680749346
9.8,0.5193644799366556,0.00041389809803773174,-4.0453736701265286e-05,2.484474747590965,0.5235987901687622,0.004234310232106631,-0.06596045811759016,0.20689158789904577,-0.00041430263540975787
9.81,0.5193686148762114,0.0004134939555915075,-4.0414244622428985e-05,2.4844923712635416,0.5235987901687622,0.004230175292550764,-0.06595719889219538,0.20693393100136684,-0.00041389809803948907
9.82,0.5193727457782883,0.000413090207681276,-4.037479102314556e-05,2.4845099776862667,0.5235987901687622,0.004226044390473915,-0.06595394285334356,0.20697623275429233,-0.00041349395558665236
9.83,0.5193768726468275,0.00041268685391863426,-4.033537626417505e-05,2.4845275668756646,0.5235987901687622,0.004221917521934682,-0.06595068999789623,0.20701849319819707,-0.00041309020768487414
9.84,0.5193809954857668,0.0004122838939208255,-4.029599978087883e-05,2.484545138849165,0.5235987901687622,0.004217794682995435,-0.0659474403227636,0.20706071237341642,-0.0004126868539233719
9.85,0.5193851142990398,0.00041188132730404575,-4.025666167797176e-05,2.4845626936235137,0.5235987901687622,0.004213675869722433,-0.06594419382482596,0.20710289032024637,-0.0004122838939246698
9.86,0.5193892290905766,0.0004114791536858076,-4.021736182381608e-05,2.4845802312156753,0.5235987901687622,0.0042095610781855974,-0.06594095050097808,0.20714502707894358,-0.0004118813273001898
9.870000000000001,0.5193933398643034,0.00041107737268038225,-4.0178100542534456e-05,2.484597751642143,0.5235987901687622,0.0042054503044588465,-0.06593771034809537,0.20718712268972544,-0.00041147915368355825
9.88,0.5193974466241424,0.00041067598390569953,-4.0138877468273715e-05,2.484615254920083,0.5235987901687622,0.004201343544619762,-0.06593447336309041,0.20722917719277004,-0.0004110773726750949
9.89,0.5194015493740122,0.00041027498697659856,-4.009969291009913e-05,2.48463274106597,0.5235987901687622,0.0041972407947500345,-0.06593123954284555,0.20727119062821622,-0.0004106759839084262
9.9,0.5194056481178273,0.0004098743815140724,-4.006054625261407e-05,2.4846502100971852,0.5235987901687622,0.004193142050934906,-0.06592800888429179,0.20731316303616373,-0.00041027498697276954
9.91,0.5194097428594986,0.00040947416713395083,-4.002143801215552e-05,2.484667662029964,0.5235987901687622,0.004189047309263616,-0.06592478138430719,0.20735509445667308,-0.0004098743815128536
9.92,0.5194138336029331,0.00040907434345604506,-3.998236779057668e-05,2.4846850968814387,0.5235987901687622,0.004184956565829068,-0.06592155703981813,0.20739698492976572,-0.0004094741671289981
9.93,0.5194179203520342,0.0004086749100974021,-3.9943335864295326e-05,2.4847025146680504,0.5235987901687622,0.00418086981672805,-0.06591833584772055,0.207438834495424,-0.0004090743434548294
9.94,0.519422003110701,0.000408275866676891,-3.990434205110999e-05,2.484719915406682,0.5235987901687622,0.004176787058061238,-0.06591511780493634,0.20748064319359127,-0.0004086749101017695
9.950000000000001,0.5194260818828291,0.0004078772128153694,-3.98653861521589e-05,2.484737299114218,0.5235987901687622,0.00417270828593308,-0.06591190290839108,0.20752241106417188,-0.0004082758666812403
9.96,0.5194301566723105,0.00040747894813349236,-3.9826468187703634e-05,2.4847546658073045,0.5235987901687622,0.00416863349645169,-0.06590869115500249,0.2075641381470312,-0.00040787721281576594
9.97,0.519434227483033,0.000407081072249421,-3.978758840713498e-05,2.4847720155023465,0.5235987901687622,0.004164562685729178,-0.0659054825416801,0.20760582448199572,-0.0004074789481389729
9.98,0.5194382943188809,0.00040668358478578395,-3.974874636370612e-05,2.4847893482164243,0.5235987901687622,0.004160495849881318,-0.06590227706537088,0.207647470108853,-0.00040708107225118084
9.99,0.5194423571837345,0.00040628648536293155,-3.970994228524177e-05,2.4848066639659296,0.5235987901687622,0.004156432985027658,-0.0658990747229913,0.20768907506735182,-0.0004066835847860162
10.0,0.5194464160814706,0.00040588977360122517,-3.9671176170638645e-05,2.4848239627674666,0.5235987901687622,0.004152374087291633,-0.0658958755114723,0.2077306393972021,-0.0004062864853660031
